{
  "metadata": {
    "run_name": "ATLAS_A_v5_demo+anthro_meta_only_seed2027",
    "variant": "demo+anthro",
    "seed": 2027,
    "meta_hid": 128,
    "lauc_weight": 0.08,
    "no_aug": false,
    "arch_mode": "meta_only",
    "meta_mask_mode": "real",
    "test_fold": 10,
    "val_fold": 9,
    "timestamp": "2026-05-08T15:24:23.768057",
    "git_sha": "b8fda1f7a68a5b217a3f76d88337426561bd26e4",
    "analysis_plan_sha256": "4ad22e907fbd431a0b443255a3449c0560371997d5ee36a61e164de7aea5c3dc",
    "wall_time_s": 2441.133280515671,
    "train_time_s": 2412.451853990555,
    "gpu_peak_mem_mb": 0,
    "num_parameters": 3951951,
    "dataset_sizes": {
      "train": 17418,
      "val": 2183,
      "test": 2198
    },
    "train_fold_ids": [
      1,
      2,
      3,
      4,
      5,
      6,
      7,
      8
    ],
    "pos_weights": [
      1.2930489778518677,
      2.9776203632354736,
      3.161012887954712,
      3.4581520557403564,
      7.21991491317749
    ],
    "loss_weights": {
      "fused": 0.52,
      "ecg": 0.3,
      "meta": 0.1,
      "lauc": 0.08
    },
    "hardware": {
      "python_version": "3.11.7 | packaged by Anaconda, Inc. | (main, Dec 15 2023, 18:05:47) [MSC v.1916 64 bit (AMD64)]",
      "torch_version": "2.3.1+cpu",
      "cuda_available": false,
      "numpy_version": "1.26.4",
      "sklearn_version": "1.4.2"
    },
    "best_val_auc": 0.6914038170703696,
    "best_val_epoch": 10
  },
  "test": {
    "macro_auc": 0.6942697470958394,
    "macro_auc_ecg": 0.927444350672727,
    "macro_auc_no_meta": 0.5,
    "delta_meta_auc": 0.19426974709583944,
    "macro_f1_optimal": 0.4624653121981611,
    "macro_f1_fixed_05": 0.45335217221995083,
    "w_fused": 1.0,
    "thresholds": [
      0.33500000834465027,
      0.5,
      0.45500001311302185,
      0.5600000023841858,
      0.5299999713897705
    ]
  },
  "per_class": {
    "NORM": {
      "auc": 0.7781813748365642,
      "f1": 0.6963765097875885,
      "threshold": 0.33500000834465027
    },
    "MI": {
      "auc": 0.6978342894969107,
      "f1": 0.49375709421112374,
      "threshold": 0.5
    },
    "STTC": {
      "auc": 0.682017747165272,
      "f1": 0.4497991967871486,
      "threshold": 0.45500001311302185
    },
    "CD": {
      "auc": 0.6482399738448126,
      "f1": 0.40444091990483744,
      "threshold": 0.5600000023841858
    },
    "HYP": {
      "auc": 0.6650753501356381,
      "f1": 0.2679528403001072,
      "threshold": 0.5299999713897705
    }
  },
  "subgroups": {
    "sex_male": {
      "n": 1066,
      "macro_auc": 0.699055612253516,
      "per_class_auc": [
        0.7799384155002115,
        0.717809411295694,
        0.6677285759796113,
        0.64510609527772,
        0.6846955632143427
      ]
    },
    "sex_female": {
      "n": 1132,
      "macro_auc": 0.6959973017755026,
      "per_class_auc": [
        0.7893653100775194,
        0.6830843363777496,
        0.6925556248700353,
        0.6626873187587907,
        0.6522939187934174
      ]
    },
    "age_lt45": {
      "n": 345,
      "macro_auc": 0.6199929907317138,
      "per_class_auc": [
        0.61293371886121,
        0.6631736526946107,
        0.6511936339522547,
        0.5894744790093628,
        0.5831894691411308
      ]
    },
    "age_45_65": {
      "n": 703,
      "macro_auc": 0.6306101773936985,
      "per_class_auc": [
        0.6433965190700105,
        0.6507155635062611,
        0.6639475743348984,
        0.5709349593495935,
        0.6240562707077291
      ]
    },
    "age_gt65": {
      "n": 1150,
      "macro_auc": 0.6162748579054504,
      "per_class_auc": [
        0.6972008223839682,
        0.5992706848855729,
        0.5795428973277075,
        0.6117659907666904,
        0.5935938941633137
      ]
    },
    "meta_complete": {
      "n": 660,
      "macro_auc": 0.6968297491602911,
      "per_class_auc": [
        0.7638035398881367,
        0.7080614315537452,
        0.6796877761413843,
        0.6564680201452398,
        0.6761279780729497
      ]
    },
    "meta_incomplete": {
      "n": 1538,
      "macro_auc": 0.6841466372589451,
      "per_class_auc": [
        0.784944585820423,
        0.6784938873849831,
        0.6807376731194477,
        0.643719594396577,
        0.6328374455732946
      ]
    },
    "fairness_sex_gap": 0.003058310478013415
  },
  "training_history": [
    {
      "epoch": 1,
      "train_loss": 0.8307508200680443,
      "val_auc": 0.6897161355032327,
      "val_f1": 0.4579126019753243,
      "val_auc_ecg": 0.8987019930783955,
      "val_delta_meta": 0.18971613550323274,
      "lr": 0.0009755527298894294,
      "epoch_time_s": 242.6873345375061
    },
    {
      "epoch": 2,
      "train_loss": 0.793023211693545,
      "val_auc": 0.6893067590904639,
      "val_f1": 0.46521953094648605,
      "val_auc_ecg": 0.9046220004139094,
      "val_delta_meta": 0.1893067590904639,
      "lr": 0.0009046039886902864,
      "epoch_time_s": 239.39279580116272
    },
    {
      "epoch": 3,
      "train_loss": 0.7785613124523688,
      "val_auc": 0.6868455364220905,
      "val_f1": 0.4598435872397871,
      "val_auc_ecg": 0.9206040789231272,
      "val_delta_meta": 0.18684553642209045,
      "lr": 0.0007940987335200904,
      "epoch_time_s": 239.45696711540222
    },
    {
      "epoch": 4,
      "train_loss": 0.7674322051739474,
      "val_auc": 0.6890322224079397,
      "val_f1": 0.45706399439384693,
      "val_auc_ecg": 0.9219688038307969,
      "val_delta_meta": 0.1890322224079397,
      "lr": 0.0006548539886902864,
      "epoch_time_s": 239.2032356262207
    },
    {
      "epoch": 5,
      "train_loss": 0.7596407373017128,
      "val_auc": 0.6877984526235582,
      "val_f1": 0.4581909263639695,
      "val_auc_ecg": 0.9226251241763734,
      "val_delta_meta": 0.1877984526235582,
      "lr": 0.0005005000000000001,
      "epoch_time_s": 241.36916637420654
    },
    {
      "epoch": 6,
      "train_loss": 0.7518281928989865,
      "val_auc": 0.6844232004489929,
      "val_f1": 0.45558020230900925,
      "val_auc_ecg": 0.9230536221247336,
      "val_delta_meta": 0.18442320044899285,
      "lr": 0.0003461460113097139,
      "epoch_time_s": 240.71397280693054
    },
    {
      "epoch": 7,
      "train_loss": 0.7423805480703302,
      "val_auc": 0.6893276444759813,
      "val_f1": 0.4631145201373246,
      "val_auc_ecg": 0.9303490364300278,
      "val_delta_meta": 0.18932764447598127,
      "lr": 0.00020690126647990973,
      "epoch_time_s": 240.30329418182373
    },
    {
      "epoch": 8,
      "train_loss": 0.7357011848633442,
      "val_auc": 0.6896026924357703,
      "val_f1": 0.4576375964505462,
      "val_auc_ecg": 0.9294949950165435,
      "val_delta_meta": 0.18960269243577033,
      "lr": 9.639601130971382e-05,
      "epoch_time_s": 240.8457727432251
    },
    {
      "epoch": 9,
      "train_loss": 0.724462155355226,
      "val_auc": 0.6901244877667658,
      "val_f1": 0.4596899332201789,
      "val_auc_ecg": 0.9324482174292354,
      "val_delta_meta": 0.19012448776676583,
      "lr": 2.5447270110570814e-05,
      "epoch_time_s": 240.92935919761658
    },
    {
      "epoch": 10,
      "train_loss": 0.718780892376506,
      "val_auc": 0.6914038170703696,
      "val_f1": 0.4618078960754442,
      "val_auc_ecg": 0.932308708430355,
      "val_delta_meta": 0.19140381707036958,
      "lr": 0.001,
      "epoch_time_s": 241.90740084648132
    }
  ]
}