{
  "metadata": {
    "run_name": "ATLAS_A_v5_demo+anthro_tf2_vf3_seed2027",
    "variant": "demo+anthro",
    "seed": 2027,
    "meta_hid": 128,
    "lauc_weight": 0.08,
    "no_aug": false,
    "arch_mode": "standard",
    "meta_mask_mode": "real",
    "test_fold": 2,
    "val_fold": 3,
    "timestamp": "2026-05-11T00:47:09.898499",
    "git_sha": "b8fda1f7a68a5b217a3f76d88337426561bd26e4",
    "analysis_plan_sha256": "4ad22e907fbd431a0b443255a3449c0560371997d5ee36a61e164de7aea5c3dc",
    "wall_time_s": 2666.4070994853973,
    "train_time_s": 2637.3749108314514,
    "gpu_peak_mem_mb": 0,
    "num_parameters": 3951951,
    "dataset_sizes": {
      "train": 17426,
      "val": 2192,
      "test": 2181
    },
    "train_fold_ids": [
      1,
      4,
      5,
      6,
      7,
      8,
      9,
      10
    ],
    "pos_weights": [
      1.3062466382980347,
      2.9577560424804688,
      3.153002977371216,
      3.4386143684387207,
      7.215935707092285
    ],
    "loss_weights": {
      "fused": 0.52,
      "ecg": 0.3,
      "meta": 0.1,
      "lauc": 0.08
    },
    "hardware": {
      "python_version": "3.11.7 | packaged by Anaconda, Inc. | (main, Dec 15 2023, 18:05:47) [MSC v.1916 64 bit (AMD64)]",
      "torch_version": "2.3.1+cpu",
      "cuda_available": false,
      "numpy_version": "1.26.4",
      "sklearn_version": "1.4.2"
    },
    "best_val_auc": 0.9404359275215279,
    "best_val_epoch": 10
  },
  "test": {
    "macro_auc": 0.9414802915936793,
    "macro_auc_ecg": 0.9409945396175674,
    "macro_auc_no_meta": 0.9403967998744523,
    "delta_meta_auc": 0.0010834917192269478,
    "macro_f1_optimal": 0.7657677004294554,
    "macro_f1_fixed_05": 0.7478677587179596,
    "w_fused": 1.0,
    "thresholds": [
      0.48500001430511475,
      0.5299999713897705,
      0.6050000190734863,
      0.7400000095367432,
      0.875
    ]
  },
  "per_class": {
    "NORM": {
      "auc": 0.9656080644804068,
      "f1": 0.8952380952380953,
      "threshold": 0.48500001430511475
    },
    "MI": {
      "auc": 0.9360133222616168,
      "f1": 0.7516666666666667,
      "threshold": 0.5299999713897705
    },
    "STTC": {
      "auc": 0.9412047893046849,
      "f1": 0.770197486535009,
      "threshold": 0.6050000190734863
    },
    "CD": {
      "auc": 0.9384142190235363,
      "f1": 0.7761806981519507,
      "threshold": 0.7400000095367432
    },
    "HYP": {
      "auc": 0.9261610628981521,
      "f1": 0.6355555555555555,
      "threshold": 0.875
    }
  },
  "subgroups": {
    "sex_male": {
      "n": 1045,
      "macro_auc": 0.9408824587851707,
      "per_class_auc": [
        0.9599442586399107,
        0.926670081116248,
        0.9455867346938776,
        0.9425672141437388,
        0.9296440053320787
      ]
    },
    "sex_female": {
      "n": 1136,
      "macro_auc": 0.9387754585237893,
      "per_class_auc": [
        0.9682253114280556,
        0.9361306440972952,
        0.9372989883021126,
        0.9297535052809116,
        0.9224688435105718
      ]
    },
    "age_lt45": {
      "n": 344,
      "macro_auc": 0.9525367064604314,
      "per_class_auc": [
        0.9384882280049567,
        0.9830246913580247,
        0.963656267104543,
        0.8966236575755234,
        0.9808906882591093
      ]
    },
    "age_45_65": {
      "n": 798,
      "macro_auc": 0.9497652260495204,
      "per_class_auc": [
        0.9658337102366954,
        0.9525810952214858,
        0.94393463469258,
        0.9529481119201756,
        0.9335285781766651
      ]
    },
    "age_gt65": {
      "n": 1039,
      "macro_auc": 0.9238757938391986,
      "per_class_auc": [
        0.9580364283339473,
        0.8985553703466257,
        0.9259030564989194,
        0.9354866193141055,
        0.9013974947023953
      ]
    },
    "meta_complete": {
      "n": 663,
      "macro_auc": 0.9424336778422479,
      "per_class_auc": [
        0.9707985262466714,
        0.9321969696969696,
        0.9487889273356401,
        0.9350995158687467,
        0.9252844500632111
      ]
    },
    "meta_incomplete": {
      "n": 1518,
      "macro_auc": 0.9408418422194138,
      "per_class_auc": [
        0.9641895974075905,
        0.9370172139447417,
        0.9381952938435553,
        0.9391236026574373,
        0.9256835032437443
      ]
    },
    "fairness_sex_gap": 0.002107000261381442
  },
  "training_history": [
    {
      "epoch": 1,
      "train_loss": 0.6509413063526154,
      "val_auc": 0.9127814205486766,
      "val_f1": 0.6550919150937282,
      "val_auc_ecg": 0.9079980872625185,
      "val_delta_meta": 0.004055883012003769,
      "lr": 0.0009755527298894294,
      "epoch_time_s": 243.10854697227478
    },
    {
      "epoch": 2,
      "train_loss": 0.5667905134892245,
      "val_auc": 0.9227493896625573,
      "val_f1": 0.687608206509118,
      "val_auc_ecg": 0.9193818820436845,
      "val_delta_meta": 0.0031665879491695748,
      "lr": 0.0009046039886902864,
      "epoch_time_s": 243.91868352890015
    },
    {
      "epoch": 3,
      "train_loss": 0.5334546226427096,
      "val_auc": 0.9223987788765017,
      "val_f1": 0.7025632746378279,
      "val_auc_ecg": 0.9200896869515292,
      "val_delta_meta": 0.0015798626502824265,
      "lr": 0.0007940987335200904,
      "epoch_time_s": 266.21456241607666
    },
    {
      "epoch": 4,
      "train_loss": 0.5099308856583517,
      "val_auc": 0.9333240092868884,
      "val_f1": 0.7436022174205255,
      "val_auc_ecg": 0.9307412412703512,
      "val_delta_meta": 0.0025776986768857313,
      "lr": 0.0006548539886902864,
      "epoch_time_s": 267.50433015823364
    },
    {
      "epoch": 5,
      "train_loss": 0.4876481851853362,
      "val_auc": 0.9330988451700828,
      "val_f1": 0.7354745594801979,
      "val_auc_ecg": 0.9300291420356779,
      "val_delta_meta": 0.0026692157064043265,
      "lr": 0.0005005000000000001,
      "epoch_time_s": 266.8114643096924
    },
    {
      "epoch": 6,
      "train_loss": 0.4679342534563957,
      "val_auc": 0.9383196325382739,
      "val_f1": 0.7413527292326544,
      "val_auc_ecg": 0.9361964769138383,
      "val_delta_meta": 0.0019063460912757124,
      "lr": 0.0003461460113097139,
      "epoch_time_s": 273.11613273620605
    },
    {
      "epoch": 7,
      "train_loss": 0.446775062395892,
      "val_auc": 0.940023748505013,
      "val_f1": 0.7440440513753908,
      "val_auc_ecg": 0.9379157534495427,
      "val_delta_meta": 0.0017202258977683238,
      "lr": 0.00020690126647990973,
      "epoch_time_s": 266.60540318489075
    },
    {
      "epoch": 8,
      "train_loss": 0.426392562427652,
      "val_auc": 0.9372590733487884,
      "val_f1": 0.7418624023831468,
      "val_auc_ecg": 0.9348883300432547,
      "val_delta_meta": 0.002344936624382399,
      "lr": 9.639601130971382e-05,
      "epoch_time_s": 266.55361437797546
    },
    {
      "epoch": 9,
      "train_loss": 0.40817182517926626,
      "val_auc": 0.9402274294697222,
      "val_f1": 0.7514854464776913,
      "val_auc_ecg": 0.9382631749839208,
      "val_delta_meta": 0.002015764321252833,
      "lr": 2.5447270110570814e-05,
      "epoch_time_s": 267.32323575019836
    },
    {
      "epoch": 10,
      "train_loss": 0.39411504055381913,
      "val_auc": 0.9404359275215279,
      "val_f1": 0.7512924888036591,
      "val_auc_ecg": 0.9384095880963834,
      "val_delta_meta": 0.0019334034918176979,
      "lr": 0.001,
      "epoch_time_s": 267.2305555343628
    }
  ]
}