{
  "metadata": {
    "run_name": "ATLAS_A_v5_demo+anthro_metaH64_seed2029",
    "variant": "demo+anthro",
    "seed": 2029,
    "meta_hid": 64,
    "lauc_weight": 0.08,
    "no_aug": false,
    "arch_mode": "standard",
    "meta_mask_mode": "real",
    "test_fold": 10,
    "val_fold": 9,
    "timestamp": "2026-05-06T06:10:42.561052",
    "git_sha": "b8fda1f7a68a5b217a3f76d88337426561bd26e4",
    "analysis_plan_sha256": "4ad22e907fbd431a0b443255a3449c0560371997d5ee36a61e164de7aea5c3dc",
    "wall_time_s": 2639.128271818161,
    "train_time_s": 2609.8927936553955,
    "gpu_peak_mem_mb": 0,
    "num_parameters": 3935247,
    "dataset_sizes": {
      "train": 17418,
      "val": 2183,
      "test": 2198
    },
    "train_fold_ids": [
      1,
      2,
      3,
      4,
      5,
      6,
      7,
      8
    ],
    "pos_weights": [
      1.2930489778518677,
      2.9776203632354736,
      3.161012887954712,
      3.4581520557403564,
      7.21991491317749
    ],
    "loss_weights": {
      "fused": 0.52,
      "ecg": 0.3,
      "meta": 0.1,
      "lauc": 0.08
    },
    "hardware": {
      "python_version": "3.11.7 | packaged by Anaconda, Inc. | (main, Dec 15 2023, 18:05:47) [MSC v.1916 64 bit (AMD64)]",
      "torch_version": "2.3.1+cpu",
      "cuda_available": false,
      "numpy_version": "1.26.4",
      "sklearn_version": "1.4.2"
    },
    "best_val_auc": 0.9321592460547166,
    "best_val_epoch": 8
  },
  "test": {
    "macro_auc": 0.9268615177257772,
    "macro_auc_ecg": 0.9246110935911196,
    "macro_auc_no_meta": 0.9250913749781015,
    "delta_meta_auc": 0.0017701427476757292,
    "macro_f1_optimal": 0.7441428775599056,
    "macro_f1_fixed_05": 0.7349564261406654,
    "w_fused": 1.0,
    "thresholds": [
      0.800000011920929,
      0.574999988079071,
      0.6050000190734863,
      0.7400000095367432,
      0.7099999785423279
    ]
  },
  "per_class": {
    "NORM": {
      "auc": 0.9477022294533363,
      "f1": 0.8502316006176016,
      "threshold": 0.800000011920929
    },
    "MI": {
      "auc": 0.9259488084730804,
      "f1": 0.7365638766519824,
      "threshold": 0.574999988079071
    },
    "STTC": {
      "auc": 0.9350785208482839,
      "f1": 0.7714808043875686,
      "threshold": 0.6050000190734863
    },
    "CD": {
      "auc": 0.9162880008339336,
      "f1": 0.7613038906414301,
      "threshold": 0.7400000095367432
    },
    "HYP": {
      "auc": 0.9092900290202512,
      "f1": 0.6011342155009451,
      "threshold": 0.7099999785423279
    }
  },
  "subgroups": {
    "sex_male": {
      "n": 1066,
      "macro_auc": 0.9168537853777552,
      "per_class_auc": [
        0.9426006440350858,
        0.9101702084214518,
        0.9178790131322785,
        0.9105055127938424,
        0.9031135485061172
      ]
    },
    "sex_female": {
      "n": 1132,
      "macro_auc": 0.9364209392898714,
      "per_class_auc": [
        0.9537778113359509,
        0.9385108570737314,
        0.9501274258052972,
        0.923205820556009,
        0.9164827816783684
      ]
    },
    "age_lt45": {
      "n": 345,
      "macro_auc": 0.9267448804118217,
      "per_class_auc": [
        0.8901801601423487,
        0.984757757212847,
        0.950325536532433,
        0.8514044095439445,
        0.9570565386275356
      ]
    },
    "age_45_65": {
      "n": 703,
      "macro_auc": 0.9226635181721047,
      "per_class_auc": [
        0.9272710945663531,
        0.9226793877956669,
        0.9491914449660929,
        0.9015419119708439,
        0.9126337515615665
      ]
    },
    "age_gt65": {
      "n": 1150,
      "macro_auc": 0.916223980113088,
      "per_class_auc": [
        0.9491721019630085,
        0.9000955654287869,
        0.914085794655415,
        0.9284511067754129,
        0.8893153317428167
      ]
    },
    "meta_complete": {
      "n": 660,
      "macro_auc": 0.9365890093049929,
      "per_class_auc": [
        0.9578304386223138,
        0.9389042175798187,
        0.9306980854197349,
        0.9441868428186214,
        0.9113254620844754
      ]
    },
    "meta_incomplete": {
      "n": 1538,
      "macro_auc": 0.9226947964180715,
      "per_class_auc": [
        0.9442215387604362,
        0.9208624220373114,
        0.9366368274042751,
        0.9056936873571302,
        0.9060595065312047
      ]
    },
    "fairness_sex_gap": 0.019567153912116164
  },
  "training_history": [
    {
      "epoch": 1,
      "train_loss": 0.6495043214308013,
      "val_auc": 0.9038264064679229,
      "val_f1": 0.6562068800809637,
      "val_auc_ecg": 0.9000267598070785,
      "val_delta_meta": 0.0013063571832958587,
      "lr": 0.0009755527298894294,
      "epoch_time_s": 242.1876130104065
    },
    {
      "epoch": 2,
      "train_loss": 0.5591151591287841,
      "val_auc": 0.9082808179070068,
      "val_f1": 0.6875464836959083,
      "val_auc_ecg": 0.9093626578641645,
      "val_delta_meta": -0.0001274761169923755,
      "lr": 0.0009046039886902864,
      "epoch_time_s": 242.68607711791992
    },
    {
      "epoch": 3,
      "train_loss": 0.524071642565071,
      "val_auc": 0.9191550520919689,
      "val_f1": 0.7268613563462483,
      "val_auc_ecg": 0.9176506702009373,
      "val_delta_meta": 0.0024575440769375456,
      "lr": 0.0007940987335200904,
      "epoch_time_s": 257.46581983566284
    },
    {
      "epoch": 4,
      "train_loss": 0.502589852274011,
      "val_auc": 0.9231058931447038,
      "val_f1": 0.7260213808270439,
      "val_auc_ecg": 0.9221307613130344,
      "val_delta_meta": -0.00020636469353263465,
      "lr": 0.0006548539886902864,
      "epoch_time_s": 263.0597939491272
    },
    {
      "epoch": 5,
      "train_loss": 0.47798100655232,
      "val_auc": 0.9251938940200114,
      "val_f1": 0.7138133959798093,
      "val_auc_ecg": 0.9239832548456365,
      "val_delta_meta": 0.00026479809370005825,
      "lr": 0.0005005000000000001,
      "epoch_time_s": 263.9438707828522
    },
    {
      "epoch": 6,
      "train_loss": 0.4602179081614958,
      "val_auc": 0.9256253342000459,
      "val_f1": 0.7265036763139172,
      "val_auc_ecg": 0.9244433674380652,
      "val_delta_meta": -0.00046033465304362586,
      "lr": 0.0003461460113097139,
      "epoch_time_s": 266.19696259498596
    },
    {
      "epoch": 7,
      "train_loss": 0.4372042090520946,
      "val_auc": 0.9281675244997128,
      "val_f1": 0.7305987810523957,
      "val_auc_ecg": 0.9279798464120862,
      "val_delta_meta": -0.0010045445370776562,
      "lr": 0.00020690126647990973,
      "epoch_time_s": 265.5711290836334
    },
    {
      "epoch": 8,
      "train_loss": 0.4207153445536937,
      "val_auc": 0.9321592460547166,
      "val_f1": 0.7350386461365949,
      "val_auc_ecg": 0.9309677914230774,
      "val_delta_meta": 0.0003100628882389822,
      "lr": 9.639601130971382e-05,
      "epoch_time_s": 268.87373089790344
    },
    {
      "epoch": 9,
      "train_loss": 0.4045715101541729,
      "val_auc": 0.9217514145033648,
      "val_f1": 0.7126299374479129,
      "val_auc_ecg": 0.9202188701413677,
      "val_delta_meta": 0.0006356578932601442,
      "lr": 2.5447270110570814e-05,
      "epoch_time_s": 264.6332859992981
    },
    {
      "epoch": 10,
      "train_loss": 0.3915330804269248,
      "val_auc": 0.9312276393638422,
      "val_f1": 0.7429395159657085,
      "val_auc_ecg": 0.930082853049894,
      "val_delta_meta": 0.0006479547916454775,
      "lr": 0.001,
      "epoch_time_s": 265.448853969574
    }
  ]
}