{
  "metadata": {
    "run_name": "ATLAS_A_v5_demo+anthro_lauc0.16_seed2027",
    "variant": "demo+anthro",
    "seed": 2027,
    "meta_hid": 128,
    "lauc_weight": 0.16,
    "no_aug": false,
    "arch_mode": "standard",
    "meta_mask_mode": "real",
    "test_fold": 10,
    "val_fold": 9,
    "timestamp": "2026-05-07T17:33:13.332043",
    "git_sha": "b8fda1f7a68a5b217a3f76d88337426561bd26e4",
    "analysis_plan_sha256": "4ad22e907fbd431a0b443255a3449c0560371997d5ee36a61e164de7aea5c3dc",
    "wall_time_s": 2629.844045639038,
    "train_time_s": 2600.6680686473846,
    "gpu_peak_mem_mb": 0,
    "num_parameters": 3951951,
    "dataset_sizes": {
      "train": 17418,
      "val": 2183,
      "test": 2198
    },
    "train_fold_ids": [
      1,
      2,
      3,
      4,
      5,
      6,
      7,
      8
    ],
    "pos_weights": [
      1.2930489778518677,
      2.9776203632354736,
      3.161012887954712,
      3.4581520557403564,
      7.21991491317749
    ],
    "loss_weights": {
      "fused": 0.43999999999999995,
      "ecg": 0.3,
      "meta": 0.1,
      "lauc": 0.16
    },
    "hardware": {
      "python_version": "3.11.7 | packaged by Anaconda, Inc. | (main, Dec 15 2023, 18:05:47) [MSC v.1916 64 bit (AMD64)]",
      "torch_version": "2.3.1+cpu",
      "cuda_available": false,
      "numpy_version": "1.26.4",
      "sklearn_version": "1.4.2"
    },
    "best_val_auc": 0.9328414543090077,
    "best_val_epoch": 9
  },
  "test": {
    "macro_auc": 0.928313244192377,
    "macro_auc_ecg": 0.9272300121331234,
    "macro_auc_no_meta": 0.927252463249155,
    "delta_meta_auc": 0.0010607809432220394,
    "macro_f1_optimal": 0.7481762219115624,
    "macro_f1_fixed_05": 0.737679410407837,
    "w_fused": 1.0,
    "thresholds": [
      0.6949999928474426,
      0.6800000071525574,
      0.5899999737739563,
      0.6949999928474426,
      0.6949999928474426
    ]
  },
  "per_class": {
    "NORM": {
      "auc": 0.9482311097657875,
      "f1": 0.8535980148883374,
      "threshold": 0.6949999928474426
    },
    "MI": {
      "auc": 0.9317707413945278,
      "f1": 0.7483870967741936,
      "threshold": 0.6800000071525574
    },
    "STTC": {
      "auc": 0.9342704788850394,
      "f1": 0.7701754385964912,
      "threshold": 0.5899999737739563
    },
    "CD": {
      "auc": 0.9167618266934535,
      "f1": 0.7439516129032258,
      "threshold": 0.6949999928474426
    },
    "HYP": {
      "auc": 0.9105320642230773,
      "f1": 0.6247689463955638,
      "threshold": 0.6949999928474426
    }
  },
  "subgroups": {
    "sex_male": {
      "n": 1066,
      "macro_auc": 0.9189850551426965,
      "per_class_auc": [
        0.9425645028967122,
        0.9183767727005334,
        0.9158879331705072,
        0.9093977532764719,
        0.9086983136692578
      ]
    },
    "sex_female": {
      "n": 1132,
      "macro_auc": 0.9371237584232471,
      "per_class_auc": [
        0.9546775898520086,
        0.9433778906832799,
        0.949590641578049,
        0.9252938929309418,
        0.9126787770719565
      ]
    },
    "age_lt45": {
      "n": 345,
      "macro_auc": 0.9273507699745374,
      "per_class_auc": [
        0.9005226868327403,
        0.9861186717474143,
        0.9600916325054256,
        0.8523859861069164,
        0.9376348726801899
      ]
    },
    "age_45_65": {
      "n": 703,
      "macro_auc": 0.9275998054126768,
      "per_class_auc": [
        0.9279649947753397,
        0.930095905386603,
        0.9507694314032342,
        0.9081160639192598,
        0.9210526315789473
      ]
    },
    "age_gt65": {
      "n": 1150,
      "macro_auc": 0.9159220688203886,
      "per_class_auc": [
        0.947702996502505,
        0.9075027244530136,
        0.909648382559775,
        0.9238085365537616,
        0.8909477040328878
      ]
    },
    "meta_complete": {
      "n": 660,
      "macro_auc": 0.9386972890931136,
      "per_class_auc": [
        0.9555766117162202,
        0.9406706667250617,
        0.9356465390279823,
        0.9440299039819662,
        0.9175627240143369
      ]
    },
    "meta_incomplete": {
      "n": 1538,
      "macro_auc": 0.9241381568853912,
      "per_class_auc": [
        0.9462268225792183,
        0.9280393486965637,
        0.9334459983706405,
        0.9068964304554248,
        0.9060821843251088
      ]
    },
    "fairness_sex_gap": 0.018138703280550672
  },
  "training_history": [
    {
      "epoch": 1,
      "train_loss": 0.6402408147076948,
      "val_auc": 0.9037137821935215,
      "val_f1": 0.6891346381319866,
      "val_auc_ecg": 0.9030953162320907,
      "val_delta_meta": 0.000981646199592845,
      "lr": 0.0009755527298894294,
      "epoch_time_s": 242.19862341880798
    },
    {
      "epoch": 2,
      "train_loss": 0.5473467913789487,
      "val_auc": 0.9094897557095853,
      "val_f1": 0.6764480396867032,
      "val_auc_ecg": 0.9084722901784772,
      "val_delta_meta": 0.0007905488931472249,
      "lr": 0.0009046039886902864,
      "epoch_time_s": 242.56198000907898
    },
    {
      "epoch": 3,
      "train_loss": 0.5146865107597561,
      "val_auc": 0.9216131766444082,
      "val_f1": 0.721305459811047,
      "val_auc_ecg": 0.9212496363509904,
      "val_delta_meta": -0.00032990674096478045,
      "lr": 0.0007940987335200904,
      "epoch_time_s": 258.2211606502533
    },
    {
      "epoch": 4,
      "train_loss": 0.4903375725680535,
      "val_auc": 0.9217503426127817,
      "val_f1": 0.712450891726961,
      "val_auc_ecg": 0.9218885161397168,
      "val_delta_meta": -0.0003651550897358913,
      "lr": 0.0006548539886902864,
      "epoch_time_s": 263.0695447921753
    },
    {
      "epoch": 5,
      "train_loss": 0.4681712713810282,
      "val_auc": 0.9218184906448084,
      "val_f1": 0.7205712295863161,
      "val_auc_ecg": 0.9210671463434812,
      "val_delta_meta": 0.00038508542924931,
      "lr": 0.0005005000000000001,
      "epoch_time_s": 264.11328864097595
    },
    {
      "epoch": 6,
      "train_loss": 0.4481983322889433,
      "val_auc": 0.9253738495606548,
      "val_f1": 0.7166976178536032,
      "val_auc_ecg": 0.9250978629106988,
      "val_delta_meta": -0.0004984947889372648,
      "lr": 0.0003461460113097139,
      "epoch_time_s": 264.04410886764526
    },
    {
      "epoch": 7,
      "train_loss": 0.42977505605155175,
      "val_auc": 0.9304380539689774,
      "val_f1": 0.7411440087462098,
      "val_auc_ecg": 0.9303826360641955,
      "val_delta_meta": 0.0004060511746264428,
      "lr": 0.00020690126647990973,
      "epoch_time_s": 264.01663041114807
    },
    {
      "epoch": 8,
      "train_loss": 0.4074219641882345,
      "val_auc": 0.9310171372355864,
      "val_f1": 0.7341584421088249,
      "val_auc_ecg": 0.9309079754548938,
      "val_delta_meta": 0.00031629370828545333,
      "lr": 9.639601130971382e-05,
      "epoch_time_s": 263.7403447628021
    },
    {
      "epoch": 9,
      "train_loss": 0.3862573037180332,
      "val_auc": 0.9328414543090077,
      "val_f1": 0.7389997737855507,
      "val_auc_ecg": 0.93260451273994,
      "val_delta_meta": 0.0002509145355773512,
      "lr": 2.5447270110570814e-05,
      "epoch_time_s": 264.08997631073
    },
    {
      "epoch": 10,
      "train_loss": 0.37510402238150253,
      "val_auc": 0.9326645944909998,
      "val_f1": 0.7393744157277997,
      "val_auc_ecg": 0.9326827628632902,
      "val_delta_meta": -1.7621223752928294e-05,
      "lr": 0.001,
      "epoch_time_s": 264.42634868621826
    }
  ]
}