{
  "metadata": {
    "run_name": "ATLAS_A_v5_demo+anthro_lauc0_seed2028",
    "variant": "demo+anthro",
    "seed": 2028,
    "meta_hid": 128,
    "lauc_weight": 0.0,
    "no_aug": false,
    "arch_mode": "standard",
    "meta_mask_mode": "real",
    "test_fold": 10,
    "val_fold": 9,
    "timestamp": "2026-05-06T20:12:04.596358",
    "git_sha": "b8fda1f7a68a5b217a3f76d88337426561bd26e4",
    "analysis_plan_sha256": "4ad22e907fbd431a0b443255a3449c0560371997d5ee36a61e164de7aea5c3dc",
    "wall_time_s": 2642.4746222496033,
    "train_time_s": 2613.0353784561157,
    "gpu_peak_mem_mb": 0,
    "num_parameters": 3951951,
    "dataset_sizes": {
      "train": 17418,
      "val": 2183,
      "test": 2198
    },
    "train_fold_ids": [
      1,
      2,
      3,
      4,
      5,
      6,
      7,
      8
    ],
    "pos_weights": [
      1.2930489778518677,
      2.9776203632354736,
      3.161012887954712,
      3.4581520557403564,
      7.21991491317749
    ],
    "loss_weights": {
      "fused": 0.6000000000000001,
      "ecg": 0.30000000000000004,
      "meta": 0.10000000000000002,
      "lauc": 0.0
    },
    "hardware": {
      "python_version": "3.11.7 | packaged by Anaconda, Inc. | (main, Dec 15 2023, 18:05:47) [MSC v.1916 64 bit (AMD64)]",
      "torch_version": "2.3.1+cpu",
      "cuda_available": false,
      "numpy_version": "1.26.4",
      "sklearn_version": "1.4.2"
    },
    "best_val_auc": 0.9341302234161443,
    "best_val_epoch": 10
  },
  "test": {
    "macro_auc": 0.9285933288123056,
    "macro_auc_ecg": 0.927324722399901,
    "macro_auc_no_meta": 0.9272551841215092,
    "delta_meta_auc": 0.0013381446907964056,
    "macro_f1_optimal": 0.7461657249152147,
    "macro_f1_fixed_05": 0.737314696236591,
    "w_fused": 1.0,
    "thresholds": [
      0.5299999713897705,
      0.6499999761581421,
      0.5450000166893005,
      0.6949999928474426,
      0.7549999952316284
    ]
  },
  "per_class": {
    "NORM": {
      "auc": 0.9502314376883978,
      "f1": 0.8700729927007299,
      "threshold": 0.5299999713897705
    },
    "MI": {
      "auc": 0.9311231244483672,
      "f1": 0.7297297297297297,
      "threshold": 0.6499999761581421
    },
    "STTC": {
      "auc": 0.9381115395488471,
      "f1": 0.778652668416448,
      "threshold": 0.5450000166893005
    },
    "CD": {
      "auc": 0.9129842500284295,
      "f1": 0.7422037422037422,
      "threshold": 0.6949999928474426
    },
    "HYP": {
      "auc": 0.9105162923474859,
      "f1": 0.6101694915254238,
      "threshold": 0.7549999952316284
    }
  },
  "subgroups": {
    "sex_male": {
      "n": 1066,
      "macro_auc": 0.9214587705688004,
      "per_class_auc": [
        0.9466159245083902,
        0.9185226239614175,
        0.9240203886588085,
        0.90667776159767,
        0.911457154117716
      ]
    },
    "sex_female": {
      "n": 1132,
      "macro_auc": 0.9354241891237398,
      "per_class_auc": [
        0.95478770260747,
        0.9417004375088208,
        0.9501322616992364,
        0.9201844102172291,
        0.9103161335859431
      ]
    },
    "age_lt45": {
      "n": 345,
      "macro_auc": 0.9120328152217555,
      "per_class_auc": [
        0.8796152135231317,
        0.9738704409363093,
        0.9621413069688931,
        0.832150407731803,
        0.9123867069486404
      ]
    },
    "age_45_65": {
      "n": 703,
      "macro_auc": 0.9259922191464511,
      "per_class_auc": [
        0.932985566875653,
        0.9313133571854502,
        0.9530646844027126,
        0.8905943369778526,
        0.9220031502905871
      ]
    },
    "age_gt65": {
      "n": 1150,
      "macro_auc": 0.9186479757822337,
      "per_class_auc": [
        0.9513028956738191,
        0.9057255427948696,
        0.9146554149085795,
        0.9288176254771223,
        0.8927384000567782
      ]
    },
    "meta_complete": {
      "n": 660,
      "macro_auc": 0.9405225030940688,
      "per_class_auc": [
        0.9579592287312334,
        0.9411232280763222,
        0.9380265095729013,
        0.9487666034155597,
        0.9167369456743271
      ]
    },
    "meta_incomplete": {
      "n": 1538,
      "macro_auc": 0.9237450413162472,
      "per_class_auc": [
        0.9479268036712654,
        0.92704840119339,
        0.9380406951933894,
        0.8996588711095481,
        0.9060504354136429
      ]
    },
    "fairness_sex_gap": 0.01396541855493938
  },
  "training_history": [
    {
      "epoch": 1,
      "train_loss": 0.6573976988092475,
      "val_auc": 0.9039351938951878,
      "val_f1": 0.6738899309208817,
      "val_auc_ecg": 0.900923924817666,
      "val_delta_meta": 0.0012062305611468815,
      "lr": 0.0009755527298894294,
      "epoch_time_s": 243.93882656097412
    },
    {
      "epoch": 2,
      "train_loss": 0.5684279851410368,
      "val_auc": 0.9086596112583122,
      "val_f1": 0.6822769404501412,
      "val_auc_ecg": 0.9065545722267137,
      "val_delta_meta": 0.001248322847067107,
      "lr": 0.0009046039886902864,
      "epoch_time_s": 243.09082007408142
    },
    {
      "epoch": 3,
      "train_loss": 0.5355040415164527,
      "val_auc": 0.9174128781842883,
      "val_f1": 0.7119635521436634,
      "val_auc_ecg": 0.9154043077447159,
      "val_delta_meta": -0.00018865561147574095,
      "lr": 0.0007940987335200904,
      "epoch_time_s": 258.8057496547699
    },
    {
      "epoch": 4,
      "train_loss": 0.5068167989953942,
      "val_auc": 0.923033585428042,
      "val_f1": 0.7162968569882303,
      "val_auc_ecg": 0.9218051770543365,
      "val_delta_meta": 0.0015819668437555556,
      "lr": 0.0006548539886902864,
      "epoch_time_s": 264.6977288722992
    },
    {
      "epoch": 5,
      "train_loss": 0.485579434009867,
      "val_auc": 0.9205401689143724,
      "val_f1": 0.7219964420163255,
      "val_auc_ecg": 0.9174535730403914,
      "val_delta_meta": 0.0008498916591236361,
      "lr": 0.0005005000000000001,
      "epoch_time_s": 264.64057326316833
    },
    {
      "epoch": 6,
      "train_loss": 0.46411738548803766,
      "val_auc": 0.9280340705048641,
      "val_f1": 0.7156803826073513,
      "val_auc_ecg": 0.9267468206862143,
      "val_delta_meta": 1.2591184271104616e-05,
      "lr": 0.0003461460113097139,
      "epoch_time_s": 265.3109827041626
    },
    {
      "epoch": 7,
      "train_loss": 0.443721780645738,
      "val_auc": 0.9298574190758584,
      "val_f1": 0.7327786859786808,
      "val_auc_ecg": 0.9289230301099416,
      "val_delta_meta": 0.00011404247580482085,
      "lr": 0.00020690126647990973,
      "epoch_time_s": 265.3704981803894
    },
    {
      "epoch": 8,
      "train_loss": 0.4215964207408625,
      "val_auc": 0.931082574840912,
      "val_f1": 0.73850986162182,
      "val_auc_ecg": 0.9311650905692765,
      "val_delta_meta": -0.000650665463510669,
      "lr": 9.639601130971382e-05,
      "epoch_time_s": 265.71894550323486
    },
    {
      "epoch": 9,
      "train_loss": 0.4042572387314718,
      "val_auc": 0.9304769208269772,
      "val_f1": 0.7441073115547446,
      "val_auc_ecg": 0.9296194888297216,
      "val_delta_meta": 0.0004823132677653774,
      "lr": 2.5447270110570814e-05,
      "epoch_time_s": 265.74723625183105
    },
    {
      "epoch": 10,
      "train_loss": 0.39202072762568063,
      "val_auc": 0.9341302234161443,
      "val_f1": 0.7458508063379601,
      "val_auc_ecg": 0.9335612096122234,
      "val_delta_meta": 0.0002901531384255085,
      "lr": 0.001,
      "epoch_time_s": 266.2381954193115
    }
  ]
}