{
  "metadata": {
    "run_name": "ATLAS_A_v5_demo+anthro_lauc0.12_seed2033",
    "variant": "demo+anthro",
    "seed": 2033,
    "meta_hid": 128,
    "lauc_weight": 0.12,
    "no_aug": false,
    "arch_mode": "standard",
    "meta_mask_mode": "real",
    "test_fold": 10,
    "val_fold": 9,
    "timestamp": "2026-05-07T14:37:27.350414",
    "git_sha": "b8fda1f7a68a5b217a3f76d88337426561bd26e4",
    "analysis_plan_sha256": "4ad22e907fbd431a0b443255a3449c0560371997d5ee36a61e164de7aea5c3dc",
    "wall_time_s": 2665.8989543914795,
    "train_time_s": 2636.6057391166687,
    "gpu_peak_mem_mb": 0,
    "num_parameters": 3951951,
    "dataset_sizes": {
      "train": 17418,
      "val": 2183,
      "test": 2198
    },
    "train_fold_ids": [
      1,
      2,
      3,
      4,
      5,
      6,
      7,
      8
    ],
    "pos_weights": [
      1.2930489778518677,
      2.9776203632354736,
      3.161012887954712,
      3.4581520557403564,
      7.21991491317749
    ],
    "loss_weights": {
      "fused": 0.48,
      "ecg": 0.3,
      "meta": 0.1,
      "lauc": 0.12
    },
    "hardware": {
      "python_version": "3.11.7 | packaged by Anaconda, Inc. | (main, Dec 15 2023, 18:05:47) [MSC v.1916 64 bit (AMD64)]",
      "torch_version": "2.3.1+cpu",
      "cuda_available": false,
      "numpy_version": "1.26.4",
      "sklearn_version": "1.4.2"
    },
    "best_val_auc": 0.9320080352670788,
    "best_val_epoch": 9
  },
  "test": {
    "macro_auc": 0.9278665204764636,
    "macro_auc_ecg": 0.9260431879146636,
    "macro_auc_no_meta": 0.9267130343701083,
    "delta_meta_auc": 0.0011534861063552393,
    "macro_f1_optimal": 0.7426520652660603,
    "macro_f1_fixed_05": 0.7325206132391737,
    "w_fused": 1.0,
    "thresholds": [
      0.7250000238418579,
      0.45500001311302185,
      0.6800000071525574,
      0.800000011920929,
      0.6650000214576721
    ]
  },
  "per_class": {
    "NORM": {
      "auc": 0.9488003497841178,
      "f1": 0.8629936616284739,
      "threshold": 0.7250000238418579
    },
    "MI": {
      "auc": 0.9320553839364518,
      "f1": 0.7378309137489325,
      "threshold": 0.45500001311302185
    },
    "STTC": {
      "auc": 0.9371077820392645,
      "f1": 0.7754716981132076,
      "threshold": 0.6800000071525574
    },
    "CD": {
      "auc": 0.9152965202228877,
      "f1": 0.7338444687842278,
      "threshold": 0.800000011920929
    },
    "HYP": {
      "auc": 0.9060725663995962,
      "f1": 0.6031195840554593,
      "threshold": 0.6650000214576721
    }
  },
  "subgroups": {
    "sex_male": {
      "n": 1066,
      "macro_auc": 0.9189896321309272,
      "per_class_auc": [
        0.9426259428319474,
        0.9193296676049764,
        0.9215204771512512,
        0.9060692739754526,
        0.9054027990910082
      ]
    },
    "sex_female": {
      "n": 1132,
      "macro_auc": 0.9365060855106071,
      "per_class_auc": [
        0.9557378183831671,
        0.9424746466662635,
        0.9501757847446889,
        0.9268870791296949,
        0.9072550986292209
      ]
    },
    "age_lt45": {
      "n": 345,
      "macro_auc": 0.9256412622118617,
      "per_class_auc": [
        0.8821174377224199,
        0.9850299401197605,
        0.9578008198697854,
        0.8585019631531259,
        0.9447561501942167
      ]
    },
    "age_45_65": {
      "n": 703,
      "macro_auc": 0.9243428053309574,
      "per_class_auc": [
        0.9308059038662486,
        0.9322823494335122,
        0.9557250912884716,
        0.8970563498738435,
        0.9058443321927109
      ]
    },
    "age_gt65": {
      "n": 1150,
      "macro_auc": 0.9167830384008463,
      "per_class_auc": [
        0.9497195702177269,
        0.9059267331712632,
        0.9119233473980308,
        0.9270738849871718,
        0.8892716562300389
      ]
    },
    "meta_complete": {
      "n": 660,
      "macro_auc": 0.9370628701875603,
      "per_class_auc": [
        0.9579132322637622,
        0.9388166250602199,
        0.9336789396170839,
        0.9471116120471957,
        0.9077939419495397
      ]
    },
    "meta_incomplete": {
      "n": 1538,
      "macro_auc": 0.9241959776477758,
      "per_class_auc": [
        0.9456873387836808,
        0.9294747340284143,
        0.9384601582806378,
        0.9035976789168279,
        0.9037599782293179
      ]
    },
    "fairness_sex_gap": 0.017516453379679886
  },
  "training_history": [
    {
      "epoch": 1,
      "train_loss": 0.6445766890814545,
      "val_auc": 0.8982722124811525,
      "val_f1": 0.6577796330495402,
      "val_auc_ecg": 0.8967769306740724,
      "val_delta_meta": 0.0014031526432827235,
      "lr": 0.0009755527298894294,
      "epoch_time_s": 242.59881401062012
    },
    {
      "epoch": 2,
      "train_loss": 0.5561736919464322,
      "val_auc": 0.9090385236245393,
      "val_f1": 0.6981293276655494,
      "val_auc_ecg": 0.9068748477076843,
      "val_delta_meta": 0.0009072786384515252,
      "lr": 0.0009046039886902864,
      "epoch_time_s": 242.87683081626892
    },
    {
      "epoch": 3,
      "train_loss": 0.5204628660044539,
      "val_auc": 0.9107986877687599,
      "val_f1": 0.7128341881305157,
      "val_auc_ecg": 0.909919066511508,
      "val_delta_meta": 0.0015774177597718264,
      "lr": 0.0007940987335200904,
      "epoch_time_s": 259.4716832637787
    },
    {
      "epoch": 4,
      "train_loss": 0.49922966793042806,
      "val_auc": 0.923172762853086,
      "val_f1": 0.7004745673267887,
      "val_auc_ecg": 0.9220262655638531,
      "val_delta_meta": 0.0010035297433234058,
      "lr": 0.0006548539886902864,
      "epoch_time_s": 266.22371888160706
    },
    {
      "epoch": 5,
      "train_loss": 0.47523790182323633,
      "val_auc": 0.9272365846730066,
      "val_f1": 0.7292966110258063,
      "val_auc_ecg": 0.9264612594917232,
      "val_delta_meta": 0.0006881144741196499,
      "lr": 0.0005005000000000001,
      "epoch_time_s": 266.58708000183105
    },
    {
      "epoch": 6,
      "train_loss": 0.4542134513001923,
      "val_auc": 0.9295618929243157,
      "val_f1": 0.7320900916370429,
      "val_auc_ecg": 0.9287233131648799,
      "val_delta_meta": 0.0008936639019879733,
      "lr": 0.0003461460113097139,
      "epoch_time_s": 267.43475699424744
    },
    {
      "epoch": 7,
      "train_loss": 0.4346552993726293,
      "val_auc": 0.9291846383632842,
      "val_f1": 0.7310607986998219,
      "val_auc_ecg": 0.9290073975681684,
      "val_delta_meta": 0.00010502803626855073,
      "lr": 0.00020690126647990973,
      "epoch_time_s": 275.40270614624023
    },
    {
      "epoch": 8,
      "train_loss": 0.4123719038219627,
      "val_auc": 0.9316736423845313,
      "val_f1": 0.732343264681466,
      "val_auc_ecg": 0.9312591867474407,
      "val_delta_meta": 0.0005847511564246455,
      "lr": 9.639601130971382e-05,
      "epoch_time_s": 273.2193877696991
    },
    {
      "epoch": 9,
      "train_loss": 0.3938569295843807,
      "val_auc": 0.9320080352670788,
      "val_f1": 0.7400402765783888,
      "val_auc_ecg": 0.9316260737168507,
      "val_delta_meta": 0.00015119796879370373,
      "lr": 2.5447270110570814e-05,
      "epoch_time_s": 266.34072041511536
    },
    {
      "epoch": 10,
      "train_loss": 0.379305313076448,
      "val_auc": 0.931596728005213,
      "val_f1": 0.7429254713789425,
      "val_auc_ecg": 0.9311316161254586,
      "val_delta_meta": 0.0004708314266466118,
      "lr": 0.001,
      "epoch_time_s": 267.04478907585144
    }
  ]
}