{
  "metadata": {
    "run_name": "ATLAS_A_v5_demo+anthro_noaug_seed2027",
    "variant": "demo+anthro",
    "seed": 2027,
    "meta_hid": 128,
    "lauc_weight": 0.08,
    "no_aug": true,
    "arch_mode": "standard",
    "meta_mask_mode": "real",
    "test_fold": 10,
    "val_fold": 9,
    "timestamp": "2026-05-08T00:52:48.526371",
    "git_sha": "b8fda1f7a68a5b217a3f76d88337426561bd26e4",
    "analysis_plan_sha256": "4ad22e907fbd431a0b443255a3449c0560371997d5ee36a61e164de7aea5c3dc",
    "wall_time_s": 2625.260204553604,
    "train_time_s": 2596.4377846717834,
    "gpu_peak_mem_mb": 0,
    "num_parameters": 3951951,
    "dataset_sizes": {
      "train": 17418,
      "val": 2183,
      "test": 2198
    },
    "train_fold_ids": [
      1,
      2,
      3,
      4,
      5,
      6,
      7,
      8
    ],
    "pos_weights": [
      1.2930489778518677,
      2.9776203632354736,
      3.161012887954712,
      3.4581520557403564,
      7.21991491317749
    ],
    "loss_weights": {
      "fused": 0.52,
      "ecg": 0.3,
      "meta": 0.1,
      "lauc": 0.08
    },
    "hardware": {
      "python_version": "3.11.7 | packaged by Anaconda, Inc. | (main, Dec 15 2023, 18:05:47) [MSC v.1916 64 bit (AMD64)]",
      "torch_version": "2.3.1+cpu",
      "cuda_available": false,
      "numpy_version": "1.26.4",
      "sklearn_version": "1.4.2"
    },
    "best_val_auc": 0.9334017784787602,
    "best_val_epoch": 10
  },
  "test": {
    "macro_auc": 0.9264405371815038,
    "macro_auc_ecg": 0.925303593832238,
    "macro_auc_no_meta": 0.9254099811131156,
    "delta_meta_auc": 0.0010305560683881998,
    "macro_f1_optimal": 0.7413902942283273,
    "macro_f1_fixed_05": 0.7372034887377615,
    "w_fused": 1.0,
    "thresholds": [
      0.5600000023841858,
      0.6650000214576721,
      0.5299999713897705,
      0.6050000190734863,
      0.5899999737739563
    ]
  },
  "per_class": {
    "NORM": {
      "auc": 0.9470976746923624,
      "f1": 0.8584070796460177,
      "threshold": 0.5600000023841858
    },
    "MI": {
      "auc": 0.9273973962930274,
      "f1": 0.7372262773722628,
      "threshold": 0.6650000214576721
    },
    "STTC": {
      "auc": 0.9361372160550842,
      "f1": 0.7598627787307033,
      "threshold": 0.5299999713897705
    },
    "CD": {
      "auc": 0.9190800197111557,
      "f1": 0.7463271302644466,
      "threshold": 0.6050000190734863
    },
    "HYP": {
      "auc": 0.9024903791558891,
      "f1": 0.6051282051282051,
      "threshold": 0.5899999737739563
    }
  },
  "subgroups": {
    "sex_male": {
      "n": 1066,
      "macro_auc": 0.9182334168561935,
      "per_class_auc": [
        0.9421561080330908,
        0.9161403867003096,
        0.9215293263955259,
        0.9106511337632621,
        0.9006901293887785
      ]
    },
    "sex_female": {
      "n": 1132,
      "macro_auc": 0.9345600371475186,
      "per_class_auc": [
        0.9527521896707943,
        0.9374019637492692,
        0.9482462630629584,
        0.9284151487263193,
        0.9059846205282513
      ]
    },
    "age_lt45": {
      "n": 345,
      "macro_auc": 0.9227860943398548,
      "per_class_auc": [
        0.8897353202846975,
        0.9708764289602613,
        0.9597299252471666,
        0.8639383871942012,
        0.9296504100129478
      ]
    },
    "age_45_65": {
      "n": 703,
      "macro_auc": 0.9214015772757052,
      "per_class_auc": [
        0.9244220219435737,
        0.9204929437487578,
        0.95075639019301,
        0.9058452481076535,
        0.9054912823855303
      ]
    },
    "age_gt65": {
      "n": 1150,
      "macro_auc": 0.9160615138302439,
      "per_class_auc": [
        0.9477857075337933,
        0.9053298683879621,
        0.9128410689170183,
        0.9279290952911602,
        0.8864218290212863
      ]
    },
    "meta_complete": {
      "n": 660,
      "macro_auc": 0.9397763582657295,
      "per_class_auc": [
        0.9590171474830733,
        0.9428896772215652,
        0.940100147275405,
        0.9427030574538814,
        0.914171761894722
      ]
    },
    "meta_incomplete": {
      "n": 1538,
      "macro_auc": 0.9210086254383848,
      "per_class_auc": [
        0.9434947101098569,
        0.9215705454676911,
        0.9343334173875937,
        0.9099396283922397,
        0.8957048258345429
      ]
    },
    "fairness_sex_gap": 0.016326620291325034
  },
  "training_history": [
    {
      "epoch": 1,
      "train_loss": 0.6495589961152558,
      "val_auc": 0.9037884524968876,
      "val_f1": 0.6897826786593105,
      "val_auc_ecg": 0.900341512231468,
      "val_delta_meta": 0.001389642186022222,
      "lr": 0.0009755527298894294,
      "epoch_time_s": 241.5062382221222
    },
    {
      "epoch": 2,
      "train_loss": 0.5561238942889992,
      "val_auc": 0.9051500030003728,
      "val_f1": 0.684755078764641,
      "val_auc_ecg": 0.9026718079702777,
      "val_delta_meta": 0.0015687978249934176,
      "lr": 0.0009046039886902864,
      "epoch_time_s": 241.58902525901794
    },
    {
      "epoch": 3,
      "train_loss": 0.520145956255974,
      "val_auc": 0.918600844661291,
      "val_f1": 0.6867385241724001,
      "val_auc_ecg": 0.9161388651821873,
      "val_delta_meta": 0.0011685455081293927,
      "lr": 0.0007940987335200904,
      "epoch_time_s": 257.0396251678467
    },
    {
      "epoch": 4,
      "train_loss": 0.49620444818374215,
      "val_auc": 0.9216294911457877,
      "val_f1": 0.7201537710088118,
      "val_auc_ecg": 0.921460537657582,
      "val_delta_meta": 0.0002830841818548535,
      "lr": 0.0006548539886902864,
      "epoch_time_s": 262.97568821907043
    },
    {
      "epoch": 5,
      "train_loss": 0.46821454446250144,
      "val_auc": 0.9268237834565713,
      "val_f1": 0.7290501365052834,
      "val_auc_ecg": 0.9242547689041178,
      "val_delta_meta": 0.001238812214677587,
      "lr": 0.0005005000000000001,
      "epoch_time_s": 263.4643669128418
    },
    {
      "epoch": 6,
      "train_loss": 0.4468407303915111,
      "val_auc": 0.9278022467447453,
      "val_f1": 0.7376272169624725,
      "val_auc_ecg": 0.9271070795237577,
      "val_delta_meta": -0.00021333731749295648,
      "lr": 0.0003461460113097139,
      "epoch_time_s": 263.0583837032318
    },
    {
      "epoch": 7,
      "train_loss": 0.4221109090048239,
      "val_auc": 0.9304576228103439,
      "val_f1": 0.7322536060994722,
      "val_auc_ecg": 0.9303786497763966,
      "val_delta_meta": -0.000845528338775714,
      "lr": 0.00020690126647990973,
      "epoch_time_s": 262.71643829345703
    },
    {
      "epoch": 8,
      "train_loss": 0.3953318316181865,
      "val_auc": 0.9327167107083649,
      "val_f1": 0.7455017158594,
      "val_auc_ecg": 0.9315031865581874,
      "val_delta_meta": 0.0003982950495394766,
      "lr": 9.639601130971382e-05,
      "epoch_time_s": 263.0466592311859
    },
    {
      "epoch": 9,
      "train_loss": 0.3719059083166472,
      "val_auc": 0.9328468330054902,
      "val_f1": 0.7447697337615546,
      "val_auc_ecg": 0.9323693195373834,
      "val_delta_meta": 0.0001487065657258535,
      "lr": 2.5447270110570814e-05,
      "epoch_time_s": 267.67933320999146
    },
    {
      "epoch": 10,
      "train_loss": 0.35666949010770255,
      "val_auc": 0.9334017784787602,
      "val_f1": 0.747925878962552,
      "val_auc_ecg": 0.9331314732205586,
      "val_delta_meta": -6.762668562065866e-05,
      "lr": 0.001,
      "epoch_time_s": 262.1920952796936
    }
  ]
}