{
  "metadata": {
    "run_name": "ATLAS_A_v5_demo+anthro_lauc0.12_seed2032",
    "variant": "demo+anthro",
    "seed": 2032,
    "meta_hid": 128,
    "lauc_weight": 0.12,
    "no_aug": false,
    "arch_mode": "standard",
    "meta_mask_mode": "real",
    "test_fold": 10,
    "val_fold": 9,
    "timestamp": "2026-05-07T13:52:57.748158",
    "git_sha": "b8fda1f7a68a5b217a3f76d88337426561bd26e4",
    "analysis_plan_sha256": "4ad22e907fbd431a0b443255a3449c0560371997d5ee36a61e164de7aea5c3dc",
    "wall_time_s": 2648.898190498352,
    "train_time_s": 2619.529257774353,
    "gpu_peak_mem_mb": 0,
    "num_parameters": 3951951,
    "dataset_sizes": {
      "train": 17418,
      "val": 2183,
      "test": 2198
    },
    "train_fold_ids": [
      1,
      2,
      3,
      4,
      5,
      6,
      7,
      8
    ],
    "pos_weights": [
      1.2930489778518677,
      2.9776203632354736,
      3.161012887954712,
      3.4581520557403564,
      7.21991491317749
    ],
    "loss_weights": {
      "fused": 0.48,
      "ecg": 0.3,
      "meta": 0.1,
      "lauc": 0.12
    },
    "hardware": {
      "python_version": "3.11.7 | packaged by Anaconda, Inc. | (main, Dec 15 2023, 18:05:47) [MSC v.1916 64 bit (AMD64)]",
      "torch_version": "2.3.1+cpu",
      "cuda_available": false,
      "numpy_version": "1.26.4",
      "sklearn_version": "1.4.2"
    },
    "best_val_auc": 0.9327045490502177,
    "best_val_epoch": 10
  },
  "test": {
    "macro_auc": 0.9283414872865876,
    "macro_auc_ecg": 0.9270904513830024,
    "macro_auc_no_meta": 0.9271249551835942,
    "delta_meta_auc": 0.0012165321029934395,
    "macro_f1_optimal": 0.7487398830446661,
    "macro_f1_fixed_05": 0.7440051372855011,
    "w_fused": 1.0,
    "thresholds": [
      0.5149999856948853,
      0.6499999761581421,
      0.6949999928474426,
      0.6949999928474426,
      0.5600000023841858
    ]
  },
  "per_class": {
    "NORM": {
      "auc": 0.9509099852434826,
      "f1": 0.862298195631529,
      "threshold": 0.5149999856948853
    },
    "MI": {
      "auc": 0.9316251103265667,
      "f1": 0.7495462794918331,
      "threshold": 0.6499999761581421
    },
    "STTC": {
      "auc": 0.9357560857806361,
      "f1": 0.7639405204460966,
      "threshold": 0.6949999928474426
    },
    "CD": {
      "auc": 0.917095281642091,
      "f1": 0.753061224489796,
      "threshold": 0.6949999928474426
    },
    "HYP": {
      "auc": 0.9063209734401615,
      "f1": 0.614853195164076,
      "threshold": 0.5600000023841858
    }
  },
  "subgroups": {
    "sex_male": {
      "n": 1066,
      "macro_auc": 0.9193467105109402,
      "per_class_auc": [
        0.9446679171500544,
        0.9182163363135608,
        0.9187506636933206,
        0.9090753068441856,
        0.9060233285535794
      ]
    },
    "sex_female": {
      "n": 1132,
      "macro_auc": 0.9366424192726864,
      "per_class_auc": [
        0.9574901842343703,
        0.9424827113449868,
        0.9504465948052827,
        0.9258495546024412,
        0.9069430513763512
      ]
    },
    "age_lt45": {
      "n": 345,
      "macro_auc": 0.9188518380652304,
      "per_class_auc": [
        0.8894572953736656,
        0.9896570495372891,
        0.9603327706775981,
        0.8577469042585322,
        0.8970651704790678
      ]
    },
    "age_45_65": {
      "n": 703,
      "macro_auc": 0.9256490320061979,
      "per_class_auc": [
        0.933957027168234,
        0.9290647982508448,
        0.949191444966093,
        0.8979394449116905,
        0.9180924447341263
      ]
    },
    "age_gt65": {
      "n": 1150,
      "macro_auc": 0.9180336922866307,
      "per_class_auc": [
        0.9514958880801588,
        0.9064297091122475,
        0.9128375527426161,
        0.9296969001403138,
        0.8897084113578171
      ]
    },
    "meta_complete": {
      "n": 660,
      "macro_auc": 0.9418929480832265,
      "per_class_auc": [
        0.9621817044450987,
        0.9432108497934277,
        0.9380147275405007,
        0.9479676420653151,
        0.91808981657179
      ]
    },
    "meta_incomplete": {
      "n": 1538,
      "macro_auc": 0.9224780974591805,
      "per_class_auc": [
        0.946702123415158,
        0.9265997103711375,
        0.9345928540947356,
        0.9049856397632026,
        0.8995101596516691
      ]
    },
    "fairness_sex_gap": 0.017295708761746242
  },
  "training_history": [
    {
      "epoch": 1,
      "train_loss": 0.6358424551443222,
      "val_auc": 0.9050515094725526,
      "val_f1": 0.6908575526034664,
      "val_auc_ecg": 0.903566524888739,
      "val_delta_meta": 0.0004783584921614903,
      "lr": 0.0009755527298894294,
      "epoch_time_s": 242.34559154510498
    },
    {
      "epoch": 2,
      "train_loss": 0.5515212899501171,
      "val_auc": 0.9058133940136314,
      "val_f1": 0.6790862307964929,
      "val_auc_ecg": 0.9029858232175227,
      "val_delta_meta": 0.0028364314624580445,
      "lr": 0.0009046039886902864,
      "epoch_time_s": 243.20873880386353
    },
    {
      "epoch": 3,
      "train_loss": 0.5210110526566112,
      "val_auc": 0.9157088601867172,
      "val_f1": 0.7049780378914757,
      "val_auc_ecg": 0.9149774614143731,
      "val_delta_meta": -0.001223702008660621,
      "lr": 0.0007940987335200904,
      "epoch_time_s": 258.5841534137726
    },
    {
      "epoch": 4,
      "train_loss": 0.494340860679609,
      "val_auc": 0.9222578127685717,
      "val_f1": 0.7221335783026581,
      "val_auc_ecg": 0.9211648595872901,
      "val_delta_meta": -0.0011348611983927892,
      "lr": 0.0006548539886902864,
      "epoch_time_s": 270.05863094329834
    },
    {
      "epoch": 5,
      "train_loss": 0.47138636924258065,
      "val_auc": 0.9282000663197383,
      "val_f1": 0.7218108768554191,
      "val_auc_ecg": 0.9265623043439319,
      "val_delta_meta": 0.00125560807612779,
      "lr": 0.0005005000000000001,
      "epoch_time_s": 265.5685324668884
    },
    {
      "epoch": 6,
      "train_loss": 0.4499936405125014,
      "val_auc": 0.9277774956443064,
      "val_f1": 0.729212173905003,
      "val_auc_ecg": 0.9275401471482242,
      "val_delta_meta": 0.00023497232948865854,
      "lr": 0.0003461460113097139,
      "epoch_time_s": 264.6891701221466
    },
    {
      "epoch": 7,
      "train_loss": 0.4296038798235972,
      "val_auc": 0.9290238726207057,
      "val_f1": 0.737894727903051,
      "val_auc_ecg": 0.9286334142255572,
      "val_delta_meta": -0.00015958457175313523,
      "lr": 0.00020690126647990973,
      "epoch_time_s": 265.443466424942
    },
    {
      "epoch": 8,
      "train_loss": 0.4041237341974853,
      "val_auc": 0.9310775376738798,
      "val_f1": 0.7423398640763587,
      "val_auc_ecg": 0.9305599669490567,
      "val_delta_meta": 0.00032640127641736516,
      "lr": 9.639601130971382e-05,
      "epoch_time_s": 266.87649393081665
    },
    {
      "epoch": 9,
      "train_loss": 0.38601017083049916,
      "val_auc": 0.9299596738447891,
      "val_f1": 0.7431798889098621,
      "val_auc_ecg": 0.9291426049732487,
      "val_delta_meta": 0.00029865163278375295,
      "lr": 2.5447270110570814e-05,
      "epoch_time_s": 266.6839678287506
    },
    {
      "epoch": 10,
      "train_loss": 0.37175075272354513,
      "val_auc": 0.9327045490502177,
      "val_f1": 0.7475271005724216,
      "val_auc_ecg": 0.9327188646855162,
      "val_delta_meta": 0.0002458439450032657,
      "lr": 0.001,
      "epoch_time_s": 266.91629219055176
    }
  ]
}