{
  "metadata": {
    "run_name": "ATLAS_A_v5_demo+anthro_lauc0.04_seed2028",
    "variant": "demo+anthro",
    "seed": 2028,
    "meta_hid": 128,
    "lauc_weight": 0.04,
    "no_aug": false,
    "arch_mode": "standard",
    "meta_mask_mode": "real",
    "test_fold": 10,
    "val_fold": 9,
    "timestamp": "2026-05-07T03:33:10.823971",
    "git_sha": "b8fda1f7a68a5b217a3f76d88337426561bd26e4",
    "analysis_plan_sha256": "4ad22e907fbd431a0b443255a3449c0560371997d5ee36a61e164de7aea5c3dc",
    "wall_time_s": 2645.5972125530243,
    "train_time_s": 2616.285557985306,
    "gpu_peak_mem_mb": 0,
    "num_parameters": 3951951,
    "dataset_sizes": {
      "train": 17418,
      "val": 2183,
      "test": 2198
    },
    "train_fold_ids": [
      1,
      2,
      3,
      4,
      5,
      6,
      7,
      8
    ],
    "pos_weights": [
      1.2930489778518677,
      2.9776203632354736,
      3.161012887954712,
      3.4581520557403564,
      7.21991491317749
    ],
    "loss_weights": {
      "fused": 0.56,
      "ecg": 0.30000000000000004,
      "meta": 0.10000000000000002,
      "lauc": 0.04000000000000001
    },
    "hardware": {
      "python_version": "3.11.7 | packaged by Anaconda, Inc. | (main, Dec 15 2023, 18:05:47) [MSC v.1916 64 bit (AMD64)]",
      "torch_version": "2.3.1+cpu",
      "cuda_available": false,
      "numpy_version": "1.26.4",
      "sklearn_version": "1.4.2"
    },
    "best_val_auc": 0.9346321744385184,
    "best_val_epoch": 10
  },
  "test": {
    "macro_auc": 0.9291615284401196,
    "macro_auc_ecg": 0.9272589459540029,
    "macro_auc_no_meta": 0.9274722666678304,
    "delta_meta_auc": 0.001689261772289119,
    "macro_f1_optimal": 0.7470077486733664,
    "macro_f1_fixed_05": 0.7315135904590943,
    "w_fused": 1.0,
    "thresholds": [
      0.6499999761581421,
      0.5899999737739563,
      0.6349999904632568,
      0.6200000047683716,
      0.6800000071525574
    ]
  },
  "per_class": {
    "NORM": {
      "auc": 0.9506358755743902,
      "f1": 0.8654911838790932,
      "threshold": 0.6499999761581421
    },
    "MI": {
      "auc": 0.9315942188879083,
      "f1": 0.7480383609415867,
      "threshold": 0.5899999737739563
    },
    "STTC": {
      "auc": 0.9339030830348958,
      "f1": 0.7679708826205641,
      "threshold": 0.6349999904632568
    },
    "CD": {
      "auc": 0.9166267863234904,
      "f1": 0.7430830039525692,
      "threshold": 0.6200000047683716
    },
    "HYP": {
      "auc": 0.913047678379913,
      "f1": 0.6104553119730185,
      "threshold": 0.6800000071525574
    }
  },
  "subgroups": {
    "sex_male": {
      "n": 1066,
      "macro_auc": 0.9219641700852556,
      "per_class_auc": [
        0.9457557654150991,
        0.9211576700747245,
        0.9174498247849634,
        0.911015186186811,
        0.9144424039646801
      ]
    },
    "sex_female": {
      "n": 1132,
      "macro_auc": 0.9360897436031255,
      "per_class_auc": [
        0.9565904057183127,
        0.940232665981169,
        0.9479125863811555,
        0.9235617913143135,
        0.9121512686206767
      ]
    },
    "age_lt45": {
      "n": 345,
      "macro_auc": 0.9243056467899702,
      "per_class_auc": [
        0.8959630782918151,
        0.9817637452367991,
        0.958041958041958,
        0.8504983388704319,
        0.9352611135088477
      ]
    },
    "age_45_65": {
      "n": 703,
      "macro_auc": 0.9278668815450974,
      "per_class_auc": [
        0.9318916536050157,
        0.9291641820711589,
        0.9489436619718311,
        0.9017101205494815,
        0.9276247895279995
      ]
    },
    "age_gt65": {
      "n": 1150,
      "macro_auc": 0.9174268620677539,
      "per_class_auc": [
        0.9511374736112425,
        0.9073317126330791,
        0.9099015471167371,
        0.9269369032501694,
        0.8918266737275412
      ]
    },
    "meta_complete": {
      "n": 660,
      "macro_auc": 0.9390015719884335,
      "per_class_auc": [
        0.9582444068295555,
        0.9438969911969517,
        0.9372371134020618,
        0.937381404174573,
        0.9182479443390259
      ]
    },
    "meta_incomplete": {
      "n": 1538,
      "macro_auc": 0.9249865006791727,
      "per_class_auc": [
        0.9481835355096562,
        0.9265635599257426,
        0.9321221437715793,
        0.908706406424008,
        0.9093568577648766
      ]
    },
    "fairness_sex_gap": 0.014125573517869916
  },
  "training_history": [
    {
      "epoch": 1,
      "train_loss": 0.6540218278902387,
      "val_auc": 0.9039351820173562,
      "val_f1": 0.6722380526940832,
      "val_auc_ecg": 0.9007500162803612,
      "val_delta_meta": 0.001789868651207005,
      "lr": 0.0009755527298894294,
      "epoch_time_s": 243.2052662372589
    },
    {
      "epoch": 2,
      "train_loss": 0.5644470342255513,
      "val_auc": 0.9072408638945937,
      "val_f1": 0.6855432475632902,
      "val_auc_ecg": 0.9038348718141809,
      "val_delta_meta": 0.002593618741981274,
      "lr": 0.0009046039886902864,
      "epoch_time_s": 243.1967248916626
    },
    {
      "epoch": 3,
      "train_loss": 0.5325963947204275,
      "val_auc": 0.9174445936363312,
      "val_f1": 0.7128142187427761,
      "val_auc_ecg": 0.9152474742052418,
      "val_delta_meta": 0.00022003084255550753,
      "lr": 0.0007940987335200904,
      "epoch_time_s": 258.6757230758667
    },
    {
      "epoch": 4,
      "train_loss": 0.5035796086175726,
      "val_auc": 0.9253901582853841,
      "val_f1": 0.7111342546500227,
      "val_auc_ecg": 0.92336660563652,
      "val_delta_meta": 0.0014523439189911835,
      "lr": 0.0006548539886902864,
      "epoch_time_s": 265.00559663772583
    },
    {
      "epoch": 5,
      "train_loss": 0.48262488349862054,
      "val_auc": 0.9207855282351975,
      "val_f1": 0.7204967830901673,
      "val_auc_ecg": 0.9176500546802042,
      "val_delta_meta": 0.0011226465782541162,
      "lr": 0.0005005000000000001,
      "epoch_time_s": 264.91668820381165
    },
    {
      "epoch": 6,
      "train_loss": 0.4611645877361298,
      "val_auc": 0.9290915906404538,
      "val_f1": 0.725039109130876,
      "val_auc_ecg": 0.9281748155950245,
      "val_delta_meta": -0.0005031581635843718,
      "lr": 0.0003461460113097139,
      "epoch_time_s": 269.66714882850647
    },
    {
      "epoch": 7,
      "train_loss": 0.43985883287333566,
      "val_auc": 0.9306479972823041,
      "val_f1": 0.7350715233150281,
      "val_auc_ecg": 0.92908974536664,
      "val_delta_meta": 0.0006275156588642083,
      "lr": 0.00020690126647990973,
      "epoch_time_s": 265.08260798454285
    },
    {
      "epoch": 8,
      "train_loss": 0.4191307669659273,
      "val_auc": 0.9317142733367587,
      "val_f1": 0.7448936521312961,
      "val_auc_ecg": 0.9305158774736075,
      "val_delta_meta": 0.00026703700891284043,
      "lr": 9.639601130971382e-05,
      "epoch_time_s": 265.7909965515137
    },
    {
      "epoch": 9,
      "train_loss": 0.40249975526004755,
      "val_auc": 0.9308094858518977,
      "val_f1": 0.7401472863876642,
      "val_auc_ecg": 0.9287200565796134,
      "val_delta_meta": 0.0010963552240939034,
      "lr": 2.5447270110570814e-05,
      "epoch_time_s": 265.3888077735901
    },
    {
      "epoch": 10,
      "train_loss": 0.3915369147281034,
      "val_auc": 0.9346321744385184,
      "val_f1": 0.7486751366161117,
      "val_auc_ecg": 0.9330460649342467,
      "val_delta_meta": 0.0007748833339968897,
      "lr": 0.001,
      "epoch_time_s": 265.9572238922119
    }
  ]
}