{
  "metadata": {
    "run_name": "ATLAS_A_v5_demo+anthro_lauc0.16_seed2028",
    "variant": "demo+anthro",
    "seed": 2028,
    "meta_hid": 128,
    "lauc_weight": 0.16,
    "no_aug": false,
    "arch_mode": "standard",
    "meta_mask_mode": "real",
    "test_fold": 10,
    "val_fold": 9,
    "timestamp": "2026-05-07T18:17:16.829550",
    "git_sha": "b8fda1f7a68a5b217a3f76d88337426561bd26e4",
    "analysis_plan_sha256": "4ad22e907fbd431a0b443255a3449c0560371997d5ee36a61e164de7aea5c3dc",
    "wall_time_s": 2639.93683218956,
    "train_time_s": 2610.3231403827667,
    "gpu_peak_mem_mb": 0,
    "num_parameters": 3951951,
    "dataset_sizes": {
      "train": 17418,
      "val": 2183,
      "test": 2198
    },
    "train_fold_ids": [
      1,
      2,
      3,
      4,
      5,
      6,
      7,
      8
    ],
    "pos_weights": [
      1.2930489778518677,
      2.9776203632354736,
      3.161012887954712,
      3.4581520557403564,
      7.21991491317749
    ],
    "loss_weights": {
      "fused": 0.43999999999999995,
      "ecg": 0.3,
      "meta": 0.1,
      "lauc": 0.16
    },
    "hardware": {
      "python_version": "3.11.7 | packaged by Anaconda, Inc. | (main, Dec 15 2023, 18:05:47) [MSC v.1916 64 bit (AMD64)]",
      "torch_version": "2.3.1+cpu",
      "cuda_available": false,
      "numpy_version": "1.26.4",
      "sklearn_version": "1.4.2"
    },
    "best_val_auc": 0.9335988881523634,
    "best_val_epoch": 10
  },
  "test": {
    "macro_auc": 0.9301569344668893,
    "macro_auc_ecg": 0.9284089232822016,
    "macro_auc_no_meta": 0.9285234753316349,
    "delta_meta_auc": 0.001633459135254367,
    "macro_f1_optimal": 0.7528476507969406,
    "macro_f1_fixed_05": 0.7359852484107632,
    "w_fused": 1.0,
    "thresholds": [
      0.5600000023841858,
      0.5899999737739563,
      0.574999988079071,
      0.7250000238418579,
      0.7250000238418579
    ]
  },
  "per_class": {
    "NORM": {
      "auc": 0.95287079428742,
      "f1": 0.8624031007751938,
      "threshold": 0.5600000023841858
    },
    "MI": {
      "auc": 0.9330891438658429,
      "f1": 0.7478108581436077,
      "threshold": 0.5899999737739563
    },
    "STTC": {
      "auc": 0.9372806068784286,
      "f1": 0.7724867724867724,
      "threshold": 0.574999988079071
    },
    "CD": {
      "auc": 0.9161032087487206,
      "f1": 0.7513007284079084,
      "threshold": 0.7250000238418579
    },
    "HYP": {
      "auc": 0.9114409185540344,
      "f1": 0.6302367941712204,
      "threshold": 0.7250000238418579
    }
  },
  "subgroups": {
    "sex_male": {
      "n": 1066,
      "macro_auc": 0.9219761963356898,
      "per_class_auc": [
        0.9474399424633078,
        0.9221251501052561,
        0.9213788892428587,
        0.9074630746827542,
        0.9114739251842722
      ]
    },
    "sex_female": {
      "n": 1132,
      "macro_auc": 0.9381265761906599,
      "per_class_auc": [
        0.9589499647639183,
        0.9424222262545615,
        0.9508479740022342,
        0.9259494000590391,
        0.9124633158735466
      ]
    },
    "age_lt45": {
      "n": 345,
      "macro_auc": 0.9269107332306786,
      "per_class_auc": [
        0.9002446619217082,
        0.9793140990745781,
        0.958403665300217,
        0.8544246451223195,
        0.9421665947345707
      ]
    },
    "age_45_65": {
      "n": 703,
      "macro_auc": 0.9282628373729948,
      "per_class_auc": [
        0.9357448406478579,
        0.9342451798847147,
        0.9519300991131977,
        0.8947294645360246,
        0.9246646026831786
      ]
    },
    "age_gt65": {
      "n": 1150,
      "macro_auc": 0.918623723709383,
      "per_class_auc": [
        0.9526105176922836,
        0.9075832006035711,
        0.9147116736990153,
        0.9286140039761726,
        0.8895992225758725
      ]
    },
    "meta_complete": {
      "n": 660,
      "macro_auc": 0.9421933465277549,
      "per_class_auc": [
        0.9604154400942009,
        0.9462765879793866,
        0.9387687776141385,
        0.9465551925354182,
        0.91895073441563
      ]
    },
    "meta_incomplete": {
      "n": 1538,
      "macro_auc": 0.925290825764522,
      "per_class_auc": [
        0.9505843251335264,
        0.9281626855102635,
        0.9362755557279746,
        0.9048051110720358,
        0.9066264513788098
      ]
    },
    "fairness_sex_gap": 0.01615037985497003
  },
  "training_history": [
    {
      "epoch": 1,
      "train_loss": 0.6369633052327217,
      "val_auc": 0.9046497418967006,
      "val_f1": 0.6749778081775355,
      "val_auc_ecg": 0.9031157513391387,
      "val_delta_meta": 0.001749412964026753,
      "lr": 0.0009755527298894294,
      "epoch_time_s": 242.90358471870422
    },
    {
      "epoch": 2,
      "train_loss": 0.5503856794549784,
      "val_auc": 0.9100252904324094,
      "val_f1": 0.6859017448417902,
      "val_auc_ecg": 0.9057708813125951,
      "val_delta_meta": 0.0021608730479331095,
      "lr": 0.0009046039886902864,
      "epoch_time_s": 243.19205355644226
    },
    {
      "epoch": 3,
      "train_loss": 0.5155480043056908,
      "val_auc": 0.916244075735291,
      "val_f1": 0.7118202041488649,
      "val_auc_ecg": 0.9134254782452654,
      "val_delta_meta": -0.0005091620679982256,
      "lr": 0.0007940987335200904,
      "epoch_time_s": 258.5655243396759
    },
    {
      "epoch": 4,
      "train_loss": 0.4893208238509817,
      "val_auc": 0.9259766678087054,
      "val_f1": 0.7200630220033533,
      "val_auc_ecg": 0.9249700501046652,
      "val_delta_meta": 0.0014481042331128124,
      "lr": 0.0006548539886902864,
      "epoch_time_s": 264.81399273872375
    },
    {
      "epoch": 5,
      "train_loss": 0.4688814819405932,
      "val_auc": 0.9210121471867545,
      "val_f1": 0.7234047639089792,
      "val_auc_ecg": 0.918592802544494,
      "val_delta_meta": 0.0007396379139817943,
      "lr": 0.0005005000000000001,
      "epoch_time_s": 264.0017819404602
    },
    {
      "epoch": 6,
      "train_loss": 0.4471987142475373,
      "val_auc": 0.9283325887851237,
      "val_f1": 0.7216826061010472,
      "val_auc_ecg": 0.927944945198726,
      "val_delta_meta": -0.0006761167610469521,
      "lr": 0.0003461460113097139,
      "epoch_time_s": 264.1768057346344
    },
    {
      "epoch": 7,
      "train_loss": 0.4254285580247914,
      "val_auc": 0.929471626989832,
      "val_f1": 0.7312102952518675,
      "val_auc_ecg": 0.9280365088233886,
      "val_delta_meta": 0.0005597373266679195,
      "lr": 0.00020690126647990973,
      "epoch_time_s": 264.9209690093994
    },
    {
      "epoch": 8,
      "train_loss": 0.40550024750035835,
      "val_auc": 0.9317184850683228,
      "val_f1": 0.7421240505109236,
      "val_auc_ecg": 0.9309678352144225,
      "val_delta_meta": 0.00035258686125072547,
      "lr": 9.639601130971382e-05,
      "epoch_time_s": 265.66009521484375
    },
    {
      "epoch": 9,
      "train_loss": 0.38859326792966337,
      "val_auc": 0.9292516112377818,
      "val_f1": 0.7387640836342031,
      "val_auc_ecg": 0.9279111667965655,
      "val_delta_meta": 0.0008988624749011187,
      "lr": 2.5447270110570814e-05,
      "epoch_time_s": 265.95933985710144
    },
    {
      "epoch": 10,
      "train_loss": 0.3765276497930562,
      "val_auc": 0.9335988881523634,
      "val_f1": 0.7452888493986137,
      "val_auc_ecg": 0.9325391670829175,
      "val_delta_meta": 0.0006022106856653497,
      "lr": 0.001,
      "epoch_time_s": 266.56370067596436
    }
  ]
}