{
  "metadata": {
    "run_name": "ATLAS_A_v5_demo+anthro_trainmask_seed2032",
    "variant": "demo+anthro",
    "seed": 2032,
    "meta_hid": 128,
    "lauc_weight": 0.08,
    "no_aug": false,
    "arch_mode": "standard",
    "meta_mask_mode": "trainmask",
    "test_fold": 10,
    "val_fold": 9,
    "timestamp": "2026-05-10T21:05:16.184491",
    "git_sha": "b8fda1f7a68a5b217a3f76d88337426561bd26e4",
    "analysis_plan_sha256": "4ad22e907fbd431a0b443255a3449c0560371997d5ee36a61e164de7aea5c3dc",
    "wall_time_s": 2639.3810827732086,
    "train_time_s": 2609.3504655361176,
    "gpu_peak_mem_mb": 0,
    "num_parameters": 3951951,
    "dataset_sizes": {
      "train": 17418,
      "val": 2183,
      "test": 2198
    },
    "train_fold_ids": [
      1,
      2,
      3,
      4,
      5,
      6,
      7,
      8
    ],
    "pos_weights": [
      1.2930489778518677,
      2.9776203632354736,
      3.161012887954712,
      3.4581520557403564,
      7.21991491317749
    ],
    "loss_weights": {
      "fused": 0.52,
      "ecg": 0.3,
      "meta": 0.1,
      "lauc": 0.08
    },
    "hardware": {
      "python_version": "3.11.7 | packaged by Anaconda, Inc. | (main, Dec 15 2023, 18:05:47) [MSC v.1916 64 bit (AMD64)]",
      "torch_version": "2.3.1+cpu",
      "cuda_available": false,
      "numpy_version": "1.26.4",
      "sklearn_version": "1.4.2"
    },
    "best_val_auc": 0.532479473924541,
    "best_val_epoch": 1
  },
  "test": {
    "macro_auc": 0.5275550069760764,
    "macro_auc_ecg": 0.8958986048982641,
    "macro_auc_no_meta": 0.8966733277499456,
    "delta_meta_auc": -0.3691183207738692,
    "macro_f1_optimal": 0.3408173104191316,
    "macro_f1_fixed_05": 0.3406213207371534,
    "w_fused": 1.0,
    "thresholds": [
      0.05000000074505806,
      0.05000000074505806,
      0.05000000074505806,
      0.05000000074505806,
      0.05000000074505806
    ]
  },
  "per_class": {
    "NORM": {
      "auc": 0.5112994564052113,
      "f1": 0.3811252268602541,
      "threshold": 0.05000000074505806
    },
    "MI": {
      "auc": 0.4869980141218005,
      "f1": 0.38768529076396807,
      "threshold": 0.05000000074505806
    },
    "STTC": {
      "auc": 0.5527974160969743,
      "f1": 0.3193916349809886,
      "threshold": 0.05000000074505806
    },
    "CD": {
      "auc": 0.4988071433986581,
      "f1": 0.3646833013435701,
      "threshold": 0.05000000074505806
    },
    "HYP": {
      "auc": 0.5878730048577377,
      "f1": 0.25120109814687713,
      "threshold": 0.05000000074505806
    }
  },
  "subgroups": {
    "sex_male": {
      "n": 1066,
      "macro_auc": 0.5281120895111984,
      "per_class_auc": [
        0.4822438587170619,
        0.47300293161034374,
        0.5540290609181976,
        0.5020802995631372,
        0.6292042967472516
      ]
    },
    "sex_female": {
      "n": 1132,
      "macro_auc": 0.5203497318812089,
      "per_class_auc": [
        0.5340059649652673,
        0.4961470997399141,
        0.5281569924608414,
        0.4944954765667054,
        0.5489431256733163
      ]
    },
    "age_lt45": {
      "n": 345,
      "macro_auc": 0.4933595945072091,
      "per_class_auc": [
        0.5068116103202847,
        0.5,
        0.47962382445141066,
        0.5,
        0.48036253776435045
      ]
    },
    "age_45_65": {
      "n": 703,
      "macro_auc": 0.5228831999729595,
      "per_class_auc": [
        0.533650078369906,
        0.4662281355595309,
        0.5543427230046948,
        0.4900196243341744,
        0.5701754385964912
      ]
    },
    "age_gt65": {
      "n": 1150,
      "macro_auc": 0.5140338575800116,
      "per_class_auc": [
        0.525419856949302,
        0.5005700393997821,
        0.5181434599156118,
        0.5097886408820144,
        0.5162472907533481
      ]
    },
    "meta_complete": {
      "n": 660,
      "macro_auc": 0.5074212322710088,
      "per_class_auc": [
        0.41689358257285847,
        0.4917006087680112,
        0.5580147275405007,
        0.5071407170678118,
        0.5633565254058613
      ]
    },
    "meta_incomplete": {
      "n": 1538,
      "macro_auc": 0.533597278025554,
      "per_class_auc": [
        0.5392704305635784,
        0.48632237266005607,
        0.5404284827559452,
        0.4924857862962312,
        0.6094793178519593
      ]
    },
    "fairness_sex_gap": 0.007762357629989447
  },
  "training_history": [
    {
      "epoch": 1,
      "train_loss": 0.5910850280468617,
      "val_auc": 0.532479473924541,
      "val_f1": 0.34382060654333063,
      "val_auc_ecg": 0.9073586530447528,
      "val_delta_meta": -0.3754380749968155,
      "lr": 0.0009755527298894294,
      "epoch_time_s": 246.04071044921875
    },
    {
      "epoch": 2,
      "train_loss": 0.5067980567249684,
      "val_auc": 0.532479473924541,
      "val_f1": 0.34382060654333063,
      "val_auc_ecg": 0.9066231036408698,
      "val_delta_meta": -0.3730191415131272,
      "lr": 0.0009046039886902864,
      "epoch_time_s": 245.41632080078125
    },
    {
      "epoch": 3,
      "train_loss": 0.47724577281453195,
      "val_auc": 0.532479473924541,
      "val_f1": 0.34382060654333063,
      "val_auc_ecg": 0.9117395275453288,
      "val_delta_meta": -0.38043418282504426,
      "lr": 0.0007940987335200904,
      "epoch_time_s": 257.18490529060364
    },
    {
      "epoch": 4,
      "train_loss": 0.4514324583591671,
      "val_auc": 0.5324272546033921,
      "val_f1": 0.3437830090432691,
      "val_auc_ecg": 0.919876814050042,
      "val_delta_meta": -0.38816743900209005,
      "lr": 0.0006548539886902864,
      "epoch_time_s": 264.74074840545654
    },
    {
      "epoch": 5,
      "train_loss": 0.4288135974505626,
      "val_auc": 0.5324272546033921,
      "val_f1": 0.3437830090432691,
      "val_auc_ecg": 0.9247347386261552,
      "val_delta_meta": -0.39291118080439835,
      "lr": 0.0005005000000000001,
      "epoch_time_s": 264.5462601184845
    },
    {
      "epoch": 6,
      "train_loss": 0.40604444597292383,
      "val_auc": 0.5324476680681705,
      "val_f1": 0.34382060654333063,
      "val_auc_ecg": 0.9268846212473509,
      "val_delta_meta": -0.3938503353745889,
      "lr": 0.0003461460113097139,
      "epoch_time_s": 264.7043557167053
    },
    {
      "epoch": 7,
      "train_loss": 0.38324589291843797,
      "val_auc": 0.532479473924541,
      "val_f1": 0.34382060654333063,
      "val_auc_ecg": 0.9273301180392446,
      "val_delta_meta": -0.39481739855636144,
      "lr": 0.00020690126647990973,
      "epoch_time_s": 265.156375169754
    },
    {
      "epoch": 8,
      "train_loss": 0.3582496863986374,
      "val_auc": 0.532479473924541,
      "val_f1": 0.34382060654333063,
      "val_auc_ecg": 0.9287876674867247,
      "val_delta_meta": -0.39631094733980154,
      "lr": 9.639601130971382e-05,
      "epoch_time_s": 266.24778628349304
    },
    {
      "epoch": 9,
      "train_loss": 0.3410119551857677,
      "val_auc": 0.532479473924541,
      "val_f1": 0.34382060654333063,
      "val_auc_ecg": 0.9289943303901576,
      "val_delta_meta": -0.39631520112176044,
      "lr": 2.5447270110570814e-05,
      "epoch_time_s": 265.5842604637146
    },
    {
      "epoch": 10,
      "train_loss": 0.3273209992625298,
      "val_auc": 0.532479473924541,
      "val_f1": 0.34382060654333063,
      "val_auc_ecg": 0.9314822442212138,
      "val_delta_meta": -0.3986996424795447,
      "lr": 0.001,
      "epoch_time_s": 265.5485768318176
    }
  ]
}