{
  "metadata": {
    "run_name": "ATLAS_A_v5_demo+anthro_lauc0.12_seed2028",
    "variant": "demo+anthro",
    "seed": 2028,
    "meta_hid": 128,
    "lauc_weight": 0.12,
    "no_aug": false,
    "arch_mode": "standard",
    "meta_mask_mode": "real",
    "test_fold": 10,
    "val_fold": 9,
    "timestamp": "2026-05-07T10:53:09.834825",
    "git_sha": "b8fda1f7a68a5b217a3f76d88337426561bd26e4",
    "analysis_plan_sha256": "4ad22e907fbd431a0b443255a3449c0560371997d5ee36a61e164de7aea5c3dc",
    "wall_time_s": 2633.7384016513824,
    "train_time_s": 2604.108471393585,
    "gpu_peak_mem_mb": 0,
    "num_parameters": 3951951,
    "dataset_sizes": {
      "train": 17418,
      "val": 2183,
      "test": 2198
    },
    "train_fold_ids": [
      1,
      2,
      3,
      4,
      5,
      6,
      7,
      8
    ],
    "pos_weights": [
      1.2930489778518677,
      2.9776203632354736,
      3.161012887954712,
      3.4581520557403564,
      7.21991491317749
    ],
    "loss_weights": {
      "fused": 0.48,
      "ecg": 0.3,
      "meta": 0.1,
      "lauc": 0.12
    },
    "hardware": {
      "python_version": "3.11.7 | packaged by Anaconda, Inc. | (main, Dec 15 2023, 18:05:47) [MSC v.1916 64 bit (AMD64)]",
      "torch_version": "2.3.1+cpu",
      "cuda_available": false,
      "numpy_version": "1.26.4",
      "sklearn_version": "1.4.2"
    },
    "best_val_auc": 0.9334451500620977,
    "best_val_epoch": 10
  },
  "test": {
    "macro_auc": 0.9297607547387947,
    "macro_auc_ecg": 0.9283639057524095,
    "macro_auc_no_meta": 0.9283098728732858,
    "delta_meta_auc": 0.0014508818655089017,
    "macro_f1_optimal": 0.7548990017431062,
    "macro_f1_fixed_05": 0.7349121447993363,
    "w_fused": 1.0,
    "thresholds": [
      0.6650000214576721,
      0.6949999928474426,
      0.6949999928474426,
      0.6650000214576721,
      0.7250000238418579
    ]
  },
  "per_class": {
    "NORM": {
      "auc": 0.9507636813096725,
      "f1": 0.8664332166083042,
      "threshold": 0.6650000214576721
    },
    "MI": {
      "auc": 0.9321943954104149,
      "f1": 0.7332089552238806,
      "threshold": 0.6949999928474426
    },
    "STTC": {
      "auc": 0.9367655659670123,
      "f1": 0.765315739868049,
      "threshold": 0.6949999928474426
    },
    "CD": {
      "auc": 0.9173730620522346,
      "f1": 0.7537993920972644,
      "threshold": 0.6650000214576721
    },
    "HYP": {
      "auc": 0.91170706895464,
      "f1": 0.6557377049180327,
      "threshold": 0.7250000238418579
    }
  },
  "subgroups": {
    "sex_male": {
      "n": 1066,
      "macro_auc": 0.9223520931648368,
      "per_class_auc": [
        0.9465400281178057,
        0.9210020953964481,
        0.9226841527733531,
        0.9100686498855837,
        0.9114655396509941
      ]
    },
    "sex_female": {
      "n": 1132,
      "macro_auc": 0.9366741808072199,
      "per_class_auc": [
        0.9556402899426156,
        0.9416157583822254,
        0.9478448838660071,
        0.9261187032245742,
        0.9121512686206769
      ]
    },
    "age_lt45": {
      "n": 345,
      "macro_auc": 0.9284569312371209,
      "per_class_auc": [
        0.8954070284697508,
        0.987751769188895,
        0.9626235833132385,
        0.8631833282996074,
        0.933318946914113
      ]
    },
    "age_45_65": {
      "n": 703,
      "macro_auc": 0.9273613372959584,
      "per_class_auc": [
        0.930985501567398,
        0.9311767044325184,
        0.951395409494001,
        0.904667788057191,
        0.9185812829286839
      ]
    },
    "age_gt65": {
      "n": 1150,
      "macro_auc": 0.9179027900444338,
      "per_class_auc": [
        0.9512083687809182,
        0.9068823874591332,
        0.9125527426160338,
        0.9254004864702768,
        0.8934699648958065
      ]
    },
    "meta_complete": {
      "n": 660,
      "macro_auc": 0.9410192706294691,
      "per_class_auc": [
        0.9579132322637622,
        0.9425101096366371,
        0.9384624447717231,
        0.9452568803412705,
        0.9209536861339518
      ]
    },
    "meta_incomplete": {
      "n": 1538,
      "macro_auc": 0.9250515918145122,
      "per_class_auc": [
        0.9484888382363911,
        0.9284348770991182,
        0.9358027505140242,
        0.9066080534552486,
        0.9059234397677794
      ]
    },
    "fairness_sex_gap": 0.014322087642383075
  },
  "training_history": [
    {
      "epoch": 1,
      "train_loss": 0.6418093090757317,
      "val_auc": 0.9045547535769105,
      "val_f1": 0.6631843112439297,
      "val_auc_ecg": 0.9006812612865078,
      "val_delta_meta": 0.002366847897705804,
      "lr": 0.0009755527298894294,
      "epoch_time_s": 242.14213919639587
    },
    {
      "epoch": 2,
      "train_loss": 0.5562941861808847,
      "val_auc": 0.9079475731624973,
      "val_f1": 0.6904538483130116,
      "val_auc_ecg": 0.9042268373057072,
      "val_delta_meta": 0.0020896170239863565,
      "lr": 0.0009046039886902864,
      "epoch_time_s": 242.1496422290802
    },
    {
      "epoch": 3,
      "train_loss": 0.522494343661387,
      "val_auc": 0.9178508297659658,
      "val_f1": 0.7112000390531887,
      "val_auc_ecg": 0.915985122252376,
      "val_delta_meta": -3.717883509479769e-05,
      "lr": 0.0007940987335200904,
      "epoch_time_s": 258.7392165660858
    },
    {
      "epoch": 4,
      "train_loss": 0.49577353902913013,
      "val_auc": 0.9251223158254952,
      "val_f1": 0.7201721172075043,
      "val_auc_ecg": 0.9238455939546238,
      "val_delta_meta": 0.0012690071875125497,
      "lr": 0.0006548539886902864,
      "epoch_time_s": 268.14332938194275
    },
    {
      "epoch": 5,
      "train_loss": 0.47484128425974365,
      "val_auc": 0.9190014491674946,
      "val_f1": 0.7188293017660239,
      "val_auc_ecg": 0.9159710263285298,
      "val_delta_meta": 0.0013291726404104365,
      "lr": 0.0005005000000000001,
      "epoch_time_s": 265.6420578956604
    },
    {
      "epoch": 6,
      "train_loss": 0.45409719085474626,
      "val_auc": 0.9279164349460742,
      "val_f1": 0.7278628880120037,
      "val_auc_ecg": 0.9272368747077074,
      "val_delta_meta": -0.0006402177820161725,
      "lr": 0.0003461460113097139,
      "epoch_time_s": 263.9962589740753
    },
    {
      "epoch": 7,
      "train_loss": 0.43283117189319853,
      "val_auc": 0.9282736471515131,
      "val_f1": 0.733336657433621,
      "val_auc_ecg": 0.926922361630418,
      "val_delta_meta": 0.00039992950718548137,
      "lr": 0.00020690126647990973,
      "epoch_time_s": 262.72081446647644
    },
    {
      "epoch": 8,
      "train_loss": 0.412934021966173,
      "val_auc": 0.9299470175357814,
      "val_f1": 0.7376943926799548,
      "val_auc_ecg": 0.9292806630433091,
      "val_delta_meta": 0.0003408067017194316,
      "lr": 9.639601130971382e-05,
      "epoch_time_s": 263.72363543510437
    },
    {
      "epoch": 9,
      "train_loss": 0.3968267508603017,
      "val_auc": 0.927124719095205,
      "val_f1": 0.7335196822968243,
      "val_auc_ecg": 0.9264512804945888,
      "val_delta_meta": 0.0007849774210980653,
      "lr": 2.5447270110570814e-05,
      "epoch_time_s": 263.50367426872253
    },
    {
      "epoch": 10,
      "train_loss": 0.38518348090145565,
      "val_auc": 0.9334451500620977,
      "val_f1": 0.7419617099487915,
      "val_auc_ecg": 0.9327491744615293,
      "val_delta_meta": 0.0005852853121692814,
      "lr": 0.001,
      "epoch_time_s": 263.671439409256
    }
  ]
}