{
  "metadata": {
    "run_name": "ATLAS_A_v5_demo+anthro_metaH256_seed2024",
    "variant": "demo+anthro",
    "seed": 2024,
    "meta_hid": 256,
    "lauc_weight": 0.08,
    "no_aug": false,
    "arch_mode": "standard",
    "meta_mask_mode": "real",
    "test_fold": 10,
    "val_fold": 9,
    "timestamp": "2026-05-06T09:55:29.860056",
    "git_sha": "b8fda1f7a68a5b217a3f76d88337426561bd26e4",
    "analysis_plan_sha256": "4ad22e907fbd431a0b443255a3449c0560371997d5ee36a61e164de7aea5c3dc",
    "wall_time_s": 2904.3953745365143,
    "train_time_s": 2849.9819207191467,
    "gpu_peak_mem_mb": 0,
    "num_parameters": 3985359,
    "dataset_sizes": {
      "train": 17418,
      "val": 2183,
      "test": 2198
    },
    "train_fold_ids": [
      1,
      2,
      3,
      4,
      5,
      6,
      7,
      8
    ],
    "pos_weights": [
      1.2930489778518677,
      2.9776203632354736,
      3.161012887954712,
      3.4581520557403564,
      7.21991491317749
    ],
    "loss_weights": {
      "fused": 0.52,
      "ecg": 0.3,
      "meta": 0.1,
      "lauc": 0.08
    },
    "hardware": {
      "python_version": "3.11.7 | packaged by Anaconda, Inc. | (main, Dec 15 2023, 18:05:47) [MSC v.1916 64 bit (AMD64)]",
      "torch_version": "2.3.1+cpu",
      "cuda_available": false,
      "numpy_version": "1.26.4",
      "sklearn_version": "1.4.2"
    },
    "best_val_auc": 0.9317587505925407,
    "best_val_epoch": 10
  },
  "test": {
    "macro_auc": 0.930180556356065,
    "macro_auc_ecg": 0.928391339844118,
    "macro_auc_no_meta": 0.9286803137824441,
    "delta_meta_auc": 0.0015002425736209135,
    "macro_f1_optimal": 0.7461952747516797,
    "macro_f1_fixed_05": 0.7483519750984005,
    "w_fused": 1.0,
    "thresholds": [
      0.5899999737739563,
      0.6949999928474426,
      0.5,
      0.7699999809265137,
      0.6050000190734863
    ]
  },
  "per_class": {
    "NORM": {
      "auc": 0.9511050571552293,
      "f1": 0.8639846743295019,
      "threshold": 0.5899999737739563
    },
    "MI": {
      "auc": 0.9314088702559576,
      "f1": 0.7394957983193278,
      "threshold": 0.6949999928474426
    },
    "STTC": {
      "auc": 0.9387685028447427,
      "f1": 0.7731685789938217,
      "threshold": 0.5
    },
    "CD": {
      "auc": 0.9162808934460408,
      "f1": 0.7439824945295405,
      "threshold": 0.7699999809265137
    },
    "HYP": {
      "auc": 0.9133394580783547,
      "f1": 0.6103448275862069,
      "threshold": 0.6050000190734863
    }
  },
  "subgroups": {
    "sex_male": {
      "n": 1066,
      "macro_auc": 0.9215567160861374,
      "per_class_auc": [
        0.9461894590755819,
        0.9214056172182274,
        0.9249053130862623,
        0.9067609735801955,
        0.9085222174704201
      ]
    },
    "sex_female": {
      "n": 1132,
      "macro_auc": 0.9384056118051272,
      "per_class_auc": [
        0.9571000704721635,
        0.9398576584205327,
        0.9499678413053044,
        0.9270520411884214,
        0.918050447639214
      ]
    },
    "age_lt45": {
      "n": 345,
      "macro_auc": 0.9239308834334727,
      "per_class_auc": [
        0.8921263345195729,
        0.9776810016330973,
        0.9549071618037135,
        0.8560102688009665,
        0.938929650410013
      ]
    },
    "age_45_65": {
      "n": 703,
      "macro_auc": 0.9272382795828275,
      "per_class_auc": [
        0.930716105015674,
        0.9287293778572848,
        0.9549687010954616,
        0.9023268853378188,
        0.9194503286078974
      ]
    },
    "age_gt65": {
      "n": 1150,
      "macro_auc": 0.9197251076657869,
      "per_class_auc": [
        0.9537999810946214,
        0.907998994048118,
        0.91570323488045,
        0.9237826210900044,
        0.8973407072157407
      ]
    },
    "meta_complete": {
      "n": 660,
      "macro_auc": 0.9420025996813537,
      "per_class_auc": [
        0.9589619517221077,
        0.942510109636637,
        0.9393107511045656,
        0.9436732248077498,
        0.9255569611357087
      ]
    },
    "meta_incomplete": {
      "n": 1538,
      "macro_auc": 0.9255259144709376,
      "per_class_auc": [
        0.9488479158752214,
        0.9273142132918808,
        0.9385038018388486,
        0.9065775745853116,
        0.9063860667634251
      ]
    },
    "fairness_sex_gap": 0.01684889571898973
  },
  "training_history": [
    {
      "epoch": 1,
      "train_loss": 0.6511711088342405,
      "val_auc": 0.8974500096035409,
      "val_f1": 0.6851188171916348,
      "val_auc_ecg": 0.8964621264250685,
      "val_delta_meta": -0.0005865862143239475,
      "lr": 0.0009755527298894294,
      "epoch_time_s": 242.92452549934387
    },
    {
      "epoch": 2,
      "train_loss": 0.5586315823257516,
      "val_auc": 0.909920608917415,
      "val_f1": 0.698630362584456,
      "val_auc_ecg": 0.9075879025277189,
      "val_delta_meta": 0.0009789644471827064,
      "lr": 0.0009046039886902864,
      "epoch_time_s": 242.3341100215912
    },
    {
      "epoch": 3,
      "train_loss": 0.5232941789911427,
      "val_auc": 0.914188020801552,
      "val_f1": 0.7017471418876353,
      "val_auc_ecg": 0.9112039288261217,
      "val_delta_meta": 0.0005564553253614157,
      "lr": 0.0007940987335200904,
      "epoch_time_s": 258.3320372104645
    },
    {
      "epoch": 4,
      "train_loss": 0.49874637843272007,
      "val_auc": 0.9219796513345682,
      "val_f1": 0.7201492777398858,
      "val_auc_ecg": 0.921598137752286,
      "val_delta_meta": 0.0008813579347473066,
      "lr": 0.0006548539886902864,
      "epoch_time_s": 268.73927569389343
    },
    {
      "epoch": 5,
      "train_loss": 0.47625843658359773,
      "val_auc": 0.9259658689840938,
      "val_f1": 0.7316102559788389,
      "val_auc_ecg": 0.9249516766918318,
      "val_delta_meta": 0.0008003270117348249,
      "lr": 0.0005005000000000001,
      "epoch_time_s": 264.34436893463135
    },
    {
      "epoch": 6,
      "train_loss": 0.45391240311325143,
      "val_auc": 0.9277327021009238,
      "val_f1": 0.7334348869262965,
      "val_auc_ecg": 0.9270691283552367,
      "val_delta_meta": 0.0005876521075723895,
      "lr": 0.0003461460113097139,
      "epoch_time_s": 348.6255385875702
    },
    {
      "epoch": 7,
      "train_loss": 0.4364163551035277,
      "val_auc": 0.9280924953106556,
      "val_f1": 0.7313450034098408,
      "val_auc_ecg": 0.927287223046366,
      "val_delta_meta": 0.0003491294737705264,
      "lr": 0.00020690126647990973,
      "epoch_time_s": 419.83643436431885
    },
    {
      "epoch": 8,
      "train_loss": 0.411351806526884,
      "val_auc": 0.9311392548920179,
      "val_f1": 0.7335431395288929,
      "val_auc_ecg": 0.9303024496687762,
      "val_delta_meta": 0.0004752792004382167,
      "lr": 9.639601130971382e-05,
      "epoch_time_s": 264.9563035964966
    },
    {
      "epoch": 9,
      "train_loss": 0.3929271740650912,
      "val_auc": 0.9309942802194151,
      "val_f1": 0.7362288514975044,
      "val_auc_ecg": 0.930384372984865,
      "val_delta_meta": 0.00034177573333049605,
      "lr": 2.5447270110570814e-05,
      "epoch_time_s": 264.55767130851746
    },
    {
      "epoch": 10,
      "train_loss": 0.38147611240728185,
      "val_auc": 0.9317587505925407,
      "val_f1": 0.7389952513620608,
      "val_auc_ecg": 0.9311535484554339,
      "val_delta_meta": 0.0002750317235822308,
      "lr": 0.001,
      "epoch_time_s": 265.19466853141785
    }
  ]
}