{
  "metadata": {
    "run_name": "ATLAS_A_v5_demo+anthro_metaH64_seed2030",
    "variant": "demo+anthro",
    "seed": 2030,
    "meta_hid": 64,
    "lauc_weight": 0.08,
    "no_aug": false,
    "arch_mode": "standard",
    "meta_mask_mode": "real",
    "test_fold": 10,
    "val_fold": 9,
    "timestamp": "2026-05-06T06:54:35.320454",
    "git_sha": "b8fda1f7a68a5b217a3f76d88337426561bd26e4",
    "analysis_plan_sha256": "4ad22e907fbd431a0b443255a3449c0560371997d5ee36a61e164de7aea5c3dc",
    "wall_time_s": 2629.1063330173492,
    "train_time_s": 2599.5922362804413,
    "gpu_peak_mem_mb": 0,
    "num_parameters": 3935247,
    "dataset_sizes": {
      "train": 17418,
      "val": 2183,
      "test": 2198
    },
    "train_fold_ids": [
      1,
      2,
      3,
      4,
      5,
      6,
      7,
      8
    ],
    "pos_weights": [
      1.2930489778518677,
      2.9776203632354736,
      3.161012887954712,
      3.4581520557403564,
      7.21991491317749
    ],
    "loss_weights": {
      "fused": 0.52,
      "ecg": 0.3,
      "meta": 0.1,
      "lauc": 0.08
    },
    "hardware": {
      "python_version": "3.11.7 | packaged by Anaconda, Inc. | (main, Dec 15 2023, 18:05:47) [MSC v.1916 64 bit (AMD64)]",
      "torch_version": "2.3.1+cpu",
      "cuda_available": false,
      "numpy_version": "1.26.4",
      "sklearn_version": "1.4.2"
    },
    "best_val_auc": 0.932989690984867,
    "best_val_epoch": 8
  },
  "test": {
    "macro_auc": 0.9266495278765923,
    "macro_auc_ecg": 0.925019718913752,
    "macro_auc_no_meta": 0.9250687550468166,
    "delta_meta_auc": 0.0015807728297756451,
    "macro_f1_optimal": 0.7454287716620754,
    "macro_f1_fixed_05": 0.7327671909944351,
    "w_fused": 1.0,
    "thresholds": [
      0.7549999952316284,
      0.6349999904632568,
      0.6650000214576721,
      0.6349999904632568,
      0.7250000238418579
    ]
  },
  "per_class": {
    "NORM": {
      "auc": 0.9479603634055183,
      "f1": 0.8618290258449304,
      "threshold": 0.7549999952316284
    },
    "MI": {
      "auc": 0.925,
      "f1": 0.7261261261261261,
      "threshold": 0.6349999904632568
    },
    "STTC": {
      "auc": 0.9349526219588264,
      "f1": 0.776255707762557,
      "threshold": 0.6650000214576721
    },
    "CD": {
      "auc": 0.9165000379060687,
      "f1": 0.7513007284079084,
      "threshold": 0.6349999904632568
    },
    "HYP": {
      "auc": 0.9088346161125481,
      "f1": 0.6116322701688556,
      "threshold": 0.7250000238418579
    }
  },
  "subgroups": {
    "sex_male": {
      "n": 1066,
      "macro_auc": 0.9191233886060683,
      "per_class_auc": [
        0.9441474847574748,
        0.9137387026044174,
        0.9218921454107819,
        0.9086748491782816,
        0.9071637610793859
      ]
    },
    "sex_female": {
      "n": 1132,
      "macro_auc": 0.9341300553437606,
      "per_class_auc": [
        0.9523966827745898,
        0.9347123933950282,
        0.9456687315933787,
        0.9268653735956519,
        0.9110070953601546
      ]
    },
    "age_lt45": {
      "n": 345,
      "macro_auc": 0.9244848583868759,
      "per_class_auc": [
        0.8913478647686832,
        0.9842133913990202,
        0.9565951290089222,
        0.8560857746904258,
        0.9341821320673285
      ]
    },
    "age_45_65": {
      "n": 703,
      "macro_auc": 0.9234808122713307,
      "per_class_auc": [
        0.9275568181818182,
        0.9225800039753529,
        0.9498695878977569,
        0.8977572189515,
        0.9196404323502254
      ]
    },
    "age_gt65": {
      "n": 1150,
      "macro_auc": 0.9147849568099069,
      "per_class_auc": [
        0.9485931247439896,
        0.8973157850616145,
        0.9121343178621658,
        0.926970223132143,
        0.8889113332496219
      ]
    },
    "meta_complete": {
      "n": 660,
      "macro_auc": 0.9368595438231531,
      "per_class_auc": [
        0.958088018840153,
        0.9369187871355786,
        0.9330191458026509,
        0.9411336690873293,
        0.9151380982500528
      ]
    },
    "meta_incomplete": {
      "n": 1538,
      "macro_auc": 0.9221391006780497,
      "per_class_auc": [
        0.9449483674110156,
        0.9199054984827446,
        0.9354123831322496,
        0.906746380634195,
        0.9036828737300435
      ]
    },
    "fairness_sex_gap": 0.015006666737692242
  },
  "training_history": [
    {
      "epoch": 1,
      "train_loss": 0.6461067231970096,
      "val_auc": 0.9002785932946387,
      "val_f1": 0.6818050839119897,
      "val_auc_ecg": 0.8962415396988559,
      "val_delta_meta": 0.0007655876487260294,
      "lr": 0.0009755527298894294,
      "epoch_time_s": 242.44621419906616
    },
    {
      "epoch": 2,
      "train_loss": 0.557741083683224,
      "val_auc": 0.9146895066431895,
      "val_f1": 0.7084776363580272,
      "val_auc_ecg": 0.9133050494553814,
      "val_delta_meta": 0.0007475080788384991,
      "lr": 0.0009046039886902864,
      "epoch_time_s": 241.65241074562073
    },
    {
      "epoch": 3,
      "train_loss": 0.5248551705014814,
      "val_auc": 0.9153536741754446,
      "val_f1": 0.7059410068037246,
      "val_auc_ecg": 0.9129889450967361,
      "val_delta_meta": 0.0012488631892717539,
      "lr": 0.0007940987335200904,
      "epoch_time_s": 257.3519196510315
    },
    {
      "epoch": 4,
      "train_loss": 0.5027257766198674,
      "val_auc": 0.9227965989351665,
      "val_f1": 0.7336367571181697,
      "val_auc_ecg": 0.9218178619554804,
      "val_delta_meta": 0.0007270890608878089,
      "lr": 0.0006548539886902864,
      "epoch_time_s": 263.74421668052673
    },
    {
      "epoch": 5,
      "train_loss": 0.47866140311464256,
      "val_auc": 0.9251037663465974,
      "val_f1": 0.7259351664172794,
      "val_auc_ecg": 0.9252219827609338,
      "val_delta_meta": -0.000690422095170562,
      "lr": 0.0005005000000000001,
      "epoch_time_s": 263.48010659217834
    },
    {
      "epoch": 6,
      "train_loss": 0.4598996439658174,
      "val_auc": 0.928986508933615,
      "val_f1": 0.7344825933194452,
      "val_auc_ecg": 0.9286473823602058,
      "val_delta_meta": 0.0005720729811896641,
      "lr": 0.0003461460113097139,
      "epoch_time_s": 263.4625577926636
    },
    {
      "epoch": 7,
      "train_loss": 0.43872583163987605,
      "val_auc": 0.9309857438916357,
      "val_f1": 0.7294579040643334,
      "val_auc_ecg": 0.9305216524122063,
      "val_delta_meta": 2.5481499485779935e-05,
      "lr": 0.00020690126647990973,
      "epoch_time_s": 264.49709701538086
    },
    {
      "epoch": 8,
      "train_loss": 0.4170390724862387,
      "val_auc": 0.932989690984867,
      "val_f1": 0.7433155169139116,
      "val_auc_ecg": 0.9327132787072078,
      "val_delta_meta": 0.00025085841573013745,
      "lr": 9.639601130971382e-05,
      "epoch_time_s": 264.4965269565582
    },
    {
      "epoch": 9,
      "train_loss": 0.39897210289032087,
      "val_auc": 0.9309673814813422,
      "val_f1": 0.7350808953916285,
      "val_auc_ecg": 0.9301363764691406,
      "val_delta_meta": 0.0006499491948733782,
      "lr": 2.5447270110570814e-05,
      "epoch_time_s": 264.30261850357056
    },
    {
      "epoch": 10,
      "train_loss": 0.3875636931406249,
      "val_auc": 0.9322854438533739,
      "val_f1": 0.743830252637813,
      "val_auc_ecg": 0.9318202975529021,
      "val_delta_meta": 0.0002444700991048876,
      "lr": 0.001,
      "epoch_time_s": 264.8822181224823
    }
  ]
}