{
  "metadata": {
    "run_name": "ATLAS_A_v5_demo+anthro_additive_seed2033",
    "variant": "demo+anthro",
    "seed": 2033,
    "meta_hid": 128,
    "lauc_weight": 0.08,
    "no_aug": false,
    "arch_mode": "additive",
    "meta_mask_mode": "real",
    "test_fold": 10,
    "val_fold": 9,
    "timestamp": "2026-05-09T08:49:43.697060",
    "git_sha": "b8fda1f7a68a5b217a3f76d88337426561bd26e4",
    "analysis_plan_sha256": "4ad22e907fbd431a0b443255a3449c0560371997d5ee36a61e164de7aea5c3dc",
    "wall_time_s": 2385.6952974796295,
    "train_time_s": 2356.70897769928,
    "gpu_peak_mem_mb": 0,
    "num_parameters": 3951951,
    "dataset_sizes": {
      "train": 17418,
      "val": 2183,
      "test": 2198
    },
    "train_fold_ids": [
      1,
      2,
      3,
      4,
      5,
      6,
      7,
      8
    ],
    "pos_weights": [
      1.2930489778518677,
      2.9776203632354736,
      3.161012887954712,
      3.4581520557403564,
      7.21991491317749
    ],
    "loss_weights": {
      "fused": 0.52,
      "ecg": 0.3,
      "meta": 0.1,
      "lauc": 0.08
    },
    "hardware": {
      "python_version": "3.11.7 | packaged by Anaconda, Inc. | (main, Dec 15 2023, 18:05:47) [MSC v.1916 64 bit (AMD64)]",
      "torch_version": "2.3.1+cpu",
      "cuda_available": false,
      "numpy_version": "1.26.4",
      "sklearn_version": "1.4.2"
    },
    "best_val_auc": 0.9332022285721135,
    "best_val_epoch": 9
  },
  "test": {
    "macro_auc": 0.9275689426130889,
    "macro_auc_ecg": 0.9259016757972492,
    "macro_auc_no_meta": 0.9263245320371531,
    "delta_meta_auc": 0.0012444105759357171,
    "macro_f1_optimal": 0.7401682716553275,
    "macro_f1_fixed_05": 0.734020317671656,
    "w_fused": 1.0,
    "thresholds": [
      0.8149999976158142,
      0.5899999737739563,
      0.574999988079071,
      0.7549999952316284,
      0.7850000262260437
    ]
  },
  "per_class": {
    "NORM": {
      "auc": 0.9497773909972631,
      "f1": 0.8629441624365483,
      "threshold": 0.8149999976158142
    },
    "MI": {
      "auc": 0.9281332744924977,
      "f1": 0.7200754005655042,
      "threshold": 0.5899999737739563
    },
    "STTC": {
      "auc": 0.9378711871235194,
      "f1": 0.7721518987341772,
      "threshold": 0.574999988079071
    },
    "CD": {
      "auc": 0.91655808157386,
      "f1": 0.7464635473340587,
      "threshold": 0.7549999952316284
    },
    "HYP": {
      "auc": 0.9055047788783043,
      "f1": 0.5992063492063492,
      "threshold": 0.7850000262260437
    }
  },
  "subgroups": {
    "sex_male": {
      "n": 1066,
      "macro_auc": 0.9203853999870926,
      "per_class_auc": [
        0.9446715312638918,
        0.9157125563350494,
        0.9246442603801635,
        0.9105315165383815,
        0.9063671354179769
      ]
    },
    "sex_female": {
      "n": 1132,
      "macro_auc": 0.9345418011445951,
      "per_class_auc": [
        0.9552155693144064,
        0.9388616705981976,
        0.9486476422599098,
        0.9243041205785827,
        0.9056800029718786
      ]
    },
    "age_lt45": {
      "n": 345,
      "macro_auc": 0.9286070467066656,
      "per_class_auc": [
        0.8982428825622775,
        0.9899292324442025,
        0.9591270798167351,
        0.863711869525823,
        0.9320241691842901
      ]
    },
    "age_45_65": {
      "n": 703,
      "macro_auc": 0.9240265525084551,
      "per_class_auc": [
        0.9295568834900731,
        0.9304189028026237,
        0.951056338028169,
        0.900350434538828,
        0.9087502036825811
      ]
    },
    "age_gt65": {
      "n": 1150,
      "macro_auc": 0.9160469429532272,
      "per_class_auc": [
        0.9506215143208243,
        0.8990057842233214,
        0.9167721518987343,
        0.9257373874991208,
        0.8880978768241351
      ]
    },
    "meta_complete": {
      "n": 660,
      "macro_auc": 0.9378555455810833,
      "per_class_auc": [
        0.959394318516338,
        0.9340720302486167,
        0.9392754050073637,
        0.9456848953503303,
        0.9108510787827676
      ]
    },
    "meta_incomplete": {
      "n": 1538,
      "macro_auc": 0.9232076289273078,
      "per_class_auc": [
        0.9467316128830813,
        0.925625774842267,
        0.9369253598168908,
        0.9063290545688998,
        0.9004263425253991
      ]
    },
    "fairness_sex_gap": 0.014156401157502496
  },
  "training_history": [
    {
      "epoch": 1,
      "train_loss": 0.6593686988594335,
      "val_auc": 0.9020570002707569,
      "val_f1": 0.6712476813509142,
      "val_auc_ecg": 0.9027466300560194,
      "val_delta_meta": -5.476349791666557e-05,
      "lr": 0.0009755527298894294,
      "epoch_time_s": 234.51129937171936
    },
    {
      "epoch": 2,
      "train_loss": 0.5682511034361813,
      "val_auc": 0.9062831154717774,
      "val_f1": 0.6927509629275009,
      "val_auc_ecg": 0.9058130734183351,
      "val_delta_meta": 0.00045324373111166327,
      "lr": 0.0009046039886902864,
      "epoch_time_s": 234.851145029068
    },
    {
      "epoch": 3,
      "train_loss": 0.532756215115206,
      "val_auc": 0.907836621003835,
      "val_f1": 0.7032712187943084,
      "val_auc_ecg": 0.9080537160636947,
      "val_delta_meta": 0.0005766881674424962,
      "lr": 0.0007940987335200904,
      "epoch_time_s": 234.3945918083191
    },
    {
      "epoch": 4,
      "train_loss": 0.5096547704224192,
      "val_auc": 0.9210624470848199,
      "val_f1": 0.7033727608617563,
      "val_auc_ecg": 0.919567515383387,
      "val_delta_meta": 0.0012501915650192652,
      "lr": 0.0006548539886902864,
      "epoch_time_s": 234.79838395118713
    },
    {
      "epoch": 5,
      "train_loss": 0.48143555855532305,
      "val_auc": 0.9271949303165835,
      "val_f1": 0.7268295080036599,
      "val_auc_ecg": 0.9256785055222998,
      "val_delta_meta": 0.0005433916807121575,
      "lr": 0.0005005000000000001,
      "epoch_time_s": 234.2460753917694
    },
    {
      "epoch": 6,
      "train_loss": 0.4582667387953592,
      "val_auc": 0.9297509950065648,
      "val_f1": 0.7278413742226665,
      "val_auc_ecg": 0.9289718950006949,
      "val_delta_meta": 0.0008709199889844754,
      "lr": 0.0003461460113097139,
      "epoch_time_s": 234.71512651443481
    },
    {
      "epoch": 7,
      "train_loss": 0.43709819478179335,
      "val_auc": 0.9299340866672088,
      "val_f1": 0.7270201408014847,
      "val_auc_ecg": 0.9291959536154227,
      "val_delta_meta": 0.0002177138001178136,
      "lr": 0.00020690126647990973,
      "epoch_time_s": 234.8665406703949
    },
    {
      "epoch": 8,
      "train_loss": 0.41344025170584336,
      "val_auc": 0.9320269186529577,
      "val_f1": 0.7373011083249954,
      "val_auc_ecg": 0.9308703273371834,
      "val_delta_meta": 0.0008049178396657419,
      "lr": 9.639601130971382e-05,
      "epoch_time_s": 235.2621841430664
    },
    {
      "epoch": 9,
      "train_loss": 0.392413146096632,
      "val_auc": 0.9332022285721135,
      "val_f1": 0.7410394943278005,
      "val_auc_ecg": 0.9321259581286367,
      "val_delta_meta": 0.0004723320909941764,
      "lr": 2.5447270110570814e-05,
      "epoch_time_s": 234.34091472625732
    },
    {
      "epoch": 10,
      "train_loss": 0.37832579350252765,
      "val_auc": 0.9319826039357283,
      "val_f1": 0.741967152123138,
      "val_auc_ecg": 0.9306395686167427,
      "val_delta_meta": 0.0008563814025288607,
      "lr": 0.001,
      "epoch_time_s": 234.36425399780273
    }
  ]
}