{
  "metadata": {
    "run_name": "ATLAS_A_v5_demo+anthro_lauc0.04_seed2024",
    "variant": "demo+anthro",
    "seed": 2024,
    "meta_hid": 128,
    "lauc_weight": 0.04,
    "no_aug": false,
    "arch_mode": "standard",
    "meta_mask_mode": "real",
    "test_fold": 10,
    "val_fold": 9,
    "timestamp": "2026-05-07T00:36:45.750581",
    "git_sha": "b8fda1f7a68a5b217a3f76d88337426561bd26e4",
    "analysis_plan_sha256": "4ad22e907fbd431a0b443255a3449c0560371997d5ee36a61e164de7aea5c3dc",
    "wall_time_s": 2650.111806154251,
    "train_time_s": 2620.4118485450745,
    "gpu_peak_mem_mb": 0,
    "num_parameters": 3951951,
    "dataset_sizes": {
      "train": 17418,
      "val": 2183,
      "test": 2198
    },
    "train_fold_ids": [
      1,
      2,
      3,
      4,
      5,
      6,
      7,
      8
    ],
    "pos_weights": [
      1.2930489778518677,
      2.9776203632354736,
      3.161012887954712,
      3.4581520557403564,
      7.21991491317749
    ],
    "loss_weights": {
      "fused": 0.56,
      "ecg": 0.30000000000000004,
      "meta": 0.10000000000000002,
      "lauc": 0.04000000000000001
    },
    "hardware": {
      "python_version": "3.11.7 | packaged by Anaconda, Inc. | (main, Dec 15 2023, 18:05:47) [MSC v.1916 64 bit (AMD64)]",
      "torch_version": "2.3.1+cpu",
      "cuda_available": false,
      "numpy_version": "1.26.4",
      "sklearn_version": "1.4.2"
    },
    "best_val_auc": 0.9344621890030715,
    "best_val_epoch": 10
  },
  "test": {
    "macro_auc": 0.9296954535650851,
    "macro_auc_ecg": 0.9278949073737113,
    "macro_auc_no_meta": 0.9281135539565053,
    "delta_meta_auc": 0.0015818996085797954,
    "macro_f1_optimal": 0.7516721320433583,
    "macro_f1_fixed_05": 0.7419906303186765,
    "w_fused": 1.0,
    "thresholds": [
      0.5,
      0.6050000190734863,
      0.6800000071525574,
      0.7549999952316284,
      0.7850000262260437
    ]
  },
  "per_class": {
    "NORM": {
      "auc": 0.950670349489828,
      "f1": 0.8606988989947343,
      "threshold": 0.5
    },
    "MI": {
      "auc": 0.9318821712268314,
      "f1": 0.7486725663716814,
      "threshold": 0.6050000190734863
    },
    "STTC": {
      "auc": 0.9378940778306935,
      "f1": 0.7760074976569822,
      "threshold": 0.6800000071525574
    },
    "CD": {
      "auc": 0.9172048538721049,
      "f1": 0.751863684771033,
      "threshold": 0.7549999952316284
    },
    "HYP": {
      "auc": 0.9108258154059681,
      "f1": 0.6211180124223602,
      "threshold": 0.7850000262260437
    }
  },
  "subgroups": {
    "sex_male": {
      "n": 1066,
      "macro_auc": 0.9204752895752282,
      "per_class_auc": [
        0.9455714456093939,
        0.9205256479442265,
        0.9227416728611377,
        0.9073382567089662,
        0.9061994247524171
      ]
    },
    "sex_female": {
      "n": 1132,
      "macro_auc": 0.9385890356649542,
      "per_class_auc": [
        0.9565966978757677,
        0.9415310792556303,
        0.9500790668659055,
        0.9288796471548386,
        0.915858687172629
      ]
    },
    "age_lt45": {
      "n": 345,
      "macro_auc": 0.9167748530135104,
      "per_class_auc": [
        0.886232206405694,
        0.9787697332607512,
        0.9639498432601881,
        0.8494412564180006,
        0.9054812257229176
      ]
    },
    "age_45_65": {
      "n": 703,
      "macro_auc": 0.9264717117377363,
      "per_class_auc": [
        0.9326998432601882,
        0.9259963227986484,
        0.9533255086071987,
        0.8996916176058313,
        0.920645266416816
      ]
    },
    "age_gt65": {
      "n": 1150,
      "macro_auc": 0.9198440453882407,
      "per_class_auc": [
        0.9518621797901503,
        0.9095213345628301,
        0.9135654008438818,
        0.9288250298953387,
        0.8954462818490028
      ]
    },
    "meta_complete": {
      "n": 660,
      "macro_auc": 0.9412472308241153,
      "per_class_auc": [
        0.9600290697674418,
        0.9438677936904188,
        0.9371546391752578,
        0.945741964018205,
        0.919442687469253
      ]
    },
    "meta_incomplete": {
      "n": 1538,
      "macro_auc": 0.9249575768728132,
      "per_class_auc": [
        0.9473005861465419,
        0.9272015089621207,
        0.9383704465220933,
        0.9060055096418733,
        0.9059098330914368
      ]
    },
    "fairness_sex_gap": 0.018113746089726046
  },
  "training_history": [
    {
      "epoch": 1,
      "train_loss": 0.646994692251223,
      "val_auc": 0.9000419749637661,
      "val_f1": 0.6608360717026452,
      "val_auc_ecg": 0.8973854981528534,
      "val_delta_meta": 0.0020837736832192144,
      "lr": 0.0009755527298894294,
      "epoch_time_s": 243.40162110328674
    },
    {
      "epoch": 2,
      "train_loss": 0.5624122009911668,
      "val_auc": 0.9095920353820721,
      "val_f1": 0.6579227589121035,
      "val_auc_ecg": 0.9076210182774028,
      "val_delta_meta": -0.0002537756953011616,
      "lr": 0.0009046039886902864,
      "epoch_time_s": 243.15066027641296
    },
    {
      "epoch": 3,
      "train_loss": 0.5255869303821423,
      "val_auc": 0.9063572607007584,
      "val_f1": 0.6999149290230828,
      "val_auc_ecg": 0.9030124396501693,
      "val_delta_meta": 0.0007511047257708903,
      "lr": 0.0007940987335200904,
      "epoch_time_s": 259.29401302337646
    },
    {
      "epoch": 4,
      "train_loss": 0.5007624539760275,
      "val_auc": 0.9227921067870616,
      "val_f1": 0.7179158891443931,
      "val_auc_ecg": 0.9215096231298567,
      "val_delta_meta": 0.0013719637127420636,
      "lr": 0.0006548539886902864,
      "epoch_time_s": 265.50808787345886
    },
    {
      "epoch": 5,
      "train_loss": 0.4818425576621239,
      "val_auc": 0.928039833787919,
      "val_f1": 0.7371435779797488,
      "val_auc_ecg": 0.9267725504001094,
      "val_delta_meta": 0.0005179768237302262,
      "lr": 0.0005005000000000001,
      "epoch_time_s": 265.3367531299591
    },
    {
      "epoch": 6,
      "train_loss": 0.4560149635743657,
      "val_auc": 0.9275732272704905,
      "val_f1": 0.7204799177656422,
      "val_auc_ecg": 0.9265122427853092,
      "val_delta_meta": 0.0014098062502415631,
      "lr": 0.0003461460113097139,
      "epoch_time_s": 266.77269411087036
    },
    {
      "epoch": 7,
      "train_loss": 0.43642862080980876,
      "val_auc": 0.9314327248485087,
      "val_f1": 0.7367641198533599,
      "val_auc_ecg": 0.930574743915134,
      "val_delta_meta": 0.000555618450872486,
      "lr": 0.00020690126647990973,
      "epoch_time_s": 266.34054613113403
    },
    {
      "epoch": 8,
      "train_loss": 0.41557773034506984,
      "val_auc": 0.9284355411102115,
      "val_f1": 0.7375374726228189,
      "val_auc_ecg": 0.9270268871872893,
      "val_delta_meta": 0.0007243393051762359,
      "lr": 9.639601130971382e-05,
      "epoch_time_s": 269.20971632003784
    },
    {
      "epoch": 9,
      "train_loss": 0.3940903390492868,
      "val_auc": 0.933537693812055,
      "val_f1": 0.7373019895178246,
      "val_auc_ecg": 0.932545262401911,
      "val_delta_meta": 0.0006672615157847783,
      "lr": 2.5447270110570814e-05,
      "epoch_time_s": 266.4284551143646
    },
    {
      "epoch": 10,
      "train_loss": 0.38394017840197325,
      "val_auc": 0.9344621890030715,
      "val_f1": 0.7419939520491534,
      "val_auc_ecg": 0.9333115677203733,
      "val_delta_meta": 0.0008192384418508336,
      "lr": 0.001,
      "epoch_time_s": 266.2806932926178
    }
  ]
}