{
  "metadata": {
    "run_name": "ATLAS_A_v5_demo+anthro_no_dropout_seed2032",
    "variant": "demo+anthro",
    "seed": 2032,
    "meta_hid": 128,
    "lauc_weight": 0.08,
    "no_aug": false,
    "arch_mode": "no_dropout",
    "meta_mask_mode": "real",
    "test_fold": 10,
    "val_fold": 9,
    "timestamp": "2026-05-10T13:43:07.624709",
    "git_sha": "b8fda1f7a68a5b217a3f76d88337426561bd26e4",
    "analysis_plan_sha256": "4ad22e907fbd431a0b443255a3449c0560371997d5ee36a61e164de7aea5c3dc",
    "wall_time_s": 2651.5355603694916,
    "train_time_s": 2621.9013257026672,
    "gpu_peak_mem_mb": 0,
    "num_parameters": 3951951,
    "dataset_sizes": {
      "train": 17418,
      "val": 2183,
      "test": 2198
    },
    "train_fold_ids": [
      1,
      2,
      3,
      4,
      5,
      6,
      7,
      8
    ],
    "pos_weights": [
      1.2930489778518677,
      2.9776203632354736,
      3.161012887954712,
      3.4581520557403564,
      7.21991491317749
    ],
    "loss_weights": {
      "fused": 0.52,
      "ecg": 0.3,
      "meta": 0.1,
      "lauc": 0.08
    },
    "hardware": {
      "python_version": "3.11.7 | packaged by Anaconda, Inc. | (main, Dec 15 2023, 18:05:47) [MSC v.1916 64 bit (AMD64)]",
      "torch_version": "2.3.1+cpu",
      "cuda_available": false,
      "numpy_version": "1.26.4",
      "sklearn_version": "1.4.2"
    },
    "best_val_auc": 0.9331450130986513,
    "best_val_epoch": 9
  },
  "test": {
    "macro_auc": 0.9288327906942786,
    "macro_auc_ecg": 0.9272773379643174,
    "macro_auc_no_meta": 0.9271179769152875,
    "delta_meta_auc": 0.0017148137789910756,
    "macro_f1_optimal": 0.7436392587066957,
    "macro_f1_fixed_05": 0.7333497570769497,
    "w_fused": 1.0,
    "thresholds": [
      0.4399999976158142,
      0.7699999809265137,
      0.6349999904632568,
      0.7250000238418579,
      0.800000011920929
    ]
  },
  "per_class": {
    "NORM": {
      "auc": 0.949993483589155,
      "f1": 0.8602455146364495,
      "threshold": 0.4399999976158142
    },
    "MI": {
      "auc": 0.9301919682259487,
      "f1": 0.7245564892623716,
      "threshold": 0.7699999809265137
    },
    "STTC": {
      "auc": 0.9370860358674491,
      "f1": 0.7756584922797457,
      "threshold": 0.6349999904632568
    },
    "CD": {
      "auc": 0.9164609472726584,
      "f1": 0.7553735926305015,
      "threshold": 0.7250000238418579
    },
    "HYP": {
      "auc": 0.9104315185161819,
      "f1": 0.6023622047244095,
      "threshold": 0.800000011920929
    }
  },
  "subgroups": {
    "sex_male": {
      "n": 1066,
      "macro_auc": 0.9190524558584562,
      "per_class_auc": [
        0.9437752310322269,
        0.9151097044567285,
        0.9200957488230505,
        0.9068285833159976,
        0.9094530116642768
      ]
    },
    "sex_female": {
      "n": 1132,
      "macro_auc": 0.9384852632252955,
      "per_class_auc": [
        0.9572542283298098,
        0.9431803060545576,
        0.9517329425931029,
        0.92736460087864,
        0.9128942382703666
      ]
    },
    "age_lt45": {
      "n": 345,
      "macro_auc": 0.9185544759088093,
      "per_class_auc": [
        0.8873443060498221,
        0.9874795862819815,
        0.9551482999758861,
        0.8456659619450317,
        0.917134225291325
      ]
    },
    "age_45_65": {
      "n": 703,
      "macro_auc": 0.9249877805610204,
      "per_class_auc": [
        0.9290425809822361,
        0.9256236334724707,
        0.9526604068857589,
        0.897673114662181,
        0.919939166802455
      ]
    },
    "age_gt65": {
      "n": 1150,
      "macro_auc": 0.9191889594688096,
      "per_class_auc": [
        0.9530358887103383,
        0.905966971246542,
        0.9145112517580872,
        0.9297468799632742,
        0.8926838056658059
      ]
    },
    "meta_complete": {
      "n": 660,
      "macro_auc": 0.9396724147883535,
      "per_class_auc": [
        0.9613629673241095,
        0.9421305420517088,
        0.9358939617083947,
        0.9423606454466336,
        0.9166139574109213
      ]
    },
    "meta_incomplete": {
      "n": 1538,
      "macro_auc": 0.924269889075631,
      "per_class_auc": [
        0.94574284837036,
        0.9251962224911059,
        0.9376115335376499,
        0.9062540296582849,
        0.9065448113207547
      ]
    },
    "fairness_sex_gap": 0.019432807366839278
  },
  "training_history": [
    {
      "epoch": 1,
      "train_loss": 0.6385307700808989,
      "val_auc": 0.9068038007393167,
      "val_f1": 0.6919549098159334,
      "val_auc_ecg": 0.9048893318960008,
      "val_delta_meta": -0.00022888319660430145,
      "lr": 0.0009755527298894294,
      "epoch_time_s": 241.53661012649536
    },
    {
      "epoch": 2,
      "train_loss": 0.5524033322246796,
      "val_auc": 0.9107672661583989,
      "val_f1": 0.7096125247016285,
      "val_auc_ecg": 0.9084844588989842,
      "val_delta_meta": -0.0003271294699956906,
      "lr": 0.0009046039886902864,
      "epoch_time_s": 243.022127866745
    },
    {
      "epoch": 3,
      "train_loss": 0.5188109012371903,
      "val_auc": 0.9211886486333578,
      "val_f1": 0.7178117508006985,
      "val_auc_ecg": 0.9193651593729136,
      "val_delta_meta": 0.0013885544518876802,
      "lr": 0.0007940987335200904,
      "epoch_time_s": 258.44991302490234
    },
    {
      "epoch": 4,
      "train_loss": 0.49474958181381223,
      "val_auc": 0.9253016204603052,
      "val_f1": 0.7269353366770941,
      "val_auc_ecg": 0.924667507984269,
      "val_delta_meta": -0.00015761156846616498,
      "lr": 0.0006548539886902864,
      "epoch_time_s": 265.6024260520935
    },
    {
      "epoch": 5,
      "train_loss": 0.4739541353982523,
      "val_auc": 0.9220619677334824,
      "val_f1": 0.7257563663588134,
      "val_auc_ecg": 0.9217092152454456,
      "val_delta_meta": -0.0011811876044950376,
      "lr": 0.0005005000000000001,
      "epoch_time_s": 265.52763056755066
    },
    {
      "epoch": 6,
      "train_loss": 0.45345805325639355,
      "val_auc": 0.9284306531493163,
      "val_f1": 0.7326981707799254,
      "val_auc_ecg": 0.9272786771016989,
      "val_delta_meta": 0.0012423500413875077,
      "lr": 0.0003461460113097139,
      "epoch_time_s": 265.99950408935547
    },
    {
      "epoch": 7,
      "train_loss": 0.4306326156635897,
      "val_auc": 0.9310790116774456,
      "val_f1": 0.745182221817551,
      "val_auc_ecg": 0.9301430749346281,
      "val_delta_meta": 9.525964506962303e-05,
      "lr": 0.00020690126647990973,
      "epoch_time_s": 267.2767918109894
    },
    {
      "epoch": 8,
      "train_loss": 0.4079501533453618,
      "val_auc": 0.9322484613322111,
      "val_f1": 0.7375637357074398,
      "val_auc_ecg": 0.9309625690796641,
      "val_delta_meta": 0.0014476083235488435,
      "lr": 9.639601130971382e-05,
      "epoch_time_s": 269.3724524974823
    },
    {
      "epoch": 9,
      "train_loss": 0.3892546696127008,
      "val_auc": 0.9331450130986513,
      "val_f1": 0.7403530209347332,
      "val_auc_ecg": 0.9326368427078069,
      "val_delta_meta": -3.345681835231762e-05,
      "lr": 2.5447270110570814e-05,
      "epoch_time_s": 267.18468952178955
    },
    {
      "epoch": 10,
      "train_loss": 0.3751661770387527,
      "val_auc": 0.9331412302944214,
      "val_f1": 0.7454912001263795,
      "val_auc_ecg": 0.9323307004173239,
      "val_delta_meta": 0.0002179801422661498,
      "lr": 0.001,
      "epoch_time_s": 268.4695990085602
    }
  ]
}