{
  "metadata": {
    "run_name": "ATLAS_A_v5_demo+anthro_additive_seed2030",
    "variant": "demo+anthro",
    "seed": 2030,
    "meta_hid": 128,
    "lauc_weight": 0.08,
    "no_aug": false,
    "arch_mode": "additive",
    "meta_mask_mode": "real",
    "test_fold": 10,
    "val_fold": 9,
    "timestamp": "2026-05-09T06:49:56.237251",
    "git_sha": "b8fda1f7a68a5b217a3f76d88337426561bd26e4",
    "analysis_plan_sha256": "4ad22e907fbd431a0b443255a3449c0560371997d5ee36a61e164de7aea5c3dc",
    "wall_time_s": 2382.542625427246,
    "train_time_s": 2353.46861577034,
    "gpu_peak_mem_mb": 0,
    "num_parameters": 3951951,
    "dataset_sizes": {
      "train": 17418,
      "val": 2183,
      "test": 2198
    },
    "train_fold_ids": [
      1,
      2,
      3,
      4,
      5,
      6,
      7,
      8
    ],
    "pos_weights": [
      1.2930489778518677,
      2.9776203632354736,
      3.161012887954712,
      3.4581520557403564,
      7.21991491317749
    ],
    "loss_weights": {
      "fused": 0.52,
      "ecg": 0.3,
      "meta": 0.1,
      "lauc": 0.08
    },
    "hardware": {
      "python_version": "3.11.7 | packaged by Anaconda, Inc. | (main, Dec 15 2023, 18:05:47) [MSC v.1916 64 bit (AMD64)]",
      "torch_version": "2.3.1+cpu",
      "cuda_available": false,
      "numpy_version": "1.26.4",
      "sklearn_version": "1.4.2"
    },
    "best_val_auc": 0.9329530464003358,
    "best_val_epoch": 7
  },
  "test": {
    "macro_auc": 0.9275844139793472,
    "macro_auc_ecg": 0.9255432708476963,
    "macro_auc_no_meta": 0.9255803621309557,
    "delta_meta_auc": 0.002004051848391475,
    "macro_f1_optimal": 0.740702264335072,
    "macro_f1_fixed_05": 0.7316436453334989,
    "w_fused": 1.0,
    "thresholds": [
      0.39500001072883606,
      0.6650000214576721,
      0.7400000095367432,
      0.6800000071525574,
      0.7400000095367432
    ]
  },
  "per_class": {
    "NORM": {
      "auc": 0.9504105338832343,
      "f1": 0.8611111111111112,
      "threshold": 0.39500001072883606
    },
    "MI": {
      "auc": 0.9286584289496911,
      "f1": 0.7417923691215617,
      "threshold": 0.6650000214576721
    },
    "STTC": {
      "auc": 0.9348999733323262,
      "f1": 0.7605911330049261,
      "threshold": 0.7400000095367432
    },
    "CD": {
      "auc": 0.9143358382927105,
      "f1": 0.7309941520467836,
      "threshold": 0.6800000071525574
    },
    "HYP": {
      "auc": 0.9096172954387736,
      "f1": 0.6090225563909775,
      "threshold": 0.7400000095367432
    }
  },
  "subgroups": {
    "sex_male": {
      "n": 1066,
      "macro_auc": 0.9202556066822243,
      "per_class_auc": [
        0.9461641602787205,
        0.9150416405349825,
        0.9243655091855155,
        0.9039057624297899,
        0.9118009609821136
      ]
    },
    "sex_female": {
      "n": 1132,
      "macro_auc": 0.9346377273771956,
      "per_class_auc": [
        0.9557850095640794,
        0.9400391136918083,
        0.9434297126995411,
        0.9265311083713905,
        0.907403692559159
      ]
    },
    "age_lt45": {
      "n": 345,
      "macro_auc": 0.9237730266839307,
      "per_class_auc": [
        0.8879003558718861,
        0.9839412084921066,
        0.9468290330359296,
        0.8560857746904259,
        0.9441087613293051
      ]
    },
    "age_45_65": {
      "n": 703,
      "macro_auc": 0.9248272509411306,
      "per_class_auc": [
        0.9298426071055382,
        0.9243689127410057,
        0.9473135106937923,
        0.9025091112980095,
        0.9201021128673075
      ]
    },
    "age_gt65": {
      "n": 1150,
      "macro_auc": 0.9170894728007705,
      "per_class_auc": [
        0.9531579859470019,
        0.9047262972587811,
        0.9146518987341772,
        0.9228533666038525,
        0.8900578154600396
      ]
    },
    "meta_complete": {
      "n": 660,
      "macro_auc": 0.935347181787118,
      "per_class_auc": [
        0.9622369002060642,
        0.9389918100994175,
        0.9353166421207658,
        0.9381946326917864,
        0.9019959238175558
      ]
    },
    "meta_incomplete": {
      "n": 1538,
      "macro_auc": 0.9244820938194236,
      "per_class_auc": [
        0.9458954997337273,
        0.92426906989157,
        0.9345201148310509,
        0.9058789051052109,
        0.9118468795355588
      ]
    },
    "fairness_sex_gap": 0.014382120694971356
  },
  "training_history": [
    {
      "epoch": 1,
      "train_loss": 0.6569387336936565,
      "val_auc": 0.9051064758524564,
      "val_f1": 0.6393481105268014,
      "val_auc_ecg": 0.9029450170775458,
      "val_delta_meta": 0.000165078787737305,
      "lr": 0.0009755527298894294,
      "epoch_time_s": 234.09174346923828
    },
    {
      "epoch": 2,
      "train_loss": 0.5714732331967135,
      "val_auc": 0.9090141381324616,
      "val_f1": 0.6860923113918911,
      "val_auc_ecg": 0.9104697467392378,
      "val_delta_meta": -0.0016476158843179434,
      "lr": 0.0009046039886902864,
      "epoch_time_s": 234.3981430530548
    },
    {
      "epoch": 3,
      "train_loss": 0.530559659222944,
      "val_auc": 0.9169084630034204,
      "val_f1": 0.7096819957193851,
      "val_auc_ecg": 0.9166887062381169,
      "val_delta_meta": -0.000998516062922783,
      "lr": 0.0007940987335200904,
      "epoch_time_s": 234.27228808403015
    },
    {
      "epoch": 4,
      "train_loss": 0.5062465556170962,
      "val_auc": 0.9240999139042433,
      "val_f1": 0.73102571634005,
      "val_auc_ecg": 0.9240695715180776,
      "val_delta_meta": -0.00040920774010599903,
      "lr": 0.0006548539886902864,
      "epoch_time_s": 234.81418013572693
    },
    {
      "epoch": 5,
      "train_loss": 0.47855658670631024,
      "val_auc": 0.9261150434723501,
      "val_f1": 0.7224844812240652,
      "val_auc_ecg": 0.926195297101352,
      "val_delta_meta": -0.00046688634558655906,
      "lr": 0.0005005000000000001,
      "epoch_time_s": 234.66323471069336
    },
    {
      "epoch": 6,
      "train_loss": 0.4579154635788104,
      "val_auc": 0.9300760829992265,
      "val_f1": 0.7268573645670234,
      "val_auc_ecg": 0.9299591032562404,
      "val_delta_meta": -0.000386587780259795,
      "lr": 0.0003461460113097139,
      "epoch_time_s": 234.30468130111694
    },
    {
      "epoch": 7,
      "train_loss": 0.4330827227973063,
      "val_auc": 0.9329530464003358,
      "val_f1": 0.7361140754970203,
      "val_auc_ecg": 0.9322405158432504,
      "val_delta_meta": 0.0006186826520424571,
      "lr": 0.00020690126647990973,
      "epoch_time_s": 234.50732517242432
    },
    {
      "epoch": 8,
      "train_loss": 0.4098193624697694,
      "val_auc": 0.9312428346256019,
      "val_f1": 0.7393755462347482,
      "val_auc_ecg": 0.9311734430814005,
      "val_delta_meta": -5.5874076956619056e-05,
      "lr": 9.639601130971382e-05,
      "epoch_time_s": 234.84713292121887
    },
    {
      "epoch": 9,
      "train_loss": 0.3902018988898041,
      "val_auc": 0.9323174878503364,
      "val_f1": 0.7460735935598647,
      "val_auc_ecg": 0.9319804156577076,
      "val_delta_meta": 0.00032158452712083285,
      "lr": 2.5447270110570814e-05,
      "epoch_time_s": 234.525728225708
    },
    {
      "epoch": 10,
      "train_loss": 0.37845373161888995,
      "val_auc": 0.9319257244309854,
      "val_f1": 0.7455030589619717,
      "val_auc_ecg": 0.9315964780920417,
      "val_delta_meta": -1.6623179574515312e-05,
      "lr": 0.001,
      "epoch_time_s": 234.24528431892395
    }
  ]
}