{
  "metadata": {
    "run_name": "ATLAS_A_v5_demo+anthro_no_q_meta_seed2028",
    "variant": "demo+anthro",
    "seed": 2028,
    "meta_hid": 128,
    "lauc_weight": 0.08,
    "no_aug": false,
    "arch_mode": "no_q_meta",
    "meta_mask_mode": "real",
    "test_fold": 10,
    "val_fold": 9,
    "timestamp": "2026-05-10T03:27:21.175163",
    "git_sha": "b8fda1f7a68a5b217a3f76d88337426561bd26e4",
    "analysis_plan_sha256": "4ad22e907fbd431a0b443255a3449c0560371997d5ee36a61e164de7aea5c3dc",
    "wall_time_s": 2654.3789920806885,
    "train_time_s": 2624.889888048172,
    "gpu_peak_mem_mb": 0,
    "num_parameters": 3951951,
    "dataset_sizes": {
      "train": 17418,
      "val": 2183,
      "test": 2198
    },
    "train_fold_ids": [
      1,
      2,
      3,
      4,
      5,
      6,
      7,
      8
    ],
    "pos_weights": [
      1.2930489778518677,
      2.9776203632354736,
      3.161012887954712,
      3.4581520557403564,
      7.21991491317749
    ],
    "loss_weights": {
      "fused": 0.52,
      "ecg": 0.3,
      "meta": 0.1,
      "lauc": 0.08
    },
    "hardware": {
      "python_version": "3.11.7 | packaged by Anaconda, Inc. | (main, Dec 15 2023, 18:05:47) [MSC v.1916 64 bit (AMD64)]",
      "torch_version": "2.3.1+cpu",
      "cuda_available": false,
      "numpy_version": "1.26.4",
      "sklearn_version": "1.4.2"
    },
    "best_val_auc": 0.9341022919653416,
    "best_val_epoch": 10
  },
  "test": {
    "macro_auc": 0.9288512702225115,
    "macro_auc_ecg": 0.9273882830455321,
    "macro_auc_no_meta": 0.9275887316670877,
    "delta_meta_auc": 0.0012625385554237978,
    "macro_f1_optimal": 0.7442512780334793,
    "macro_f1_fixed_05": 0.7377824720975035,
    "w_fused": 1.0,
    "thresholds": [
      0.6800000071525574,
      0.6200000047683716,
      0.574999988079071,
      0.7250000238418579,
      0.7250000238418579
    ]
  },
  "per_class": {
    "NORM": {
      "auc": 0.9499875977987144,
      "f1": 0.8647294589178357,
      "threshold": 0.6800000071525574
    },
    "MI": {
      "auc": 0.931656001765225,
      "f1": 0.7384341637010676,
      "threshold": 0.6200000047683716
    },
    "STTC": {
      "auc": 0.9359186098015719,
      "f1": 0.7686832740213523,
      "threshold": 0.574999988079071
    },
    "CD": {
      "auc": 0.9142339657329138,
      "f1": 0.7331932773109243,
      "threshold": 0.7250000238418579
    },
    "HYP": {
      "auc": 0.9124601760141317,
      "f1": 0.6162162162162163,
      "threshold": 0.7250000238418579
    }
  },
  "subgroups": {
    "sex_male": {
      "n": 1066,
      "macro_auc": 0.9209281420818705,
      "per_class_auc": [
        0.9443426469046922,
        0.9214007555095314,
        0.9188391561360658,
        0.9069742042854171,
        0.9130839475736461
      ]
    },
    "sex_female": {
      "n": 1132,
      "macro_auc": 0.9363474285769604,
      "per_class_auc": [
        0.9566470351354073,
        0.9402407306598924,
        0.9497985850174334,
        0.9229366719338763,
        0.9121141201381923
      ]
    },
    "age_lt45": {
      "n": 345,
      "macro_auc": 0.9258051149792108,
      "per_class_auc": [
        0.8966303380782918,
        0.9833968426782798,
        0.9563539908367494,
        0.8470250679553005,
        0.945619335347432
      ]
    },
    "age_45_65": {
      "n": 703,
      "macro_auc": 0.9270544882824344,
      "per_class_auc": [
        0.9302671107628004,
        0.9335122242098987,
        0.947848200312989,
        0.9008270255116345,
        0.9228178806148498
      ]
    },
    "age_gt65": {
      "n": 1150,
      "macro_auc": 0.9170691271974569,
      "per_class_auc": [
        0.950373381226959,
        0.9051957414703663,
        0.9149789029535865,
        0.923456826688485,
        0.8913407836478879
      ]
    },
    "meta_complete": {
      "n": 660,
      "macro_auc": 0.9400484805500916,
      "per_class_auc": [
        0.9580880188401532,
        0.9438239974306194,
        0.9380500736377025,
        0.9384657088641908,
        0.9218146039777918
      ]
    },
    "meta_incomplete": {
      "n": 1538,
      "macro_auc": 0.9242873636787584,
      "per_class_auc": [
        0.9476353783412002,
        0.9269186848893266,
        0.9347310586957365,
        0.9051896137389368,
        0.9069620827285921
      ]
    },
    "fairness_sex_gap": 0.015419286495089946
  },
  "training_history": [
    {
      "epoch": 1,
      "train_loss": 0.6487555306985837,
      "val_auc": 0.9013498043275021,
      "val_f1": 0.6540715677090767,
      "val_auc_ecg": 0.8983692232135001,
      "val_delta_meta": 0.0022728464898141842,
      "lr": 0.0009755527298894294,
      "epoch_time_s": 243.46975183486938
    },
    {
      "epoch": 2,
      "train_loss": 0.5629722591387023,
      "val_auc": 0.9091271868009038,
      "val_f1": 0.6980649235600365,
      "val_auc_ecg": 0.9061173007190467,
      "val_delta_meta": 0.00198497162054756,
      "lr": 0.0009046039886902864,
      "epoch_time_s": 242.91435194015503
    },
    {
      "epoch": 3,
      "train_loss": 0.5287809845504411,
      "val_auc": 0.9167697868911941,
      "val_f1": 0.7150615947439926,
      "val_auc_ecg": 0.9159183928537857,
      "val_delta_meta": -9.376029653729301e-05,
      "lr": 0.0007940987335200904,
      "epoch_time_s": 259.55915093421936
    },
    {
      "epoch": 4,
      "train_loss": 0.5006169692638818,
      "val_auc": 0.9228991339042855,
      "val_f1": 0.7212284331309745,
      "val_auc_ecg": 0.9208082084249956,
      "val_delta_meta": 0.0014477163287988093,
      "lr": 0.0006548539886902864,
      "epoch_time_s": 265.63481283187866
    },
    {
      "epoch": 5,
      "train_loss": 0.4801446613368638,
      "val_auc": 0.9209721568273472,
      "val_f1": 0.7208279280765428,
      "val_auc_ecg": 0.9178387689389605,
      "val_delta_meta": 0.001015134128851236,
      "lr": 0.0005005000000000001,
      "epoch_time_s": 265.0912084579468
    },
    {
      "epoch": 6,
      "train_loss": 0.45959043133696287,
      "val_auc": 0.9288860457359194,
      "val_f1": 0.7218650093353403,
      "val_auc_ecg": 0.927779490415614,
      "val_delta_meta": -0.00020465773113897967,
      "lr": 0.0003461460113097139,
      "epoch_time_s": 265.56043887138367
    },
    {
      "epoch": 7,
      "train_loss": 0.437445916167093,
      "val_auc": 0.9288361859888484,
      "val_f1": 0.7335362970744919,
      "val_auc_ecg": 0.9275868690275626,
      "val_delta_meta": 0.00033821996001126564,
      "lr": 0.00020690126647990973,
      "epoch_time_s": 274.4886009693146
    },
    {
      "epoch": 8,
      "train_loss": 0.41696000793658267,
      "val_auc": 0.9308693377132867,
      "val_f1": 0.7374534142967295,
      "val_auc_ecg": 0.9301356958223493,
      "val_delta_meta": 0.000523581489232372,
      "lr": 9.639601130971382e-05,
      "epoch_time_s": 266.4433443546295
    },
    {
      "epoch": 9,
      "train_loss": 0.40023494130427684,
      "val_auc": 0.9288693844040466,
      "val_f1": 0.738617190174262,
      "val_auc_ecg": 0.9284441421126768,
      "val_delta_meta": 0.00043036185119438297,
      "lr": 2.5447270110570814e-05,
      "epoch_time_s": 265.64572858810425
    },
    {
      "epoch": 10,
      "train_loss": 0.3893086465947125,
      "val_auc": 0.9341022919653416,
      "val_f1": 0.745160059144721,
      "val_auc_ecg": 0.9330966848589911,
      "val_delta_meta": 0.0007065243409183353,
      "lr": 0.001,
      "epoch_time_s": 266.2652726173401
    }
  ]
}