{
  "metadata": {
    "run_name": "ATLAS_A_v5_demo+anthro_tf7_vf8_seed2025",
    "variant": "demo+anthro",
    "seed": 2025,
    "meta_hid": 128,
    "lauc_weight": 0.08,
    "no_aug": false,
    "arch_mode": "standard",
    "meta_mask_mode": "real",
    "test_fold": 7,
    "val_fold": 8,
    "timestamp": "2026-05-11T06:40:55.250649",
    "git_sha": "b8fda1f7a68a5b217a3f76d88337426561bd26e4",
    "analysis_plan_sha256": "4ad22e907fbd431a0b443255a3449c0560371997d5ee36a61e164de7aea5c3dc",
    "wall_time_s": 2655.9101173877716,
    "train_time_s": 2626.9392483234406,
    "gpu_peak_mem_mb": 0,
    "num_parameters": 3951951,
    "dataset_sizes": {
      "train": 17450,
      "val": 2173,
      "test": 2176
    },
    "train_fold_ids": [
      1,
      2,
      3,
      4,
      5,
      6,
      9,
      10
    ],
    "pos_weights": [
      1.2924330234527588,
      2.9831089973449707,
      3.1537728309631348,
      3.4424643516540527,
      7.242796421051025
    ],
    "loss_weights": {
      "fused": 0.52,
      "ecg": 0.3,
      "meta": 0.1,
      "lauc": 0.08
    },
    "hardware": {
      "python_version": "3.11.7 | packaged by Anaconda, Inc. | (main, Dec 15 2023, 18:05:47) [MSC v.1916 64 bit (AMD64)]",
      "torch_version": "2.3.1+cpu",
      "cuda_available": false,
      "numpy_version": "1.26.4",
      "sklearn_version": "1.4.2"
    },
    "best_val_auc": 0.9456428160731886,
    "best_val_epoch": 10
  },
  "test": {
    "macro_auc": 0.9440565091311681,
    "macro_auc_ecg": 0.9433079786608862,
    "macro_auc_no_meta": 0.9425253197214547,
    "delta_meta_auc": 0.0015311894097134182,
    "macro_f1_optimal": 0.7694581808712303,
    "macro_f1_fixed_05": 0.7597929915846702,
    "w_fused": 1.0,
    "thresholds": [
      0.574999988079071,
      0.7699999809265137,
      0.7099999785423279,
      0.7400000095367432,
      0.6499999761581421
    ]
  },
  "per_class": {
    "NORM": {
      "auc": 0.963319143116035,
      "f1": 0.8791097622660596,
      "threshold": 0.574999988079071
    },
    "MI": {
      "auc": 0.9467449401766745,
      "f1": 0.7846715328467153,
      "threshold": 0.7699999809265137
    },
    "STTC": {
      "auc": 0.9299842066146414,
      "f1": 0.7372400756143668,
      "threshold": 0.7099999785423279
    },
    "CD": {
      "auc": 0.9431819861909903,
      "f1": 0.7918454935622318,
      "threshold": 0.7400000095367432
    },
    "HYP": {
      "auc": 0.9370522695574997,
      "f1": 0.654424040066778,
      "threshold": 0.6499999761581421
    }
  },
  "subgroups": {
    "sex_male": {
      "n": 1039,
      "macro_auc": 0.9413788826796647,
      "per_class_auc": [
        0.9632042331806661,
        0.9480669326694631,
        0.9310738803691556,
        0.9265203645155291,
        0.9380290026635099
      ]
    },
    "sex_female": {
      "n": 1137,
      "macro_auc": 0.9450028493389059,
      "per_class_auc": [
        0.9627743629104558,
        0.9434272997032641,
        0.9285406460805093,
        0.9544398638921607,
        0.9358320741081401
      ]
    },
    "age_lt45": {
      "n": 351,
      "macro_auc": 0.955618863799268,
      "per_class_auc": [
        0.9470767666497204,
        0.9715851172273191,
        0.9705504390661812,
        0.9467450271247739,
        0.9421369689283449
      ]
    },
    "age_45_65": {
      "n": 758,
      "macro_auc": 0.9526003925381736,
      "per_class_auc": [
        0.9597639597639597,
        0.9637478415837927,
        0.9361399461745482,
        0.9445842960102073,
        0.9587659191583611
      ]
    },
    "age_gt65": {
      "n": 1067,
      "macro_auc": 0.9271402624719698,
      "per_class_auc": [
        0.9578818353747128,
        0.9198964195416361,
        0.9088705149798397,
        0.9350041120200839,
        0.9140484304435763
      ]
    },
    "meta_complete": {
      "n": 657,
      "macro_auc": 0.9338046266750449,
      "per_class_auc": [
        0.9460757053349645,
        0.9420442727677908,
        0.9301557338367155,
        0.9211795829442887,
        0.9295678384914654
      ]
    },
    "meta_incomplete": {
      "n": 1519,
      "macro_auc": 0.9481390768263083,
      "per_class_auc": [
        0.969928611705127,
        0.9475850287311696,
        0.9297767299690962,
        0.9532070609457544,
        0.940197952780395
      ]
    },
    "fairness_sex_gap": 0.00362396665924114
  },
  "training_history": [
    {
      "epoch": 1,
      "train_loss": 0.654181202634787,
      "val_auc": 0.9038958084888662,
      "val_f1": 0.6675617280983105,
      "val_auc_ecg": 0.8980835034875148,
      "val_delta_meta": 0.0036069758630240534,
      "lr": 0.0009755527298894294,
      "epoch_time_s": 245.8040714263916
    },
    {
      "epoch": 2,
      "train_loss": 0.5670330693106075,
      "val_auc": 0.9298001882667505,
      "val_f1": 0.7101644395632024,
      "val_auc_ecg": 0.9275875605732352,
      "val_delta_meta": 0.0023967193059010183,
      "lr": 0.0009046039886902864,
      "epoch_time_s": 242.6519660949707
    },
    {
      "epoch": 3,
      "train_loss": 0.5319853333872316,
      "val_auc": 0.9321636967989735,
      "val_f1": 0.7266005542091974,
      "val_auc_ecg": 0.9289840625678716,
      "val_delta_meta": 0.0024085689160595614,
      "lr": 0.0007940987335200904,
      "epoch_time_s": 258.6629993915558
    },
    {
      "epoch": 4,
      "train_loss": 0.5082831676408048,
      "val_auc": 0.934953706723151,
      "val_f1": 0.7090810442557314,
      "val_auc_ecg": 0.9333099281153361,
      "val_delta_meta": 0.0008908265757060496,
      "lr": 0.0006548539886902864,
      "epoch_time_s": 265.64920139312744
    },
    {
      "epoch": 5,
      "train_loss": 0.4858488537125535,
      "val_auc": 0.9394632075794433,
      "val_f1": 0.7365112160778727,
      "val_auc_ecg": 0.9385491023238046,
      "val_delta_meta": 0.0010898224056781203,
      "lr": 0.0005005000000000001,
      "epoch_time_s": 265.5233247280121
    },
    {
      "epoch": 6,
      "train_loss": 0.4659801572561264,
      "val_auc": 0.9416516268553835,
      "val_f1": 0.743793131551213,
      "val_auc_ecg": 0.9402116914451222,
      "val_delta_meta": 0.0016398225394954613,
      "lr": 0.0003461460113097139,
      "epoch_time_s": 264.9690475463867
    },
    {
      "epoch": 7,
      "train_loss": 0.4481043761575615,
      "val_auc": 0.9426100275784537,
      "val_f1": 0.7551812841489185,
      "val_auc_ecg": 0.9409190071299175,
      "val_delta_meta": 0.0017878884288559105,
      "lr": 0.00020690126647990973,
      "epoch_time_s": 271.8436131477356
    },
    {
      "epoch": 8,
      "train_loss": 0.4232420599831766,
      "val_auc": 0.9435838131193035,
      "val_f1": 0.7603492374915353,
      "val_auc_ecg": 0.9422629208435149,
      "val_delta_meta": 0.0015723538522164349,
      "lr": 9.639601130971382e-05,
      "epoch_time_s": 267.21231842041016
    },
    {
      "epoch": 9,
      "train_loss": 0.4071419726470451,
      "val_auc": 0.94557553653414,
      "val_f1": 0.7573450096474165,
      "val_auc_ecg": 0.9440440068144028,
      "val_delta_meta": 0.001596283351604888,
      "lr": 2.5447270110570814e-05,
      "epoch_time_s": 266.59048199653625
    },
    {
      "epoch": 10,
      "train_loss": 0.39505327492952347,
      "val_auc": 0.9456428160731886,
      "val_f1": 0.760450111220437,
      "val_auc_ecg": 0.9441260682389684,
      "val_delta_meta": 0.0017396633334723077,
      "lr": 0.001,
      "epoch_time_s": 266.5909924507141
    }
  ]
}