{
  "metadata": {
    "run_name": "ATLAS_A_v5_demo+anthro_meta_only_seed2029",
    "variant": "demo+anthro",
    "seed": 2029,
    "meta_hid": 128,
    "lauc_weight": 0.08,
    "no_aug": false,
    "arch_mode": "meta_only",
    "meta_mask_mode": "real",
    "test_fold": 10,
    "val_fold": 9,
    "timestamp": "2026-05-08T16:46:42.660034",
    "git_sha": "b8fda1f7a68a5b217a3f76d88337426561bd26e4",
    "analysis_plan_sha256": "4ad22e907fbd431a0b443255a3449c0560371997d5ee36a61e164de7aea5c3dc",
    "wall_time_s": 2468.258633375168,
    "train_time_s": 2439.105966091156,
    "gpu_peak_mem_mb": 0,
    "num_parameters": 3951951,
    "dataset_sizes": {
      "train": 17418,
      "val": 2183,
      "test": 2198
    },
    "train_fold_ids": [
      1,
      2,
      3,
      4,
      5,
      6,
      7,
      8
    ],
    "pos_weights": [
      1.2930489778518677,
      2.9776203632354736,
      3.161012887954712,
      3.4581520557403564,
      7.21991491317749
    ],
    "loss_weights": {
      "fused": 0.52,
      "ecg": 0.3,
      "meta": 0.1,
      "lauc": 0.08
    },
    "hardware": {
      "python_version": "3.11.7 | packaged by Anaconda, Inc. | (main, Dec 15 2023, 18:05:47) [MSC v.1916 64 bit (AMD64)]",
      "torch_version": "2.3.1+cpu",
      "cuda_available": false,
      "numpy_version": "1.26.4",
      "sklearn_version": "1.4.2"
    },
    "best_val_auc": 0.6951934336881525,
    "best_val_epoch": 1
  },
  "test": {
    "macro_auc": 0.6979348884858682,
    "macro_auc_ecg": 0.8901420987180847,
    "macro_auc_no_meta": 0.5,
    "delta_meta_auc": 0.19793488848586815,
    "macro_f1_optimal": 0.4670071385588237,
    "macro_f1_fixed_05": 0.46203596222445914,
    "w_fused": 1.0,
    "thresholds": [
      0.36500000953674316,
      0.42500001192092896,
      0.4099999964237213,
      0.5299999713897705,
      0.5450000166893005
    ]
  },
  "per_class": {
    "NORM": {
      "auc": 0.7809237327682974,
      "f1": 0.6999576809140923,
      "threshold": 0.36500000953674316
    },
    "MI": {
      "auc": 0.7125855030891438,
      "f1": 0.4932541824069077,
      "threshold": 0.42500001192092896
    },
    "STTC": {
      "auc": 0.6844212714185486,
      "f1": 0.4452191235059761,
      "threshold": 0.4099999964237213
    },
    "CD": {
      "auc": 0.6505297373109435,
      "f1": 0.4239558707643814,
      "threshold": 0.5299999713897705
    },
    "HYP": {
      "auc": 0.6612141978424075,
      "f1": 0.272648835202761,
      "threshold": 0.5450000166893005
    }
  },
  "subgroups": {
    "sex_male": {
      "n": 1066,
      "macro_auc": 0.7026472634230638,
      "per_class_auc": [
        0.7849873325310001,
        0.7207823461633827,
        0.6778056528972426,
        0.6434392552527564,
        0.6862217302709366
      ]
    },
    "sex_female": {
      "n": 1132,
      "macro_auc": 0.702585893617327,
      "per_class_auc": [
        0.7960428621765832,
        0.7100768160648401,
        0.6923646070594379,
        0.6674820712288806,
        0.6469631115568928
      ]
    },
    "age_lt45": {
      "n": 345,
      "macro_auc": 0.6623124727582798,
      "per_class_auc": [
        0.6018127224199288,
        0.6905280348394122,
        0.6915239932481312,
        0.6066143159166415,
        0.7210832973672853
      ]
    },
    "age_45_65": {
      "n": 703,
      "macro_auc": 0.6192586736573105,
      "per_class_auc": [
        0.6290572753396029,
        0.6467899026038562,
        0.663217266562337,
        0.5472946453602467,
        0.6099342784205095
      ]
    },
    "age_gt65": {
      "n": 1150,
      "macro_auc": 0.6219478985044258,
      "per_class_auc": [
        0.7090009295144468,
        0.6155905775840389,
        0.5830397327707455,
        0.628313014375678,
        0.5737952382772193
      ]
    },
    "meta_complete": {
      "n": 660,
      "macro_auc": 0.7015793147858831,
      "per_class_auc": [
        0.7690103400058875,
        0.7178863925020803,
        0.6789749631811487,
        0.6650711218273389,
        0.6769537564129594
      ]
    },
    "meta_incomplete": {
      "n": 1538,
      "macro_auc": 0.6896735432021369,
      "per_class_auc": [
        0.7858630960125035,
        0.701675892118565,
        0.685908222446367,
        0.6438133755348456,
        0.6311071298984036
      ]
    },
    "fairness_sex_gap": 6.136980573678841e-05
  },
  "training_history": [
    {
      "epoch": 1,
      "train_loss": 0.8298057954245751,
      "val_auc": 0.6951934336881525,
      "val_f1": 0.46193386024234756,
      "val_auc_ecg": 0.8993726422758084,
      "val_delta_meta": 0.19519343368815245,
      "lr": 0.0009755527298894294,
      "epoch_time_s": 240.0492331981659
    },
    {
      "epoch": 2,
      "train_loss": 0.7923366359614451,
      "val_auc": 0.6820236121475209,
      "val_f1": 0.4514128122494312,
      "val_auc_ecg": 0.9143201642699352,
      "val_delta_meta": 0.18202361214752094,
      "lr": 0.0009046039886902864,
      "epoch_time_s": 240.48105812072754
    },
    {
      "epoch": 3,
      "train_loss": 0.7776084139806415,
      "val_auc": 0.6881786913713369,
      "val_f1": 0.4635741902459977,
      "val_auc_ecg": 0.9096054193213042,
      "val_delta_meta": 0.18817869137133691,
      "lr": 0.0007940987335200904,
      "epoch_time_s": 242.14119124412537
    },
    {
      "epoch": 4,
      "train_loss": 0.7685623487201305,
      "val_auc": 0.6865478013006441,
      "val_f1": 0.451822103136476,
      "val_auc_ecg": 0.9211011608588319,
      "val_delta_meta": 0.18654780130064408,
      "lr": 0.0006548539886902864,
      "epoch_time_s": 242.96027183532715
    },
    {
      "epoch": 5,
      "train_loss": 0.7605780372925854,
      "val_auc": 0.6872812440184763,
      "val_f1": 0.4578498027065126,
      "val_auc_ecg": 0.9253903721916062,
      "val_delta_meta": 0.18728124401847634,
      "lr": 0.0005005000000000001,
      "epoch_time_s": 244.05570077896118
    },
    {
      "epoch": 6,
      "train_loss": 0.7533767644418489,
      "val_auc": 0.6903933820234107,
      "val_f1": 0.46120758052403066,
      "val_auc_ecg": 0.9293061915150457,
      "val_delta_meta": 0.19039338202341072,
      "lr": 0.0003461460113097139,
      "epoch_time_s": 244.57095527648926
    },
    {
      "epoch": 7,
      "train_loss": 0.7435944094570405,
      "val_auc": 0.6863473999337274,
      "val_f1": 0.4584385405963987,
      "val_auc_ecg": 0.9273067824024392,
      "val_delta_meta": 0.1863473999337274,
      "lr": 0.00020690126647990973,
      "epoch_time_s": 244.77449870109558
    },
    {
      "epoch": 8,
      "train_loss": 0.7348013959893392,
      "val_auc": 0.6878848228849678,
      "val_f1": 0.45902066734029257,
      "val_auc_ecg": 0.9322230096921229,
      "val_delta_meta": 0.18788482288496777,
      "lr": 9.639601130971382e-05,
      "epoch_time_s": 245.17265057563782
    },
    {
      "epoch": 9,
      "train_loss": 0.7262231358694374,
      "val_auc": 0.6923009658616657,
      "val_f1": 0.4618199392775744,
      "val_auc_ecg": 0.9317271261370147,
      "val_delta_meta": 0.19230096586166567,
      "lr": 2.5447270110570814e-05,
      "epoch_time_s": 245.82454752922058
    },
    {
      "epoch": 10,
      "train_loss": 0.7226839661598206,
      "val_auc": 0.6902400080336251,
      "val_f1": 0.46169345410553,
      "val_auc_ecg": 0.9335395384912146,
      "val_delta_meta": 0.19024000803362506,
      "lr": 0.001,
      "epoch_time_s": 245.22084593772888
    }
  ]
}