{
  "metadata": {
    "run_name": "ATLAS_A_v5_demo+anthro_no_dropout_seed2030",
    "variant": "demo+anthro",
    "seed": 2030,
    "meta_hid": 128,
    "lauc_weight": 0.08,
    "no_aug": false,
    "arch_mode": "no_dropout",
    "meta_mask_mode": "real",
    "test_fold": 10,
    "val_fold": 9,
    "timestamp": "2026-05-10T12:15:19.509403",
    "git_sha": "b8fda1f7a68a5b217a3f76d88337426561bd26e4",
    "analysis_plan_sha256": "4ad22e907fbd431a0b443255a3449c0560371997d5ee36a61e164de7aea5c3dc",
    "wall_time_s": 2584.733320713043,
    "train_time_s": 2555.336879968643,
    "gpu_peak_mem_mb": 0,
    "num_parameters": 3951951,
    "dataset_sizes": {
      "train": 17418,
      "val": 2183,
      "test": 2198
    },
    "train_fold_ids": [
      1,
      2,
      3,
      4,
      5,
      6,
      7,
      8
    ],
    "pos_weights": [
      1.2930489778518677,
      2.9776203632354736,
      3.161012887954712,
      3.4581520557403564,
      7.21991491317749
    ],
    "loss_weights": {
      "fused": 0.52,
      "ecg": 0.3,
      "meta": 0.1,
      "lauc": 0.08
    },
    "hardware": {
      "python_version": "3.11.7 | packaged by Anaconda, Inc. | (main, Dec 15 2023, 18:05:47) [MSC v.1916 64 bit (AMD64)]",
      "torch_version": "2.3.1+cpu",
      "cuda_available": false,
      "numpy_version": "1.26.4",
      "sklearn_version": "1.4.2"
    },
    "best_val_auc": 0.9329728365377156,
    "best_val_epoch": 9
  },
  "test": {
    "macro_auc": 0.9279434600010144,
    "macro_auc_ecg": 0.9266745664847325,
    "macro_auc_no_meta": 0.9264370205482623,
    "delta_meta_auc": 0.0015064394527520841,
    "macro_f1_optimal": 0.7411029984640182,
    "macro_f1_fixed_05": 0.7397545249306512,
    "w_fused": 1.0,
    "thresholds": [
      0.5149999856948853,
      0.7549999952316284,
      0.6349999904632568,
      0.6650000214576721,
      0.7099999785423279
    ]
  },
  "per_class": {
    "NORM": {
      "auc": 0.9490139198943921,
      "f1": 0.8578313253012049,
      "threshold": 0.5149999856948853
    },
    "MI": {
      "auc": 0.928089143865843,
      "f1": 0.7214953271028037,
      "threshold": 0.7549999952316284
    },
    "STTC": {
      "auc": 0.9352032752023824,
      "f1": 0.7671480144404332,
      "threshold": 0.6349999904632568
    },
    "CD": {
      "auc": 0.9200845305333383,
      "f1": 0.7459016393442623,
      "threshold": 0.6650000214576721
    },
    "HYP": {
      "auc": 0.907326430509116,
      "f1": 0.6131386861313869,
      "threshold": 0.7099999785423279
    }
  },
  "subgroups": {
    "sex_male": {
      "n": 1066,
      "macro_auc": 0.9199019127709404,
      "per_class_auc": [
        0.9425247476445012,
        0.9188629435701472,
        0.9205028140596793,
        0.9133399209486167,
        0.9042791376317577
      ]
    },
    "sex_female": {
      "n": 1132,
      "macro_auc": 0.9356919093203564,
      "per_class_auc": [
        0.9565337763012182,
        0.9361841972620416,
        0.9472597406993669,
        0.9280765423952491,
        0.9104052899439058
      ]
    },
    "age_lt45": {
      "n": 345,
      "macro_auc": 0.9162042658220428,
      "per_class_auc": [
        0.8734430604982206,
        0.9817637452367991,
        0.9586448034723897,
        0.8467985502869225,
        0.9203711696158825
      ]
    },
    "age_45_65": {
      "n": 703,
      "macro_auc": 0.92585090713501,
      "per_class_auc": [
        0.9337692659352141,
        0.9258720930232558,
        0.9478742827334377,
        0.9084805158396412,
        0.9132583781435012
      ]
    },
    "age_gt65": {
      "n": 1150,
      "macro_auc": 0.9167268616597294,
      "per_class_auc": [
        0.9493335854050476,
        0.9017285606505155,
        0.9120815752461321,
        0.9295210452076754,
        0.8909695417892766
      ]
    },
    "meta_complete": {
      "n": 660,
      "macro_auc": 0.9435117298197128,
      "per_class_auc": [
        0.9621173093906388,
        0.9432984423130264,
        0.9369425625920471,
        0.95173417414504,
        0.9234661606578115
      ]
    },
    "meta_incomplete": {
      "n": 1538,
      "macro_auc": 0.9216121324335947,
      "per_class_auc": [
        0.9449136739193412,
        0.9226316673648665,
        0.9342024867129612,
        0.9077732840982358,
        0.8985395500725689
      ]
    },
    "fairness_sex_gap": 0.01578999654941604
  },
  "training_history": [
    {
      "epoch": 1,
      "train_loss": 0.6407619006590012,
      "val_auc": 0.9092593215544724,
      "val_f1": 0.6307075774999488,
      "val_auc_ecg": 0.9075191486796346,
      "val_delta_meta": 0.0007624975123137201,
      "lr": 0.0009755527298894294,
      "epoch_time_s": 236.67755246162415
    },
    {
      "epoch": 2,
      "train_loss": 0.5566003252060041,
      "val_auc": 0.9092916882730618,
      "val_f1": 0.6877428064885722,
      "val_auc_ecg": 0.9062444782185809,
      "val_delta_meta": 0.0015979421546100658,
      "lr": 0.0009046039886902864,
      "epoch_time_s": 238.546710729599
    },
    {
      "epoch": 3,
      "train_loss": 0.5216525805105857,
      "val_auc": 0.9221310667114586,
      "val_f1": 0.7024215421097358,
      "val_auc_ecg": 0.9209151494658968,
      "val_delta_meta": 0.0004079052828327434,
      "lr": 0.0007940987335200904,
      "epoch_time_s": 253.33565592765808
    },
    {
      "epoch": 4,
      "train_loss": 0.49850026522207697,
      "val_auc": 0.9231059515072326,
      "val_f1": 0.7088451116937665,
      "val_auc_ecg": 0.9223650528469726,
      "val_delta_meta": 0.000294138041988079,
      "lr": 0.0006548539886902864,
      "epoch_time_s": 260.0734324455261
    },
    {
      "epoch": 5,
      "train_loss": 0.47508018005878555,
      "val_auc": 0.9274029837355338,
      "val_f1": 0.7328231154888946,
      "val_auc_ecg": 0.927299937693016,
      "val_delta_meta": -0.0007549166557370146,
      "lr": 0.0005005000000000001,
      "epoch_time_s": 258.429461479187
    },
    {
      "epoch": 6,
      "train_loss": 0.4553193214289639,
      "val_auc": 0.9310635882704397,
      "val_f1": 0.7434030346490287,
      "val_auc_ecg": 0.9299396380458654,
      "val_delta_meta": 0.0014961147425233134,
      "lr": 0.0003461460113097139,
      "epoch_time_s": 260.0035252571106
    },
    {
      "epoch": 7,
      "train_loss": 0.4344779675706811,
      "val_auc": 0.9314490783061451,
      "val_f1": 0.7419593947139947,
      "val_auc_ecg": 0.9304412396995364,
      "val_delta_meta": 0.0011405166857656468,
      "lr": 0.00020690126647990973,
      "epoch_time_s": 259.1994426250458
    },
    {
      "epoch": 8,
      "train_loss": 0.41151525400100497,
      "val_auc": 0.9319866445143197,
      "val_f1": 0.7445914863139281,
      "val_auc_ecg": 0.9312133945150632,
      "val_delta_meta": 0.0006928208010207326,
      "lr": 9.639601130971382e-05,
      "epoch_time_s": 260.90570282936096
    },
    {
      "epoch": 9,
      "train_loss": 0.3900594886016408,
      "val_auc": 0.9329728365377156,
      "val_f1": 0.73866954311458,
      "val_auc_ecg": 0.9326987369590267,
      "val_delta_meta": 0.00042813208455871887,
      "lr": 2.5447270110570814e-05,
      "epoch_time_s": 258.6485731601715
    },
    {
      "epoch": 10,
      "train_loss": 0.37951133541010934,
      "val_auc": 0.9329618882384414,
      "val_f1": 0.7483261811761734,
      "val_auc_ecg": 0.9325295987544855,
      "val_delta_meta": 0.0005135958569043586,
      "lr": 0.001,
      "epoch_time_s": 259.4163453578949
    }
  ]
}