{
  "metadata": {
    "run_name": "ATLAS_A_v5_demo+anthro_concat_seed2030",
    "variant": "demo+anthro",
    "seed": 2030,
    "meta_hid": 128,
    "lauc_weight": 0.08,
    "no_aug": false,
    "arch_mode": "concat",
    "meta_mask_mode": "real",
    "test_fold": 10,
    "val_fold": 9,
    "timestamp": "2026-05-09T00:12:10.145754",
    "git_sha": "b8fda1f7a68a5b217a3f76d88337426561bd26e4",
    "analysis_plan_sha256": "4ad22e907fbd431a0b443255a3449c0560371997d5ee36a61e164de7aea5c3dc",
    "wall_time_s": 2384.513266324997,
    "train_time_s": 2355.205339193344,
    "gpu_peak_mem_mb": 0,
    "num_parameters": 3951951,
    "dataset_sizes": {
      "train": 17418,
      "val": 2183,
      "test": 2198
    },
    "train_fold_ids": [
      1,
      2,
      3,
      4,
      5,
      6,
      7,
      8
    ],
    "pos_weights": [
      1.2930489778518677,
      2.9776203632354736,
      3.161012887954712,
      3.4581520557403564,
      7.21991491317749
    ],
    "loss_weights": {
      "fused": 0.52,
      "ecg": 0.3,
      "meta": 0.1,
      "lauc": 0.08
    },
    "hardware": {
      "python_version": "3.11.7 | packaged by Anaconda, Inc. | (main, Dec 15 2023, 18:05:47) [MSC v.1916 64 bit (AMD64)]",
      "torch_version": "2.3.1+cpu",
      "cuda_available": false,
      "numpy_version": "1.26.4",
      "sklearn_version": "1.4.2"
    },
    "best_val_auc": 0.9326159714774548,
    "best_val_epoch": 7
  },
  "test": {
    "macro_auc": 0.9278047325872698,
    "macro_auc_ecg": 0.9258007906750599,
    "macro_auc_no_meta": 0.9258174975082657,
    "delta_meta_auc": 0.0019872350790041127,
    "macro_f1_optimal": 0.7434792596311651,
    "macro_f1_fixed_05": 0.7356023866658168,
    "w_fused": 1.0,
    "thresholds": [
      0.33500000834465027,
      0.7099999785423279,
      0.6800000071525574,
      0.7549999952316284,
      0.6800000071525574
    ]
  },
  "per_class": {
    "NORM": {
      "auc": 0.950032161640622,
      "f1": 0.8559322033898306,
      "threshold": 0.33500000834465027
    },
    "MI": {
      "auc": 0.9291714474845542,
      "f1": 0.7316176470588235,
      "threshold": 0.7099999785423279
    },
    "STTC": {
      "auc": 0.9348335902815215,
      "f1": 0.773602199816682,
      "threshold": 0.6800000071525574
    },
    "CD": {
      "auc": 0.9148072950229331,
      "f1": 0.7434002111932418,
      "threshold": 0.7549999952316284
    },
    "HYP": {
      "auc": 0.9101791685067189,
      "f1": 0.6128440366972477,
      "threshold": 0.6800000071525574
    }
  },
  "subgroups": {
    "sex_male": {
      "n": 1066,
      "macro_auc": 0.9192429077125638,
      "per_class_auc": [
        0.943663193503269,
        0.915868131013326,
        0.9219762132313899,
        0.9044154358227586,
        0.9102915649920758
      ]
    },
    "sex_female": {
      "n": 1132,
      "macro_auc": 0.9355901541356868,
      "per_class_auc": [
        0.956845238095238,
        0.9399866932801065,
        0.9450497371691644,
        0.9258495546024413,
        0.9102195475314834
      ]
    },
    "age_lt45": {
      "n": 345,
      "macro_auc": 0.9182609054383576,
      "per_class_auc": [
        0.8831183274021351,
        0.9801306477953184,
        0.9421268386785628,
        0.8616732105104199,
        0.9242555028053518
      ]
    },
    "age_45_65": {
      "n": 703,
      "macro_auc": 0.9267729022599397,
      "per_class_auc": [
        0.9312059169278998,
        0.9252757901013715,
        0.9503912363067293,
        0.9044995794785533,
        0.9224919884851448
      ]
    },
    "age_gt65": {
      "n": 1150,
      "macro_auc": 0.916624138620989,
      "per_class_auc": [
        0.9516416170400479,
        0.9054472294408584,
        0.9134950773558369,
        0.9208356626398972,
        0.891701106628305
      ]
    },
    "meta_complete": {
      "n": 660,
      "macro_auc": 0.9352179687237522,
      "per_class_auc": [
        0.9594219163968207,
        0.9446415276135418,
        0.9324300441826214,
        0.9327160405758228,
        0.9068803148499543
      ]
    },
    "meta_incomplete": {
      "n": 1538,
      "macro_auc": 0.9248678400738672,
      "per_class_auc": [
        0.9468027345410137,
        0.9233610557631251,
        0.9359433797571478,
        0.908181232049704,
        0.9100507982583455
      ]
    },
    "fairness_sex_gap": 0.01634724642312302
  },
  "training_history": [
    {
      "epoch": 1,
      "train_loss": 0.6485132780096946,
      "val_auc": 0.9063379357616543,
      "val_f1": 0.6238656793683317,
      "val_auc_ecg": 0.9039619422460156,
      "val_delta_meta": 0.0011407673755914338,
      "lr": 0.0009755527298894294,
      "epoch_time_s": 234.70333409309387
    },
    {
      "epoch": 2,
      "train_loss": 0.5687735281406192,
      "val_auc": 0.9110295668083281,
      "val_f1": 0.6782055295958935,
      "val_auc_ecg": 0.9114794881324148,
      "val_delta_meta": -0.0004995726481500373,
      "lr": 0.0009046039886902864,
      "epoch_time_s": 234.63550186157227
    },
    {
      "epoch": 3,
      "train_loss": 0.5295506516181001,
      "val_auc": 0.9171455058762292,
      "val_f1": 0.7113025395153045,
      "val_auc_ecg": 0.9163903607907786,
      "val_delta_meta": -0.000495855710180515,
      "lr": 0.0007940987335200904,
      "epoch_time_s": 234.9046130180359
    },
    {
      "epoch": 4,
      "train_loss": 0.5059190477799932,
      "val_auc": 0.9213872642208842,
      "val_f1": 0.7335743364286692,
      "val_auc_ecg": 0.9206412618141538,
      "val_delta_meta": -0.0004218219572760251,
      "lr": 0.0006548539886902864,
      "epoch_time_s": 234.51217317581177
    },
    {
      "epoch": 5,
      "train_loss": 0.4783603968423441,
      "val_auc": 0.925214258406857,
      "val_f1": 0.7250744818775188,
      "val_auc_ecg": 0.9246170729131414,
      "val_delta_meta": -0.0004893386661062316,
      "lr": 0.0005005000000000001,
      "epoch_time_s": 234.0578956604004
    },
    {
      "epoch": 6,
      "train_loss": 0.4572779005820598,
      "val_auc": 0.9299454145518758,
      "val_f1": 0.7296226036034063,
      "val_auc_ecg": 0.9297703649863209,
      "val_delta_meta": -0.0006085375343357624,
      "lr": 0.0003461460113097139,
      "epoch_time_s": 234.5891170501709
    },
    {
      "epoch": 7,
      "train_loss": 0.4321261919146284,
      "val_auc": 0.9326159714774548,
      "val_f1": 0.7370956848732011,
      "val_auc_ecg": 0.9318260575094224,
      "val_delta_meta": 0.0005776527418538402,
      "lr": 0.00020690126647990973,
      "epoch_time_s": 234.36256909370422
    },
    {
      "epoch": 8,
      "train_loss": 0.4091991704538328,
      "val_auc": 0.9299941043360864,
      "val_f1": 0.7378049063166505,
      "val_auc_ecg": 0.9296995165827966,
      "val_delta_meta": -0.0001038243131075145,
      "lr": 9.639601130971382e-05,
      "epoch_time_s": 234.90133953094482
    },
    {
      "epoch": 9,
      "train_loss": 0.38916046028837153,
      "val_auc": 0.9317579094945845,
      "val_f1": 0.7410748709740114,
      "val_auc_ecg": 0.9312277296433005,
      "val_delta_meta": 0.0003451103757166063,
      "lr": 2.5447270110570814e-05,
      "epoch_time_s": 235.0114860534668
    },
    {
      "epoch": 10,
      "train_loss": 0.3774641414301111,
      "val_auc": 0.9307266178729818,
      "val_f1": 0.7431920497319318,
      "val_auc_ecg": 0.9302484890522521,
      "val_delta_meta": 1.204820785127847e-05,
      "lr": 0.001,
      "epoch_time_s": 234.9440848827362
    }
  ]
}