{
  "metadata": {
    "run_name": "ATLAS_A_v5_demo+anthro_no_glu_seed2025",
    "variant": "demo+anthro",
    "seed": 2025,
    "meta_hid": 128,
    "lauc_weight": 0.08,
    "no_aug": false,
    "arch_mode": "no_glu",
    "meta_mask_mode": "real",
    "test_fold": 10,
    "val_fold": 9,
    "timestamp": "2026-05-09T10:17:26.848162",
    "git_sha": "b8fda1f7a68a5b217a3f76d88337426561bd26e4",
    "analysis_plan_sha256": "4ad22e907fbd431a0b443255a3449c0560371997d5ee36a61e164de7aea5c3dc",
    "wall_time_s": 2629.449898481369,
    "train_time_s": 2600.2877326011658,
    "gpu_peak_mem_mb": 0,
    "num_parameters": 3951951,
    "dataset_sizes": {
      "train": 17418,
      "val": 2183,
      "test": 2198
    },
    "train_fold_ids": [
      1,
      2,
      3,
      4,
      5,
      6,
      7,
      8
    ],
    "pos_weights": [
      1.2930489778518677,
      2.9776203632354736,
      3.161012887954712,
      3.4581520557403564,
      7.21991491317749
    ],
    "loss_weights": {
      "fused": 0.52,
      "ecg": 0.3,
      "meta": 0.1,
      "lauc": 0.08
    },
    "hardware": {
      "python_version": "3.11.7 | packaged by Anaconda, Inc. | (main, Dec 15 2023, 18:05:47) [MSC v.1916 64 bit (AMD64)]",
      "torch_version": "2.3.1+cpu",
      "cuda_available": false,
      "numpy_version": "1.26.4",
      "sklearn_version": "1.4.2"
    },
    "best_val_auc": 0.9321389440630018,
    "best_val_epoch": 10
  },
  "test": {
    "macro_auc": 0.9290937062765305,
    "macro_auc_ecg": 0.9280232660098203,
    "macro_auc_no_meta": 0.9278767585495624,
    "delta_meta_auc": 0.0012169477269681206,
    "macro_f1_optimal": 0.7474579391218756,
    "macro_f1_fixed_05": 0.740456682907914,
    "w_fused": 1.0,
    "thresholds": [
      0.6200000047683716,
      0.4399999976158142,
      0.5899999737739563,
      0.8149999976158142,
      0.7099999785423279
    ]
  },
  "per_class": {
    "NORM": {
      "auc": 0.9511882990486039,
      "f1": 0.8654858784107229,
      "threshold": 0.6200000047683716
    },
    "MI": {
      "auc": 0.9314386584289496,
      "f1": 0.7457044673539519,
      "threshold": 0.4399999976158142
    },
    "STTC": {
      "auc": 0.9366270771886092,
      "f1": 0.7767857142857143,
      "threshold": 0.5899999737739563
    },
    "CD": {
      "auc": 0.9174547970130018,
      "f1": 0.7359307359307359,
      "threshold": 0.8149999976158142
    },
    "HYP": {
      "auc": 0.9087596997034888,
      "f1": 0.6133828996282528,
      "threshold": 0.7099999785423279
    }
  },
  "subgroups": {
    "sex_male": {
      "n": 1066,
      "macro_auc": 0.9219151930874503,
      "per_class_auc": [
        0.9470496181688731,
        0.9221445969400406,
        0.922352306113058,
        0.9102870813397128,
        0.9077423628755671
      ]
    },
    "sex_female": {
      "n": 1132,
      "macro_auc": 0.9357648445627671,
      "per_class_auc": [
        0.9564268096244841,
        0.9391116756386217,
        0.9480866785629657,
        0.9253807150671134,
        0.9098183439206508
      ]
    },
    "age_lt45": {
      "n": 345,
      "macro_auc": 0.9214788705505296,
      "per_class_auc": [
        0.8912922597864769,
        0.9855743059335873,
        0.9608150470219436,
        0.8579734219269103,
        0.911739318083729
      ]
    },
    "age_45_65": {
      "n": 703,
      "macro_auc": 0.927241277600549,
      "per_class_auc": [
        0.9302099660397074,
        0.9260832836414232,
        0.9514997391757956,
        0.9043734230445751,
        0.9240399761012438
      ]
    },
    "age_gt65": {
      "n": 1150,
      "macro_auc": 0.9176763567142213,
      "per_class_auc": [
        0.9527838169959353,
        0.9085321485455611,
        0.9131997187060479,
        0.9265925978031091,
        0.8872735015204538
      ]
    },
    "meta_complete": {
      "n": 660,
      "macro_auc": 0.9409782114909447,
      "per_class_auc": [
        0.9626600677068,
        0.9436196148848888,
        0.9421266568483063,
        0.943173873963847,
        0.913310844050882
      ]
    },
    "meta_incomplete": {
      "n": 1538,
      "macro_auc": 0.923875066269817,
      "per_class_auc": [
        0.9465251866076184,
        0.9267273001784131,
        0.9338412150366606,
        0.9077732840982358,
        0.9045083454281568
      ]
    },
    "fairness_sex_gap": 0.013849651475316804
  },
  "training_history": [
    {
      "epoch": 1,
      "train_loss": 0.6598178651354728,
      "val_auc": 0.8952063151228586,
      "val_f1": 0.6727166026216682,
      "val_auc_ecg": 0.8920599666355136,
      "val_delta_meta": 0.003919254358504931,
      "lr": 0.0009755527298894294,
      "epoch_time_s": 242.64555549621582
    },
    {
      "epoch": 2,
      "train_loss": 0.5679222158882596,
      "val_auc": 0.9090901004890453,
      "val_f1": 0.6930310174175907,
      "val_auc_ecg": 0.9109757826923662,
      "val_delta_meta": -7.428948857168827e-05,
      "lr": 0.0009046039886902864,
      "epoch_time_s": 243.30522298812866
    },
    {
      "epoch": 3,
      "train_loss": 0.531217648348677,
      "val_auc": 0.9168290371045732,
      "val_f1": 0.7082429594435716,
      "val_auc_ecg": 0.9158123426430936,
      "val_delta_meta": 0.0007926271556254472,
      "lr": 0.0007940987335200904,
      "epoch_time_s": 256.35224509239197
    },
    {
      "epoch": 4,
      "train_loss": 0.5046408079086093,
      "val_auc": 0.9204316482242506,
      "val_f1": 0.7074367292514673,
      "val_auc_ecg": 0.9192552856793623,
      "val_delta_meta": 0.0010885160824930518,
      "lr": 0.0006548539886902864,
      "epoch_time_s": 263.3618688583374
    },
    {
      "epoch": 5,
      "train_loss": 0.48382837745027807,
      "val_auc": 0.9231711081557205,
      "val_f1": 0.7230143453103074,
      "val_auc_ecg": 0.9211749930557642,
      "val_delta_meta": 0.0005302628931707076,
      "lr": 0.0005005000000000001,
      "epoch_time_s": 262.2490801811218
    },
    {
      "epoch": 6,
      "train_loss": 0.4609907466884053,
      "val_auc": 0.9257911526855759,
      "val_f1": 0.7214980273374497,
      "val_auc_ecg": 0.9250802223977933,
      "val_delta_meta": 7.037305602930477e-05,
      "lr": 0.0003461460113097139,
      "epoch_time_s": 262.93535900115967
    },
    {
      "epoch": 7,
      "train_loss": 0.4399634275141112,
      "val_auc": 0.9285100773768014,
      "val_f1": 0.7284551597603077,
      "val_auc_ecg": 0.9286041984858961,
      "val_delta_meta": 7.642834646981456e-05,
      "lr": 0.00020690126647990973,
      "epoch_time_s": 263.7392563819885
    },
    {
      "epoch": 8,
      "train_loss": 0.42210863046689867,
      "val_auc": 0.9293556850816014,
      "val_f1": 0.7435432335657601,
      "val_auc_ecg": 0.9297752542941631,
      "val_delta_meta": -0.0012968486725514206,
      "lr": 9.639601130971382e-05,
      "epoch_time_s": 264.6549184322357
    },
    {
      "epoch": 9,
      "train_loss": 0.40250372115625155,
      "val_auc": 0.9315792978651573,
      "val_f1": 0.7392673382756044,
      "val_auc_ecg": 0.9321672057969159,
      "val_delta_meta": -0.00037407424826796376,
      "lr": 2.5447270110570814e-05,
      "epoch_time_s": 264.52839279174805
    },
    {
      "epoch": 10,
      "train_loss": 0.38968668610130974,
      "val_auc": 0.9321389440630018,
      "val_f1": 0.7421900896083644,
      "val_auc_ecg": 0.9321170921792893,
      "val_delta_meta": -0.000148760355734745,
      "lr": 0.001,
      "epoch_time_s": 265.4980251789093
    }
  ]
}