{
  "metadata": {
    "run_name": "ATLAS_A_v5_demo+anthro_lauc0.16_seed2033",
    "variant": "demo+anthro",
    "seed": 2033,
    "meta_hid": 128,
    "lauc_weight": 0.16,
    "no_aug": false,
    "arch_mode": "standard",
    "meta_mask_mode": "real",
    "test_fold": 10,
    "val_fold": 9,
    "timestamp": "2026-05-07T21:57:04.465235",
    "git_sha": "b8fda1f7a68a5b217a3f76d88337426561bd26e4",
    "analysis_plan_sha256": "4ad22e907fbd431a0b443255a3449c0560371997d5ee36a61e164de7aea5c3dc",
    "wall_time_s": 2657.3528203964233,
    "train_time_s": 2628.039573431015,
    "gpu_peak_mem_mb": 0,
    "num_parameters": 3951951,
    "dataset_sizes": {
      "train": 17418,
      "val": 2183,
      "test": 2198
    },
    "train_fold_ids": [
      1,
      2,
      3,
      4,
      5,
      6,
      7,
      8
    ],
    "pos_weights": [
      1.2930489778518677,
      2.9776203632354736,
      3.161012887954712,
      3.4581520557403564,
      7.21991491317749
    ],
    "loss_weights": {
      "fused": 0.43999999999999995,
      "ecg": 0.3,
      "meta": 0.1,
      "lauc": 0.16
    },
    "hardware": {
      "python_version": "3.11.7 | packaged by Anaconda, Inc. | (main, Dec 15 2023, 18:05:47) [MSC v.1916 64 bit (AMD64)]",
      "torch_version": "2.3.1+cpu",
      "cuda_available": false,
      "numpy_version": "1.26.4",
      "sklearn_version": "1.4.2"
    },
    "best_val_auc": 0.9321994264436286,
    "best_val_epoch": 9
  },
  "test": {
    "macro_auc": 0.9281365382958887,
    "macro_auc_ecg": 0.9272743509701135,
    "macro_auc_no_meta": 0.9274884785753169,
    "delta_meta_auc": 0.0006480597205718031,
    "macro_f1_optimal": 0.7425291729269988,
    "macro_f1_fixed_05": 0.7375030689767981,
    "w_fused": 1.0,
    "thresholds": [
      0.7850000262260437,
      0.6499999761581421,
      0.7099999785423279,
      0.7099999785423279,
      0.6050000190734863
    ]
  },
  "per_class": {
    "NORM": {
      "auc": 0.9487141649955225,
      "f1": 0.8661654135338346,
      "threshold": 0.7850000262260437
    },
    "MI": {
      "auc": 0.9314905119152692,
      "f1": 0.7306967984934086,
      "threshold": 0.6499999761581421
    },
    "STTC": {
      "auc": 0.9388892513250858,
      "f1": 0.7730294396961064,
      "threshold": 0.7099999785423279
    },
    "CD": {
      "auc": 0.9133810791857776,
      "f1": 0.7417355371900827,
      "threshold": 0.7099999785423279
    },
    "HYP": {
      "auc": 0.9082076840577881,
      "f1": 0.601018675721562,
      "threshold": 0.6050000190734863
    }
  },
  "subgroups": {
    "sex_male": {
      "n": 1066,
      "macro_auc": 0.9219543771131281,
      "per_class_auc": [
        0.9442053105788726,
        0.9239385674489156,
        0.9239097731053768,
        0.9074266694403994,
        0.9102915649920758
      ]
    },
    "sex_female": {
      "n": 1132,
      "macro_auc": 0.9341826219376068,
      "per_class_auc": [
        0.9536205073995772,
        0.93814794653118,
        0.9514041018052392,
        0.9206489086457484,
        0.9070916453062893
      ]
    },
    "age_lt45": {
      "n": 345,
      "macro_auc": 0.9235681930552391,
      "per_class_auc": [
        0.8861209964412812,
        0.9869352204681545,
        0.9573185435254401,
        0.8440048323769255,
        0.9434613724643937
      ]
    },
    "age_45_65": {
      "n": 703,
      "macro_auc": 0.9264025802135845,
      "per_class_auc": [
        0.9308467215256009,
        0.9286175710594314,
        0.9550991131977047,
        0.90201850294365,
        0.9154309923415349
      ]
    },
    "age_gt65": {
      "n": 1150,
      "macro_auc": 0.9170859974929384,
      "per_class_auc": [
        0.9495738412578378,
        0.9075329030094728,
        0.9163853727144866,
        0.9234086979700787,
        0.888529172512816
      ]
    },
    "meta_complete": {
      "n": 660,
      "macro_auc": 0.9362778870972637,
      "per_class_auc": [
        0.9551534442154843,
        0.9333420925852932,
        0.9373431516936672,
        0.946070108858484,
        0.9094806381333895
      ]
    },
    "meta_incomplete": {
      "n": 1538,
      "macro_auc": 0.9247751085641058,
      "per_class_auc": [
        0.9464618709853125,
        0.9299106658699392,
        0.9393221185553013,
        0.9016587538831253,
        0.9065221335268505
      ]
    },
    "fairness_sex_gap": 0.012228244824478707
  },
  "training_history": [
    {
      "epoch": 1,
      "train_loss": 0.6379540528179308,
      "val_auc": 0.899057408819165,
      "val_f1": 0.6680377720428616,
      "val_auc_ecg": 0.8993120619688348,
      "val_delta_meta": 0.0008260847162467888,
      "lr": 0.0009755527298894294,
      "epoch_time_s": 243.07068371772766
    },
    {
      "epoch": 2,
      "train_loss": 0.5533704667463215,
      "val_auc": 0.9085950381389811,
      "val_f1": 0.6961564109241687,
      "val_auc_ecg": 0.9078128390249601,
      "val_delta_meta": 0.0009114368478488899,
      "lr": 0.0009046039886902864,
      "epoch_time_s": 242.9665331840515
    },
    {
      "epoch": 3,
      "train_loss": 0.5149734534254862,
      "val_auc": 0.9124669473073542,
      "val_f1": 0.7136951938476394,
      "val_auc_ecg": 0.9119343395270707,
      "val_delta_meta": 0.0007733335631602278,
      "lr": 0.0007940987335200904,
      "epoch_time_s": 259.1840867996216
    },
    {
      "epoch": 4,
      "train_loss": 0.493897298771307,
      "val_auc": 0.9235736846783075,
      "val_f1": 0.7062007936469124,
      "val_auc_ecg": 0.9217709136195807,
      "val_delta_meta": 0.001265244392940068,
      "lr": 0.0006548539886902864,
      "epoch_time_s": 271.8908145427704
    },
    {
      "epoch": 5,
      "train_loss": 0.46947635133332066,
      "val_auc": 0.9284194365599211,
      "val_f1": 0.7325762915876037,
      "val_auc_ecg": 0.9272514175949397,
      "val_delta_meta": 0.0010585408450453082,
      "lr": 0.0005005000000000001,
      "epoch_time_s": 266.7333698272705
    },
    {
      "epoch": 6,
      "train_loss": 0.44902786661725524,
      "val_auc": 0.9293290985256244,
      "val_f1": 0.7313102821857095,
      "val_auc_ecg": 0.9285120833246145,
      "val_delta_meta": 0.0010787302919006425,
      "lr": 0.0003461460113097139,
      "epoch_time_s": 266.7672872543335
    },
    {
      "epoch": 7,
      "train_loss": 0.42812988629581733,
      "val_auc": 0.9286244931490882,
      "val_f1": 0.7320657772220408,
      "val_auc_ecg": 0.9281632251313019,
      "val_delta_meta": 8.878600573325457e-05,
      "lr": 0.00020690126647990973,
      "epoch_time_s": 266.7257466316223
    },
    {
      "epoch": 8,
      "train_loss": 0.40632038272302085,
      "val_auc": 0.9313617112516257,
      "val_f1": 0.7338305689991154,
      "val_auc_ecg": 0.9312278907625228,
      "val_delta_meta": 0.000482062564237995,
      "lr": 9.639601130971382e-05,
      "epoch_time_s": 267.0698711872101
    },
    {
      "epoch": 9,
      "train_loss": 0.38702488629096143,
      "val_auc": 0.9321994264436286,
      "val_f1": 0.7401177057296924,
      "val_auc_ecg": 0.9317519429218318,
      "val_delta_meta": 0.00020534242283931636,
      "lr": 2.5447270110570814e-05,
      "epoch_time_s": 267.20043683052063
    },
    {
      "epoch": 10,
      "train_loss": 0.37248195776151954,
      "val_auc": 0.9316450603456152,
      "val_f1": 0.7425309557919012,
      "val_auc_ecg": 0.9311248664906872,
      "val_delta_meta": 0.0004748882532993326,
      "lr": 0.001,
      "epoch_time_s": 266.9730005264282
    }
  ]
}