{
  "metadata": {
    "run_name": "ATLAS_A_v5_demo+anthro_trainmask_seed2030",
    "variant": "demo+anthro",
    "seed": 2030,
    "meta_hid": 128,
    "lauc_weight": 0.08,
    "no_aug": false,
    "arch_mode": "standard",
    "meta_mask_mode": "trainmask",
    "test_fold": 10,
    "val_fold": 9,
    "timestamp": "2026-05-10T19:37:30.074504",
    "git_sha": "b8fda1f7a68a5b217a3f76d88337426561bd26e4",
    "analysis_plan_sha256": "4ad22e907fbd431a0b443255a3449c0560371997d5ee36a61e164de7aea5c3dc",
    "wall_time_s": 2620.863449573517,
    "train_time_s": 2591.2487790584564,
    "gpu_peak_mem_mb": 0,
    "num_parameters": 3951951,
    "dataset_sizes": {
      "train": 17418,
      "val": 2183,
      "test": 2198
    },
    "train_fold_ids": [
      1,
      2,
      3,
      4,
      5,
      6,
      7,
      8
    ],
    "pos_weights": [
      1.2930489778518677,
      2.9776203632354736,
      3.161012887954712,
      3.4581520557403564,
      7.21991491317749
    ],
    "loss_weights": {
      "fused": 0.52,
      "ecg": 0.3,
      "meta": 0.1,
      "lauc": 0.08
    },
    "hardware": {
      "python_version": "3.11.7 | packaged by Anaconda, Inc. | (main, Dec 15 2023, 18:05:47) [MSC v.1916 64 bit (AMD64)]",
      "torch_version": "2.3.1+cpu",
      "cuda_available": false,
      "numpy_version": "1.26.4",
      "sklearn_version": "1.4.2"
    },
    "best_val_auc": 0.5017038881181777,
    "best_val_epoch": 1
  },
  "test": {
    "macro_auc": 0.5032272794667954,
    "macro_auc_ecg": 0.8916960804749656,
    "macro_auc_no_meta": 0.8963016660057634,
    "delta_meta_auc": -0.3930743865389681,
    "macro_f1_optimal": 0.26130486746989395,
    "macro_f1_fixed_05": 0.26130486746989395,
    "w_fused": 1.0,
    "thresholds": [
      0.05000000074505806,
      0.05000000074505806,
      0.05000000074505806,
      0.05000000074505806,
      0.05000000074505806
    ]
  },
  "per_class": {
    "NORM": {
      "auc": 0.4742479851678081,
      "f1": 0.5611208406304729,
      "threshold": 0.05000000074505806
    },
    "MI": {
      "auc": 0.5,
      "f1": 0.0,
      "threshold": 0.05000000074505806
    },
    "STTC": {
      "auc": 0.5400083779988257,
      "f1": 0.37729900157645824,
      "threshold": 0.05000000074505806
    },
    "CD": {
      "auc": 0.492903865471362,
      "f1": 0.18973214285714285,
      "threshold": 0.05000000074505806
    },
    "HYP": {
      "auc": 0.5089761686959813,
      "f1": 0.17837235228539577,
      "threshold": 0.05000000074505806
    }
  },
  "subgroups": {
    "sex_male": {
      "n": 1066,
      "macro_auc": 0.5100720450222832,
      "per_class_auc": [
        0.46680978557462594,
        0.5,
        0.572415578209621,
        0.4981121281464531,
        0.5130227331807166
      ]
    },
    "sex_female": {
      "n": 1132,
      "macro_auc": 0.49818150372443737,
      "per_class_auc": [
        0.4820736434108527,
        0.5,
        0.5152330659083986,
        0.48844831478233686,
        0.5051524945205988
      ]
    },
    "age_lt45": {
      "n": 345,
      "macro_auc": 0.4895101082736007,
      "per_class_auc": [
        0.47283696619217075,
        0.5,
        0.4669640704123462,
        0.4919963757173059,
        0.5157531290461804
      ]
    },
    "age_45_65": {
      "n": 703,
      "macro_auc": 0.4993440270339766,
      "per_class_auc": [
        0.4950161637931034,
        0.5,
        0.5139866979655713,
        0.4878259041211102,
        0.49989136929009825
      ]
    },
    "age_gt65": {
      "n": 1150,
      "macro_auc": 0.5051174597150506,
      "per_class_auc": [
        0.46984985978510885,
        0.5,
        0.5295007032348804,
        0.4885638760648479,
        0.537672859490416
      ]
    },
    "meta_complete": {
      "n": 660,
      "macro_auc": 0.4864003168786203,
      "per_class_auc": [
        0.42884806446864876,
        0.5,
        0.5098792341678939,
        0.5091309868599393,
        0.48414329889661956
      ]
    },
    "meta_incomplete": {
      "n": 1538,
      "macro_auc": 0.5093794629662916,
      "per_class_auc": [
        0.5095398428731762,
        0.5,
        0.5491644683244753,
        0.5031580798311939,
        0.4850349238026125
      ]
    },
    "fairness_sex_gap": 0.011890541297845836
  },
  "training_history": [
    {
      "epoch": 1,
      "train_loss": 0.5929655145614519,
      "val_auc": 0.5017038881181777,
      "val_f1": 0.26251667696058645,
      "val_auc_ecg": 0.9018058665991069,
      "val_delta_meta": -0.40573396020148056,
      "lr": 0.0009755527298894294,
      "epoch_time_s": 244.77259922027588
    },
    {
      "epoch": 2,
      "train_loss": 0.5113332080731698,
      "val_auc": 0.5017038881181777,
      "val_f1": 0.26251667696058645,
      "val_auc_ecg": 0.9098929479620305,
      "val_delta_meta": -0.41063624410243826,
      "lr": 0.0009046039886902864,
      "epoch_time_s": 244.1492018699646
    },
    {
      "epoch": 3,
      "train_loss": 0.4743683793676009,
      "val_auc": 0.5017038881181777,
      "val_f1": 0.26251667696058645,
      "val_auc_ecg": 0.9153683276660051,
      "val_delta_meta": -0.41493220954452326,
      "lr": 0.0007940987335200904,
      "epoch_time_s": 256.2944040298462
    },
    {
      "epoch": 4,
      "train_loss": 0.45303161923491625,
      "val_auc": 0.5017038881181777,
      "val_f1": 0.26251667696058645,
      "val_auc_ecg": 0.9222202433242854,
      "val_delta_meta": -0.42092492899415257,
      "lr": 0.0006548539886902864,
      "epoch_time_s": 263.37172198295593
    },
    {
      "epoch": 5,
      "train_loss": 0.427937499262871,
      "val_auc": 0.5017038881181777,
      "val_f1": 0.26251667696058645,
      "val_auc_ecg": 0.9240921987602899,
      "val_delta_meta": -0.42290322710968664,
      "lr": 0.0005005000000000001,
      "epoch_time_s": 263.1967589855194
    },
    {
      "epoch": 6,
      "train_loss": 0.40889225531061857,
      "val_auc": 0.5017038881181777,
      "val_f1": 0.26251667696058645,
      "val_auc_ecg": 0.9288385766956384,
      "val_delta_meta": -0.4276753362813325,
      "lr": 0.0003461460113097139,
      "epoch_time_s": 262.36798000335693
    },
    {
      "epoch": 7,
      "train_loss": 0.3850624717703653,
      "val_auc": 0.5017038881181777,
      "val_f1": 0.26251667696058645,
      "val_auc_ecg": 0.9320028781621129,
      "val_delta_meta": -0.43027879734959573,
      "lr": 0.00020690126647990973,
      "epoch_time_s": 263.3844473361969
    },
    {
      "epoch": 8,
      "train_loss": 0.3638710051501563,
      "val_auc": 0.5017038881181777,
      "val_f1": 0.26251667696058645,
      "val_auc_ecg": 0.9289498178166771,
      "val_delta_meta": -0.4273492856791681,
      "lr": 9.639601130971382e-05,
      "epoch_time_s": 263.348375082016
    },
    {
      "epoch": 9,
      "train_loss": 0.3451987554994198,
      "val_auc": 0.5017038881181777,
      "val_f1": 0.26251667696058645,
      "val_auc_ecg": 0.931119980359218,
      "val_delta_meta": -0.42962974248158714,
      "lr": 2.5447270110570814e-05,
      "epoch_time_s": 263.28931164741516
    },
    {
      "epoch": 10,
      "train_loss": 0.33484508772508814,
      "val_auc": 0.5017038881181777,
      "val_f1": 0.26251667696058645,
      "val_auc_ecg": 0.930672134383502,
      "val_delta_meta": -0.42899844859127945,
      "lr": 0.001,
      "epoch_time_s": 263.1926760673523
    }
  ]
}