{
  "metadata": {
    "run_name": "ATLAS_A_v5_demo+anthro_lauc0.16_seed2032",
    "variant": "demo+anthro",
    "seed": 2032,
    "meta_hid": 128,
    "lauc_weight": 0.16,
    "no_aug": false,
    "arch_mode": "standard",
    "meta_mask_mode": "real",
    "test_fold": 10,
    "val_fold": 9,
    "timestamp": "2026-05-07T21:12:43.554751",
    "git_sha": "b8fda1f7a68a5b217a3f76d88337426561bd26e4",
    "analysis_plan_sha256": "4ad22e907fbd431a0b443255a3449c0560371997d5ee36a61e164de7aea5c3dc",
    "wall_time_s": 2634.3816606998444,
    "train_time_s": 2605.0646080970764,
    "gpu_peak_mem_mb": 0,
    "num_parameters": 3951951,
    "dataset_sizes": {
      "train": 17418,
      "val": 2183,
      "test": 2198
    },
    "train_fold_ids": [
      1,
      2,
      3,
      4,
      5,
      6,
      7,
      8
    ],
    "pos_weights": [
      1.2930489778518677,
      2.9776203632354736,
      3.161012887954712,
      3.4581520557403564,
      7.21991491317749
    ],
    "loss_weights": {
      "fused": 0.43999999999999995,
      "ecg": 0.3,
      "meta": 0.1,
      "lauc": 0.16
    },
    "hardware": {
      "python_version": "3.11.7 | packaged by Anaconda, Inc. | (main, Dec 15 2023, 18:05:47) [MSC v.1916 64 bit (AMD64)]",
      "torch_version": "2.3.1+cpu",
      "cuda_available": false,
      "numpy_version": "1.26.4",
      "sklearn_version": "1.4.2"
    },
    "best_val_auc": 0.9330444575081458,
    "best_val_epoch": 10
  },
  "test": {
    "macro_auc": 0.92816561090953,
    "macro_auc_ecg": 0.9260681450558875,
    "macro_auc_no_meta": 0.9266668754474111,
    "delta_meta_auc": 0.001498735462118872,
    "macro_f1_optimal": 0.7466323141967375,
    "macro_f1_fixed_05": 0.740784397799561,
    "w_fused": 1.0,
    "thresholds": [
      0.6949999928474426,
      0.6349999904632568,
      0.5899999737739563,
      0.7850000262260437,
      0.574999988079071
    ]
  },
  "per_class": {
    "NORM": {
      "auc": 0.9482323710065963,
      "f1": 0.8660405338606031,
      "threshold": 0.6949999928474426
    },
    "MI": {
      "auc": 0.9325639894086495,
      "f1": 0.7470956210902592,
      "threshold": 0.6349999904632568
    },
    "STTC": {
      "auc": 0.935899152700474,
      "f1": 0.7646017699115044,
      "threshold": 0.5899999737739563
    },
    "CD": {
      "auc": 0.9201970641749744,
      "f1": 0.7505285412262156,
      "threshold": 0.7850000262260437
    },
    "HYP": {
      "auc": 0.9039354772569554,
      "f1": 0.6048951048951049,
      "threshold": 0.574999988079071
    }
  },
  "subgroups": {
    "sex_male": {
      "n": 1066,
      "macro_auc": 0.9183358998926259,
      "per_class_auc": [
        0.9424560794815916,
        0.9189796245788545,
        0.9184984602314963,
        0.9123465779072187,
        0.8993987572639682
      ]
    },
    "sex_female": {
      "n": 1132,
      "macro_auc": 0.9372240925952703,
      "per_class_auc": [
        0.9544605104198127,
        0.9437085425109377,
        0.9510559174416187,
        0.9287711194846238,
        0.908124373119358
      ]
    },
    "age_lt45": {
      "n": 345,
      "macro_auc": 0.9093734504531321,
      "per_class_auc": [
        0.8781694839857651,
        0.9741426238432226,
        0.9684108994453823,
        0.8554062216852915,
        0.8707380233059993
      ]
    },
    "age_45_65": {
      "n": 703,
      "macro_auc": 0.9253567334074401,
      "per_class_auc": [
        0.9320549242424242,
        0.9288411846551381,
        0.9508998435054774,
        0.9001541911970844,
        0.9148335234370757
      ]
    },
    "age_gt65": {
      "n": 1150,
      "macro_auc": 0.917837468862461,
      "per_class_auc": [
        0.9479078047704571,
        0.9101215525190711,
        0.9102637130801687,
        0.9335934752266678,
        0.88730079871594
      ]
    },
    "meta_complete": {
      "n": 660,
      "macro_auc": 0.9423412737752777,
      "per_class_auc": [
        0.9587503679717397,
        0.9484664009693572,
        0.9396288659793814,
        0.9513917621377923,
        0.9134689718181179
      ]
    },
    "meta_incomplete": {
      "n": 1538,
      "macro_auc": 0.9218979740677196,
      "per_class_auc": [
        0.9444296997104829,
        0.9255960038872361,
        0.9340570081855918,
        0.9082328116757517,
        0.8971743468795356
      ]
    },
    "fairness_sex_gap": 0.018888192702644413
  },
  "training_history": [
    {
      "epoch": 1,
      "train_loss": 0.627039872178244,
      "val_auc": 0.907039020581671,
      "val_f1": 0.6986392558432859,
      "val_auc_ecg": 0.9049679404724815,
      "val_delta_meta": 0.0009932338848103184,
      "lr": 0.0009755527298894294,
      "epoch_time_s": 242.0458664894104
    },
    {
      "epoch": 2,
      "train_loss": 0.5421817229428423,
      "val_auc": 0.9078986118829224,
      "val_f1": 0.6859903383765356,
      "val_auc_ecg": 0.9039730583715254,
      "val_delta_meta": 0.0023464967442674567,
      "lr": 0.0009046039886902864,
      "epoch_time_s": 241.94897055625916
    },
    {
      "epoch": 3,
      "train_loss": 0.5139763672964288,
      "val_auc": 0.9177228150911126,
      "val_f1": 0.7032005206629386,
      "val_auc_ecg": 0.9166280331948544,
      "val_delta_meta": -0.0007818510923638389,
      "lr": 0.0007940987335200904,
      "epoch_time_s": 257.7113211154938
    },
    {
      "epoch": 4,
      "train_loss": 0.4897760194375974,
      "val_auc": 0.9219003643297965,
      "val_f1": 0.7198315794447924,
      "val_auc_ecg": 0.920099564033516,
      "val_delta_meta": -0.0009710039748573873,
      "lr": 0.0006548539886902864,
      "epoch_time_s": 264.6300003528595
    },
    {
      "epoch": 5,
      "train_loss": 0.4673038295923023,
      "val_auc": 0.9280129669581877,
      "val_f1": 0.717498500130354,
      "val_auc_ecg": 0.9259601462468945,
      "val_delta_meta": 0.000849487387513892,
      "lr": 0.0005005000000000001,
      "epoch_time_s": 264.077134847641
    },
    {
      "epoch": 6,
      "train_loss": 0.4448485515259821,
      "val_auc": 0.9274686455320518,
      "val_f1": 0.7348788134178093,
      "val_auc_ecg": 0.9284787723796926,
      "val_delta_meta": -0.0011611620939842027,
      "lr": 0.0003461460113097139,
      "epoch_time_s": 263.7278323173523
    },
    {
      "epoch": 7,
      "train_loss": 0.4245788281937258,
      "val_auc": 0.9291415059937516,
      "val_f1": 0.7367919534936102,
      "val_auc_ecg": 0.9279831992246479,
      "val_delta_meta": -0.00030225218872115267,
      "lr": 0.00020690126647990973,
      "epoch_time_s": 264.5455963611603
    },
    {
      "epoch": 8,
      "train_loss": 0.3998853906578974,
      "val_auc": 0.9308558443495437,
      "val_f1": 0.7466625971196496,
      "val_auc_ecg": 0.9297166058133113,
      "val_delta_meta": 0.00028053879951972505,
      "lr": 9.639601130971382e-05,
      "epoch_time_s": 265.1456096172333
    },
    {
      "epoch": 9,
      "train_loss": 0.382217724224843,
      "val_auc": 0.9301053910374186,
      "val_f1": 0.744337295990394,
      "val_auc_ecg": 0.9290203335682113,
      "val_delta_meta": 0.00012649606995862595,
      "lr": 2.5447270110570814e-05,
      "epoch_time_s": 265.6495268344879
    },
    {
      "epoch": 10,
      "train_loss": 0.3684455741982941,
      "val_auc": 0.9330444575081458,
      "val_f1": 0.7482419719907061,
      "val_auc_ecg": 0.9323571943823202,
      "val_delta_meta": 0.0001728915531936659,
      "lr": 0.001,
      "epoch_time_s": 265.8526701927185
    }
  ]
}