{
  "metadata": {
    "run_name": "ATLAS_A_v5_demo+anthro_no_glu_seed2029",
    "variant": "demo+anthro",
    "seed": 2029,
    "meta_hid": 128,
    "lauc_weight": 0.08,
    "no_aug": false,
    "arch_mode": "no_glu",
    "meta_mask_mode": "real",
    "test_fold": 10,
    "val_fold": 9,
    "timestamp": "2026-05-09T13:12:53.162480",
    "git_sha": "b8fda1f7a68a5b217a3f76d88337426561bd26e4",
    "analysis_plan_sha256": "4ad22e907fbd431a0b443255a3449c0560371997d5ee36a61e164de7aea5c3dc",
    "wall_time_s": 2622.816969871521,
    "train_time_s": 2593.6378014087677,
    "gpu_peak_mem_mb": 0,
    "num_parameters": 3951951,
    "dataset_sizes": {
      "train": 17418,
      "val": 2183,
      "test": 2198
    },
    "train_fold_ids": [
      1,
      2,
      3,
      4,
      5,
      6,
      7,
      8
    ],
    "pos_weights": [
      1.2930489778518677,
      2.9776203632354736,
      3.161012887954712,
      3.4581520557403564,
      7.21991491317749
    ],
    "loss_weights": {
      "fused": 0.52,
      "ecg": 0.3,
      "meta": 0.1,
      "lauc": 0.08
    },
    "hardware": {
      "python_version": "3.11.7 | packaged by Anaconda, Inc. | (main, Dec 15 2023, 18:05:47) [MSC v.1916 64 bit (AMD64)]",
      "torch_version": "2.3.1+cpu",
      "cuda_available": false,
      "numpy_version": "1.26.4",
      "sklearn_version": "1.4.2"
    },
    "best_val_auc": 0.9325841419018935,
    "best_val_epoch": 10
  },
  "test": {
    "macro_auc": 0.9294572081899185,
    "macro_auc_ecg": 0.927920802784062,
    "macro_auc_no_meta": 0.9280795778736302,
    "delta_meta_auc": 0.0013776303162883474,
    "macro_f1_optimal": 0.7433083366524011,
    "macro_f1_fixed_05": 0.7376418987410122,
    "w_fused": 1.0,
    "thresholds": [
      0.574999988079071,
      0.7099999785423279,
      0.7250000238418579,
      0.7549999952316284,
      0.5600000023841858
    ]
  },
  "per_class": {
    "NORM": {
      "auc": 0.9507964735706989,
      "f1": 0.8648915187376726,
      "threshold": 0.574999988079071
    },
    "MI": {
      "auc": 0.933217122683142,
      "f1": 0.7301293900184843,
      "threshold": 0.7099999785423279
    },
    "STTC": {
      "auc": 0.9350281612925009,
      "f1": 0.7667910447761194,
      "threshold": 0.7250000238418579
    },
    "CD": {
      "auc": 0.9210440278988666,
      "f1": 0.75,
      "threshold": 0.7549999952316284
    },
    "HYP": {
      "auc": 0.9072002555043847,
      "f1": 0.6047297297297297,
      "threshold": 0.5600000023841858
    }
  },
  "subgroups": {
    "sex_male": {
      "n": 1066,
      "macro_auc": 0.9217255193008904,
      "per_class_auc": [
        0.9458352759195209,
        0.9224119909183282,
        0.919038264132243,
        0.9168868317037653,
        0.9044552338305955
      ]
    },
    "sex_female": {
      "n": 1132,
      "macro_auc": 0.9366637803641178,
      "per_class_auc": [
        0.9565872596395852,
        0.9422004475896691,
        0.9482897861084111,
        0.9259624233794649,
        0.9102789851034585
      ]
    },
    "age_lt45": {
      "n": 345,
      "macro_auc": 0.9297513721015239,
      "per_class_auc": [
        0.9000222419928826,
        0.9915623298856833,
        0.9639498432601881,
        0.8622772576260949,
        0.9309451877427709
      ]
    },
    "age_45_65": {
      "n": 703,
      "macro_auc": 0.9247980445861129,
      "per_class_auc": [
        0.9269118991640544,
        0.9305679785330949,
        0.9476264997391758,
        0.9088029156153631,
        0.9100809298788767
      ]
    },
    "age_gt65": {
      "n": 1150,
      "macro_auc": 0.9185195947963619,
      "per_class_auc": [
        0.9532328197372152,
        0.9078011568446643,
        0.9113677918424754,
        0.9297616887997068,
        0.8904345167577483
      ]
    },
    "meta_complete": {
      "n": 660,
      "macro_auc": 0.9403582218262201,
      "per_class_auc": [
        0.9613261701501324,
        0.9430648622607629,
        0.9371546391752578,
        0.9455992923485182,
        0.9146461451964298
      ]
    },
    "meta_incomplete": {
      "n": 1538,
      "macro_auc": 0.9243855741416583,
      "per_class_auc": [
        0.9464419222275996,
        0.928872935437431,
        0.9337466539938706,
        0.9108797843033819,
        0.9019865747460087
      ]
    },
    "fairness_sex_gap": 0.014938261063227376
  },
  "training_history": [
    {
      "epoch": 1,
      "train_loss": 0.6615724441108354,
      "val_auc": 0.8873751196285002,
      "val_f1": 0.661583479381483,
      "val_auc_ecg": 0.8897908407644539,
      "val_delta_meta": -0.0008447191832030576,
      "lr": 0.0009755527298894294,
      "epoch_time_s": 242.7800109386444
    },
    {
      "epoch": 2,
      "train_loss": 0.5701345021024756,
      "val_auc": 0.9123975028903555,
      "val_f1": 0.701190793380516,
      "val_auc_ecg": 0.9116069938488216,
      "val_delta_meta": 0.0013706766187027153,
      "lr": 0.0009046039886902864,
      "epoch_time_s": 241.75480031967163
    },
    {
      "epoch": 3,
      "train_loss": 0.5299852665958055,
      "val_auc": 0.9125667194774397,
      "val_f1": 0.6697579574685187,
      "val_auc_ecg": 0.9140028625761418,
      "val_delta_meta": -0.0006942611444822333,
      "lr": 0.0007940987335200904,
      "epoch_time_s": 255.24357914924622
    },
    {
      "epoch": 4,
      "train_loss": 0.5060705291568686,
      "val_auc": 0.9202781777276652,
      "val_f1": 0.7147897094872663,
      "val_auc_ecg": 0.9198436789412238,
      "val_delta_meta": -0.00021709869150599026,
      "lr": 0.0006548539886902864,
      "epoch_time_s": 261.9630560874939
    },
    {
      "epoch": 5,
      "train_loss": 0.48411785735996493,
      "val_auc": 0.9209425463541894,
      "val_f1": 0.7164440507420476,
      "val_auc_ecg": 0.9212833227558065,
      "val_delta_meta": 0.00026368887645700223,
      "lr": 0.0005005000000000001,
      "epoch_time_s": 262.4442353248596
    },
    {
      "epoch": 6,
      "train_loss": 0.46538618261661,
      "val_auc": 0.9279534067435471,
      "val_f1": 0.7262956927571976,
      "val_auc_ecg": 0.9282868366468471,
      "val_delta_meta": 0.000340698801661099,
      "lr": 0.0003461460113097139,
      "epoch_time_s": 263.1954393386841
    },
    {
      "epoch": 7,
      "train_loss": 0.44377735940688245,
      "val_auc": 0.925593348986307,
      "val_f1": 0.7237892680473421,
      "val_auc_ecg": 0.925530690688999,
      "val_delta_meta": 0.0007803342296142102,
      "lr": 0.00020690126647990973,
      "epoch_time_s": 263.31220507621765
    },
    {
      "epoch": 8,
      "train_loss": 0.424894739345673,
      "val_auc": 0.9315436211447178,
      "val_f1": 0.7319775446560374,
      "val_auc_ecg": 0.9314017491394132,
      "val_delta_meta": -1.2799005234209737e-05,
      "lr": 9.639601130971382e-05,
      "epoch_time_s": 264.55030965805054
    },
    {
      "epoch": 9,
      "train_loss": 0.40721454114542094,
      "val_auc": 0.9309465134510223,
      "val_f1": 0.73908512252768,
      "val_auc_ecg": 0.9310587885590775,
      "val_delta_meta": -0.0005088347817358008,
      "lr": 2.5447270110570814e-05,
      "epoch_time_s": 264.25741243362427
    },
    {
      "epoch": 10,
      "train_loss": 0.397185152167574,
      "val_auc": 0.9325841419018935,
      "val_f1": 0.7443107217516083,
      "val_auc_ecg": 0.9323665623875194,
      "val_delta_meta": -0.00017531042023255505,
      "lr": 0.001,
      "epoch_time_s": 264.87420082092285
    }
  ]
}