{
  "metadata": {
    "run_name": "ATLAS_A_v5_demo+anthro_noaug_seed2035",
    "variant": "demo+anthro",
    "seed": 2035,
    "meta_hid": 128,
    "lauc_weight": 0.08,
    "no_aug": true,
    "arch_mode": "standard",
    "meta_mask_mode": "real",
    "test_fold": 10,
    "val_fold": 9,
    "timestamp": "2026-05-08T06:44:05.616362",
    "git_sha": "b8fda1f7a68a5b217a3f76d88337426561bd26e4",
    "analysis_plan_sha256": "4ad22e907fbd431a0b443255a3449c0560371997d5ee36a61e164de7aea5c3dc",
    "wall_time_s": 2632.8277218341827,
    "train_time_s": 2603.6839587688446,
    "gpu_peak_mem_mb": 0,
    "num_parameters": 3951951,
    "dataset_sizes": {
      "train": 17418,
      "val": 2183,
      "test": 2198
    },
    "train_fold_ids": [
      1,
      2,
      3,
      4,
      5,
      6,
      7,
      8
    ],
    "pos_weights": [
      1.2930489778518677,
      2.9776203632354736,
      3.161012887954712,
      3.4581520557403564,
      7.21991491317749
    ],
    "loss_weights": {
      "fused": 0.52,
      "ecg": 0.3,
      "meta": 0.1,
      "lauc": 0.08
    },
    "hardware": {
      "python_version": "3.11.7 | packaged by Anaconda, Inc. | (main, Dec 15 2023, 18:05:47) [MSC v.1916 64 bit (AMD64)]",
      "torch_version": "2.3.1+cpu",
      "cuda_available": false,
      "numpy_version": "1.26.4",
      "sklearn_version": "1.4.2"
    },
    "best_val_auc": 0.9324422027114998,
    "best_val_epoch": 10
  },
  "test": {
    "macro_auc": 0.9283791664389949,
    "macro_auc_ecg": 0.9278961111917894,
    "macro_auc_no_meta": 0.9275483788626897,
    "delta_meta_auc": 0.0008307875763051698,
    "macro_f1_optimal": 0.7480435480408001,
    "macro_f1_fixed_05": 0.7368003974544635,
    "w_fused": 1.0,
    "thresholds": [
      0.5899999737739563,
      0.5,
      0.6800000071525574,
      0.7850000262260437,
      0.6499999761581421
    ]
  },
  "per_class": {
    "NORM": {
      "auc": 0.9472111863651461,
      "f1": 0.8636139832594781,
      "threshold": 0.5899999737739563
    },
    "MI": {
      "auc": 0.9309090909090909,
      "f1": 0.7403685092127303,
      "threshold": 0.5
    },
    "STTC": {
      "auc": 0.9365641277438803,
      "f1": 0.7755868544600939,
      "threshold": 0.6800000071525574
    },
    "CD": {
      "auc": 0.9183965259087981,
      "f1": 0.7441860465116279,
      "threshold": 0.7850000262260437
    },
    "HYP": {
      "auc": 0.9088149012680588,
      "f1": 0.6164623467600701,
      "threshold": 0.6499999761581421
    }
  },
  "subgroups": {
    "sex_male": {
      "n": 1066,
      "macro_auc": 0.9206881802578571,
      "per_class_auc": [
        0.9424560794815915,
        0.9215855004399847,
        0.9247769990442817,
        0.9095381734969836,
        0.9050841488264445
      ]
    },
    "sex_female": {
      "n": 1132,
      "macro_auc": 0.9359170060341577,
      "per_class_auc": [
        0.9531643259840934,
        0.9390068348152181,
        0.9460314236388168,
        0.9287928250186668,
        0.9125896207139937
      ]
    },
    "age_lt45": {
      "n": 345,
      "macro_auc": 0.9147763993847879,
      "per_class_auc": [
        0.8690502669039146,
        0.9776810016330975,
        0.9550277308897999,
        0.8800211416490485,
        0.8921018558480794
      ]
    },
    "age_45_65": {
      "n": 703,
      "macro_auc": 0.9260697009474452,
      "per_class_auc": [
        0.93025894723093,
        0.93198419797257,
        0.9512910798122065,
        0.8999439304737875,
        0.9168703492477324
      ]
    },
    "age_gt65": {
      "n": 1150,
      "macro_auc": 0.9176587870782906,
      "per_class_auc": [
        0.9478054006364811,
        0.9060876854723783,
        0.9140365682137834,
        0.926463020484323,
        0.8939012605844875
      ]
    },
    "meta_complete": {
      "n": 660,
      "macro_auc": 0.9399214669242131,
      "per_class_auc": [
        0.9571956873712099,
        0.934728974145608,
        0.9400058910162002,
        0.9448431324991796,
        0.9228336495888678
      ]
    },
    "meta_incomplete": {
      "n": 1538,
      "macro_auc": 0.9231806630141293,
      "per_class_auc": [
        0.9435120568556942,
        0.9288282790048845,
        0.9349104822128252,
        0.9083758279116113,
        0.9002766690856314
      ]
    },
    "fairness_sex_gap": 0.01522882577630058
  },
  "training_history": [
    {
      "epoch": 1,
      "train_loss": 0.6426719583502604,
      "val_auc": 0.896867136083779,
      "val_f1": 0.681041742895018,
      "val_auc_ecg": 0.8899377269190181,
      "val_delta_meta": -0.0003723268477666686,
      "lr": 0.0009755527298894294,
      "epoch_time_s": 241.5655472278595
    },
    {
      "epoch": 2,
      "train_loss": 0.5523302352756535,
      "val_auc": 0.9148546937463766,
      "val_f1": 0.6915268714930017,
      "val_auc_ecg": 0.9143849137058842,
      "val_delta_meta": -0.00041631472913161716,
      "lr": 0.0009046039886902864,
      "epoch_time_s": 241.79255056381226
    },
    {
      "epoch": 3,
      "train_loss": 0.5194028982875544,
      "val_auc": 0.9207089914424943,
      "val_f1": 0.7104195978157332,
      "val_auc_ecg": 0.917211910703241,
      "val_delta_meta": 0.0005638264244700597,
      "lr": 0.0007940987335200904,
      "epoch_time_s": 257.6352446079254
    },
    {
      "epoch": 4,
      "train_loss": 0.4909732855788065,
      "val_auc": 0.9250144223142136,
      "val_f1": 0.7279968493818443,
      "val_auc_ecg": 0.9243655539888452,
      "val_delta_meta": 2.0740065650670658e-05,
      "lr": 0.0006548539886902864,
      "epoch_time_s": 263.3992431163788
    },
    {
      "epoch": 5,
      "train_loss": 0.4661349637792745,
      "val_auc": 0.9255160656452542,
      "val_f1": 0.7207785172656298,
      "val_auc_ecg": 0.92557270766124,
      "val_delta_meta": 0.0006232559304431007,
      "lr": 0.0005005000000000001,
      "epoch_time_s": 267.2258517742157
    },
    {
      "epoch": 6,
      "train_loss": 0.4445704866986756,
      "val_auc": 0.9296008209645811,
      "val_f1": 0.7299672920499146,
      "val_auc_ecg": 0.9296228426911309,
      "val_delta_meta": -0.0004515512611141803,
      "lr": 0.0003461460113097139,
      "epoch_time_s": 264.26673436164856
    },
    {
      "epoch": 7,
      "train_loss": 0.42041737554817027,
      "val_auc": 0.9295214605602571,
      "val_f1": 0.7356389634992275,
      "val_auc_ecg": 0.9296354493096397,
      "val_delta_meta": -3.713391622439666e-05,
      "lr": 0.00020690126647990973,
      "epoch_time_s": 264.4069800376892
    },
    {
      "epoch": 8,
      "train_loss": 0.3923293360602965,
      "val_auc": 0.9320822492646359,
      "val_f1": 0.740098281859986,
      "val_auc_ecg": 0.9319090102731566,
      "val_delta_meta": -0.00014519329259543579,
      "lr": 9.639601130971382e-05,
      "epoch_time_s": 264.1451418399811
    },
    {
      "epoch": 9,
      "train_loss": 0.3709722107976948,
      "val_auc": 0.9320087989171453,
      "val_f1": 0.7411888590787588,
      "val_auc_ecg": 0.931699300136172,
      "val_delta_meta": -0.00020091879875927532,
      "lr": 2.5447270110570814e-05,
      "epoch_time_s": 263.99917244911194
    },
    {
      "epoch": 10,
      "train_loss": 0.35476243709205485,
      "val_auc": 0.9324422027114998,
      "val_f1": 0.7415472085412799,
      "val_auc_ecg": 0.9322111242800402,
      "val_delta_meta": -0.0001415811301335168,
      "lr": 0.001,
      "epoch_time_s": 264.9009702205658
    }
  ]
}