{
  "metadata": {
    "run_name": "ATLAS_A_v5_demo+anthro_additive_seed2032",
    "variant": "demo+anthro",
    "seed": 2032,
    "meta_hid": 128,
    "lauc_weight": 0.08,
    "no_aug": false,
    "arch_mode": "additive",
    "meta_mask_mode": "real",
    "test_fold": 10,
    "val_fold": 9,
    "timestamp": "2026-05-09T08:09:54.498342",
    "git_sha": "b8fda1f7a68a5b217a3f76d88337426561bd26e4",
    "analysis_plan_sha256": "4ad22e907fbd431a0b443255a3449c0560371997d5ee36a61e164de7aea5c3dc",
    "wall_time_s": 2382.126207113266,
    "train_time_s": 2353.04900598526,
    "gpu_peak_mem_mb": 0,
    "num_parameters": 3951951,
    "dataset_sizes": {
      "train": 17418,
      "val": 2183,
      "test": 2198
    },
    "train_fold_ids": [
      1,
      2,
      3,
      4,
      5,
      6,
      7,
      8
    ],
    "pos_weights": [
      1.2930489778518677,
      2.9776203632354736,
      3.161012887954712,
      3.4581520557403564,
      7.21991491317749
    ],
    "loss_weights": {
      "fused": 0.52,
      "ecg": 0.3,
      "meta": 0.1,
      "lauc": 0.08
    },
    "hardware": {
      "python_version": "3.11.7 | packaged by Anaconda, Inc. | (main, Dec 15 2023, 18:05:47) [MSC v.1916 64 bit (AMD64)]",
      "torch_version": "2.3.1+cpu",
      "cuda_available": false,
      "numpy_version": "1.26.4",
      "sklearn_version": "1.4.2"
    },
    "best_val_auc": 0.9321514820769339,
    "best_val_epoch": 10
  },
  "test": {
    "macro_auc": 0.9279312000995708,
    "macro_auc_ecg": 0.9267999047301293,
    "macro_auc_no_meta": 0.9270231377567487,
    "delta_meta_auc": 0.0009080623428220358,
    "macro_f1_optimal": 0.7482204554492358,
    "macro_f1_fixed_05": 0.7442307164026707,
    "w_fused": 1.0,
    "thresholds": [
      0.5149999856948853,
      0.6349999904632568,
      0.6650000214576721,
      0.6949999928474426,
      0.6800000071525574
    ]
  },
  "per_class": {
    "NORM": {
      "auc": 0.9498051382950548,
      "f1": 0.8668257756563246,
      "threshold": 0.5149999856948853
    },
    "MI": {
      "auc": 0.9277201015004413,
      "f1": 0.7363636363636363,
      "threshold": 0.6349999904632568
    },
    "STTC": {
      "auc": 0.9375427054755716,
      "f1": 0.7690892364305428,
      "threshold": 0.6650000214576721
    },
    "CD": {
      "auc": 0.9185943482051476,
      "f1": 0.7505030181086519,
      "threshold": 0.6949999928474426
    },
    "HYP": {
      "auc": 0.905993707021639,
      "f1": 0.6183206106870229,
      "threshold": 0.6800000071525574
    }
  },
  "subgroups": {
    "sex_male": {
      "n": 1066,
      "macro_auc": 0.9206457927368769,
      "per_class_auc": [
        0.9438764262196732,
        0.9132136380652345,
        0.923091218009982,
        0.9092677345537757,
        0.9137799468357191
      ]
    },
    "sex_female": {
      "n": 1132,
      "macro_auc": 0.934759893784079,
      "per_class_auc": [
        0.9569931037954293,
        0.9396963648460654,
        0.9496099851538057,
        0.9287667783778152,
        0.8987332367472789
      ]
    },
    "age_lt45": {
      "n": 345,
      "macro_auc": 0.9225392150529472,
      "per_class_auc": [
        0.89913256227758,
        0.9839412084921068,
        0.9649143959488786,
        0.852536997885835,
        0.9121709106603366
      ]
    },
    "age_45_65": {
      "n": 703,
      "macro_auc": 0.919915889334759,
      "per_class_auc": [
        0.9270261886102403,
        0.9143932617769828,
        0.9504042775169536,
        0.895556490047659,
        0.9121992287219597
      ]
    },
    "age_gt65": {
      "n": 1150,
      "macro_auc": 0.9193213233119474,
      "per_class_auc": [
        0.9518621797901503,
        0.9080895297174951,
        0.9144268635724332,
        0.9328308201503839,
        0.8893972233292752
      ]
    },
    "meta_complete": {
      "n": 660,
      "macro_auc": 0.9438256795850137,
      "per_class_auc": [
        0.964288342655284,
        0.9478678520854319,
        0.9397466863033874,
        0.9504358619508924,
        0.9167896549300725
      ]
    },
    "meta_incomplete": {
      "n": 1538,
      "macro_auc": 0.9216059166784747,
      "per_class_auc": [
        0.9447783693018108,
        0.9202829516626015,
        0.9365180199402567,
        0.9071215051872692,
        0.8993287373004354
      ]
    },
    "fairness_sex_gap": 0.014114101047202121
  },
  "training_history": [
    {
      "epoch": 1,
      "train_loss": 0.6529940417600334,
      "val_auc": 0.9002607991953869,
      "val_f1": 0.6553982595527943,
      "val_auc_ecg": 0.8969673989558583,
      "val_delta_meta": 0.001611123890863153,
      "lr": 0.0009755527298894294,
      "epoch_time_s": 233.8670892715454
    },
    {
      "epoch": 2,
      "train_loss": 0.5673530145522652,
      "val_auc": 0.9095075979965428,
      "val_f1": 0.679479711593582,
      "val_auc_ecg": 0.906323021729154,
      "val_delta_meta": 0.0026541625068340347,
      "lr": 0.0009046039886902864,
      "epoch_time_s": 234.00750041007996
    },
    {
      "epoch": 3,
      "train_loss": 0.5335027646034136,
      "val_auc": 0.9124001762554078,
      "val_f1": 0.7030641140343545,
      "val_auc_ecg": 0.9111420294039613,
      "val_delta_meta": -0.0015744373266081135,
      "lr": 0.0007940987335200904,
      "epoch_time_s": 233.81774306297302
    },
    {
      "epoch": 4,
      "train_loss": 0.5071873057326045,
      "val_auc": 0.9199285015294232,
      "val_f1": 0.7146449216849959,
      "val_auc_ecg": 0.919395429729285,
      "val_delta_meta": -0.0016093903710419077,
      "lr": 0.0006548539886902864,
      "epoch_time_s": 234.60615801811218
    },
    {
      "epoch": 5,
      "train_loss": 0.48216860135760875,
      "val_auc": 0.9261033590077978,
      "val_f1": 0.7183784092276231,
      "val_auc_ecg": 0.9252312912514284,
      "val_delta_meta": 0.000748077365558486,
      "lr": 0.0005005000000000001,
      "epoch_time_s": 234.5180914402008
    },
    {
      "epoch": 6,
      "train_loss": 0.45687411536864186,
      "val_auc": 0.9285037883298353,
      "val_f1": 0.727171891696643,
      "val_auc_ecg": 0.9283681150392067,
      "val_delta_meta": 7.347501403365264e-05,
      "lr": 0.0003461460113097139,
      "epoch_time_s": 234.10427236557007
    },
    {
      "epoch": 7,
      "train_loss": 0.4345543774989767,
      "val_auc": 0.9275909022078285,
      "val_f1": 0.7383622736347979,
      "val_auc_ecg": 0.9271312066082886,
      "val_delta_meta": 0.00024265794186484335,
      "lr": 0.00020690126647990973,
      "epoch_time_s": 234.3306577205658
    },
    {
      "epoch": 8,
      "train_loss": 0.40839945386855975,
      "val_auc": 0.9286882152154019,
      "val_f1": 0.7371480314984403,
      "val_auc_ecg": 0.9283248248337586,
      "val_delta_meta": -0.0003097502039010047,
      "lr": 9.639601130971382e-05,
      "epoch_time_s": 234.51797032356262
    },
    {
      "epoch": 9,
      "train_loss": 0.3896723599608885,
      "val_auc": 0.9294116757086337,
      "val_f1": 0.7410519405574179,
      "val_auc_ecg": 0.9291702721625057,
      "val_delta_meta": -0.0002782348429479775,
      "lr": 2.5447270110570814e-05,
      "epoch_time_s": 234.7228651046753
    },
    {
      "epoch": 10,
      "train_loss": 0.3742616617078081,
      "val_auc": 0.9321514820769339,
      "val_f1": 0.7399950610337003,
      "val_auc_ecg": 0.9320091521912751,
      "val_delta_meta": -0.00019740117431710225,
      "lr": 0.001,
      "epoch_time_s": 234.42390513420105
    }
  ]
}