{
  "metadata": {
    "run_name": "ATLAS_A_v5_demo+anthro_noaug_seed2042",
    "variant": "demo+anthro",
    "seed": 2042,
    "meta_hid": 128,
    "lauc_weight": 0.08,
    "no_aug": true,
    "arch_mode": "standard",
    "meta_mask_mode": "real",
    "test_fold": 10,
    "val_fold": 9,
    "timestamp": "2026-05-08T11:50:52.692918",
    "git_sha": "b8fda1f7a68a5b217a3f76d88337426561bd26e4",
    "analysis_plan_sha256": "4ad22e907fbd431a0b443255a3449c0560371997d5ee36a61e164de7aea5c3dc",
    "wall_time_s": 2629.210473537445,
    "train_time_s": 2600.0827465057373,
    "gpu_peak_mem_mb": 0,
    "num_parameters": 3951951,
    "dataset_sizes": {
      "train": 17418,
      "val": 2183,
      "test": 2198
    },
    "train_fold_ids": [
      1,
      2,
      3,
      4,
      5,
      6,
      7,
      8
    ],
    "pos_weights": [
      1.2930489778518677,
      2.9776203632354736,
      3.161012887954712,
      3.4581520557403564,
      7.21991491317749
    ],
    "loss_weights": {
      "fused": 0.52,
      "ecg": 0.3,
      "meta": 0.1,
      "lauc": 0.08
    },
    "hardware": {
      "python_version": "3.11.7 | packaged by Anaconda, Inc. | (main, Dec 15 2023, 18:05:47) [MSC v.1916 64 bit (AMD64)]",
      "torch_version": "2.3.1+cpu",
      "cuda_available": false,
      "numpy_version": "1.26.4",
      "sklearn_version": "1.4.2"
    },
    "best_val_auc": 0.9302881720823883,
    "best_val_epoch": 8
  },
  "test": {
    "macro_auc": 0.9281681767186143,
    "macro_auc_ecg": 0.9257205662117786,
    "macro_auc_no_meta": 0.9263406363664585,
    "delta_meta_auc": 0.0018275403521558209,
    "macro_f1_optimal": 0.7516636042121492,
    "macro_f1_fixed_05": 0.7299594735330311,
    "w_fused": 1.0,
    "thresholds": [
      0.6200000047683716,
      0.5450000166893005,
      0.6650000214576721,
      0.7699999809265137,
      0.7699999809265137
    ]
  },
  "per_class": {
    "NORM": {
      "auc": 0.9491745178907008,
      "f1": 0.8697355533790402,
      "threshold": 0.6200000047683716
    },
    "MI": {
      "auc": 0.9258439982347748,
      "f1": 0.736,
      "threshold": 0.5450000166893005
    },
    "STTC": {
      "auc": 0.9348690708776412,
      "f1": 0.7649186256781193,
      "threshold": 0.6650000214576721
    },
    "CD": {
      "auc": 0.9172747431863841,
      "f1": 0.7556935817805382,
      "threshold": 0.7699999809265137
    },
    "HYP": {
      "auc": 0.9136785534035707,
      "f1": 0.6319702602230484,
      "threshold": 0.7699999809265137
    }
  },
  "subgroups": {
    "sex_male": {
      "n": 1066,
      "macro_auc": 0.9192845396719498,
      "per_class_auc": [
        0.9434138196484912,
        0.9132865636956765,
        0.9200249548688542,
        0.9083576034949031,
        0.9113397566518243
      ]
    },
    "sex_female": {
      "n": 1132,
      "macro_auc": 0.9365589703299143,
      "per_class_auc": [
        0.9551086026376724,
        0.9364503316599125,
        0.9474048175175422,
        0.9272517321016167,
        0.9165793677328281
      ]
    },
    "age_lt45": {
      "n": 345,
      "macro_auc": 0.9228014453661515,
      "per_class_auc": [
        0.8840636120996441,
        0.974414806750136,
        0.953219194598505,
        0.8551797040169132,
        0.9471299093655589
      ]
    },
    "age_45_65": {
      "n": 703,
      "macro_auc": 0.9258599303620103,
      "per_class_auc": [
        0.9259894200626959,
        0.9244061816736234,
        0.9531950965049556,
        0.9025651808242222,
        0.9231437727445548
      ]
    },
    "age_gt65": {
      "n": 1150,
      "macro_auc": 0.9164503091159621,
      "per_class_auc": [
        0.9514525632542458,
        0.9000352083158689,
        0.9097011251758087,
        0.9292359751063459,
        0.8918266737275412
      ]
    },
    "meta_complete": {
      "n": 660,
      "macro_auc": 0.9399403327789365,
      "per_class_auc": [
        0.9608110097144539,
        0.9371231696813093,
        0.9378144329896907,
        0.9449144683340229,
        0.9190385831752055
      ]
    },
    "meta_incomplete": {
      "n": 1538,
      "macro_auc": 0.9231013041495835,
      "per_class_auc": [
        0.944807858769734,
        0.9212962273820485,
        0.9334581215812545,
        0.9065330285446339,
        0.9094112844702467
      ]
    },
    "fairness_sex_gap": 0.017274430657964523
  },
  "training_history": [
    {
      "epoch": 1,
      "train_loss": 0.646697241942817,
      "val_auc": 0.9026468791102994,
      "val_f1": 0.6865103448768534,
      "val_auc_ecg": 0.9020127963830531,
      "val_delta_meta": 0.0008041767694253465,
      "lr": 0.0009755527298894294,
      "epoch_time_s": 241.3862862586975
    },
    {
      "epoch": 2,
      "train_loss": 0.5569559821295083,
      "val_auc": 0.9113018133508005,
      "val_f1": 0.6915809479113807,
      "val_auc_ecg": 0.9090703651949044,
      "val_delta_meta": 0.0005593770833715039,
      "lr": 0.0009046039886902864,
      "epoch_time_s": 241.19311618804932
    },
    {
      "epoch": 3,
      "train_loss": 0.5224454621109393,
      "val_auc": 0.9169962554837309,
      "val_f1": 0.7058214622136119,
      "val_auc_ecg": 0.9143961450463077,
      "val_delta_meta": -0.00014275600268487398,
      "lr": 0.0007940987335200904,
      "epoch_time_s": 256.91915464401245
    },
    {
      "epoch": 4,
      "train_loss": 0.4959424246888642,
      "val_auc": 0.9189432230331617,
      "val_f1": 0.716480755254455,
      "val_auc_ecg": 0.9186264848115954,
      "val_delta_meta": -0.0014038499171482588,
      "lr": 0.0006548539886902864,
      "epoch_time_s": 264.6214921474457
    },
    {
      "epoch": 5,
      "train_loss": 0.4703347377820846,
      "val_auc": 0.9217254216979167,
      "val_f1": 0.7227120280049408,
      "val_auc_ecg": 0.9213662088306005,
      "val_delta_meta": -0.00041216365904639396,
      "lr": 0.0005005000000000001,
      "epoch_time_s": 263.3678801059723
    },
    {
      "epoch": 6,
      "train_loss": 0.44853955797099193,
      "val_auc": 0.9287354967774026,
      "val_f1": 0.7276920019415576,
      "val_auc_ecg": 0.9278441947910012,
      "val_delta_meta": 0.0005621225025103094,
      "lr": 0.0003461460113097139,
      "epoch_time_s": 264.060822725296
    },
    {
      "epoch": 7,
      "train_loss": 0.4275515143751004,
      "val_auc": 0.9282505263617502,
      "val_f1": 0.7213063870423834,
      "val_auc_ecg": 0.9282177861483643,
      "val_delta_meta": -0.00012847922131076217,
      "lr": 0.00020690126647990973,
      "epoch_time_s": 263.594087600708
    },
    {
      "epoch": 8,
      "train_loss": 0.39844703625101563,
      "val_auc": 0.9302881720823883,
      "val_f1": 0.7371324192739446,
      "val_auc_ecg": 0.9298689180555908,
      "val_delta_meta": 0.00018617547771171417,
      "lr": 9.639601130971382e-05,
      "epoch_time_s": 264.868155002594
    },
    {
      "epoch": 9,
      "train_loss": 0.3757471991241525,
      "val_auc": 0.9294718015174809,
      "val_f1": 0.7340718707453108,
      "val_auc_ecg": 0.9290501649386826,
      "val_delta_meta": 0.0003619692074556813,
      "lr": 2.5447270110570814e-05,
      "epoch_time_s": 266.17070865631104
    },
    {
      "epoch": 10,
      "train_loss": 0.36146258744624776,
      "val_auc": 0.9280521861882924,
      "val_f1": 0.7360806083758622,
      "val_auc_ecg": 0.9275880517962655,
      "val_delta_meta": 0.000589967449179829,
      "lr": 0.001,
      "epoch_time_s": 265.27861762046814
    }
  ]
}