{
  "metadata": {
    "run_name": "ATLAS_A_v5_demo+anthro_lauc0.16_seed2030",
    "variant": "demo+anthro",
    "seed": 2030,
    "meta_hid": 128,
    "lauc_weight": 0.16,
    "no_aug": false,
    "arch_mode": "standard",
    "meta_mask_mode": "real",
    "test_fold": 10,
    "val_fold": 9,
    "timestamp": "2026-05-07T19:45:01.361313",
    "git_sha": "b8fda1f7a68a5b217a3f76d88337426561bd26e4",
    "analysis_plan_sha256": "4ad22e907fbd431a0b443255a3449c0560371997d5ee36a61e164de7aea5c3dc",
    "wall_time_s": 2631.157971382141,
    "train_time_s": 2601.6977245807648,
    "gpu_peak_mem_mb": 0,
    "num_parameters": 3951951,
    "dataset_sizes": {
      "train": 17418,
      "val": 2183,
      "test": 2198
    },
    "train_fold_ids": [
      1,
      2,
      3,
      4,
      5,
      6,
      7,
      8
    ],
    "pos_weights": [
      1.2930489778518677,
      2.9776203632354736,
      3.161012887954712,
      3.4581520557403564,
      7.21991491317749
    ],
    "loss_weights": {
      "fused": 0.43999999999999995,
      "ecg": 0.3,
      "meta": 0.1,
      "lauc": 0.16
    },
    "hardware": {
      "python_version": "3.11.7 | packaged by Anaconda, Inc. | (main, Dec 15 2023, 18:05:47) [MSC v.1916 64 bit (AMD64)]",
      "torch_version": "2.3.1+cpu",
      "cuda_available": false,
      "numpy_version": "1.26.4",
      "sklearn_version": "1.4.2"
    },
    "best_val_auc": 0.9324175904105225,
    "best_val_epoch": 7
  },
  "test": {
    "macro_auc": 0.928515065515754,
    "macro_auc_ecg": 0.9259196375661818,
    "macro_auc_no_meta": 0.9262596349961933,
    "delta_meta_auc": 0.002255430519560675,
    "macro_f1_optimal": 0.7458271518605661,
    "macro_f1_fixed_05": 0.7355024304506304,
    "w_fused": 1.0,
    "thresholds": [
      0.4699999988079071,
      0.7850000262260437,
      0.7099999785423279,
      0.7400000095367432,
      0.6800000071525574
    ]
  },
  "per_class": {
    "NORM": {
      "auc": 0.9490248506480676,
      "f1": 0.867704280155642,
      "threshold": 0.4699999988079071
    },
    "MI": {
      "auc": 0.9266791703442188,
      "f1": 0.7274436090225563,
      "threshold": 0.7850000262260437
    },
    "STTC": {
      "auc": 0.9359598130744851,
      "f1": 0.7797563261480788,
      "threshold": 0.7099999785423279
    },
    "CD": {
      "auc": 0.917548377620257,
      "f1": 0.745057232049948,
      "threshold": 0.7400000095367432
    },
    "HYP": {
      "auc": 0.9133631158917418,
      "f1": 0.6091743119266055,
      "threshold": 0.6800000071525574
    }
  },
  "subgroups": {
    "sex_male": {
      "n": 1066,
      "macro_auc": 0.9209260987456614,
      "per_class_auc": [
        0.9427126815640439,
        0.9152409705915242,
        0.9223169091359598,
        0.9110411899313501,
        0.9133187425054297
      ]
    },
    "sex_female": {
      "n": 1132,
      "macro_auc": 0.9354692560995591,
      "per_class_auc": [
        0.9552973673613209,
        0.9363374261577854,
        0.9466020591236394,
        0.9256802514369066,
        0.9134291764181434
      ]
    },
    "age_lt45": {
      "n": 345,
      "macro_auc": 0.922896308256498,
      "per_class_auc": [
        0.8833963523131673,
        0.977408818726184,
        0.9515312273932963,
        0.8638628813047419,
        0.9382822615451014
      ]
    },
    "age_45_65": {
      "n": 703,
      "macro_auc": 0.9261738005456076,
      "per_class_auc": [
        0.9314671499477535,
        0.9208283641423177,
        0.9476264997391758,
        0.9054948135688253,
        0.9254521753299657
      ]
    },
    "age_gt65": {
      "n": 1150,
      "macro_auc": 0.9171713961039651,
      "per_class_auc": [
        0.949038188864732,
        0.9023723698549752,
        0.9154711673699016,
        0.9252486958968416,
        0.8937265585333762
      ]
    },
    "meta_complete": {
      "n": 660,
      "macro_auc": 0.9378088376673819,
      "per_class_auc": [
        0.9584375919929349,
        0.943721806157754,
        0.9378497790868926,
        0.9415046154285144,
        0.9075303956708132
      ]
    },
    "meta_incomplete": {
      "n": 1538,
      "macro_auc": 0.9247540494663168,
      "per_class_auc": [
        0.9455468301423994,
        0.9203456833178453,
        0.9349007836443342,
        0.9082726686595158,
        0.9147042815674891
      ]
    },
    "fairness_sex_gap": 0.014543157353897662
  },
  "training_history": [
    {
      "epoch": 1,
      "train_loss": 0.6311223313895934,
      "val_auc": 0.907254024239483,
      "val_f1": 0.6639142019191776,
      "val_auc_ecg": 0.90370512594786,
      "val_delta_meta": 0.0013369354014173274,
      "lr": 0.0009755527298894294,
      "epoch_time_s": 242.04583048820496
    },
    {
      "epoch": 2,
      "train_loss": 0.5498112237781559,
      "val_auc": 0.9120230034537066,
      "val_f1": 0.7013848206586185,
      "val_auc_ecg": 0.9090924629278361,
      "val_delta_meta": 0.0003650350617732112,
      "lr": 0.0009046039886902864,
      "epoch_time_s": 240.9525237083435
    },
    {
      "epoch": 3,
      "train_loss": 0.5148936443919435,
      "val_auc": 0.9162579199743623,
      "val_f1": 0.7048353667546255,
      "val_auc_ecg": 0.9146204185943214,
      "val_delta_meta": -0.0001824878230461957,
      "lr": 0.0007940987335200904,
      "epoch_time_s": 258.0771129131317
    },
    {
      "epoch": 4,
      "train_loss": 0.49327675005711547,
      "val_auc": 0.922329205721063,
      "val_f1": 0.723335661776589,
      "val_auc_ecg": 0.9216865015676449,
      "val_delta_meta": 0.00015705735030813184,
      "lr": 0.0006548539886902864,
      "epoch_time_s": 262.8469879627228
    },
    {
      "epoch": 5,
      "train_loss": 0.46701607140926044,
      "val_auc": 0.9269803785502827,
      "val_f1": 0.7245318983339001,
      "val_auc_ecg": 0.924839302714273,
      "val_delta_meta": 0.0001361145185393431,
      "lr": 0.0005005000000000001,
      "epoch_time_s": 262.9096930027008
    },
    {
      "epoch": 6,
      "train_loss": 0.44797762796419477,
      "val_auc": 0.9302025400215431,
      "val_f1": 0.7362773479110984,
      "val_auc_ecg": 0.9295193817456818,
      "val_delta_meta": -0.0003582998927221803,
      "lr": 0.0003461460113097139,
      "epoch_time_s": 268.8638069629669
    },
    {
      "epoch": 7,
      "train_loss": 0.42387115107763795,
      "val_auc": 0.9324175904105225,
      "val_f1": 0.7378571204005789,
      "val_auc_ecg": 0.9308462681175378,
      "val_delta_meta": 0.0009713887281936895,
      "lr": 0.00020690126647990973,
      "epoch_time_s": 263.75129675865173
    },
    {
      "epoch": 8,
      "train_loss": 0.4029108888238942,
      "val_auc": 0.9306600746500407,
      "val_f1": 0.7385922045542308,
      "val_auc_ecg": 0.9302146315426928,
      "val_delta_meta": 4.0256660920889864e-05,
      "lr": 9.639601130971382e-05,
      "epoch_time_s": 265.4288098812103
    },
    {
      "epoch": 9,
      "train_loss": 0.3844992668256847,
      "val_auc": 0.9323613531361788,
      "val_f1": 0.7464940519892241,
      "val_auc_ecg": 0.9313526922735653,
      "val_delta_meta": 0.00046867538991646196,
      "lr": 2.5447270110570814e-05,
      "epoch_time_s": 263.62158489227295
    },
    {
      "epoch": 10,
      "train_loss": 0.3738050046863906,
      "val_auc": 0.9312911548302616,
      "val_f1": 0.7457695653992549,
      "val_auc_ecg": 0.930552126001879,
      "val_delta_meta": 9.564585299948192e-05,
      "lr": 0.001,
      "epoch_time_s": 264.3744144439697
    }
  ]
}