{
  "metadata": {
    "run_name": "ATLAS_A_v5_demo+anthro_tf8_vf9_seed2028",
    "variant": "demo+anthro",
    "seed": 2028,
    "meta_hid": 128,
    "lauc_weight": 0.08,
    "no_aug": false,
    "arch_mode": "standard",
    "meta_mask_mode": "real",
    "test_fold": 8,
    "val_fold": 9,
    "timestamp": "2026-05-11T12:34:04.395430",
    "git_sha": "b8fda1f7a68a5b217a3f76d88337426561bd26e4",
    "analysis_plan_sha256": "4ad22e907fbd431a0b443255a3449c0560371997d5ee36a61e164de7aea5c3dc",
    "wall_time_s": 2645.247241973877,
    "train_time_s": 2615.778068780899,
    "gpu_peak_mem_mb": 0,
    "num_parameters": 3951951,
    "dataset_sizes": {
      "train": 17443,
      "val": 2183,
      "test": 2173
    },
    "train_fold_ids": [
      1,
      2,
      3,
      4,
      5,
      6,
      7,
      10
    ],
    "pos_weights": [
      1.2870067358016968,
      2.9724435806274414,
      3.1600286960601807,
      3.459984540939331,
      7.255087375640869
    ],
    "loss_weights": {
      "fused": 0.52,
      "ecg": 0.3,
      "meta": 0.1,
      "lauc": 0.08
    },
    "hardware": {
      "python_version": "3.11.7 | packaged by Anaconda, Inc. | (main, Dec 15 2023, 18:05:47) [MSC v.1916 64 bit (AMD64)]",
      "torch_version": "2.3.1+cpu",
      "cuda_available": false,
      "numpy_version": "1.26.4",
      "sklearn_version": "1.4.2"
    },
    "best_val_auc": 0.9338795209640439,
    "best_val_epoch": 8
  },
  "test": {
    "macro_auc": 0.9431962177236188,
    "macro_auc_ecg": 0.942266959130969,
    "macro_auc_no_meta": 0.9419568562718761,
    "delta_meta_auc": 0.0012393614517427487,
    "macro_f1_optimal": 0.7675495306203606,
    "macro_f1_fixed_05": 0.7487027456765616,
    "w_fused": 1.0,
    "thresholds": [
      0.6949999928474426,
      0.574999988079071,
      0.7099999785423279,
      0.6800000071525574,
      0.6949999928474426
    ]
  },
  "per_class": {
    "NORM": {
      "auc": 0.9613042230237971,
      "f1": 0.870899470899471,
      "threshold": 0.6949999928474426
    },
    "MI": {
      "auc": 0.9482339165330879,
      "f1": 0.7798085291557877,
      "threshold": 0.574999988079071
    },
    "STTC": {
      "auc": 0.94465572763115,
      "f1": 0.7753222836095764,
      "threshold": 0.7099999785423279
    },
    "CD": {
      "auc": 0.9356932816799911,
      "f1": 0.7715846994535519,
      "threshold": 0.6800000071525574
    },
    "HYP": {
      "auc": 0.9260939397500686,
      "f1": 0.6401326699834162,
      "threshold": 0.6949999928474426
    }
  },
  "subgroups": {
    "sex_male": {
      "n": 1040,
      "macro_auc": 0.9450216880556065,
      "per_class_auc": [
        0.95722490763376,
        0.9419344536163522,
        0.9463163425127381,
        0.9489281585466557,
        0.9307045779685263
      ]
    },
    "sex_female": {
      "n": 1133,
      "macro_auc": 0.9396707004309279,
      "per_class_auc": [
        0.9634940361209797,
        0.9491520444212675,
        0.9430319982896237,
        0.9222103667965609,
        0.9204650565262076
      ]
    },
    "age_lt45": {
      "n": 342,
      "macro_auc": 0.9550461407146967,
      "per_class_auc": [
        0.9410203323246802,
        0.994238683127572,
        0.9310738145673781,
        0.9761945983379501,
        0.9327032752159036
      ]
    },
    "age_45_65": {
      "n": 776,
      "macro_auc": 0.9462993409530351,
      "per_class_auc": [
        0.9619218620116375,
        0.9511498031789449,
        0.9469669117647059,
        0.9326757730119074,
        0.9387823547979798
      ]
    },
    "age_gt65": {
      "n": 1055,
      "macro_auc": 0.9286265846824652,
      "per_class_auc": [
        0.9501607570194187,
        0.925831850572045,
        0.9325292959369896,
        0.9223553798184954,
        0.9122556400653771
      ]
    },
    "meta_complete": {
      "n": 636,
      "macro_auc": 0.9385677428196727,
      "per_class_auc": [
        0.9519177265500794,
        0.9238916947250282,
        0.9436239634954124,
        0.9526429834065119,
        0.9207623459213315
      ]
    },
    "meta_incomplete": {
      "n": 1537,
      "macro_auc": 0.944049835563893,
      "per_class_auc": [
        0.9647613762486126,
        0.9534946744816285,
        0.9450111018595614,
        0.9291731857022505,
        0.9278088395274117
      ]
    },
    "fairness_sex_gap": 0.00535098762467856
  },
  "training_history": [
    {
      "epoch": 1,
      "train_loss": 0.6507806579817782,
      "val_auc": 0.895013397902065,
      "val_f1": 0.6774252248912219,
      "val_auc_ecg": 0.8933478003176276,
      "val_delta_meta": 0.0006927480201671665,
      "lr": 0.0009755527298894294,
      "epoch_time_s": 243.62816882133484
    },
    {
      "epoch": 2,
      "train_loss": 0.5675763489453347,
      "val_auc": 0.9154130500991204,
      "val_f1": 0.6695098869161953,
      "val_auc_ecg": 0.914072864936905,
      "val_delta_meta": 0.001778521927110921,
      "lr": 0.0009046039886902864,
      "epoch_time_s": 243.44091057777405
    },
    {
      "epoch": 3,
      "train_loss": 0.5353396293662843,
      "val_auc": 0.9182994358788097,
      "val_f1": 0.6801382419841807,
      "val_auc_ecg": 0.9164802532277763,
      "val_delta_meta": 0.0006377804195757397,
      "lr": 0.0007940987335200904,
      "epoch_time_s": 259.25337958335876
    },
    {
      "epoch": 4,
      "train_loss": 0.5072598111280154,
      "val_auc": 0.9197296018248011,
      "val_f1": 0.7072143415130026,
      "val_auc_ecg": 0.9186201976681267,
      "val_delta_meta": 0.000667170850256138,
      "lr": 0.0006548539886902864,
      "epoch_time_s": 265.09512519836426
    },
    {
      "epoch": 5,
      "train_loss": 0.4889514223559872,
      "val_auc": 0.9250910738762409,
      "val_f1": 0.7240302398517239,
      "val_auc_ecg": 0.9239124899609568,
      "val_delta_meta": 0.0002807838644006688,
      "lr": 0.0005005000000000001,
      "epoch_time_s": 265.0896747112274
    },
    {
      "epoch": 6,
      "train_loss": 0.46668215008664043,
      "val_auc": 0.9288829343406004,
      "val_f1": 0.7355218110803443,
      "val_auc_ecg": 0.9278070289783665,
      "val_delta_meta": 0.0005986323234851154,
      "lr": 0.0003461460113097139,
      "epoch_time_s": 265.501038312912
    },
    {
      "epoch": 7,
      "train_loss": 0.4438883832249886,
      "val_auc": 0.9292867423439086,
      "val_f1": 0.7259050208270288,
      "val_auc_ecg": 0.9279093254387508,
      "val_delta_meta": 0.00026843749598348676,
      "lr": 0.00020690126647990973,
      "epoch_time_s": 265.6477551460266
    },
    {
      "epoch": 8,
      "train_loss": 0.42239221119946174,
      "val_auc": 0.9338795209640439,
      "val_f1": 0.7365991291641455,
      "val_auc_ecg": 0.9331848628372394,
      "val_delta_meta": 0.00040223375544112816,
      "lr": 9.639601130971382e-05,
      "epoch_time_s": 266.1301734447479
    },
    {
      "epoch": 9,
      "train_loss": 0.4056748580528703,
      "val_auc": 0.9336593859112436,
      "val_f1": 0.7369750528649233,
      "val_auc_ecg": 0.9331097213213191,
      "val_delta_meta": 0.00019624660709083308,
      "lr": 2.5447270110570814e-05,
      "epoch_time_s": 265.8796555995941
    },
    {
      "epoch": 10,
      "train_loss": 0.3902802681584498,
      "val_auc": 0.9335456732677507,
      "val_f1": 0.7363110270835768,
      "val_auc_ecg": 0.9331487187613974,
      "val_delta_meta": 0.00032603700870714736,
      "lr": 0.001,
      "epoch_time_s": 266.7278006076813
    }
  ]
}