{
  "metadata": {
    "run_name": "ATLAS_A_v5_demo+anthro_trainmask_seed2029",
    "variant": "demo+anthro",
    "seed": 2029,
    "meta_hid": 128,
    "lauc_weight": 0.08,
    "no_aug": false,
    "arch_mode": "standard",
    "meta_mask_mode": "trainmask",
    "test_fold": 10,
    "val_fold": 9,
    "timestamp": "2026-05-10T18:53:45.407896",
    "git_sha": "b8fda1f7a68a5b217a3f76d88337426561bd26e4",
    "analysis_plan_sha256": "4ad22e907fbd431a0b443255a3449c0560371997d5ee36a61e164de7aea5c3dc",
    "wall_time_s": 2605.7436940670013,
    "train_time_s": 2575.8194077014923,
    "gpu_peak_mem_mb": 0,
    "num_parameters": 3951951,
    "dataset_sizes": {
      "train": 17418,
      "val": 2183,
      "test": 2198
    },
    "train_fold_ids": [
      1,
      2,
      3,
      4,
      5,
      6,
      7,
      8
    ],
    "pos_weights": [
      1.2930489778518677,
      2.9776203632354736,
      3.161012887954712,
      3.4581520557403564,
      7.21991491317749
    ],
    "loss_weights": {
      "fused": 0.52,
      "ecg": 0.3,
      "meta": 0.1,
      "lauc": 0.08
    },
    "hardware": {
      "python_version": "3.11.7 | packaged by Anaconda, Inc. | (main, Dec 15 2023, 18:05:47) [MSC v.1916 64 bit (AMD64)]",
      "torch_version": "2.3.1+cpu",
      "cuda_available": false,
      "numpy_version": "1.26.4",
      "sklearn_version": "1.4.2"
    },
    "best_val_auc": 0.499235090006256,
    "best_val_epoch": 5
  },
  "test": {
    "macro_auc": 0.4997432889299628,
    "macro_auc_ecg": 0.9178469674127957,
    "macro_auc_no_meta": 0.9187155644357363,
    "delta_meta_auc": -0.41897227550577354,
    "macro_f1_optimal": 0.3081126216409283,
    "macro_f1_fixed_05": 0.308151867277611,
    "w_fused": 1.0,
    "thresholds": [
      0.05000000074505806,
      0.05000000074505806,
      0.05000000074505806,
      0.05000000074505806,
      0.05000000074505806
    ]
  },
  "per_class": {
    "NORM": {
      "auc": 0.4886311753503096,
      "f1": 0.5845637583892618,
      "threshold": 0.05000000074505806
    },
    "MI": {
      "auc": 0.4975728155339806,
      "f1": 0.0,
      "threshold": 0.05000000074505806
    },
    "STTC": {
      "auc": 0.4969692703701542,
      "f1": 0.37165991902834006,
      "threshold": 0.05000000074505806
    },
    "CD": {
      "auc": 0.5,
      "f1": 0.3682256867112101,
      "threshold": 0.05000000074505806
    },
    "HYP": {
      "auc": 0.5155431833953694,
      "f1": 0.2161137440758294,
      "threshold": 0.05000000074505806
    }
  },
  "subgroups": {
    "sex_male": {
      "n": 1066,
      "macro_auc": 0.5013333606802198,
      "per_class_auc": [
        0.514601019902925,
        0.4956949569495695,
        0.4927524689391526,
        0.5,
        0.5036183576094522
      ]
    },
    "sex_female": {
      "n": 1132,
      "macro_auc": 0.4982877340567976,
      "per_class_auc": [
        0.46832056025369984,
        0.4994011976047904,
        0.4964722153713724,
        0.5,
        0.5272446970541254
      ]
    },
    "age_lt45": {
      "n": 345,
      "macro_auc": 0.49898921798602947,
      "per_class_auc": [
        0.624443950177936,
        0.49700598802395207,
        0.4980106100795756,
        0.5,
        0.37548554164868364
      ]
    },
    "age_45_65": {
      "n": 703,
      "macro_auc": 0.500119696153327,
      "per_class_auc": [
        0.5089962121212122,
        0.49463327370304117,
        0.5148930620761607,
        0.5,
        0.4820759328662213
      ]
    },
    "age_gt65": {
      "n": 1150,
      "macro_auc": 0.500548479167746,
      "per_class_auc": [
        0.500888158931216,
        0.5,
        0.4926441631504922,
        0.5,
        0.5092100737570222
      ]
    },
    "meta_complete": {
      "n": 660,
      "macro_auc": 0.5129539070269779,
      "per_class_auc": [
        0.5305094568737121,
        0.4924670433145009,
        0.47653019145802655,
        0.5,
        0.56526284348865
      ]
    },
    "meta_incomplete": {
      "n": 1538,
      "macro_auc": 0.49473312729585794,
      "per_class_auc": [
        0.469389932295651,
        0.5,
        0.5051147825580944,
        0.5,
        0.49916092162554426
      ]
    },
    "fairness_sex_gap": 0.0030456266234222262
  },
  "training_history": [
    {
      "epoch": 1,
      "train_loss": 0.5955443796214708,
      "val_auc": 0.4987554374996262,
      "val_f1": 0.3101740152017515,
      "val_auc_ecg": 0.892595425005845,
      "val_delta_meta": -0.39476347292222397,
      "lr": 0.0009755527298894294,
      "epoch_time_s": 247.14113593101501
    },
    {
      "epoch": 2,
      "train_loss": 0.5150752748918096,
      "val_auc": 0.49893064119824376,
      "val_f1": 0.3102707820427043,
      "val_auc_ecg": 0.9131558748160067,
      "val_delta_meta": -0.4149022852301207,
      "lr": 0.0009046039886902864,
      "epoch_time_s": 242.9944188594818
    },
    {
      "epoch": 3,
      "train_loss": 0.4770081137298444,
      "val_auc": 0.4991031097126152,
      "val_f1": 0.3103354275006082,
      "val_auc_ecg": 0.912669124126165,
      "val_delta_meta": -0.4127304222803758,
      "lr": 0.0007940987335200904,
      "epoch_time_s": 254.6305069923401
    },
    {
      "epoch": 4,
      "train_loss": 0.4524992202946899,
      "val_auc": 0.49902838207368816,
      "val_f1": 0.31030309132626155,
      "val_auc_ecg": 0.9180533979296459,
      "val_delta_meta": -0.4195786717386988,
      "lr": 0.0006548539886902864,
      "epoch_time_s": 260.4678134918213
    },
    {
      "epoch": 5,
      "train_loss": 0.4302306384668438,
      "val_auc": 0.499235090006256,
      "val_f1": 0.3103354275006082,
      "val_auc_ecg": 0.9222384009027502,
      "val_delta_meta": -0.42380573133865307,
      "lr": 0.0005005000000000001,
      "epoch_time_s": 260.2005491256714
    },
    {
      "epoch": 6,
      "train_loss": 0.4116672566451064,
      "val_auc": 0.4991409998144626,
      "val_f1": 0.3103354275006082,
      "val_auc_ecg": 0.9283375634003308,
      "val_delta_meta": -0.42893478559100995,
      "lr": 0.0003461460113097139,
      "epoch_time_s": 260.50501585006714
    },
    {
      "epoch": 7,
      "train_loss": 0.38905420401774415,
      "val_auc": 0.49907954691690704,
      "val_f1": 0.31030309132626155,
      "val_auc_ecg": 0.9255674944654434,
      "val_delta_meta": -0.42638158094738365,
      "lr": 0.00020690126647990973,
      "epoch_time_s": 260.827960729599
    },
    {
      "epoch": 8,
      "train_loss": 0.36989992572626934,
      "val_auc": 0.4990898349712438,
      "val_f1": 0.3103354275006082,
      "val_auc_ecg": 0.9316470650764265,
      "val_delta_meta": -0.43218908324582617,
      "lr": 9.639601130971382e-05,
      "epoch_time_s": 260.7496266365051
    },
    {
      "epoch": 9,
      "train_loss": 0.3515315210873928,
      "val_auc": 0.49913971646168137,
      "val_f1": 0.3103354275006082,
      "val_auc_ecg": 0.9316422918000701,
      "val_delta_meta": -0.43229521901552553,
      "lr": 2.5447270110570814e-05,
      "epoch_time_s": 260.09670186042786
    },
    {
      "epoch": 10,
      "train_loss": 0.3403579348817878,
      "val_auc": 0.49913971646168137,
      "val_f1": 0.3103354275006082,
      "val_auc_ecg": 0.9328455358166614,
      "val_delta_meta": -0.4334890329093079,
      "lr": 0.001,
      "epoch_time_s": 260.62762689590454
    }
  ]
}