{
  "metadata": {
    "run_name": "ATLAS_A_v5_demo+anthro_concat_seed2029",
    "variant": "demo+anthro",
    "seed": 2029,
    "meta_hid": 128,
    "lauc_weight": 0.08,
    "no_aug": false,
    "arch_mode": "concat",
    "meta_mask_mode": "real",
    "test_fold": 10,
    "val_fold": 9,
    "timestamp": "2026-05-08T23:32:22.024011",
    "git_sha": "b8fda1f7a68a5b217a3f76d88337426561bd26e4",
    "analysis_plan_sha256": "4ad22e907fbd431a0b443255a3449c0560371997d5ee36a61e164de7aea5c3dc",
    "wall_time_s": 2379.583044052124,
    "train_time_s": 2350.808457136154,
    "gpu_peak_mem_mb": 0,
    "num_parameters": 3951951,
    "dataset_sizes": {
      "train": 17418,
      "val": 2183,
      "test": 2198
    },
    "train_fold_ids": [
      1,
      2,
      3,
      4,
      5,
      6,
      7,
      8
    ],
    "pos_weights": [
      1.2930489778518677,
      2.9776203632354736,
      3.161012887954712,
      3.4581520557403564,
      7.21991491317749
    ],
    "loss_weights": {
      "fused": 0.52,
      "ecg": 0.3,
      "meta": 0.1,
      "lauc": 0.08
    },
    "hardware": {
      "python_version": "3.11.7 | packaged by Anaconda, Inc. | (main, Dec 15 2023, 18:05:47) [MSC v.1916 64 bit (AMD64)]",
      "torch_version": "2.3.1+cpu",
      "cuda_available": false,
      "numpy_version": "1.26.4",
      "sklearn_version": "1.4.2"
    },
    "best_val_auc": 0.9339272285292701,
    "best_val_epoch": 10
  },
  "test": {
    "macro_auc": 0.9305320234323784,
    "macro_auc_ecg": 0.9290255734627781,
    "macro_auc_no_meta": 0.9290026770244513,
    "delta_meta_auc": 0.0015293464079271235,
    "macro_f1_optimal": 0.7468216455106853,
    "macro_f1_fixed_05": 0.7416707609420913,
    "w_fused": 1.0,
    "thresholds": [
      0.6349999904632568,
      0.6650000214576721,
      0.6200000047683716,
      0.800000011920929,
      0.6200000047683716
    ]
  },
  "per_class": {
    "NORM": {
      "auc": 0.9515818061809208,
      "f1": 0.8672302337145699,
      "threshold": 0.6349999904632568
    },
    "MI": {
      "auc": 0.9315798764342454,
      "f1": 0.730072463768116,
      "threshold": 0.6650000214576721
    },
    "STTC": {
      "auc": 0.9380085313665637,
      "f1": 0.7645525629887054,
      "threshold": 0.6200000047683716
    },
    "CD": {
      "auc": 0.9222747905689702,
      "f1": 0.7363737486095662,
      "threshold": 0.800000011920929
    },
    "HYP": {
      "auc": 0.9092151126111916,
      "f1": 0.6358792184724689,
      "threshold": 0.6200000047683716
    }
  },
  "subgroups": {
    "sex_male": {
      "n": 1066,
      "macro_auc": 0.9222880560571778,
      "per_class_auc": [
        0.946886983046192,
        0.9209777868529674,
        0.9211045626703479,
        0.9139068025795715,
        0.90856414513681
      ]
    },
    "sex_female": {
      "n": 1132,
      "macro_auc": 0.9382656946822466,
      "per_class_auc": [
        0.9566124282694051,
        0.9402205689630839,
        0.9521004705324803,
        0.9319748563093647,
        0.9104201493368995
      ]
    },
    "age_lt45": {
      "n": 345,
      "macro_auc": 0.9316002361498349,
      "per_class_auc": [
        0.9027468861209963,
        0.9918345127925967,
        0.9627441523993248,
        0.8708094231350045,
        0.9298662063012517
      ]
    },
    "age_45_65": {
      "n": 703,
      "macro_auc": 0.9273783105435255,
      "per_class_auc": [
        0.9303650731452455,
        0.9269653150467104,
        0.9518388106416276,
        0.9087608634707037,
        0.9189614904133399
      ]
    },
    "age_gt65": {
      "n": 1150,
      "macro_auc": 0.9192556184922065,
      "per_class_auc": [
        0.9533273466301163,
        0.9070500461061279,
        0.9150316455696204,
        0.9307020499131833,
        0.8901670042419842
      ]
    },
    "meta_complete": {
      "n": 660,
      "macro_auc": 0.9426981036552877,
      "per_class_auc": [
        0.9628808507506623,
        0.9472547044482402,
        0.9378733431516937,
        0.9487095347476852,
        0.9167720851781573
      ]
    },
    "meta_incomplete": {
      "n": 1538,
      "macro_auc": 0.9254800298045396,
      "per_class_auc": [
        0.9474827269778326,
        0.9254343901313538,
        0.9379412848663538,
        0.9128679444346756,
        0.9036738026124819
      ]
    },
    "fairness_sex_gap": 0.015977638625068846
  },
  "training_history": [
    {
      "epoch": 1,
      "train_loss": 0.6518235131141242,
      "val_auc": 0.8921025056436107,
      "val_f1": 0.6553555852512467,
      "val_auc_ecg": 0.8916720964594868,
      "val_delta_meta": 0.0004709377901525036,
      "lr": 0.0009755527298894294,
      "epoch_time_s": 234.08170914649963
    },
    {
      "epoch": 2,
      "train_loss": 0.5680743275979243,
      "val_auc": 0.9112768175440895,
      "val_f1": 0.6946657198858481,
      "val_auc_ecg": 0.9097631386801741,
      "val_delta_meta": 0.0016439771561217453,
      "lr": 0.0009046039886902864,
      "epoch_time_s": 233.4690544605255
    },
    {
      "epoch": 3,
      "train_loss": 0.5264753245432442,
      "val_auc": 0.9129717970070317,
      "val_f1": 0.6830444436970914,
      "val_auc_ecg": 0.9132470339188995,
      "val_delta_meta": -0.0013036980140789245,
      "lr": 0.0007940987335200904,
      "epoch_time_s": 233.53993821144104
    },
    {
      "epoch": 4,
      "train_loss": 0.5025413216254033,
      "val_auc": 0.9182768870578674,
      "val_f1": 0.7201877599050512,
      "val_auc_ecg": 0.9177546402296081,
      "val_delta_meta": -0.00026329736028662953,
      "lr": 0.0006548539886902864,
      "epoch_time_s": 234.24598622322083
    },
    {
      "epoch": 5,
      "train_loss": 0.4788767354750852,
      "val_auc": 0.924215372633693,
      "val_f1": 0.7283183628863793,
      "val_auc_ecg": 0.9237240572390963,
      "val_delta_meta": -0.001039915465836705,
      "lr": 0.0005005000000000001,
      "epoch_time_s": 234.64313292503357
    },
    {
      "epoch": 6,
      "train_loss": 0.4606953303201483,
      "val_auc": 0.929226959914562,
      "val_f1": 0.7184230281813584,
      "val_auc_ecg": 0.9287227342101229,
      "val_delta_meta": -0.00017866301352209568,
      "lr": 0.0003461460113097139,
      "epoch_time_s": 234.54794239997864
    },
    {
      "epoch": 7,
      "train_loss": 0.43458599508355517,
      "val_auc": 0.9283080959664465,
      "val_f1": 0.7294651077115801,
      "val_auc_ecg": 0.9280662503988294,
      "val_delta_meta": -0.0003867582690949556,
      "lr": 0.00020690126647990973,
      "epoch_time_s": 233.88179659843445
    },
    {
      "epoch": 8,
      "train_loss": 0.41658359454312455,
      "val_auc": 0.9329929536631745,
      "val_f1": 0.7336926045182317,
      "val_auc_ecg": 0.9326868699977929,
      "val_delta_meta": -0.00011112896032516861,
      "lr": 9.639601130971382e-05,
      "epoch_time_s": 234.3550386428833
    },
    {
      "epoch": 9,
      "train_loss": 0.39505647180277276,
      "val_auc": 0.9323516290903765,
      "val_f1": 0.7391366800305688,
      "val_auc_ecg": 0.9322168428648407,
      "val_delta_meta": -0.00047138422841952465,
      "lr": 2.5447270110570814e-05,
      "epoch_time_s": 234.24103569984436
    },
    {
      "epoch": 10,
      "train_loss": 0.38605757795889445,
      "val_auc": 0.9339272285292701,
      "val_f1": 0.7448045651514736,
      "val_auc_ecg": 0.9335645277649928,
      "val_delta_meta": -2.8681544827269256e-05,
      "lr": 0.001,
      "epoch_time_s": 234.38390183448792
    }
  ]
}