{
  "metadata": {
    "run_name": "ATLAS_A_v5_demo+anthro_metaH64_seed2026",
    "variant": "demo+anthro",
    "seed": 2026,
    "meta_hid": 64,
    "lauc_weight": 0.08,
    "no_aug": false,
    "arch_mode": "standard",
    "meta_mask_mode": "real",
    "test_fold": 10,
    "val_fold": 9,
    "timestamp": "2026-05-06T03:58:33.759286",
    "git_sha": "b8fda1f7a68a5b217a3f76d88337426561bd26e4",
    "analysis_plan_sha256": "4ad22e907fbd431a0b443255a3449c0560371997d5ee36a61e164de7aea5c3dc",
    "wall_time_s": 2621.4691314697266,
    "train_time_s": 2592.1466257572174,
    "gpu_peak_mem_mb": 0,
    "num_parameters": 3935247,
    "dataset_sizes": {
      "train": 17418,
      "val": 2183,
      "test": 2198
    },
    "train_fold_ids": [
      1,
      2,
      3,
      4,
      5,
      6,
      7,
      8
    ],
    "pos_weights": [
      1.2930489778518677,
      2.9776203632354736,
      3.161012887954712,
      3.4581520557403564,
      7.21991491317749
    ],
    "loss_weights": {
      "fused": 0.52,
      "ecg": 0.3,
      "meta": 0.1,
      "lauc": 0.08
    },
    "hardware": {
      "python_version": "3.11.7 | packaged by Anaconda, Inc. | (main, Dec 15 2023, 18:05:47) [MSC v.1916 64 bit (AMD64)]",
      "torch_version": "2.3.1+cpu",
      "cuda_available": false,
      "numpy_version": "1.26.4",
      "sklearn_version": "1.4.2"
    },
    "best_val_auc": 0.9324969680125449,
    "best_val_epoch": 10
  },
  "test": {
    "macro_auc": 0.9297913054379932,
    "macro_auc_ecg": 0.928399583490506,
    "macro_auc_no_meta": 0.9284375867226741,
    "delta_meta_auc": 0.0013537187153190855,
    "macro_f1_optimal": 0.7493687818879666,
    "macro_f1_fixed_05": 0.7386640932275222,
    "w_fused": 1.0,
    "thresholds": [
      0.6650000214576721,
      0.5149999856948853,
      0.6050000190734863,
      0.5899999737739563,
      0.7400000095367432
    ]
  },
  "per_class": {
    "NORM": {
      "auc": 0.9506182182030682,
      "f1": 0.8635458167330677,
      "threshold": 0.6650000214576721
    },
    "MI": {
      "auc": 0.9314121800529568,
      "f1": 0.7399328859060402,
      "threshold": 0.5149999856948853
    },
    "STTC": {
      "auc": 0.9360708330042794,
      "f1": 0.7787769784172662,
      "threshold": 0.6050000190734863
    },
    "CD": {
      "auc": 0.9168435616542209,
      "f1": 0.748046875,
      "threshold": 0.5899999737739563
    },
    "HYP": {
      "auc": 0.9140117342754401,
      "f1": 0.6165413533834586,
      "threshold": 0.7400000095367432
    }
  },
  "subgroups": {
    "sex_male": {
      "n": 1066,
      "macro_auc": 0.9231860596528408,
      "per_class_auc": [
        0.9466050821668781,
        0.9225238102183393,
        0.9208390853421118,
        0.9122997711670481,
        0.9136625493698272
      ]
    },
    "sex_female": {
      "n": 1132,
      "macro_auc": 0.9361732697894727,
      "per_class_auc": [
        0.956002088996275,
        0.9387487650960706,
        0.9483768321993162,
        0.9226675233117436,
        0.9150711393439578
      ]
    },
    "age_lt45": {
      "n": 345,
      "macro_auc": 0.9233930358734277,
      "per_class_auc": [
        0.8887344306049823,
        0.9844855743059335,
        0.9605739088497709,
        0.8459679855028691,
        0.9372032801035823
      ]
    },
    "age_45_65": {
      "n": 703,
      "macro_auc": 0.9271344051991592,
      "per_class_auc": [
        0.931001828631139,
        0.9308288610614192,
        0.9512389149713094,
        0.9013596860106533,
        0.9212427353212753
      ]
    },
    "age_gt65": {
      "n": 1150,
      "macro_auc": 0.9192740623342361,
      "per_class_auc": [
        0.9534258121435548,
        0.9059032609606841,
        0.912415611814346,
        0.9284696178209537,
        0.8961560089316424
      ]
    },
    "meta_complete": {
      "n": 660,
      "macro_auc": 0.941251229259338,
      "per_class_auc": [
        0.9611237856932587,
        0.9445977313537424,
        0.9361531664212076,
        0.9446576593285871,
        0.9197238034998947
      ]
    },
    "meta_incomplete": {
      "n": 1538,
      "macro_auc": 0.9250815745732419,
      "per_class_auc": [
        0.9469154883889558,
        0.9262169409493107,
        0.9358633665670948,
        0.9060664673817478,
        0.9103456095791002
      ]
    },
    "fairness_sex_gap": 0.012987210136631844
  },
  "training_history": [
    {
      "epoch": 1,
      "train_loss": 0.6552155723812383,
      "val_auc": 0.8888933388010385,
      "val_f1": 0.6625542558707265,
      "val_auc_ecg": 0.8858650876900228,
      "val_delta_meta": 0.0010823105211654749,
      "lr": 0.0009755527298894294,
      "epoch_time_s": 241.76447534561157
    },
    {
      "epoch": 2,
      "train_loss": 0.5630643129895586,
      "val_auc": 0.9085996308325948,
      "val_f1": 0.6988731631546145,
      "val_auc_ecg": 0.9048007528409288,
      "val_delta_meta": 0.002994692201610305,
      "lr": 0.0009046039886902864,
      "epoch_time_s": 241.2775013446808
    },
    {
      "epoch": 3,
      "train_loss": 0.5297487326718252,
      "val_auc": 0.9182111611111543,
      "val_f1": 0.6920264921804027,
      "val_auc_ecg": 0.9175617850638389,
      "val_delta_meta": -4.991025424960771e-05,
      "lr": 0.0007940987335200904,
      "epoch_time_s": 256.755642414093
    },
    {
      "epoch": 4,
      "train_loss": 0.5062813857826618,
      "val_auc": 0.9245989869341587,
      "val_f1": 0.7159726743246042,
      "val_auc_ecg": 0.9239078325975008,
      "val_delta_meta": 0.00034762189708759106,
      "lr": 0.0006548539886902864,
      "epoch_time_s": 262.9029347896576
    },
    {
      "epoch": 5,
      "train_loss": 0.48483898885753174,
      "val_auc": 0.9245327936005697,
      "val_f1": 0.7238354242522764,
      "val_auc_ecg": 0.9236973305389563,
      "val_delta_meta": -0.0003408901261263697,
      "lr": 0.0005005000000000001,
      "epoch_time_s": 262.4583852291107
    },
    {
      "epoch": 6,
      "train_loss": 0.4569331489024906,
      "val_auc": 0.9275461984359901,
      "val_f1": 0.7254334282442995,
      "val_auc_ecg": 0.9264475167114735,
      "val_delta_meta": 0.0009623018678910356,
      "lr": 0.0003461460113097139,
      "epoch_time_s": 262.85088419914246
    },
    {
      "epoch": 7,
      "train_loss": 0.43653203743860264,
      "val_auc": 0.9298025200218994,
      "val_f1": 0.7292045092226728,
      "val_auc_ecg": 0.9290327078866726,
      "val_delta_meta": -0.0002691331637354466,
      "lr": 0.00020690126647990973,
      "epoch_time_s": 263.6278808116913
    },
    {
      "epoch": 8,
      "train_loss": 0.4156884538197736,
      "val_auc": 0.9295023779121854,
      "val_f1": 0.7333227219969857,
      "val_auc_ecg": 0.9287232830456933,
      "val_delta_meta": -0.0003876473510994183,
      "lr": 9.639601130971382e-05,
      "epoch_time_s": 263.68367862701416
    },
    {
      "epoch": 9,
      "train_loss": 0.3989168035874673,
      "val_auc": 0.9309886244574346,
      "val_f1": 0.7360439127056645,
      "val_auc_ecg": 0.9305200551585372,
      "val_delta_meta": -0.00030459277011862795,
      "lr": 2.5447270110570814e-05,
      "epoch_time_s": 264.0560054779053
    },
    {
      "epoch": 10,
      "train_loss": 0.38578543258369513,
      "val_auc": 0.9324969680125449,
      "val_f1": 0.7410024580219569,
      "val_auc_ecg": 0.9317783609040744,
      "val_delta_meta": -1.1615112169516273e-05,
      "lr": 0.001,
      "epoch_time_s": 263.4899265766144
    }
  ]
}