{
  "metadata": {
    "run_name": "ATLAS_A_v5_demo+anthro_noaug_seed2024",
    "variant": "demo+anthro",
    "seed": 2024,
    "meta_hid": 128,
    "lauc_weight": 0.08,
    "no_aug": true,
    "arch_mode": "standard",
    "meta_mask_mode": "real",
    "test_fold": 10,
    "val_fold": 9,
    "timestamp": "2026-05-07T22:41:02.767571",
    "git_sha": "b8fda1f7a68a5b217a3f76d88337426561bd26e4",
    "analysis_plan_sha256": "4ad22e907fbd431a0b443255a3449c0560371997d5ee36a61e164de7aea5c3dc",
    "wall_time_s": 2634.299117565155,
    "train_time_s": 2604.379102230072,
    "gpu_peak_mem_mb": 0,
    "num_parameters": 3951951,
    "dataset_sizes": {
      "train": 17418,
      "val": 2183,
      "test": 2198
    },
    "train_fold_ids": [
      1,
      2,
      3,
      4,
      5,
      6,
      7,
      8
    ],
    "pos_weights": [
      1.2930489778518677,
      2.9776203632354736,
      3.161012887954712,
      3.4581520557403564,
      7.21991491317749
    ],
    "loss_weights": {
      "fused": 0.52,
      "ecg": 0.3,
      "meta": 0.1,
      "lauc": 0.08
    },
    "hardware": {
      "python_version": "3.11.7 | packaged by Anaconda, Inc. | (main, Dec 15 2023, 18:05:47) [MSC v.1916 64 bit (AMD64)]",
      "torch_version": "2.3.1+cpu",
      "cuda_available": false,
      "numpy_version": "1.26.4",
      "sklearn_version": "1.4.2"
    },
    "best_val_auc": 0.9314781791725627,
    "best_val_epoch": 10
  },
  "test": {
    "macro_auc": 0.9259805943697932,
    "macro_auc_ecg": 0.9250991805306965,
    "macro_auc_no_meta": 0.9249710778290737,
    "delta_meta_auc": 0.0010095165407194573,
    "macro_f1_optimal": 0.7446951619286176,
    "macro_f1_fixed_05": 0.7436332215486148,
    "w_fused": 1.0,
    "thresholds": [
      0.5600000023841858,
      0.7400000095367432,
      0.6949999928474426,
      0.6949999928474426,
      0.45500001311302185
    ]
  },
  "per_class": {
    "NORM": {
      "auc": 0.9462997296740534,
      "f1": 0.8623853211009175,
      "threshold": 0.5600000023841858
    },
    "MI": {
      "auc": 0.9258539276257722,
      "f1": 0.7290076335877863,
      "threshold": 0.7400000095367432
    },
    "STTC": {
      "auc": 0.9356130188607981,
      "f1": 0.7746741154562383,
      "threshold": 0.6949999928474426
    },
    "CD": {
      "auc": 0.914393881960502,
      "f1": 0.7533818938605619,
      "threshold": 0.6949999928474426
    },
    "HYP": {
      "auc": 0.9077424137278406,
      "f1": 0.6040268456375839,
      "threshold": 0.45500001311302185
    }
  },
  "subgroups": {
    "sex_male": {
      "n": 1066,
      "macro_auc": 0.9190372376580255,
      "per_class_auc": [
        0.9405767402861656,
        0.914288075687081,
        0.9237858836855333,
        0.9082899937591014,
        0.9082454948722464
      ]
    },
    "sex_female": {
      "n": 1132,
      "macro_auc": 0.932297447898106,
      "per_class_auc": [
        0.9517360062418203,
        0.9352648238875784,
        0.9450932602146169,
        0.9214693778325722,
        0.9079237713139418
      ]
    },
    "age_lt45": {
      "n": 345,
      "macro_auc": 0.9114348410482261,
      "per_class_auc": [
        0.87144128113879,
        0.9776810016330975,
        0.9637087050880155,
        0.8310933252793717,
        0.9132498921018558
      ]
    },
    "age_45_65": {
      "n": 703,
      "macro_auc": 0.9212919982544797,
      "per_class_auc": [
        0.924789380877743,
        0.9227663486384416,
        0.9441575378195096,
        0.898093636108775,
        0.9166530878279289
      ]
    },
    "age_gt65": {
      "n": 1150,
      "macro_auc": 0.9173080025917155,
      "per_class_auc": [
        0.9503261177805086,
        0.9009372118367005,
        0.9144409282700421,
        0.9288398387317713,
        0.8919959163395552
      ]
    },
    "meta_complete": {
      "n": 660,
      "macro_auc": 0.9372058129651577,
      "per_class_auc": [
        0.9541783191050928,
        0.9405392779456634,
        0.9378615611192931,
        0.938751052203564,
        0.9146988544521751
      ]
    },
    "meta_incomplete": {
      "n": 1538,
      "macro_auc": 0.9213512361133043,
      "per_class_auc": [
        0.9439006239624478,
        0.9200394677803839,
        0.9343115956084882,
        0.9051708575112831,
        0.9033336357039187
      ]
    },
    "fairness_sex_gap": 0.013260210240080506
  },
  "training_history": [
    {
      "epoch": 1,
      "train_loss": 0.6425310151839475,
      "val_auc": 0.904679671294736,
      "val_f1": 0.6850700977893095,
      "val_auc_ecg": 0.9041144386305261,
      "val_delta_meta": 0.0005187396137771305,
      "lr": 0.0009755527298894294,
      "epoch_time_s": 242.33234071731567
    },
    {
      "epoch": 2,
      "train_loss": 0.5511150075754988,
      "val_auc": 0.9178918101022028,
      "val_f1": 0.6979757194398768,
      "val_auc_ecg": 0.9156366566398656,
      "val_delta_meta": 0.001304622031605418,
      "lr": 0.0009046039886902864,
      "epoch_time_s": 243.31187772750854
    },
    {
      "epoch": 3,
      "train_loss": 0.5175788907282943,
      "val_auc": 0.9152194052612159,
      "val_f1": 0.6930399672603799,
      "val_auc_ecg": 0.9134252489723723,
      "val_delta_meta": -0.00087829176394294,
      "lr": 0.0007940987335200904,
      "epoch_time_s": 257.9097867012024
    },
    {
      "epoch": 4,
      "train_loss": 0.4956172407220263,
      "val_auc": 0.9202891928631157,
      "val_f1": 0.7154520550615484,
      "val_auc_ecg": 0.9212704803641698,
      "val_delta_meta": -0.0012718120145798206,
      "lr": 0.0006548539886902864,
      "epoch_time_s": 264.6378688812256
    },
    {
      "epoch": 5,
      "train_loss": 0.46406357714889246,
      "val_auc": 0.9263234530238791,
      "val_f1": 0.728608591485651,
      "val_auc_ecg": 0.9257516877603822,
      "val_delta_meta": 0.00013828520952108292,
      "lr": 0.0005005000000000001,
      "epoch_time_s": 264.02339124679565
    },
    {
      "epoch": 6,
      "train_loss": 0.4419434058556863,
      "val_auc": 0.9313418973493508,
      "val_f1": 0.728816548982732,
      "val_auc_ecg": 0.9305442604169893,
      "val_delta_meta": 0.0004548418790655262,
      "lr": 0.0003461460113097139,
      "epoch_time_s": 264.56463170051575
    },
    {
      "epoch": 7,
      "train_loss": 0.4135565999177618,
      "val_auc": 0.9289115845365897,
      "val_f1": 0.7341804379936857,
      "val_auc_ecg": 0.9286177709555595,
      "val_delta_meta": -0.0006886896386327779,
      "lr": 0.00020690126647990973,
      "epoch_time_s": 263.87943959236145
    },
    {
      "epoch": 8,
      "train_loss": 0.3841687329045129,
      "val_auc": 0.9305536211370565,
      "val_f1": 0.7283461769218225,
      "val_auc_ecg": 0.9299575051293674,
      "val_delta_meta": 0.00029257634025725565,
      "lr": 9.639601130971382e-05,
      "epoch_time_s": 265.0022842884064
    },
    {
      "epoch": 9,
      "train_loss": 0.36121766651989123,
      "val_auc": 0.930313485246127,
      "val_f1": 0.7366531600771467,
      "val_auc_ecg": 0.9294001822879434,
      "val_delta_meta": 0.00042183741085399795,
      "lr": 2.5447270110570814e-05,
      "epoch_time_s": 264.64401292800903
    },
    {
      "epoch": 10,
      "train_loss": 0.3435915346539349,
      "val_auc": 0.9314781791725627,
      "val_f1": 0.740540335385435,
      "val_auc_ecg": 0.9309623186567398,
      "val_delta_meta": 0.00030824235220960894,
      "lr": 0.001,
      "epoch_time_s": 266.2335674762726
    }
  ]
}