{
  "metadata": {
    "run_name": "ATLAS_A_v5_demo+anthro_no_glu_seed2033",
    "variant": "demo+anthro",
    "seed": 2033,
    "meta_hid": 128,
    "lauc_weight": 0.08,
    "no_aug": false,
    "arch_mode": "no_glu",
    "meta_mask_mode": "real",
    "test_fold": 10,
    "val_fold": 9,
    "timestamp": "2026-05-09T16:13:59.671124",
    "git_sha": "b8fda1f7a68a5b217a3f76d88337426561bd26e4",
    "analysis_plan_sha256": "4ad22e907fbd431a0b443255a3449c0560371997d5ee36a61e164de7aea5c3dc",
    "wall_time_s": 2895.052297115326,
    "train_time_s": 2839.7087354660034,
    "gpu_peak_mem_mb": 0,
    "num_parameters": 3951951,
    "dataset_sizes": {
      "train": 17418,
      "val": 2183,
      "test": 2198
    },
    "train_fold_ids": [
      1,
      2,
      3,
      4,
      5,
      6,
      7,
      8
    ],
    "pos_weights": [
      1.2930489778518677,
      2.9776203632354736,
      3.161012887954712,
      3.4581520557403564,
      7.21991491317749
    ],
    "loss_weights": {
      "fused": 0.52,
      "ecg": 0.3,
      "meta": 0.1,
      "lauc": 0.08
    },
    "hardware": {
      "python_version": "3.11.7 | packaged by Anaconda, Inc. | (main, Dec 15 2023, 18:05:47) [MSC v.1916 64 bit (AMD64)]",
      "torch_version": "2.3.1+cpu",
      "cuda_available": false,
      "numpy_version": "1.26.4",
      "sklearn_version": "1.4.2"
    },
    "best_val_auc": 0.9317764129770243,
    "best_val_epoch": 10
  },
  "test": {
    "macro_auc": 0.9264172842195546,
    "macro_auc_ecg": 0.9259917450656175,
    "macro_auc_no_meta": 0.9255775735630014,
    "delta_meta_auc": 0.0008397106565531942,
    "macro_f1_optimal": 0.7427169592050087,
    "macro_f1_fixed_05": 0.734561733644459,
    "w_fused": 1.0,
    "thresholds": [
      0.6200000047683716,
      0.6650000214576721,
      0.6050000190734863,
      0.7400000095367432,
      0.5
    ]
  },
  "per_class": {
    "NORM": {
      "auc": 0.9484093651334183,
      "f1": 0.8612064737616478,
      "threshold": 0.6200000047683716
    },
    "MI": {
      "auc": 0.9307005736981465,
      "f1": 0.7373188405797102,
      "threshold": 0.6650000214576721
    },
    "STTC": {
      "auc": 0.9360834228932251,
      "f1": 0.7770700636942676,
      "threshold": 0.6050000190734863
    },
    "CD": {
      "auc": 0.9150394696940981,
      "f1": 0.7513227513227513,
      "threshold": 0.7400000095367432
    },
    "HYP": {
      "auc": 0.9018535896788846,
      "f1": 0.5866666666666667,
      "threshold": 0.5
    }
  },
  "subgroups": {
    "sex_male": {
      "n": 1066,
      "macro_auc": 0.918013492927539,
      "per_class_auc": [
        0.9425500464413628,
        0.9203263178876847,
        0.9211974797352306,
        0.9121125442063658,
        0.8938810763670515
      ]
    },
    "sex_female": {
      "n": 1132,
      "macro_auc": 0.9342645874723683,
      "per_class_auc": [
        0.9543724202154434,
        0.9390794169237283,
        0.9476321045326833,
        0.9200194481585026,
        0.9102195475314834
      ]
    },
    "age_lt45": {
      "n": 345,
      "macro_auc": 0.9089093669273408,
      "per_class_auc": [
        0.8811721530249109,
        0.9847577572128471,
        0.9530986255124186,
        0.8558592570220477,
        0.86965904186448
      ]
    },
    "age_45_65": {
      "n": 703,
      "macro_auc": 0.9240270488174918,
      "per_class_auc": [
        0.9254506269592476,
        0.9286051480818923,
        0.949660928534168,
        0.9063919259882254,
        0.9100266145239259
      ]
    },
    "age_gt65": {
      "n": 1150,
      "macro_auc": 0.9161234678898644,
      "per_class_auc": [
        0.9510823329237168,
        0.9054304635761588,
        0.914184247538678,
        0.922690469403093,
        0.8872298260076761
      ]
    },
    "meta_complete": {
      "n": 660,
      "macro_auc": 0.9391943231308172,
      "per_class_auc": [
        0.9553282307918752,
        0.942597702156236,
        0.9387923416789397,
        0.942674523119944,
        0.9165788179070912
      ]
    },
    "meta_incomplete": {
      "n": 1538,
      "macro_auc": 0.9207377609573134,
      "per_class_auc": [
        0.9455919316815763,
        0.9259319903797285,
        0.9346946890638941,
        0.904015004982123,
        0.8934551886792452
      ]
    },
    "fairness_sex_gap": 0.016251094544829314
  },
  "training_history": [
    {
      "epoch": 1,
      "train_loss": 0.6626257501610923,
      "val_auc": 0.8952112975489228,
      "val_f1": 0.6643458686293388,
      "val_auc_ecg": 0.8965908135308073,
      "val_delta_meta": 0.0018135252166204818,
      "lr": 0.0009755527298894294,
      "epoch_time_s": 242.26821422576904
    },
    {
      "epoch": 2,
      "train_loss": 0.5722541074140356,
      "val_auc": 0.9047866030120861,
      "val_f1": 0.6853292735800836,
      "val_auc_ecg": 0.9066939127434528,
      "val_delta_meta": 0.0012705734876359287,
      "lr": 0.0009046039886902864,
      "epoch_time_s": 391.1625077724457
    },
    {
      "epoch": 3,
      "train_loss": 0.5310277659411824,
      "val_auc": 0.9118821332164823,
      "val_f1": 0.7131376758871422,
      "val_auc_ecg": 0.91209324706247,
      "val_delta_meta": 0.0008125961335537779,
      "lr": 0.0007940987335200904,
      "epoch_time_s": 346.22965025901794
    },
    {
      "epoch": 4,
      "train_loss": 0.5096913576126099,
      "val_auc": 0.9210498352032829,
      "val_f1": 0.7031638158580036,
      "val_auc_ecg": 0.9208696491585764,
      "val_delta_meta": 0.000636521024138248,
      "lr": 0.0006548539886902864,
      "epoch_time_s": 262.45051169395447
    },
    {
      "epoch": 5,
      "train_loss": 0.4845610560627159,
      "val_auc": 0.9265841632549083,
      "val_f1": 0.7264457484842561,
      "val_auc_ecg": 0.9257064578839092,
      "val_delta_meta": 0.0009837224540094613,
      "lr": 0.0005005000000000001,
      "epoch_time_s": 262.70219445228577
    },
    {
      "epoch": 6,
      "train_loss": 0.46287119246404107,
      "val_auc": 0.9287649282614344,
      "val_f1": 0.7328853987665973,
      "val_auc_ecg": 0.9279624067531966,
      "val_delta_meta": 0.0010873424062324277,
      "lr": 0.0003461460113097139,
      "epoch_time_s": 263.34046459198
    },
    {
      "epoch": 7,
      "train_loss": 0.44308414461962675,
      "val_auc": 0.9298289691309666,
      "val_f1": 0.7353442865524128,
      "val_auc_ecg": 0.9292355927145056,
      "val_delta_meta": 0.0005502207540152293,
      "lr": 0.00020690126647990973,
      "epoch_time_s": 264.60408902168274
    },
    {
      "epoch": 8,
      "train_loss": 0.4209983407630833,
      "val_auc": 0.9316068726438187,
      "val_f1": 0.7346716350368904,
      "val_auc_ecg": 0.9311570986503728,
      "val_delta_meta": 0.00031336566949291544,
      "lr": 9.639601130971382e-05,
      "epoch_time_s": 264.83646416664124
    },
    {
      "epoch": 9,
      "train_loss": 0.4020739586528288,
      "val_auc": 0.931616184386978,
      "val_f1": 0.7409258713311219,
      "val_auc_ecg": 0.9312950295209257,
      "val_delta_meta": 1.8970054086131505e-05,
      "lr": 2.5447270110570814e-05,
      "epoch_time_s": 265.3313248157501
    },
    {
      "epoch": 10,
      "train_loss": 0.387735226285567,
      "val_auc": 0.9317764129770243,
      "val_f1": 0.7465407940466859,
      "val_auc_ecg": 0.9312788899275286,
      "val_delta_meta": 0.00035519284276586127,
      "lr": 0.001,
      "epoch_time_s": 265.5568232536316
    }
  ]
}