{
  "metadata": {
    "run_name": "ATLAS_A_v5_demo+anthro_metaH32_seed2032",
    "variant": "demo+anthro",
    "seed": 2032,
    "meta_hid": 32,
    "lauc_weight": 0.08,
    "no_aug": false,
    "arch_mode": "standard",
    "meta_mask_mode": "real",
    "test_fold": 10,
    "val_fold": 9,
    "timestamp": "2026-05-06T01:02:24.463778",
    "git_sha": "b8fda1f7a68a5b217a3f76d88337426561bd26e4",
    "analysis_plan_sha256": "4ad22e907fbd431a0b443255a3449c0560371997d5ee36a61e164de7aea5c3dc",
    "wall_time_s": 2638.1915192604065,
    "train_time_s": 2608.768104314804,
    "gpu_peak_mem_mb": 0,
    "num_parameters": 3926895,
    "dataset_sizes": {
      "train": 17418,
      "val": 2183,
      "test": 2198
    },
    "train_fold_ids": [
      1,
      2,
      3,
      4,
      5,
      6,
      7,
      8
    ],
    "pos_weights": [
      1.2930489778518677,
      2.9776203632354736,
      3.161012887954712,
      3.4581520557403564,
      7.21991491317749
    ],
    "loss_weights": {
      "fused": 0.52,
      "ecg": 0.3,
      "meta": 0.1,
      "lauc": 0.08
    },
    "hardware": {
      "python_version": "3.11.7 | packaged by Anaconda, Inc. | (main, Dec 15 2023, 18:05:47) [MSC v.1916 64 bit (AMD64)]",
      "torch_version": "2.3.1+cpu",
      "cuda_available": false,
      "numpy_version": "1.26.4",
      "sklearn_version": "1.4.2"
    },
    "best_val_auc": 0.9340324475040985,
    "best_val_epoch": 9
  },
  "test": {
    "macro_auc": 0.928422837282344,
    "macro_auc_ecg": 0.9261718155047041,
    "macro_auc_no_meta": 0.926525199368361,
    "delta_meta_auc": 0.001897637913983008,
    "macro_f1_optimal": 0.7451982866078655,
    "macro_f1_fixed_05": 0.7359154919343519,
    "w_fused": 1.0,
    "thresholds": [
      0.7400000095367432,
      0.5600000023841858,
      0.7549999952316284,
      0.8299999833106995,
      0.7400000095367432
    ]
  },
  "per_class": {
    "NORM": {
      "auc": 0.9498211140119649,
      "f1": 0.8662291771832408,
      "threshold": 0.7400000095367432
    },
    "MI": {
      "auc": 0.9271624007060901,
      "f1": 0.7489288774635818,
      "threshold": 0.5600000023841858
    },
    "STTC": {
      "auc": 0.9378608863052911,
      "f1": 0.7603464870067372,
      "threshold": 0.7549999952316284
    },
    "CD": {
      "auc": 0.9161659906751072,
      "f1": 0.74,
      "threshold": 0.8299999833106995
    },
    "HYP": {
      "auc": 0.9111037947132673,
      "f1": 0.6104868913857678,
      "threshold": 0.7400000095367432
    }
  },
  "subgroups": {
    "sex_male": {
      "n": 1066,
      "macro_auc": 0.9206169289094079,
      "per_class_auc": [
        0.9449389756878561,
        0.9169085366742997,
        0.9208966054298963,
        0.909361348034117,
        0.9109791787208706
      ]
    },
    "sex_female": {
      "n": 1132,
      "macro_auc": 0.9358558898187626,
      "per_class_auc": [
        0.9555553458169737,
        0.9355349906248109,
        0.9523277575476214,
        0.924512493705395,
        0.9113488613990118
      ]
    },
    "age_lt45": {
      "n": 345,
      "macro_auc": 0.9253117660516711,
      "per_class_auc": [
        0.8955182384341637,
        0.9738704409363093,
        0.9629852905714974,
        0.8552552099063727,
        0.9389296504100129
      ]
    },
    "age_45_65": {
      "n": 703,
      "macro_auc": 0.9244158164121072,
      "per_class_auc": [
        0.929230342215256,
        0.921859471278076,
        0.9495957224830464,
        0.9035183627698347,
        0.9178751833143229
      ]
    },
    "age_gt65": {
      "n": 1150,
      "macro_auc": 0.917711174012364,
      "per_class_auc": [
        0.9507121025931877,
        0.9034722105792606,
        0.9161638537271448,
        0.9245193607025313,
        0.8936883424596959
      ]
    },
    "meta_complete": {
      "n": 660,
      "macro_auc": 0.9425519189516333,
      "per_class_auc": [
        0.9606914188990285,
        0.9446123301070088,
        0.9388748159057437,
        0.9458703685209229,
        0.9227106613254621
      ]
    },
    "meta_incomplete": {
      "n": 1538,
      "macro_auc": 0.9228452180480391,
      "per_class_auc": [
        0.9463881473155044,
        0.9209155844570096,
        0.9373084532722968,
        0.9050465975030773,
        0.9045673076923076
      ]
    },
    "fairness_sex_gap": 0.015238960909354615
  },
  "training_history": [
    {
      "epoch": 1,
      "train_loss": 0.6373171108031491,
      "val_auc": 0.9030305350752961,
      "val_f1": 0.6821657488310986,
      "val_auc_ecg": 0.8993506874728286,
      "val_delta_meta": 0.003085348737756566,
      "lr": 0.0009755527298894294,
      "epoch_time_s": 242.96994543075562
    },
    {
      "epoch": 2,
      "train_loss": 0.5546879171231471,
      "val_auc": 0.91184682301924,
      "val_f1": 0.7078478606172356,
      "val_auc_ecg": 0.9107961502612193,
      "val_delta_meta": 0.00012766736690683622,
      "lr": 0.0009046039886902864,
      "epoch_time_s": 242.68263912200928
    },
    {
      "epoch": 3,
      "train_loss": 0.5237731117174166,
      "val_auc": 0.9221382698262739,
      "val_f1": 0.7200045700534761,
      "val_auc_ecg": 0.9202694684512206,
      "val_delta_meta": 0.0009703011101320769,
      "lr": 0.0007940987335200904,
      "epoch_time_s": 258.4821844100952
    },
    {
      "epoch": 4,
      "train_loss": 0.49804247913010624,
      "val_auc": 0.9229976108990637,
      "val_f1": 0.7244575067327299,
      "val_auc_ecg": 0.9207041616474443,
      "val_delta_meta": 0.000528210597971257,
      "lr": 0.0006548539886902864,
      "epoch_time_s": 264.1918113231659
    },
    {
      "epoch": 5,
      "train_loss": 0.4765042184689723,
      "val_auc": 0.9271019930831423,
      "val_f1": 0.7368598267396227,
      "val_auc_ecg": 0.9258277739195888,
      "val_delta_meta": 0.00025783337007379004,
      "lr": 0.0005005000000000001,
      "epoch_time_s": 264.80113983154297
    },
    {
      "epoch": 6,
      "train_loss": 0.45658876879499594,
      "val_auc": 0.9281127320287637,
      "val_f1": 0.7208600172181374,
      "val_auc_ecg": 0.9270088582244176,
      "val_delta_meta": 0.00015617933112643811,
      "lr": 0.0003461460113097139,
      "epoch_time_s": 264.96271085739136
    },
    {
      "epoch": 7,
      "train_loss": 0.43693776882569724,
      "val_auc": 0.9294108117058775,
      "val_f1": 0.7361576331580075,
      "val_auc_ecg": 0.9288537210127374,
      "val_delta_meta": -2.9408095395311307e-05,
      "lr": 0.00020690126647990973,
      "epoch_time_s": 265.3464877605438
    },
    {
      "epoch": 8,
      "train_loss": 0.41378837843006905,
      "val_auc": 0.9319360801300853,
      "val_f1": 0.7365373276614902,
      "val_auc_ecg": 0.9309678983220705,
      "val_delta_meta": 0.00045437316833629726,
      "lr": 9.639601130971382e-05,
      "epoch_time_s": 265.48044896125793
    },
    {
      "epoch": 9,
      "train_loss": 0.39320160861409037,
      "val_auc": 0.9340324475040985,
      "val_f1": 0.7445684937752381,
      "val_auc_ecg": 0.9329358652871498,
      "val_delta_meta": 0.0007898385268690911,
      "lr": 2.5447270110570814e-05,
      "epoch_time_s": 264.5881326198578
    },
    {
      "epoch": 10,
      "train_loss": 0.38236321932678924,
      "val_auc": 0.9299972633360245,
      "val_f1": 0.7383675853201025,
      "val_auc_ecg": 0.928965486594721,
      "val_delta_meta": 0.0005090078480836091,
      "lr": 0.001,
      "epoch_time_s": 264.9020643234253
    }
  ]
}