{
  "metadata": {
    "run_name": "ATLAS_A_v5_demo+anthro_lauc0.16_seed2024",
    "variant": "demo+anthro",
    "seed": 2024,
    "meta_hid": 128,
    "lauc_weight": 0.16,
    "no_aug": false,
    "arch_mode": "standard",
    "meta_mask_mode": "real",
    "test_fold": 10,
    "val_fold": 9,
    "timestamp": "2026-05-07T15:21:29.478070",
    "git_sha": "b8fda1f7a68a5b217a3f76d88337426561bd26e4",
    "analysis_plan_sha256": "4ad22e907fbd431a0b443255a3449c0560371997d5ee36a61e164de7aea5c3dc",
    "wall_time_s": 2638.4159076213837,
    "train_time_s": 2608.636236190796,
    "gpu_peak_mem_mb": 0,
    "num_parameters": 3951951,
    "dataset_sizes": {
      "train": 17418,
      "val": 2183,
      "test": 2198
    },
    "train_fold_ids": [
      1,
      2,
      3,
      4,
      5,
      6,
      7,
      8
    ],
    "pos_weights": [
      1.2930489778518677,
      2.9776203632354736,
      3.161012887954712,
      3.4581520557403564,
      7.21991491317749
    ],
    "loss_weights": {
      "fused": 0.43999999999999995,
      "ecg": 0.3,
      "meta": 0.1,
      "lauc": 0.16
    },
    "hardware": {
      "python_version": "3.11.7 | packaged by Anaconda, Inc. | (main, Dec 15 2023, 18:05:47) [MSC v.1916 64 bit (AMD64)]",
      "torch_version": "2.3.1+cpu",
      "cuda_available": false,
      "numpy_version": "1.26.4",
      "sklearn_version": "1.4.2"
    },
    "best_val_auc": 0.932978993478749,
    "best_val_epoch": 10
  },
  "test": {
    "macro_auc": 0.9301622478322485,
    "macro_auc_ecg": 0.9287372227708562,
    "macro_auc_no_meta": 0.92857499328026,
    "delta_meta_auc": 0.0015872545519884929,
    "macro_f1_optimal": 0.7544715462190121,
    "macro_f1_fixed_05": 0.7412534112115445,
    "w_fused": 1.0,
    "thresholds": [
      0.7549999952316284,
      0.5450000166893005,
      0.6800000071525574,
      0.6949999928474426,
      0.7549999952316284
    ]
  },
  "per_class": {
    "NORM": {
      "auc": 0.9507800774401856,
      "f1": 0.8663640948058497,
      "threshold": 0.7549999952316284
    },
    "MI": {
      "auc": 0.930133495145631,
      "f1": 0.7472340425531915,
      "threshold": 0.5450000166893005
    },
    "STTC": {
      "auc": 0.9379844961240309,
      "f1": 0.7865168539325843,
      "threshold": 0.6800000071525574
    },
    "CD": {
      "auc": 0.9190586975474773,
      "f1": 0.7537688442211056,
      "threshold": 0.6949999928474426
    },
    "HYP": {
      "auc": 0.9128544729039177,
      "f1": 0.6184738955823293,
      "threshold": 0.7549999952316284
    }
  },
  "subgroups": {
    "sex_male": {
      "n": 1066,
      "macro_auc": 0.9208790799497752,
      "per_class_auc": [
        0.9450871543551879,
        0.9169766005960454,
        0.9212284520901914,
        0.9106355315165383,
        0.9104676611909134
      ]
    },
    "sex_female": {
      "n": 1132,
      "macro_auc": 0.9393272494942716,
      "per_class_auc": [
        0.957413105305547,
        0.9412689771971209,
        0.9528838853506265,
        0.9296870930212366,
        0.9153831865968275
      ]
    },
    "age_lt45": {
      "n": 345,
      "macro_auc": 0.9244093516944079,
      "per_class_auc": [
        0.8936276690391459,
        0.9893848666303756,
        0.9639498432601881,
        0.8635608577469044,
        0.9115235217954251
      ]
    },
    "age_45_65": {
      "n": 703,
      "macro_auc": 0.9261346458253825,
      "per_class_auc": [
        0.9329365856844305,
        0.9254994036970782,
        0.9534037558685446,
        0.897210541070928,
        0.9216229428059313
      ]
    },
    "age_gt65": {
      "n": 1150,
      "macro_auc": 0.9200940075013566,
      "per_class_auc": [
        0.9511926142987679,
        0.9063727051722692,
        0.9146308016877636,
        0.9311352083788397,
        0.8971387079691433
      ]
    },
    "meta_complete": {
      "n": 660,
      "macro_auc": 0.9411979824124879,
      "per_class_auc": [
        0.9619609214012363,
        0.9407728579979269,
        0.9393696612665685,
        0.9423178439457277,
        0.9215686274509804
      ]
    },
    "meta_incomplete": {
      "n": 1538,
      "macro_auc": 0.9256786035033653,
      "per_class_auc": [
        0.9470759457879498,
        0.9261233750906419,
        0.9373739186096133,
        0.9099279057499561,
        0.9078918722786646
      ]
    },
    "fairness_sex_gap": 0.01844816954449635
  },
  "training_history": [
    {
      "epoch": 1,
      "train_loss": 0.6310137569904327,
      "val_auc": 0.9035867619814395,
      "val_f1": 0.6570645683164691,
      "val_auc_ecg": 0.901350038727694,
      "val_delta_meta": 0.0018818604520334237,
      "lr": 0.0009755527298894294,
      "epoch_time_s": 242.38531732559204
    },
    {
      "epoch": 2,
      "train_loss": 0.5491549321270864,
      "val_auc": 0.9123992432338908,
      "val_f1": 0.6827459657746757,
      "val_auc_ecg": 0.9098276312650198,
      "val_delta_meta": 5.478905769296105e-06,
      "lr": 0.0009046039886902864,
      "epoch_time_s": 241.92478156089783
    },
    {
      "epoch": 3,
      "train_loss": 0.5131787349324708,
      "val_auc": 0.9073243373697262,
      "val_f1": 0.6932989569188047,
      "val_auc_ecg": 0.9040378906739599,
      "val_delta_meta": 0.00028542671606468506,
      "lr": 0.0007940987335200904,
      "epoch_time_s": 257.61010551452637
    },
    {
      "epoch": 4,
      "train_loss": 0.4878004337122681,
      "val_auc": 0.9228935789966475,
      "val_f1": 0.7190891560424719,
      "val_auc_ecg": 0.9208650499860692,
      "val_delta_meta": 0.0013861300768941431,
      "lr": 0.0006548539886902864,
      "epoch_time_s": 269.91417813301086
    },
    {
      "epoch": 5,
      "train_loss": 0.4698943935949868,
      "val_auc": 0.9273020744366438,
      "val_f1": 0.7356775621097132,
      "val_auc_ecg": 0.9260539139042537,
      "val_delta_meta": 0.0005058445718888471,
      "lr": 0.0005005000000000001,
      "epoch_time_s": 263.8503544330597
    },
    {
      "epoch": 6,
      "train_loss": 0.4437444049010583,
      "val_auc": 0.9241362976146951,
      "val_f1": 0.7096323246965595,
      "val_auc_ecg": 0.9217340921228704,
      "val_delta_meta": 0.001300002227808017,
      "lr": 0.0003461460113097139,
      "epoch_time_s": 264.6629078388214
    },
    {
      "epoch": 7,
      "train_loss": 0.4249102277219842,
      "val_auc": 0.9295254657704293,
      "val_f1": 0.7423644597765983,
      "val_auc_ecg": 0.9284811260236175,
      "val_delta_meta": 0.000629255828158426,
      "lr": 0.00020690126647990973,
      "epoch_time_s": 264.21782398223877
    },
    {
      "epoch": 8,
      "train_loss": 0.40267350427601317,
      "val_auc": 0.927984900770771,
      "val_f1": 0.7412569873825217,
      "val_auc_ecg": 0.9259590335955638,
      "val_delta_meta": 0.0006591119367262976,
      "lr": 9.639601130971382e-05,
      "epoch_time_s": 265.1679587364197
    },
    {
      "epoch": 9,
      "train_loss": 0.38190170679617363,
      "val_auc": 0.9325801119464974,
      "val_f1": 0.739396788197315,
      "val_auc_ecg": 0.9315791553022648,
      "val_delta_meta": 0.0004417701829400045,
      "lr": 2.5447270110570814e-05,
      "epoch_time_s": 264.7045831680298
    },
    {
      "epoch": 10,
      "train_loss": 0.371888539632526,
      "val_auc": 0.932978993478749,
      "val_f1": 0.7445443214685878,
      "val_auc_ecg": 0.9319411783928894,
      "val_delta_meta": 0.00045560859856663694,
      "lr": 0.001,
      "epoch_time_s": 265.4347548484802
    }
  ]
}