{
  "metadata": {
    "run_name": "ATLAS_A_v5_demo+anthro_no_glu_seed2030",
    "variant": "demo+anthro",
    "seed": 2030,
    "meta_hid": 128,
    "lauc_weight": 0.08,
    "no_aug": false,
    "arch_mode": "no_glu",
    "meta_mask_mode": "real",
    "test_fold": 10,
    "val_fold": 9,
    "timestamp": "2026-05-09T13:57:05.657276",
    "git_sha": "b8fda1f7a68a5b217a3f76d88337426561bd26e4",
    "analysis_plan_sha256": "4ad22e907fbd431a0b443255a3449c0560371997d5ee36a61e164de7aea5c3dc",
    "wall_time_s": 2648.983941078186,
    "train_time_s": 2619.42360830307,
    "gpu_peak_mem_mb": 0,
    "num_parameters": 3951951,
    "dataset_sizes": {
      "train": 17418,
      "val": 2183,
      "test": 2198
    },
    "train_fold_ids": [
      1,
      2,
      3,
      4,
      5,
      6,
      7,
      8
    ],
    "pos_weights": [
      1.2930489778518677,
      2.9776203632354736,
      3.161012887954712,
      3.4581520557403564,
      7.21991491317749
    ],
    "loss_weights": {
      "fused": 0.52,
      "ecg": 0.3,
      "meta": 0.1,
      "lauc": 0.08
    },
    "hardware": {
      "python_version": "3.11.7 | packaged by Anaconda, Inc. | (main, Dec 15 2023, 18:05:47) [MSC v.1916 64 bit (AMD64)]",
      "torch_version": "2.3.1+cpu",
      "cuda_available": false,
      "numpy_version": "1.26.4",
      "sklearn_version": "1.4.2"
    },
    "best_val_auc": 0.9326458141526649,
    "best_val_epoch": 9
  },
  "test": {
    "macro_auc": 0.9295743034077948,
    "macro_auc_ecg": 0.9284044669310421,
    "macro_auc_no_meta": 0.9274345584502551,
    "delta_meta_auc": 0.0021397449575396577,
    "macro_f1_optimal": 0.7428536302185287,
    "macro_f1_fixed_05": 0.7399814378913055,
    "w_fused": 1.0,
    "thresholds": [
      0.5899999737739563,
      0.7099999785423279,
      0.6499999761581421,
      0.7549999952316284,
      0.7099999785423279
    ]
  },
  "per_class": {
    "NORM": {
      "auc": 0.9492703721921627,
      "f1": 0.859073359073359,
      "threshold": 0.5899999737739563
    },
    "MI": {
      "auc": 0.9279755075022065,
      "f1": 0.7221702525724977,
      "threshold": 0.7099999785423279
    },
    "STTC": {
      "auc": 0.9388257296126776,
      "f1": 0.7735321528424977,
      "threshold": 0.6499999761581421
    },
    "CD": {
      "auc": 0.9217784579811227,
      "f1": 0.7553648068669528,
      "threshold": 0.7549999952316284
    },
    "HYP": {
      "auc": 0.9100214497508043,
      "f1": 0.6041275797373359,
      "threshold": 0.7099999785423279
    }
  },
  "subgroups": {
    "sex_male": {
      "n": 1066,
      "macro_auc": 0.9222295460170915,
      "per_class_auc": [
        0.9463376377429137,
        0.9182455065657377,
        0.9237416374641605,
        0.9163719575618889,
        0.9064509907507569
      ]
    },
    "sex_female": {
      "n": 1132,
      "macro_auc": 0.9365436050160006,
      "per_class_auc": [
        0.953507248565388,
        0.936192261940765,
        0.9514718043203876,
        0.9281546823178038,
        0.9133920279356589
      ]
    },
    "age_lt45": {
      "n": 345,
      "macro_auc": 0.925621510105833,
      "per_class_auc": [
        0.8977424377224198,
        0.9891126837234622,
        0.9641909814323608,
        0.8551797040169133,
        0.9218817436340094
      ]
    },
    "age_45_65": {
      "n": 703,
      "macro_auc": 0.9258124309633595,
      "per_class_auc": [
        0.9284058254963428,
        0.9209898628503279,
        0.9515779864371413,
        0.907008690776563,
        0.9210797892564228
      ]
    },
    "age_gt65": {
      "n": 1150,
      "macro_auc": 0.9192153880436422,
      "per_class_auc": [
        0.9501685729590069,
        0.9033447900075448,
        0.9165963431786217,
        0.9333380227982037,
        0.8926292112748335
      ]
    },
    "meta_complete": {
      "n": 660,
      "macro_auc": 0.9419608030236489,
      "per_class_auc": [
        0.9572692817191639,
        0.9485831909954889,
        0.942762886597938,
        0.9456991625172989,
        0.9154894932883547
      ]
    },
    "meta_incomplete": {
      "n": 1538,
      "macro_auc": 0.9240755479369687,
      "per_class_auc": [
        0.9459579480187414,
        0.9193930127568543,
        0.9364792256662917,
        0.9126241134751771,
        0.9059234397677792
      ]
    },
    "fairness_sex_gap": 0.01431405899890914
  },
  "training_history": [
    {
      "epoch": 1,
      "train_loss": 0.6546386389010543,
      "val_auc": 0.9029682880757035,
      "val_f1": 0.6657517974112124,
      "val_auc_ecg": 0.9039143342113942,
      "val_delta_meta": 0.0011973945464327507,
      "lr": 0.0009755527298894294,
      "epoch_time_s": 242.07753920555115
    },
    {
      "epoch": 2,
      "train_loss": 0.5677190209200623,
      "val_auc": 0.9096789112150552,
      "val_f1": 0.6973503947824001,
      "val_auc_ecg": 0.9077116212638426,
      "val_delta_meta": 0.0008783512074439503,
      "lr": 0.0009046039886902864,
      "epoch_time_s": 244.62096619606018
    },
    {
      "epoch": 3,
      "train_loss": 0.5316929101397138,
      "val_auc": 0.9129271912851173,
      "val_f1": 0.691744126316082,
      "val_auc_ecg": 0.9146955472416739,
      "val_delta_meta": -0.0011490012764985291,
      "lr": 0.0007940987335200904,
      "epoch_time_s": 257.83718395233154
    },
    {
      "epoch": 4,
      "train_loss": 0.5091486849369259,
      "val_auc": 0.926493179881199,
      "val_f1": 0.7321027499588376,
      "val_auc_ecg": 0.9248794566912968,
      "val_delta_meta": 0.0012940552457916255,
      "lr": 0.0006548539886902864,
      "epoch_time_s": 272.9335126876831
    },
    {
      "epoch": 5,
      "train_loss": 0.48324988670305374,
      "val_auc": 0.9262223768975495,
      "val_f1": 0.7239228057174435,
      "val_auc_ecg": 0.9268626795514946,
      "val_delta_meta": -0.0006287295150770866,
      "lr": 0.0005005000000000001,
      "epoch_time_s": 263.6628313064575
    },
    {
      "epoch": 6,
      "train_loss": 0.4623068947857673,
      "val_auc": 0.9294263899956349,
      "val_f1": 0.7382083683253713,
      "val_auc_ecg": 0.9276541887018686,
      "val_delta_meta": 0.00044988161780479263,
      "lr": 0.0003461460113097139,
      "epoch_time_s": 263.80703115463257
    },
    {
      "epoch": 7,
      "train_loss": 0.43816331936678754,
      "val_auc": 0.9319250992725838,
      "val_f1": 0.73692840720495,
      "val_auc_ecg": 0.9311513039779509,
      "val_delta_meta": 0.0008504572531073951,
      "lr": 0.00020690126647990973,
      "epoch_time_s": 265.2878704071045
    },
    {
      "epoch": 8,
      "train_loss": 0.4181131229761544,
      "val_auc": 0.9311170259658276,
      "val_f1": 0.7381326823931602,
      "val_auc_ecg": 0.9303751925563567,
      "val_delta_meta": 0.0008701883432667978,
      "lr": 9.639601130971382e-05,
      "epoch_time_s": 265.97485542297363
    },
    {
      "epoch": 9,
      "train_loss": 0.40001473998257875,
      "val_auc": 0.9326458141526649,
      "val_f1": 0.748056391003313,
      "val_auc_ecg": 0.9318447670405667,
      "val_delta_meta": 0.0009543769802337065,
      "lr": 2.5447270110570814e-05,
      "epoch_time_s": 268.07480454444885
    },
    {
      "epoch": 10,
      "train_loss": 0.38887470695403736,
      "val_auc": 0.9315206857382765,
      "val_f1": 0.7477638383770893,
      "val_auc_ecg": 0.9312349664531716,
      "val_delta_meta": 0.0007266186958094778,
      "lr": 0.001,
      "epoch_time_s": 266.42128467559814
    }
  ]
}