{
  "metadata": {
    "run_name": "ATLAS_A_v5_demo+anthro_no_residual_seed2027",
    "variant": "demo+anthro",
    "seed": 2027,
    "meta_hid": 128,
    "lauc_weight": 0.08,
    "no_aug": false,
    "arch_mode": "no_residual",
    "meta_mask_mode": "real",
    "test_fold": 10,
    "val_fold": 9,
    "timestamp": "2026-05-09T19:08:47.330302",
    "git_sha": "b8fda1f7a68a5b217a3f76d88337426561bd26e4",
    "analysis_plan_sha256": "4ad22e907fbd431a0b443255a3449c0560371997d5ee36a61e164de7aea5c3dc",
    "wall_time_s": 2616.8060858249664,
    "train_time_s": 2587.441071987152,
    "gpu_peak_mem_mb": 0,
    "num_parameters": 3951951,
    "dataset_sizes": {
      "train": 17418,
      "val": 2183,
      "test": 2198
    },
    "train_fold_ids": [
      1,
      2,
      3,
      4,
      5,
      6,
      7,
      8
    ],
    "pos_weights": [
      1.2930489778518677,
      2.9776203632354736,
      3.161012887954712,
      3.4581520557403564,
      7.21991491317749
    ],
    "loss_weights": {
      "fused": 0.52,
      "ecg": 0.3,
      "meta": 0.1,
      "lauc": 0.08
    },
    "hardware": {
      "python_version": "3.11.7 | packaged by Anaconda, Inc. | (main, Dec 15 2023, 18:05:47) [MSC v.1916 64 bit (AMD64)]",
      "torch_version": "2.3.1+cpu",
      "cuda_available": false,
      "numpy_version": "1.26.4",
      "sklearn_version": "1.4.2"
    },
    "best_val_auc": 0.9329177863605903,
    "best_val_epoch": 9
  },
  "test": {
    "macro_auc": 0.9301114190253308,
    "macro_auc_ecg": 0.9282845787334845,
    "macro_auc_no_meta": 0.9286335351118732,
    "delta_meta_auc": 0.0014778839134576005,
    "macro_f1_optimal": 0.7415535443734234,
    "macro_f1_fixed_05": 0.7389678330128701,
    "w_fused": 1.0,
    "thresholds": [
      0.6349999904632568,
      0.7699999809265137,
      0.5899999737739563,
      0.7099999785423279,
      0.6200000047683716
    ]
  },
  "per_class": {
    "NORM": {
      "auc": 0.9496378136810993,
      "f1": 0.8588469184890656,
      "threshold": 0.6349999904632568
    },
    "MI": {
      "auc": 0.9308153133274493,
      "f1": 0.7315175097276264,
      "threshold": 0.7699999809265137
    },
    "STTC": {
      "auc": 0.9365343698245542,
      "f1": 0.7710407239819005,
      "threshold": 0.5899999737739563
    },
    "CD": {
      "auc": 0.9190492210302869,
      "f1": 0.7392197125256673,
      "threshold": 0.7099999785423279
    },
    "HYP": {
      "auc": 0.9145203772632642,
      "f1": 0.6071428571428571,
      "threshold": 0.6200000047683716
    }
  },
  "subgroups": {
    "sex_male": {
      "n": 1066,
      "macro_auc": 0.9214379555774217,
      "per_class_auc": [
        0.9443065057663187,
        0.9200054451137396,
        0.9204718417047184,
        0.9111920116496774,
        0.9112139736526546
      ]
    },
    "sex_female": {
      "n": 1132,
      "macro_auc": 0.9383674259971457,
      "per_class_auc": [
        0.9558825380046312,
        0.9403375068045726,
        0.9501467693810539,
        0.9274644463352376,
        0.9180058694602327
      ]
    },
    "age_lt45": {
      "n": 345,
      "macro_auc": 0.931393612513481,
      "per_class_auc": [
        0.8996330071174378,
        0.9801306477953184,
        0.9628647214854111,
        0.8570673512533978,
        0.9572723349158395
      ]
    },
    "age_45_65": {
      "n": 703,
      "macro_auc": 0.9288260513858058,
      "per_class_auc": [
        0.9313120428422152,
        0.9290026833631485,
        0.9506651017214398,
        0.9099523409027195,
        0.9231980880995058
      ]
    },
    "age_gt65": {
      "n": 1150,
      "macro_auc": 0.9180423646992739,
      "per_class_auc": [
        0.9483095440652866,
        0.9071573476402045,
        0.9132067510548524,
        0.9265777889666764,
        0.8949603917693497
      ]
    },
    "meta_complete": {
      "n": 660,
      "macro_auc": 0.9420027674985991,
      "per_class_auc": [
        0.958833161613188,
        0.9425247083899035,
        0.937979381443299,
        0.9509352127947953,
        0.9197413732518096
      ]
    },
    "meta_incomplete": {
      "n": 1538,
      "macro_auc": 0.9254569942146169,
      "per_class_auc": [
        0.9467784490968416,
        0.9266188488422289,
        0.9355166427435311,
        0.907231698024735,
        0.9111393323657473
      ]
    },
    "fairness_sex_gap": 0.016929470419724035
  },
  "training_history": [
    {
      "epoch": 1,
      "train_loss": 0.6500882526603313,
      "val_auc": 0.9009988489596734,
      "val_f1": 0.6886876492968808,
      "val_auc_ecg": 0.8980647938497587,
      "val_delta_meta": 0.0017065152284256868,
      "lr": 0.0009755527298894294,
      "epoch_time_s": 241.83319520950317
    },
    {
      "epoch": 2,
      "train_loss": 0.5596372480786175,
      "val_auc": 0.9068111878649787,
      "val_f1": 0.6657873713477824,
      "val_auc_ecg": 0.9045440028700474,
      "val_delta_meta": 0.0011798409842063151,
      "lr": 0.0009046039886902864,
      "epoch_time_s": 242.24272179603577
    },
    {
      "epoch": 3,
      "train_loss": 0.5246476176681869,
      "val_auc": 0.9195020836417862,
      "val_f1": 0.709880148087699,
      "val_auc_ecg": 0.9175465204680318,
      "val_delta_meta": 0.0007296850196194526,
      "lr": 0.0007940987335200904,
      "epoch_time_s": 254.81999349594116
    },
    {
      "epoch": 4,
      "train_loss": 0.49954658358468923,
      "val_auc": 0.9219654988685372,
      "val_f1": 0.7093225024805626,
      "val_auc_ecg": 0.921382842320706,
      "val_delta_meta": -0.00013781343278829183,
      "lr": 0.0006548539886902864,
      "epoch_time_s": 261.2213718891144
    },
    {
      "epoch": 5,
      "train_loss": 0.4775659380155966,
      "val_auc": 0.9208491317101363,
      "val_f1": 0.7177940381692957,
      "val_auc_ecg": 0.9193404798772201,
      "val_delta_meta": -5.901349411152612e-05,
      "lr": 0.0005005000000000001,
      "epoch_time_s": 262.11062264442444
    },
    {
      "epoch": 6,
      "train_loss": 0.4571412707687518,
      "val_auc": 0.9252382652221284,
      "val_f1": 0.716670871759489,
      "val_auc_ecg": 0.9244004485376346,
      "val_delta_meta": -0.0001877665785926519,
      "lr": 0.0003461460113097139,
      "epoch_time_s": 261.753520488739
    },
    {
      "epoch": 7,
      "train_loss": 0.43719579987569684,
      "val_auc": 0.9309267160523917,
      "val_f1": 0.7401577520763303,
      "val_auc_ecg": 0.9298656604527962,
      "val_delta_meta": 0.0005414376794177223,
      "lr": 0.00020690126647990973,
      "epoch_time_s": 261.78671383857727
    },
    {
      "epoch": 8,
      "train_loss": 0.4159924247122686,
      "val_auc": 0.9304016964225582,
      "val_f1": 0.7353101338580909,
      "val_auc_ecg": 0.9296854499874108,
      "val_delta_meta": 0.0005438272529166843,
      "lr": 9.639601130971382e-05,
      "epoch_time_s": 269.0811583995819
    },
    {
      "epoch": 9,
      "train_loss": 0.3937465041602423,
      "val_auc": 0.9329177863605903,
      "val_f1": 0.7393312393211587,
      "val_auc_ecg": 0.9323671360452963,
      "val_delta_meta": 0.0003877368182765295,
      "lr": 2.5447270110570814e-05,
      "epoch_time_s": 261.87680745124817
    },
    {
      "epoch": 10,
      "train_loss": 0.38157434766992515,
      "val_auc": 0.9324861120590953,
      "val_f1": 0.7398983150026562,
      "val_auc_ecg": 0.9321014522262047,
      "val_delta_meta": 5.703341125717909e-05,
      "lr": 0.001,
      "epoch_time_s": 261.9602279663086
    }
  ]
}