{
  "metadata": {
    "run_name": "ATLAS_A_v5_demo+anthro_noaug_seed2038",
    "variant": "demo+anthro",
    "seed": 2038,
    "meta_hid": 128,
    "lauc_weight": 0.08,
    "no_aug": true,
    "arch_mode": "standard",
    "meta_mask_mode": "real",
    "test_fold": 10,
    "val_fold": 9,
    "timestamp": "2026-05-08T08:55:35.490916",
    "git_sha": "b8fda1f7a68a5b217a3f76d88337426561bd26e4",
    "analysis_plan_sha256": "4ad22e907fbd431a0b443255a3449c0560371997d5ee36a61e164de7aea5c3dc",
    "wall_time_s": 2625.5284752845764,
    "train_time_s": 2595.7974112033844,
    "gpu_peak_mem_mb": 0,
    "num_parameters": 3951951,
    "dataset_sizes": {
      "train": 17418,
      "val": 2183,
      "test": 2198
    },
    "train_fold_ids": [
      1,
      2,
      3,
      4,
      5,
      6,
      7,
      8
    ],
    "pos_weights": [
      1.2930489778518677,
      2.9776203632354736,
      3.161012887954712,
      3.4581520557403564,
      7.21991491317749
    ],
    "loss_weights": {
      "fused": 0.52,
      "ecg": 0.3,
      "meta": 0.1,
      "lauc": 0.08
    },
    "hardware": {
      "python_version": "3.11.7 | packaged by Anaconda, Inc. | (main, Dec 15 2023, 18:05:47) [MSC v.1916 64 bit (AMD64)]",
      "torch_version": "2.3.1+cpu",
      "cuda_available": false,
      "numpy_version": "1.26.4",
      "sklearn_version": "1.4.2"
    },
    "best_val_auc": 0.933957538543104,
    "best_val_epoch": 8
  },
  "test": {
    "macro_auc": 0.9267926361048318,
    "macro_auc_ecg": 0.9247817053042852,
    "macro_auc_no_meta": 0.9251280490092084,
    "delta_meta_auc": 0.0016645870956233377,
    "macro_f1_optimal": 0.7447343988993351,
    "macro_f1_fixed_05": 0.7372771073408468,
    "w_fused": 1.0,
    "thresholds": [
      0.6200000047683716,
      0.7549999952316284,
      0.6650000214576721,
      0.574999988079071,
      0.6349999904632568
    ]
  },
  "per_class": {
    "NORM": {
      "auc": 0.9457288080013118,
      "f1": 0.854043392504931,
      "threshold": 0.6200000047683716
    },
    "MI": {
      "auc": 0.9275375110326567,
      "f1": 0.7389770723104057,
      "threshold": 0.7549999952316284
    },
    "STTC": {
      "auc": 0.9347534728064122,
      "f1": 0.7611111111111111,
      "threshold": 0.6650000214576721
    },
    "CD": {
      "auc": 0.9160392422576854,
      "f1": 0.7492195629552549,
      "threshold": 0.574999988079071
    },
    "HYP": {
      "auc": 0.9099041464260929,
      "f1": 0.6203208556149733,
      "threshold": 0.6349999904632568
    }
  },
  "subgroups": {
    "sex_male": {
      "n": 1066,
      "macro_auc": 0.9204586414484195,
      "per_class_auc": [
        0.9433704502824429,
        0.9208562441355639,
        0.9201222965558741,
        0.9101934678593717,
        0.9077507484088451
      ]
    },
    "sex_female": {
      "n": 1132,
      "macro_auc": 0.9329785775836479,
      "per_class_auc": [
        0.9490115020638277,
        0.9337486642875864,
        0.9472549048054277,
        0.9227934154091928,
        0.9120844013522048
      ]
    },
    "age_lt45": {
      "n": 345,
      "macro_auc": 0.9207338968070828,
      "per_class_auc": [
        0.8847308718861209,
        0.9891126837234622,
        0.9652761032071376,
        0.8400785261250378,
        0.9244712990936556
      ]
    },
    "age_45_65": {
      "n": 703,
      "macro_auc": 0.9222728914351617,
      "per_class_auc": [
        0.9240791536050157,
        0.9232384217849334,
        0.9519300991131977,
        0.8973647322680123,
        0.9147520504046494
      ]
    },
    "age_gt65": {
      "n": 1150,
      "macro_auc": 0.9163544176630918,
      "per_class_auc": [
        0.9469310268771465,
        0.902033699388046,
        0.9089873417721519,
        0.9310870796604335,
        0.8927329406176809
      ]
    },
    "meta_complete": {
      "n": 660,
      "macro_auc": 0.9391796695735192,
      "per_class_auc": [
        0.955070650574036,
        0.9454882553029971,
        0.9332901325478645,
        0.948053245067127,
        0.913996064375571
      ]
    },
    "meta_incomplete": {
      "n": 1538,
      "macro_auc": 0.9218370762239314,
      "per_class_auc": [
        0.9421572760058077,
        0.9204009722343315,
        0.9358051751561469,
        0.9039868706406424,
        0.9068350870827286
      ]
    },
    "fairness_sex_gap": 0.012519936135228393
  },
  "training_history": [
    {
      "epoch": 1,
      "train_loss": 0.6465446253982159,
      "val_auc": 0.9022132058424781,
      "val_f1": 0.6890846552912735,
      "val_auc_ecg": 0.8971386703444519,
      "val_delta_meta": 0.00179078538594446,
      "lr": 0.0009755527298894294,
      "epoch_time_s": 241.21250247955322
    },
    {
      "epoch": 2,
      "train_loss": 0.5611462324037464,
      "val_auc": 0.9144311004896848,
      "val_f1": 0.666154428000178,
      "val_auc_ecg": 0.9120326580266266,
      "val_delta_meta": 0.002834459207262885,
      "lr": 0.0009046039886902864,
      "epoch_time_s": 240.6960461139679
    },
    {
      "epoch": 3,
      "train_loss": 0.5181463878089135,
      "val_auc": 0.9182386701602866,
      "val_f1": 0.7045034061317732,
      "val_auc_ecg": 0.9177395929444423,
      "val_delta_meta": -0.0007929883524974146,
      "lr": 0.0007940987335200904,
      "epoch_time_s": 256.7190864086151
    },
    {
      "epoch": 4,
      "train_loss": 0.4940080702851672,
      "val_auc": 0.9224698102410688,
      "val_f1": 0.7155620750217409,
      "val_auc_ecg": 0.9205018816251294,
      "val_delta_meta": -3.085215337750302e-05,
      "lr": 0.0006548539886902864,
      "epoch_time_s": 263.9343738555908
    },
    {
      "epoch": 5,
      "train_loss": 0.46980207808520813,
      "val_auc": 0.9269832857163438,
      "val_f1": 0.7238969234572108,
      "val_auc_ecg": 0.9258399226096199,
      "val_delta_meta": 0.0014229942756006642,
      "lr": 0.0005005000000000001,
      "epoch_time_s": 263.1539137363434
    },
    {
      "epoch": 6,
      "train_loss": 0.4446347925367705,
      "val_auc": 0.9299474205426588,
      "val_f1": 0.7283093133744428,
      "val_auc_ecg": 0.9291804568403841,
      "val_delta_meta": 0.0003511394232811327,
      "lr": 0.0003461460113097139,
      "epoch_time_s": 263.19468450546265
    },
    {
      "epoch": 7,
      "train_loss": 0.419087508020051,
      "val_auc": 0.9307391164501514,
      "val_f1": 0.725619397529986,
      "val_auc_ecg": 0.9298318103874104,
      "val_delta_meta": 0.0006137222260854669,
      "lr": 0.00020690126647990973,
      "epoch_time_s": 263.95273423194885
    },
    {
      "epoch": 8,
      "train_loss": 0.3899680110566113,
      "val_auc": 0.933957538543104,
      "val_f1": 0.740311916873835,
      "val_auc_ecg": 0.9333666549780542,
      "val_delta_meta": 0.00020982980052652866,
      "lr": 9.639601130971382e-05,
      "epoch_time_s": 264.1830575466156
    },
    {
      "epoch": 9,
      "train_loss": 0.36687144314477205,
      "val_auc": 0.933312895463238,
      "val_f1": 0.7395324782695676,
      "val_auc_ecg": 0.9329330839055979,
      "val_delta_meta": 0.0001766074751150537,
      "lr": 2.5447270110570814e-05,
      "epoch_time_s": 264.258198261261
    },
    {
      "epoch": 10,
      "train_loss": 0.35183860965825003,
      "val_auc": 0.9336535858404001,
      "val_f1": 0.7428702552840127,
      "val_auc_ecg": 0.9331642395998628,
      "val_delta_meta": 0.00039259214323439373,
      "lr": 0.001,
      "epoch_time_s": 265.06237387657166
    }
  ]
}