{
  "metadata": {
    "run_name": "ATLAS_A_v5_demo+anthro_metaH64_seed2033",
    "variant": "demo+anthro",
    "seed": 2033,
    "meta_hid": 64,
    "lauc_weight": 0.08,
    "no_aug": false,
    "arch_mode": "standard",
    "meta_mask_mode": "real",
    "test_fold": 10,
    "val_fold": 9,
    "timestamp": "2026-05-06T09:07:01.507066",
    "git_sha": "b8fda1f7a68a5b217a3f76d88337426561bd26e4",
    "analysis_plan_sha256": "4ad22e907fbd431a0b443255a3449c0560371997d5ee36a61e164de7aea5c3dc",
    "wall_time_s": 2650.2695920467377,
    "train_time_s": 2620.7994725704193,
    "gpu_peak_mem_mb": 0,
    "num_parameters": 3935247,
    "dataset_sizes": {
      "train": 17418,
      "val": 2183,
      "test": 2198
    },
    "train_fold_ids": [
      1,
      2,
      3,
      4,
      5,
      6,
      7,
      8
    ],
    "pos_weights": [
      1.2930489778518677,
      2.9776203632354736,
      3.161012887954712,
      3.4581520557403564,
      7.21991491317749
    ],
    "loss_weights": {
      "fused": 0.52,
      "ecg": 0.3,
      "meta": 0.1,
      "lauc": 0.08
    },
    "hardware": {
      "python_version": "3.11.7 | packaged by Anaconda, Inc. | (main, Dec 15 2023, 18:05:47) [MSC v.1916 64 bit (AMD64)]",
      "torch_version": "2.3.1+cpu",
      "cuda_available": false,
      "numpy_version": "1.26.4",
      "sklearn_version": "1.4.2"
    },
    "best_val_auc": 0.932150602633304,
    "best_val_epoch": 10
  },
  "test": {
    "macro_auc": 0.9294182740949978,
    "macro_auc_ecg": 0.9275898636753862,
    "macro_auc_no_meta": 0.9278247730252029,
    "delta_meta_auc": 0.0015935010697948337,
    "macro_f1_optimal": 0.7447000030385166,
    "macro_f1_fixed_05": 0.7371269371307129,
    "w_fused": 1.0,
    "thresholds": [
      0.6800000071525574,
      0.7400000095367432,
      0.6800000071525574,
      0.6800000071525574,
      0.6650000214576721
    ]
  },
  "per_class": {
    "NORM": {
      "auc": 0.9494524112822195,
      "f1": 0.8591269841269841,
      "threshold": 0.6800000071525574
    },
    "MI": {
      "auc": 0.9330394969108562,
      "f1": 0.7330232558139534,
      "threshold": 0.7400000095367432
    },
    "STTC": {
      "auc": 0.9377555890522903,
      "f1": 0.7797235023041474,
      "threshold": 0.6800000071525574
    },
    "CD": {
      "auc": 0.9175104715514955,
      "f1": 0.7453416149068323,
      "threshold": 0.6800000071525574
    },
    "HYP": {
      "auc": 0.9093334016781275,
      "f1": 0.6062846580406654,
      "threshold": 0.6650000214576721
    }
  },
  "subgroups": {
    "sex_male": {
      "n": 1066,
      "macro_auc": 0.9210430438542156,
      "per_class_auc": [
        0.9414260570379446,
        0.9213424150051777,
        0.9233345722275318,
        0.909751404202205,
        0.9093607707982189
      ]
    },
    "sex_female": {
      "n": 1132,
      "macro_auc": 0.9375469432531102,
      "per_class_auc": [
        0.9576946793516562,
        0.9431399826609408,
        0.950316025668925,
        0.9264833561964958,
        0.9101006723875331
      ]
    },
    "age_lt45": {
      "n": 345,
      "macro_auc": 0.9253595148919759,
      "per_class_auc": [
        0.8882339857651246,
        0.9866630375612411,
        0.9573185435254401,
        0.8621262458471761,
        0.9324557617608977
      ]
    },
    "age_45_65": {
      "n": 703,
      "macro_auc": 0.9260225297318978,
      "per_class_auc": [
        0.9300058777429467,
        0.926070860663884,
        0.9542123109024518,
        0.9019484160358845,
        0.9178751833143228
      ]
    },
    "age_gt65": {
      "n": 1150,
      "macro_auc": 0.9186818113410006,
      "per_class_auc": [
        0.9508066294860889,
        0.9103965127001424,
        0.9149331926863573,
        0.9266962596581381,
        0.8905764621742762
      ]
    },
    "meta_complete": {
      "n": 660,
      "macro_auc": 0.9409775116864314,
      "per_class_auc": [
        0.9584191934059464,
        0.944743718886407,
        0.9386745213549337,
        0.943502018804126,
        0.9195481059807435
      ]
    },
    "meta_incomplete": {
      "n": 1538,
      "macro_auc": 0.9246241802021917,
      "per_class_auc": [
        0.9468096732393487,
        0.9284178651248146,
        0.9373011793459286,
        0.9075669655940448,
        0.9030252177068214
      ]
    },
    "fairness_sex_gap": 0.016503899398894517
  },
  "training_history": [
    {
      "epoch": 1,
      "train_loss": 0.6502490506259673,
      "val_auc": 0.9008845350333988,
      "val_f1": 0.6613894309680297,
      "val_auc_ecg": 0.8995061743742714,
      "val_delta_meta": 0.00026839174247694775,
      "lr": 0.0009755527298894294,
      "epoch_time_s": 242.66070079803467
    },
    {
      "epoch": 2,
      "train_loss": 0.5587016701698303,
      "val_auc": 0.9158270714362867,
      "val_f1": 0.7026734022178076,
      "val_auc_ecg": 0.9146328320786011,
      "val_delta_meta": 5.946202669371292e-05,
      "lr": 0.0009046039886902864,
      "epoch_time_s": 242.21689176559448
    },
    {
      "epoch": 3,
      "train_loss": 0.5241366105888962,
      "val_auc": 0.9210104000866041,
      "val_f1": 0.7025228446374525,
      "val_auc_ecg": 0.9189081906316323,
      "val_delta_meta": 0.0004007463853935578,
      "lr": 0.0007940987335200904,
      "epoch_time_s": 259.35712361335754
    },
    {
      "epoch": 4,
      "train_loss": 0.5020098704263705,
      "val_auc": 0.9235316402873529,
      "val_f1": 0.7293887807449313,
      "val_auc_ecg": 0.9224647561691395,
      "val_delta_meta": 0.0010368317415726525,
      "lr": 0.0006548539886902864,
      "epoch_time_s": 265.97049736976624
    },
    {
      "epoch": 5,
      "train_loss": 0.4754009361387393,
      "val_auc": 0.9234699643527412,
      "val_f1": 0.7143007977324676,
      "val_auc_ecg": 0.9227352256827054,
      "val_delta_meta": 6.144062017754415e-05,
      "lr": 0.0005005000000000001,
      "epoch_time_s": 265.88386273384094
    },
    {
      "epoch": 6,
      "train_loss": 0.4569211593188277,
      "val_auc": 0.9259930630956772,
      "val_f1": 0.731843666757564,
      "val_auc_ecg": 0.9253462950973065,
      "val_delta_meta": -5.887435187434953e-05,
      "lr": 0.0003461460113097139,
      "epoch_time_s": 265.8741207122803
    },
    {
      "epoch": 7,
      "train_loss": 0.4333042435142972,
      "val_auc": 0.9287395381907151,
      "val_f1": 0.7330683685656286,
      "val_auc_ecg": 0.9280260682369391,
      "val_delta_meta": 0.00032221919519748177,
      "lr": 0.00020690126647990973,
      "epoch_time_s": 267.06054759025574
    },
    {
      "epoch": 8,
      "train_loss": 0.41503324885980797,
      "val_auc": 0.9302837252034731,
      "val_f1": 0.737602971788857,
      "val_auc_ecg": 0.9295696300879854,
      "val_delta_meta": 0.00014189382231666325,
      "lr": 9.639601130971382e-05,
      "epoch_time_s": 267.6696276664734
    },
    {
      "epoch": 9,
      "train_loss": 0.39622049873028325,
      "val_auc": 0.9318469163193773,
      "val_f1": 0.7440354733320865,
      "val_auc_ecg": 0.9312184440986566,
      "val_delta_meta": 0.0005475783850987792,
      "lr": 2.5447270110570814e-05,
      "epoch_time_s": 266.979927778244
    },
    {
      "epoch": 10,
      "train_loss": 0.3827918242423906,
      "val_auc": 0.932150602633304,
      "val_f1": 0.7431809038806867,
      "val_auc_ecg": 0.9319281522538889,
      "val_delta_meta": 0.0002732625161581126,
      "lr": 0.001,
      "epoch_time_s": 267.10405254364014
    }
  ]
}