{
  "metadata": {
    "run_name": "ATLAS_A_v5_demo+anthro_additive_seed2025",
    "variant": "demo+anthro",
    "seed": 2025,
    "meta_hid": 128,
    "lauc_weight": 0.08,
    "no_aug": false,
    "arch_mode": "additive",
    "meta_mask_mode": "real",
    "test_fold": 10,
    "val_fold": 9,
    "timestamp": "2026-05-09T03:30:58.616083",
    "git_sha": "b8fda1f7a68a5b217a3f76d88337426561bd26e4",
    "analysis_plan_sha256": "4ad22e907fbd431a0b443255a3449c0560371997d5ee36a61e164de7aea5c3dc",
    "wall_time_s": 2385.9981813430786,
    "train_time_s": 2357.1248302459717,
    "gpu_peak_mem_mb": 0,
    "num_parameters": 3951951,
    "dataset_sizes": {
      "train": 17418,
      "val": 2183,
      "test": 2198
    },
    "train_fold_ids": [
      1,
      2,
      3,
      4,
      5,
      6,
      7,
      8
    ],
    "pos_weights": [
      1.2930489778518677,
      2.9776203632354736,
      3.161012887954712,
      3.4581520557403564,
      7.21991491317749
    ],
    "loss_weights": {
      "fused": 0.52,
      "ecg": 0.3,
      "meta": 0.1,
      "lauc": 0.08
    },
    "hardware": {
      "python_version": "3.11.7 | packaged by Anaconda, Inc. | (main, Dec 15 2023, 18:05:47) [MSC v.1916 64 bit (AMD64)]",
      "torch_version": "2.3.1+cpu",
      "cuda_available": false,
      "numpy_version": "1.26.4",
      "sklearn_version": "1.4.2"
    },
    "best_val_auc": 0.9329110827700526,
    "best_val_epoch": 10
  },
  "test": {
    "macro_auc": 0.9308828113631472,
    "macro_auc_ecg": 0.9296910396530829,
    "macro_auc_no_meta": 0.9297537779889667,
    "delta_meta_auc": 0.001129033374180466,
    "macro_f1_optimal": 0.741179066898056,
    "macro_f1_fixed_05": 0.7406241009328174,
    "w_fused": 1.0,
    "thresholds": [
      0.6650000214576721,
      0.5149999856948853,
      0.5899999737739563,
      0.6650000214576721,
      0.4699999988079071
    ]
  },
  "per_class": {
    "NORM": {
      "auc": 0.9500187084053292,
      "f1": 0.8617806197737334,
      "threshold": 0.6650000214576721
    },
    "MI": {
      "auc": 0.9348510591350397,
      "f1": 0.75,
      "threshold": 0.5149999856948853
    },
    "STTC": {
      "auc": 0.9396738303134767,
      "f1": 0.7677130044843049,
      "threshold": 0.5899999737739563
    },
    "CD": {
      "auc": 0.9204138395057049,
      "f1": 0.7410358565737052,
      "threshold": 0.6650000214576721
    },
    "HYP": {
      "auc": 0.9094566194561857,
      "f1": 0.5853658536585366,
      "threshold": 0.4699999988079071
    }
  },
  "subgroups": {
    "sex_male": {
      "n": 1066,
      "macro_auc": 0.9239627356230204,
      "per_class_auc": [
        0.9463737788812873,
        0.9247747813446514,
        0.9253212275671657,
        0.9139328063241108,
        0.9094110839978868
      ]
    },
    "sex_female": {
      "n": 1132,
      "macro_auc": 0.9371728762039607,
      "per_class_auc": [
        0.9538879240914125,
        0.9433577289864715,
        0.9507125689719372,
        0.9281546823178036,
        0.9097514766521787
      ]
    },
    "age_lt45": {
      "n": 345,
      "macro_auc": 0.9326818014713429,
      "per_class_auc": [
        0.8986877224199289,
        0.9866630375612411,
        0.96684350132626,
        0.8791905768649955,
        0.93202416918429
      ]
    },
    "age_45_65": {
      "n": 703,
      "macro_auc": 0.9264465948139706,
      "per_class_auc": [
        0.9301364942528736,
        0.9298847147684357,
        0.9508085550339072,
        0.9042612839921502,
        0.9171419260224866
      ]
    },
    "age_gt65": {
      "n": 1150,
      "macro_auc": 0.9198783382863696,
      "per_class_auc": [
        0.9501882660616945,
        0.9131025232626372,
        0.9178867791842475,
        0.9275366611256938,
        0.8906774617975749
      ]
    },
    "meta_complete": {
      "n": 660,
      "macro_auc": 0.9415265098201878,
      "per_class_auc": [
        0.9585479835148659,
        0.9504664301668637,
        0.9386273932253314,
        0.9473826882196001,
        0.9126080539742778
      ]
    },
    "meta_incomplete": {
      "n": 1538,
      "macro_auc": 0.9267047340256763,
      "per_class_auc": [
        0.9471045679185814,
        0.9294534690605349,
        0.9398422042906467,
        0.9104085340835825,
        0.9067148947750363
      ]
    },
    "fairness_sex_gap": 0.013210140580940277
  },
  "training_history": [
    {
      "epoch": 1,
      "train_loss": 0.6506784897331798,
      "val_auc": 0.896992559614447,
      "val_f1": 0.6617988975935373,
      "val_auc_ecg": 0.8947152723989529,
      "val_delta_meta": 0.0036478215247419676,
      "lr": 0.0009755527298894294,
      "epoch_time_s": 233.8878893852234
    },
    {
      "epoch": 2,
      "train_loss": 0.5685615725473526,
      "val_auc": 0.9057853395874673,
      "val_f1": 0.6795213327271027,
      "val_auc_ecg": 0.9064073781830585,
      "val_delta_meta": -0.0009015954616369282,
      "lr": 0.0009046039886902864,
      "epoch_time_s": 234.19162607192993
    },
    {
      "epoch": 3,
      "train_loss": 0.5345914152237253,
      "val_auc": 0.9160421761868396,
      "val_f1": 0.7126015005910159,
      "val_auc_ecg": 0.9159638802629051,
      "val_delta_meta": 0.000741091399035998,
      "lr": 0.0007940987335200904,
      "epoch_time_s": 234.28197646141052
    },
    {
      "epoch": 4,
      "train_loss": 0.505652422587806,
      "val_auc": 0.9194865803071378,
      "val_f1": 0.7076927335273467,
      "val_auc_ecg": 0.9191046566802328,
      "val_delta_meta": 0.0009899776731557841,
      "lr": 0.0006548539886902864,
      "epoch_time_s": 233.296452999115
    },
    {
      "epoch": 5,
      "train_loss": 0.4831558818117194,
      "val_auc": 0.9228757088017394,
      "val_f1": 0.7284216153211013,
      "val_auc_ecg": 0.922022363458035,
      "val_delta_meta": 0.0006141919299249565,
      "lr": 0.0005005000000000001,
      "epoch_time_s": 236.58577585220337
    },
    {
      "epoch": 6,
      "train_loss": 0.4553725774681896,
      "val_auc": 0.9246410074303115,
      "val_f1": 0.714494238683969,
      "val_auc_ecg": 0.9248337153519468,
      "val_delta_meta": -0.000520490681240382,
      "lr": 0.0003461460113097139,
      "epoch_time_s": 236.30101823806763
    },
    {
      "epoch": 7,
      "train_loss": 0.4334378498409866,
      "val_auc": 0.930364269833363,
      "val_f1": 0.7365509861814024,
      "val_auc_ecg": 0.930529344890501,
      "val_delta_meta": -1.9493822440153075e-05,
      "lr": 0.00020690126647990973,
      "epoch_time_s": 234.30644130706787
    },
    {
      "epoch": 8,
      "train_loss": 0.41294303301277513,
      "val_auc": 0.9301419176097966,
      "val_f1": 0.7429745015862537,
      "val_auc_ecg": 0.9296360447186529,
      "val_delta_meta": -0.00017968729372175307,
      "lr": 9.639601130971382e-05,
      "epoch_time_s": 234.72071051597595
    },
    {
      "epoch": 9,
      "train_loss": 0.392072029917612,
      "val_auc": 0.9325848986585209,
      "val_f1": 0.745910838600792,
      "val_auc_ecg": 0.9324188054959086,
      "val_delta_meta": 0.00042526573465218043,
      "lr": 2.5447270110570814e-05,
      "epoch_time_s": 234.9599380493164
    },
    {
      "epoch": 10,
      "train_loss": 0.378229128767591,
      "val_auc": 0.9329110827700526,
      "val_f1": 0.7494987813462363,
      "val_auc_ecg": 0.9324506847878133,
      "val_delta_meta": 0.0003996220396351724,
      "lr": 0.001,
      "epoch_time_s": 234.30948543548584
    }
  ]
}