{
  "metadata": {
    "run_name": "ATLAS_A_v5_demo+anthro_lauc0_seed2026",
    "variant": "demo+anthro",
    "seed": 2026,
    "meta_hid": 128,
    "lauc_weight": 0.0,
    "no_aug": false,
    "arch_mode": "standard",
    "meta_mask_mode": "real",
    "test_fold": 10,
    "val_fold": 9,
    "timestamp": "2026-05-06T18:43:56.293025",
    "git_sha": "b8fda1f7a68a5b217a3f76d88337426561bd26e4",
    "analysis_plan_sha256": "4ad22e907fbd431a0b443255a3449c0560371997d5ee36a61e164de7aea5c3dc",
    "wall_time_s": 2633.9513461589813,
    "train_time_s": 2604.6918494701385,
    "gpu_peak_mem_mb": 0,
    "num_parameters": 3951951,
    "dataset_sizes": {
      "train": 17418,
      "val": 2183,
      "test": 2198
    },
    "train_fold_ids": [
      1,
      2,
      3,
      4,
      5,
      6,
      7,
      8
    ],
    "pos_weights": [
      1.2930489778518677,
      2.9776203632354736,
      3.161012887954712,
      3.4581520557403564,
      7.21991491317749
    ],
    "loss_weights": {
      "fused": 0.6000000000000001,
      "ecg": 0.30000000000000004,
      "meta": 0.10000000000000002,
      "lauc": 0.0
    },
    "hardware": {
      "python_version": "3.11.7 | packaged by Anaconda, Inc. | (main, Dec 15 2023, 18:05:47) [MSC v.1916 64 bit (AMD64)]",
      "torch_version": "2.3.1+cpu",
      "cuda_available": false,
      "numpy_version": "1.26.4",
      "sklearn_version": "1.4.2"
    },
    "best_val_auc": 0.9330727382217576,
    "best_val_epoch": 10
  },
  "test": {
    "macro_auc": 0.9310143614356573,
    "macro_auc_ecg": 0.9292925527215005,
    "macro_auc_no_meta": 0.9297168778510654,
    "delta_meta_auc": 0.0012974835845919186,
    "macro_f1_optimal": 0.751477017987488,
    "macro_f1_fixed_05": 0.7410621375670188,
    "w_fused": 1.0,
    "thresholds": [
      0.6650000214576721,
      0.5600000023841858,
      0.5600000023841858,
      0.6200000047683716,
      0.6650000214576721
    ]
  },
  "per_class": {
    "NORM": {
      "auc": 0.9514523187912268,
      "f1": 0.8688279301745636,
      "threshold": 0.6650000214576721
    },
    "MI": {
      "auc": 0.9336760812003531,
      "f1": 0.7506607929515419,
      "threshold": 0.5600000023841858
    },
    "STTC": {
      "auc": 0.9371764541607867,
      "f1": 0.7709790209790209,
      "threshold": 0.5600000023841858
    },
    "CD": {
      "auc": 0.9188715363329669,
      "f1": 0.7509881422924901,
      "threshold": 0.6200000047683716
    },
    "HYP": {
      "auc": 0.913895416692953,
      "f1": 0.6159292035398231,
      "threshold": 0.6650000214576721
    }
  },
  "subgroups": {
    "sex_male": {
      "n": 1066,
      "macro_auc": 0.9239364512621308,
      "per_class_auc": [
        0.9469592653229392,
        0.9227814807792347,
        0.9223124845138224,
        0.9122893696692324,
        0.915339656025425
      ]
    },
    "sex_female": {
      "n": 1132,
      "macro_auc": 0.9376641017292714,
      "per_class_auc": [
        0.9564047870733917,
        0.9428173955120063,
        0.9489184523205038,
        0.9275382451509836,
        0.9126416285894722
      ]
    },
    "age_lt45": {
      "n": 345,
      "macro_auc": 0.9227365205796912,
      "per_class_auc": [
        0.8939056939501779,
        0.9809471965160588,
        0.966481794068001,
        0.8498187858652975,
        0.922529132498921
      ]
    },
    "age_45_65": {
      "n": 703,
      "macro_auc": 0.927112804680106,
      "per_class_auc": [
        0.9294752481713688,
        0.9283442655535679,
        0.9486958789775691,
        0.9068825343425849,
        0.9221660963554396
      ]
    },
    "age_gt65": {
      "n": 1150,
      "macro_auc": 0.9207841879348972,
      "per_class_auc": [
        0.9528862211299114,
        0.9104602229860004,
        0.9140084388185654,
        0.929683942408435,
        0.8968821143315736
      ]
    },
    "meta_complete": {
      "n": 660,
      "macro_auc": 0.9422816760097164,
      "per_class_auc": [
        0.9619517221077422,
        0.9488897648140848,
        0.9372960235640648,
        0.94345921730322,
        0.9198116522594701
      ]
    },
    "meta_incomplete": {
      "n": 1538,
      "macro_auc": 0.9264430136841341,
      "per_class_auc": [
        0.9482546571675887,
        0.928468901047725,
        0.936981126585716,
        0.909756755172616,
        0.9087536284470247
      ]
    },
    "fairness_sex_gap": 0.01372765046714064
  },
  "training_history": [
    {
      "epoch": 1,
      "train_loss": 0.6588028762318673,
      "val_auc": 0.9011774355609505,
      "val_f1": 0.6549116923719611,
      "val_auc_ecg": 0.8984600472626688,
      "val_delta_meta": 0.0019083509414468125,
      "lr": 0.0009755527298894294,
      "epoch_time_s": 242.11188745498657
    },
    {
      "epoch": 2,
      "train_loss": 0.5646955545342297,
      "val_auc": 0.9116716084006482,
      "val_f1": 0.6851047364880789,
      "val_auc_ecg": 0.9107783729283362,
      "val_delta_meta": 8.979056775704208e-05,
      "lr": 0.0009046039886902864,
      "epoch_time_s": 242.17986750602722
    },
    {
      "epoch": 3,
      "train_loss": 0.5329693599578438,
      "val_auc": 0.9106775591532799,
      "val_f1": 0.6874466434126256,
      "val_auc_ecg": 0.9090505244134526,
      "val_delta_meta": 0.0007290786501125135,
      "lr": 0.0007940987335200904,
      "epoch_time_s": 257.7397356033325
    },
    {
      "epoch": 4,
      "train_loss": 0.5079684653960237,
      "val_auc": 0.9247823662567225,
      "val_f1": 0.7228484826810937,
      "val_auc_ecg": 0.9232777237788501,
      "val_delta_meta": 0.000590859606866001,
      "lr": 0.0006548539886902864,
      "epoch_time_s": 264.0639646053314
    },
    {
      "epoch": 5,
      "train_loss": 0.4881539099807039,
      "val_auc": 0.9203651681087515,
      "val_f1": 0.7154572572295221,
      "val_auc_ecg": 0.919596027365938,
      "val_delta_meta": -0.0009697206333049158,
      "lr": 0.0005005000000000001,
      "epoch_time_s": 264.77921986579895
    },
    {
      "epoch": 6,
      "train_loss": 0.4650818767350748,
      "val_auc": 0.9262876262965773,
      "val_f1": 0.736152642677274,
      "val_auc_ecg": 0.924354035329047,
      "val_delta_meta": 0.0002521468501471835,
      "lr": 0.0003461460113097139,
      "epoch_time_s": 268.3664860725403
    },
    {
      "epoch": 7,
      "train_loss": 0.44357083527320024,
      "val_auc": 0.9304000137468913,
      "val_f1": 0.7327911303109353,
      "val_auc_ecg": 0.9294875623241868,
      "val_delta_meta": -7.41574052204319e-05,
      "lr": 0.00020690126647990973,
      "epoch_time_s": 264.9778401851654
    },
    {
      "epoch": 8,
      "train_loss": 0.4225075313804347,
      "val_auc": 0.9268386141241953,
      "val_f1": 0.7338302749549548,
      "val_auc_ecg": 0.9259903788073336,
      "val_delta_meta": -0.00030091454656266947,
      "lr": 9.639601130971382e-05,
      "epoch_time_s": 263.86839962005615
    },
    {
      "epoch": 9,
      "train_loss": 0.40304630330396357,
      "val_auc": 0.9322875440821832,
      "val_f1": 0.7417375918884268,
      "val_auc_ecg": 0.9314843207933542,
      "val_delta_meta": 9.251678776212025e-05,
      "lr": 2.5447270110570814e-05,
      "epoch_time_s": 263.80490231513977
    },
    {
      "epoch": 10,
      "train_loss": 0.3901929448503967,
      "val_auc": 0.9330727382217576,
      "val_f1": 0.7406474847041233,
      "val_auc_ecg": 0.9323399254805945,
      "val_delta_meta": 6.0422553179728666e-05,
      "lr": 0.001,
      "epoch_time_s": 263.97105383872986
    }
  ]
}