{
  "metadata": {
    "run_name": "ATLAS_A_v5_demo+anthro_no_residual_seed2031",
    "variant": "demo+anthro",
    "seed": 2031,
    "meta_hid": 128,
    "lauc_weight": 0.08,
    "no_aug": false,
    "arch_mode": "no_residual",
    "meta_mask_mode": "real",
    "test_fold": 10,
    "val_fold": 9,
    "timestamp": "2026-05-09T22:03:35.147844",
    "git_sha": "b8fda1f7a68a5b217a3f76d88337426561bd26e4",
    "analysis_plan_sha256": "4ad22e907fbd431a0b443255a3449c0560371997d5ee36a61e164de7aea5c3dc",
    "wall_time_s": 2634.083429813385,
    "train_time_s": 2604.747473716736,
    "gpu_peak_mem_mb": 0,
    "num_parameters": 3951951,
    "dataset_sizes": {
      "train": 17418,
      "val": 2183,
      "test": 2198
    },
    "train_fold_ids": [
      1,
      2,
      3,
      4,
      5,
      6,
      7,
      8
    ],
    "pos_weights": [
      1.2930489778518677,
      2.9776203632354736,
      3.161012887954712,
      3.4581520557403564,
      7.21991491317749
    ],
    "loss_weights": {
      "fused": 0.52,
      "ecg": 0.3,
      "meta": 0.1,
      "lauc": 0.08
    },
    "hardware": {
      "python_version": "3.11.7 | packaged by Anaconda, Inc. | (main, Dec 15 2023, 18:05:47) [MSC v.1916 64 bit (AMD64)]",
      "torch_version": "2.3.1+cpu",
      "cuda_available": false,
      "numpy_version": "1.26.4",
      "sklearn_version": "1.4.2"
    },
    "best_val_auc": 0.932173709471899,
    "best_val_epoch": 10
  },
  "test": {
    "macro_auc": 0.929497057765051,
    "macro_auc_ecg": 0.927023983474226,
    "macro_auc_no_meta": 0.9274910559588683,
    "delta_meta_auc": 0.002006001806182711,
    "macro_f1_optimal": 0.746974577074816,
    "macro_f1_fixed_05": 0.739253977897032,
    "w_fused": 1.0,
    "thresholds": [
      0.6949999928474426,
      0.6200000047683716,
      0.6499999761581421,
      0.7699999809265137,
      0.6349999904632568
    ]
  },
  "per_class": {
    "NORM": {
      "auc": 0.949691626622271,
      "f1": 0.8654618473895582,
      "threshold": 0.6949999928474426
    },
    "MI": {
      "auc": 0.9302383053839365,
      "f1": 0.742653606411398,
      "threshold": 0.6200000047683716
    },
    "STTC": {
      "auc": 0.9381481646803256,
      "f1": 0.7743732590529248,
      "threshold": 0.6499999761581421
    },
    "CD": {
      "auc": 0.9180648478071338,
      "f1": 0.7459105779716467,
      "threshold": 0.7699999809265137
    },
    "HYP": {
      "auc": 0.911342344331588,
      "f1": 0.606473594548552,
      "threshold": 0.6349999904632568
    }
  },
  "subgroups": {
    "sex_male": {
      "n": 1066,
      "macro_auc": 0.9208284292974458,
      "per_class_auc": [
        0.9436487370479195,
        0.9173947075439135,
        0.9232328059183745,
        0.9073018514666115,
        0.9125640445104106
      ]
    },
    "sex_female": {
      "n": 1132,
      "macro_auc": 0.9374685642164714,
      "per_class_auc": [
        0.9563355733413872,
        0.9409746164237183,
        0.9504707742749785,
        0.9293571689037838,
        0.9102046881384895
      ]
    },
    "age_lt45": {
      "n": 345,
      "macro_auc": 0.9245372724380114,
      "per_class_auc": [
        0.8922931494661922,
        0.9869352204681546,
        0.9568362671810947,
        0.853518574448807,
        0.9331031506258092
      ]
    },
    "age_45_65": {
      "n": 703,
      "macro_auc": 0.9265239792446385,
      "per_class_auc": [
        0.930030368338558,
        0.9271268137547208,
        0.9520865936358893,
        0.9052565180824222,
        0.9181196024116017
      ]
    },
    "age_gt65": {
      "n": 1150,
      "macro_auc": 0.9190359133847608,
      "per_class_auc": [
        0.9515943535935973,
        0.9060910386453183,
        0.9164662447257385,
        0.9268591568588977,
        0.8941687731002517
      ]
    },
    "meta_complete": {
      "n": 660,
      "macro_auc": 0.939202637011407,
      "per_class_auc": [
        0.9594495142773035,
        0.939473568957211,
        0.9350574374079529,
        0.9426602559529754,
        0.9193724084615925
      ]
    },
    "meta_incomplete": {
      "n": 1538,
      "macro_auc": 0.9255463636459795,
      "per_class_auc": [
        0.9467732450730905,
        0.9267634506238078,
        0.9393063583815029,
        0.9085798018873453,
        0.906308962264151
      ]
    },
    "fairness_sex_gap": 0.016640134919025606
  },
  "training_history": [
    {
      "epoch": 1,
      "train_loss": 0.6531181278578732,
      "val_auc": 0.894645524139692,
      "val_f1": 0.6560776387583583,
      "val_auc_ecg": 0.8893387779113142,
      "val_delta_meta": -0.000525360296316002,
      "lr": 0.0009755527298894294,
      "epoch_time_s": 244.90645051002502
    },
    {
      "epoch": 2,
      "train_loss": 0.5604323693918526,
      "val_auc": 0.9114685438507873,
      "val_f1": 0.6986735155668427,
      "val_auc_ecg": 0.911713124960654,
      "val_delta_meta": -0.0012958467010376618,
      "lr": 0.0009046039886902864,
      "epoch_time_s": 244.52875089645386
    },
    {
      "epoch": 3,
      "train_loss": 0.522808809236649,
      "val_auc": 0.9187147537736177,
      "val_f1": 0.6897859774508996,
      "val_auc_ecg": 0.9168921003386797,
      "val_delta_meta": 0.0005546346295212112,
      "lr": 0.0007940987335200904,
      "epoch_time_s": 256.8517577648163
    },
    {
      "epoch": 4,
      "train_loss": 0.49979537856688194,
      "val_auc": 0.917789671765483,
      "val_f1": 0.7040075535974555,
      "val_auc_ecg": 0.9170356828449411,
      "val_delta_meta": 0.0005696796791642145,
      "lr": 0.0006548539886902864,
      "epoch_time_s": 263.867240190506
    },
    {
      "epoch": 5,
      "train_loss": 0.47407860515314504,
      "val_auc": 0.9195538180056051,
      "val_f1": 0.7115935387865255,
      "val_auc_ecg": 0.9172361770023224,
      "val_delta_meta": 0.00013603035941289754,
      "lr": 0.0005005000000000001,
      "epoch_time_s": 263.6758177280426
    },
    {
      "epoch": 6,
      "train_loss": 0.45796778830913226,
      "val_auc": 0.9252863603418842,
      "val_f1": 0.7189554867062252,
      "val_auc_ecg": 0.924856639084689,
      "val_delta_meta": 0.0003432285825162307,
      "lr": 0.0003461460113097139,
      "epoch_time_s": 264.1817104816437
    },
    {
      "epoch": 7,
      "train_loss": 0.43555323137055846,
      "val_auc": 0.928260397972848,
      "val_f1": 0.7224726757399017,
      "val_auc_ecg": 0.9274920991879372,
      "val_delta_meta": 0.00047445038710403065,
      "lr": 0.00020690126647990973,
      "epoch_time_s": 263.5293011665344
    },
    {
      "epoch": 8,
      "train_loss": 0.4160311429052178,
      "val_auc": 0.9300960237846242,
      "val_f1": 0.7309580528619289,
      "val_auc_ecg": 0.9293070341340108,
      "val_delta_meta": 0.000514198296203916,
      "lr": 9.639601130971382e-05,
      "epoch_time_s": 264.5194103717804
    },
    {
      "epoch": 9,
      "train_loss": 0.39831431931858763,
      "val_auc": 0.9312384605746074,
      "val_f1": 0.7352954497996074,
      "val_auc_ecg": 0.9303503937601206,
      "val_delta_meta": 0.0006840939713779193,
      "lr": 2.5447270110570814e-05,
      "epoch_time_s": 264.30210733413696
    },
    {
      "epoch": 10,
      "train_loss": 0.38382709986026137,
      "val_auc": 0.932173709471899,
      "val_f1": 0.7401535716646024,
      "val_auc_ecg": 0.9312252645457711,
      "val_delta_meta": 0.0007759367784128113,
      "lr": 0.001,
      "epoch_time_s": 264.04178619384766
    }
  ]
}