{
  "metadata": {
    "run_name": "ATLAS_A_v5_demo+anthro_trainmask_seed2033",
    "variant": "demo+anthro",
    "seed": 2033,
    "meta_hid": 128,
    "lauc_weight": 0.08,
    "no_aug": false,
    "arch_mode": "standard",
    "meta_mask_mode": "trainmask",
    "test_fold": 10,
    "val_fold": 9,
    "timestamp": "2026-05-10T21:49:08.646240",
    "git_sha": "b8fda1f7a68a5b217a3f76d88337426561bd26e4",
    "analysis_plan_sha256": "4ad22e907fbd431a0b443255a3449c0560371997d5ee36a61e164de7aea5c3dc",
    "wall_time_s": 2628.6979038715363,
    "train_time_s": 2599.1792392730713,
    "gpu_peak_mem_mb": 0,
    "num_parameters": 3951951,
    "dataset_sizes": {
      "train": 17418,
      "val": 2183,
      "test": 2198
    },
    "train_fold_ids": [
      1,
      2,
      3,
      4,
      5,
      6,
      7,
      8
    ],
    "pos_weights": [
      1.2930489778518677,
      2.9776203632354736,
      3.161012887954712,
      3.4581520557403564,
      7.21991491317749
    ],
    "loss_weights": {
      "fused": 0.52,
      "ecg": 0.3,
      "meta": 0.1,
      "lauc": 0.08
    },
    "hardware": {
      "python_version": "3.11.7 | packaged by Anaconda, Inc. | (main, Dec 15 2023, 18:05:47) [MSC v.1916 64 bit (AMD64)]",
      "torch_version": "2.3.1+cpu",
      "cuda_available": false,
      "numpy_version": "1.26.4",
      "sklearn_version": "1.4.2"
    },
    "best_val_auc": 0.5012256047163041,
    "best_val_epoch": 1
  },
  "test": {
    "macro_auc": 0.49830732996093136,
    "macro_auc_ecg": 0.8911799305520158,
    "macro_auc_no_meta": 0.8917298011098103,
    "delta_meta_auc": -0.3934224711488789,
    "macro_f1_optimal": 0.2410373832629758,
    "macro_f1_fixed_05": 0.2410373832629758,
    "w_fused": 1.0,
    "thresholds": [
      0.05000000074505806,
      0.05000000074505806,
      0.05000000074505806,
      0.05000000074505806,
      0.05000000074505806
    ]
  },
  "per_class": {
    "NORM": {
      "auc": 0.4931363275190132,
      "f1": 0.603749602796314,
      "threshold": 0.05000000074505806
    },
    "MI": {
      "auc": 0.5244842233009709,
      "f1": 0.2925531914893617,
      "threshold": 0.05000000074505806
    },
    "STTC": {
      "auc": 0.5003633899763883,
      "f1": 0.003816793893129771,
      "threshold": 0.05000000074505806
    },
    "CD": {
      "auc": 0.4718020308176339,
      "f1": 0.29036144578313255,
      "threshold": 0.05000000074505806
    },
    "HYP": {
      "auc": 0.5017506781906503,
      "f1": 0.014705882352941176,
      "threshold": 0.05000000074505806
    }
  },
  "subgroups": {
    "sex_male": {
      "n": 1066,
      "macro_auc": 0.48162835391389774,
      "per_class_auc": [
        0.49185920858135185,
        0.46325034396589027,
        0.5010663339350819,
        0.45196588308716457,
        0.5
      ]
    },
    "sex_female": {
      "n": 1132,
      "macro_auc": 0.5118410290178592,
      "per_class_auc": [
        0.4941860465116279,
        0.5774451097804392,
        0.4994462901439646,
        0.48473232735418226,
        0.5033953712990824
      ]
    },
    "age_lt45": {
      "n": 345,
      "macro_auc": 0.5009380206727778,
      "per_class_auc": [
        0.49004670818505336,
        0.558927599346761,
        0.5,
        0.4557157958320749,
        0.5
      ]
    },
    "age_45_65": {
      "n": 703,
      "macro_auc": 0.5028208079561265,
      "per_class_auc": [
        0.4947916666666667,
        0.5045654442456768,
        0.49911971830985913,
        0.5042753013737034,
        0.5113519091847266
      ]
    },
    "age_gt65": {
      "n": 1150,
      "macro_auc": 0.4991919936019033,
      "per_class_auc": [
        0.5,
        0.5050129935451421,
        0.5007559774964838,
        0.4901909969678907,
        0.5
      ]
    },
    "meta_complete": {
      "n": 660,
      "macro_auc": 0.4906625262073308,
      "per_class_auc": [
        0.48563070356196647,
        0.4950072263828669,
        0.5007952871870398,
        0.47187941390478094,
        0.5
      ]
    },
    "meta_incomplete": {
      "n": 1538,
      "macro_auc": 0.49486932218894025,
      "per_class_auc": [
        0.49690880989180836,
        0.5171161726460212,
        0.5,
        0.45697438602661045,
        0.5033472423802612
      ]
    },
    "fairness_sex_gap": 0.030212675103961473
  },
  "training_history": [
    {
      "epoch": 1,
      "train_loss": 0.6002582737065236,
      "val_auc": 0.5012256047163041,
      "val_f1": 0.24437160248853598,
      "val_auc_ecg": 0.8978490908944508,
      "val_delta_meta": -0.3951281754469199,
      "lr": 0.0009755527298894294,
      "epoch_time_s": 244.46748685836792
    },
    {
      "epoch": 2,
      "train_loss": 0.5134249167704801,
      "val_auc": 0.5012253653558751,
      "val_f1": 0.24437160248853598,
      "val_auc_ecg": 0.9071456567950262,
      "val_delta_meta": -0.40487925481890485,
      "lr": 0.0009046039886902864,
      "epoch_time_s": 244.51304745674133
    },
    {
      "epoch": 3,
      "train_loss": 0.47547612518345544,
      "val_auc": 0.5012244079141593,
      "val_f1": 0.24437160248853598,
      "val_auc_ecg": 0.9116950070210603,
      "val_delta_meta": -0.4103763056671321,
      "lr": 0.0007940987335200904,
      "epoch_time_s": 256.61742877960205
    },
    {
      "epoch": 4,
      "train_loss": 0.4545615010305282,
      "val_auc": 0.5012256047163041,
      "val_f1": 0.24437160248853598,
      "val_auc_ecg": 0.9207057208856538,
      "val_delta_meta": -0.4200787781002594,
      "lr": 0.0006548539886902864,
      "epoch_time_s": 264.38528323173523
    },
    {
      "epoch": 5,
      "train_loss": 0.43065939138241865,
      "val_auc": 0.5012256047163041,
      "val_f1": 0.24437160248853598,
      "val_auc_ecg": 0.9249919726740368,
      "val_delta_meta": -0.4240261191186496,
      "lr": 0.0005005000000000001,
      "epoch_time_s": 263.6936204433441
    },
    {
      "epoch": 6,
      "train_loss": 0.4092379339791219,
      "val_auc": 0.5012256047163041,
      "val_f1": 0.24437160248853598,
      "val_auc_ecg": 0.9286978537751569,
      "val_delta_meta": -0.42762229896614123,
      "lr": 0.0003461460113097139,
      "epoch_time_s": 263.8915982246399
    },
    {
      "epoch": 7,
      "train_loss": 0.3879948502013443,
      "val_auc": 0.5012256047163041,
      "val_f1": 0.24437160248853598,
      "val_auc_ecg": 0.9290431799567239,
      "val_delta_meta": -0.4275671100535925,
      "lr": 0.00020690126647990973,
      "epoch_time_s": 264.2061564922333
    },
    {
      "epoch": 8,
      "train_loss": 0.36536177199914915,
      "val_auc": 0.5012256047163041,
      "val_f1": 0.24437160248853598,
      "val_auc_ecg": 0.9297269618982231,
      "val_delta_meta": -0.4285118663751717,
      "lr": 9.639601130971382e-05,
      "epoch_time_s": 264.23805713653564
    },
    {
      "epoch": 9,
      "train_loss": 0.34635291219851294,
      "val_auc": 0.5012256047163041,
      "val_f1": 0.24437160248853598,
      "val_auc_ecg": 0.9301713632105715,
      "val_delta_meta": -0.4289806248872017,
      "lr": 2.5447270110570814e-05,
      "epoch_time_s": 264.19847989082336
    },
    {
      "epoch": 10,
      "train_loss": 0.3327017011172181,
      "val_auc": 0.5012256047163041,
      "val_f1": 0.24437160248853598,
      "val_auc_ecg": 0.929543308845169,
      "val_delta_meta": -0.4285492369468633,
      "lr": 0.001,
      "epoch_time_s": 264.8790957927704
    }
  ]
}