{
  "metadata": {
    "run_name": "ATLAS_A_v5_demo+anthro_lauc0.04_seed2031",
    "variant": "demo+anthro",
    "seed": 2031,
    "meta_hid": 128,
    "lauc_weight": 0.04,
    "no_aug": false,
    "arch_mode": "standard",
    "meta_mask_mode": "real",
    "test_fold": 10,
    "val_fold": 9,
    "timestamp": "2026-05-07T05:45:14.364118",
    "git_sha": "b8fda1f7a68a5b217a3f76d88337426561bd26e4",
    "analysis_plan_sha256": "4ad22e907fbd431a0b443255a3449c0560371997d5ee36a61e164de7aea5c3dc",
    "wall_time_s": 2648.270838737488,
    "train_time_s": 2619.0555732250214,
    "gpu_peak_mem_mb": 0,
    "num_parameters": 3951951,
    "dataset_sizes": {
      "train": 17418,
      "val": 2183,
      "test": 2198
    },
    "train_fold_ids": [
      1,
      2,
      3,
      4,
      5,
      6,
      7,
      8
    ],
    "pos_weights": [
      1.2930489778518677,
      2.9776203632354736,
      3.161012887954712,
      3.4581520557403564,
      7.21991491317749
    ],
    "loss_weights": {
      "fused": 0.56,
      "ecg": 0.30000000000000004,
      "meta": 0.10000000000000002,
      "lauc": 0.04000000000000001
    },
    "hardware": {
      "python_version": "3.11.7 | packaged by Anaconda, Inc. | (main, Dec 15 2023, 18:05:47) [MSC v.1916 64 bit (AMD64)]",
      "torch_version": "2.3.1+cpu",
      "cuda_available": false,
      "numpy_version": "1.26.4",
      "sklearn_version": "1.4.2"
    },
    "best_val_auc": 0.9329182671304542,
    "best_val_epoch": 10
  },
  "test": {
    "macro_auc": 0.9301533059739437,
    "macro_auc_ecg": 0.9281554925707238,
    "macro_auc_no_meta": 0.928429214473249,
    "delta_meta_auc": 0.0017240915006947466,
    "macro_f1_optimal": 0.7451845691752784,
    "macro_f1_fixed_05": 0.7451283117088963,
    "w_fused": 1.0,
    "thresholds": [
      0.48500001430511475,
      0.5450000166893005,
      0.7250000238418579,
      0.6200000047683716,
      0.6800000071525574
    ]
  },
  "per_class": {
    "NORM": {
      "auc": 0.9505164781111657,
      "f1": 0.8572783309625415,
      "threshold": 0.48500001430511475
    },
    "MI": {
      "auc": 0.9291240070609004,
      "f1": 0.7400508044030483,
      "threshold": 0.5450000166893005
    },
    "STTC": {
      "auc": 0.9384777908636319,
      "f1": 0.7701260911736179,
      "threshold": 0.7250000238418579
    },
    "CD": {
      "auc": 0.9185813179940108,
      "f1": 0.7430830039525692,
      "threshold": 0.6200000047683716
    },
    "HYP": {
      "auc": 0.9140669358400101,
      "f1": 0.6153846153846154,
      "threshold": 0.6800000071525574
    }
  },
  "subgroups": {
    "sex_male": {
      "n": 1066,
      "macro_auc": 0.9208491406217357,
      "per_class_auc": [
        0.9441366424159628,
        0.917944080626577,
        0.9215735726168985,
        0.9113480341169128,
        0.9092433733323271
      ]
    },
    "sex_female": {
      "n": 1132,
      "macro_auc": 0.9390323267896502,
      "per_class_auc": [
        0.9574272626598208,
        0.9385794068428799,
        0.9527920033657822,
        0.9273689419854485,
        0.91899401909432
      ]
    },
    "age_lt45": {
      "n": 345,
      "macro_auc": 0.9267031244817687,
      "per_class_auc": [
        0.8959074733096086,
        0.9863908546543276,
        0.9619001687967205,
        0.860314104500151,
        0.9290030211480362
      ]
    },
    "age_45_65": {
      "n": 703,
      "macro_auc": 0.9277455624527281,
      "per_class_auc": [
        0.9307079414838036,
        0.9269404690916319,
        0.9529733959311424,
        0.9071348472105412,
        0.920971158546521
      ]
    },
    "age_gt65": {
      "n": 1150,
      "macro_auc": 0.9193106299715831,
      "per_class_auc": [
        0.9517322053124113,
        0.9044278648671307,
        0.9153270042194092,
        0.9272886131154459,
        0.8977774623435189
      ]
    },
    "meta_complete": {
      "n": 660,
      "macro_auc": 0.9424444876742845,
      "per_class_auc": [
        0.9606822196055342,
        0.9424225171170382,
        0.9379322533136967,
        0.9463839865317943,
        0.9248014618033593
      ]
    },
    "meta_incomplete": {
      "n": 1538,
      "macro_auc": 0.9250311351822548,
      "per_class_auc": [
        0.9473595650823883,
        0.9240138902770187,
        0.9383365015323738,
        0.9077896957974327,
        0.9076560232220608
      ]
    },
    "fairness_sex_gap": 0.018183186167914478
  },
  "training_history": [
    {
      "epoch": 1,
      "train_loss": 0.6587205062765594,
      "val_auc": 0.894686390808763,
      "val_f1": 0.6589396146213207,
      "val_auc_ecg": 0.8914328188856292,
      "val_delta_meta": -0.0018511026037378864,
      "lr": 0.0009755527298894294,
      "epoch_time_s": 241.64969062805176
    },
    {
      "epoch": 2,
      "train_loss": 0.5667970562746766,
      "val_auc": 0.9094219775276468,
      "val_f1": 0.7010005698659086,
      "val_auc_ecg": 0.9104936003260822,
      "val_delta_meta": -0.0013070067818956588,
      "lr": 0.0009046039886902864,
      "epoch_time_s": 241.70720791816711
    },
    {
      "epoch": 3,
      "train_loss": 0.5305736435662716,
      "val_auc": 0.9169758672882894,
      "val_f1": 0.6806541159038006,
      "val_auc_ecg": 0.916128617079709,
      "val_delta_meta": 0.0004085166482857838,
      "lr": 0.0007940987335200904,
      "epoch_time_s": 262.04253363609314
    },
    {
      "epoch": 4,
      "train_loss": 0.5052032553274697,
      "val_auc": 0.9183734341491399,
      "val_f1": 0.7090224505703697,
      "val_auc_ecg": 0.9168462127106564,
      "val_delta_meta": 0.0003608033725989168,
      "lr": 0.0006548539886902864,
      "epoch_time_s": 264.04763412475586
    },
    {
      "epoch": 5,
      "train_loss": 0.4806241455974929,
      "val_auc": 0.918130339102388,
      "val_f1": 0.7090511104054331,
      "val_auc_ecg": 0.9168579231315928,
      "val_delta_meta": -0.00039753246104667905,
      "lr": 0.0005005000000000001,
      "epoch_time_s": 264.0863664150238
    },
    {
      "epoch": 6,
      "train_loss": 0.4652376581222639,
      "val_auc": 0.9267398213699781,
      "val_f1": 0.7147556145313156,
      "val_auc_ecg": 0.9258708580954492,
      "val_delta_meta": -0.00020889858373818182,
      "lr": 0.0003461460113097139,
      "epoch_time_s": 264.745646238327
    },
    {
      "epoch": 7,
      "train_loss": 0.4436323411420945,
      "val_auc": 0.9300689233047199,
      "val_f1": 0.7329788007369461,
      "val_auc_ecg": 0.9293286525286485,
      "val_delta_meta": 0.00038658678274372527,
      "lr": 0.00020690126647990973,
      "epoch_time_s": 264.6849637031555
    },
    {
      "epoch": 8,
      "train_loss": 0.42104761942264135,
      "val_auc": 0.9302128802092721,
      "val_f1": 0.7305053664712412,
      "val_auc_ecg": 0.9294004287244567,
      "val_delta_meta": 0.00015194109885552365,
      "lr": 9.639601130971382e-05,
      "epoch_time_s": 265.4084384441376
    },
    {
      "epoch": 9,
      "train_loss": 0.4052569412583605,
      "val_auc": 0.9321484383931103,
      "val_f1": 0.7403191435856552,
      "val_auc_ecg": 0.9311353030981282,
      "val_delta_meta": 0.0006123742970985946,
      "lr": 2.5447270110570814e-05,
      "epoch_time_s": 269.97466492652893
    },
    {
      "epoch": 10,
      "train_loss": 0.3900012794711174,
      "val_auc": 0.9329182671304542,
      "val_f1": 0.7435374588345788,
      "val_auc_ecg": 0.9318311215022576,
      "val_delta_meta": 0.0005505149548140631,
      "lr": 0.001,
      "epoch_time_s": 270.3672032356262
    }
  ]
}