{
  "metadata": {
    "run_name": "ATLAS_A_v5_demo+anthro_lauc0.16_seed2029",
    "variant": "demo+anthro",
    "seed": 2029,
    "meta_hid": 128,
    "lauc_weight": 0.16,
    "no_aug": false,
    "arch_mode": "standard",
    "meta_mask_mode": "real",
    "test_fold": 10,
    "val_fold": 9,
    "timestamp": "2026-05-07T19:01:05.533186",
    "git_sha": "b8fda1f7a68a5b217a3f76d88337426561bd26e4",
    "analysis_plan_sha256": "4ad22e907fbd431a0b443255a3449c0560371997d5ee36a61e164de7aea5c3dc",
    "wall_time_s": 2625.27006483078,
    "train_time_s": 2596.2699313163757,
    "gpu_peak_mem_mb": 0,
    "num_parameters": 3951951,
    "dataset_sizes": {
      "train": 17418,
      "val": 2183,
      "test": 2198
    },
    "train_fold_ids": [
      1,
      2,
      3,
      4,
      5,
      6,
      7,
      8
    ],
    "pos_weights": [
      1.2930489778518677,
      2.9776203632354736,
      3.161012887954712,
      3.4581520557403564,
      7.21991491317749
    ],
    "loss_weights": {
      "fused": 0.43999999999999995,
      "ecg": 0.3,
      "meta": 0.1,
      "lauc": 0.16
    },
    "hardware": {
      "python_version": "3.11.7 | packaged by Anaconda, Inc. | (main, Dec 15 2023, 18:05:47) [MSC v.1916 64 bit (AMD64)]",
      "torch_version": "2.3.1+cpu",
      "cuda_available": false,
      "numpy_version": "1.26.4",
      "sklearn_version": "1.4.2"
    },
    "best_val_auc": 0.9336595642536569,
    "best_val_epoch": 10
  },
  "test": {
    "macro_auc": 0.9292235727465936,
    "macro_auc_ecg": 0.9278783409424276,
    "macro_auc_no_meta": 0.9279138675575839,
    "delta_meta_auc": 0.0013097051890097466,
    "macro_f1_optimal": 0.7479004838265058,
    "macro_f1_fixed_05": 0.7376292721444105,
    "w_fused": 1.0,
    "thresholds": [
      0.5899999737739563,
      0.6200000047683716,
      0.7250000238418579,
      0.6800000071525574,
      0.6800000071525574
    ]
  },
  "per_class": {
    "NORM": {
      "auc": 0.9512067972471318,
      "f1": 0.8650754992693619,
      "threshold": 0.5899999737739563
    },
    "MI": {
      "auc": 0.9327868490732568,
      "f1": 0.7373913043478261,
      "threshold": 0.6200000047683716
    },
    "STTC": {
      "auc": 0.9366900266333378,
      "f1": 0.7682242990654206,
      "threshold": 0.7250000238418579
    },
    "CD": {
      "auc": 0.9171811625791287,
      "f1": 0.757700205338809,
      "threshold": 0.6800000071525574
    },
    "HYP": {
      "auc": 0.9082530282001136,
      "f1": 0.6111111111111112,
      "threshold": 0.6800000071525574
    }
  },
  "subgroups": {
    "sex_male": {
      "n": 1066,
      "macro_auc": 0.9214635677384866,
      "per_class_auc": [
        0.9475917352444767,
        0.9249886965272816,
        0.9200116810024423,
        0.9093145412939464,
        0.9054111846242862
      ]
    },
    "sex_female": {
      "n": 1132,
      "macro_auc": 0.9367588241315457,
      "per_class_auc": [
        0.955835346823719,
        0.9395149095747899,
        0.950562656259823,
        0.926153432079043,
        0.9117277759203536
      ]
    },
    "age_lt45": {
      "n": 345,
      "macro_auc": 0.9219499970375992,
      "per_class_auc": [
        0.8961854982206405,
        0.9888405008165487,
        0.9673257776706052,
        0.8333585019631531,
        0.9240397065170478
      ]
    },
    "age_45_65": {
      "n": 703,
      "macro_auc": 0.9276688375339098,
      "per_class_auc": [
        0.9325365726227796,
        0.9326798847147685,
        0.9461528429838288,
        0.9035323801513877,
        0.9234425071967844
      ]
    },
    "age_gt65": {
      "n": 1150,
      "macro_auc": 0.9183051959394252,
      "per_class_auc": [
        0.9513147115354318,
        0.9065772487216028,
        0.9152039381153305,
        0.9303540422570148,
        0.8880760390677462
      ]
    },
    "meta_complete": {
      "n": 660,
      "macro_auc": 0.9406553962498367,
      "per_class_auc": [
        0.9611237856932588,
        0.94378020117082,
        0.9373313696612666,
        0.9473969553865689,
        0.913644669337269
      ]
    },
    "meta_incomplete": {
      "n": 1538,
      "macro_auc": 0.9246268642337261,
      "per_class_auc": [
        0.9477706829587305,
        0.9281605590134755,
        0.9364816503084145,
        0.9064580036340192,
        0.9042634252539913
      ]
    },
    "fairness_sex_gap": 0.015295256393059065
  },
  "training_history": [
    {
      "epoch": 1,
      "train_loss": 0.6325697689975074,
      "val_auc": 0.8961710443741312,
      "val_f1": 0.6804329866785794,
      "val_auc_ecg": 0.8933745914511617,
      "val_delta_meta": -0.00045302419158788076,
      "lr": 0.0009755527298894294,
      "epoch_time_s": 242.98474621772766
    },
    {
      "epoch": 2,
      "train_loss": 0.5519137651001641,
      "val_auc": 0.9148153077495467,
      "val_f1": 0.714321452489091,
      "val_auc_ecg": 0.9131547906109485,
      "val_delta_meta": 0.0009728903209378359,
      "lr": 0.0009046039886902864,
      "epoch_time_s": 243.46416020393372
    },
    {
      "epoch": 3,
      "train_loss": 0.5143761802703962,
      "val_auc": 0.9129634662456059,
      "val_f1": 0.6954977562080529,
      "val_auc_ecg": 0.9135115668534517,
      "val_delta_meta": -0.00037211440596474077,
      "lr": 0.0007940987335200904,
      "epoch_time_s": 257.434921503067
    },
    {
      "epoch": 4,
      "train_loss": 0.49069398472068504,
      "val_auc": 0.920227307107595,
      "val_f1": 0.7175803617851265,
      "val_auc_ecg": 0.919040224130901,
      "val_delta_meta": 0.00015399110453517828,
      "lr": 0.0006548539886902864,
      "epoch_time_s": 262.86539244651794
    },
    {
      "epoch": 5,
      "train_loss": 0.4677306370724232,
      "val_auc": 0.9225894352807043,
      "val_f1": 0.7248347136565922,
      "val_auc_ecg": 0.9216322678230441,
      "val_delta_meta": -0.0005198052613609727,
      "lr": 0.0005005000000000001,
      "epoch_time_s": 263.29262709617615
    },
    {
      "epoch": 6,
      "train_loss": 0.45062700384253757,
      "val_auc": 0.9284188993443356,
      "val_f1": 0.7247771816662646,
      "val_auc_ecg": 0.9277461622861637,
      "val_delta_meta": 0.0005497272488825811,
      "lr": 0.0003461460113097139,
      "epoch_time_s": 264.1226489543915
    },
    {
      "epoch": 7,
      "train_loss": 0.4273848995976492,
      "val_auc": 0.926838546625422,
      "val_f1": 0.7272220350579659,
      "val_auc_ecg": 0.9264705988515086,
      "val_delta_meta": 0.00023969329414763596,
      "lr": 0.00020690126647990973,
      "epoch_time_s": 263.3412535190582
    },
    {
      "epoch": 8,
      "train_loss": 0.4083683778386597,
      "val_auc": 0.9322060842722243,
      "val_f1": 0.7345039561854434,
      "val_auc_ecg": 0.93200253874138,
      "val_delta_meta": 0.0004808532431547219,
      "lr": 9.639601130971382e-05,
      "epoch_time_s": 263.7472722530365
    },
    {
      "epoch": 9,
      "train_loss": 0.3876574736942939,
      "val_auc": 0.9320742253327564,
      "val_f1": 0.741693280591387,
      "val_auc_ecg": 0.9319050138731135,
      "val_delta_meta": 0.0002039562424174246,
      "lr": 2.5447270110570814e-05,
      "epoch_time_s": 262.6288597583771
    },
    {
      "epoch": 10,
      "train_loss": 0.37857153962511536,
      "val_auc": 0.9336595642536569,
      "val_f1": 0.7434689436937576,
      "val_auc_ecg": 0.9334394137722939,
      "val_delta_meta": 0.000490487739178036,
      "lr": 0.001,
      "epoch_time_s": 263.455534696579
    }
  ]
}