{
  "metadata": {
    "run_name": "ATLAS_A_v5_demo+anthro_noaug_seed2032",
    "variant": "demo+anthro",
    "seed": 2032,
    "meta_hid": 128,
    "lauc_weight": 0.08,
    "no_aug": true,
    "arch_mode": "standard",
    "meta_mask_mode": "real",
    "test_fold": 10,
    "val_fold": 9,
    "timestamp": "2026-05-08T04:30:50.710191",
    "git_sha": "b8fda1f7a68a5b217a3f76d88337426561bd26e4",
    "analysis_plan_sha256": "4ad22e907fbd431a0b443255a3449c0560371997d5ee36a61e164de7aea5c3dc",
    "wall_time_s": 2625.308643102646,
    "train_time_s": 2595.81635928154,
    "gpu_peak_mem_mb": 0,
    "num_parameters": 3951951,
    "dataset_sizes": {
      "train": 17418,
      "val": 2183,
      "test": 2198
    },
    "train_fold_ids": [
      1,
      2,
      3,
      4,
      5,
      6,
      7,
      8
    ],
    "pos_weights": [
      1.2930489778518677,
      2.9776203632354736,
      3.161012887954712,
      3.4581520557403564,
      7.21991491317749
    ],
    "loss_weights": {
      "fused": 0.52,
      "ecg": 0.3,
      "meta": 0.1,
      "lauc": 0.08
    },
    "hardware": {
      "python_version": "3.11.7 | packaged by Anaconda, Inc. | (main, Dec 15 2023, 18:05:47) [MSC v.1916 64 bit (AMD64)]",
      "torch_version": "2.3.1+cpu",
      "cuda_available": false,
      "numpy_version": "1.26.4",
      "sklearn_version": "1.4.2"
    },
    "best_val_auc": 0.9320113096567015,
    "best_val_epoch": 10
  },
  "test": {
    "macro_auc": 0.9267323826410798,
    "macro_auc_ecg": 0.9249564427830912,
    "macro_auc_no_meta": 0.9253239060406407,
    "delta_meta_auc": 0.0014084766004390792,
    "macro_f1_optimal": 0.7453240395727873,
    "macro_f1_fixed_05": 0.7346035942388918,
    "w_fused": 1.0,
    "thresholds": [
      0.6050000190734863,
      0.5,
      0.6499999761581421,
      0.6949999928474426,
      0.6349999904632568
    ]
  },
  "per_class": {
    "NORM": {
      "auc": 0.9490357814017429,
      "f1": 0.8655544651619235,
      "threshold": 0.6050000190734863
    },
    "MI": {
      "auc": 0.9274271844660195,
      "f1": 0.7433476394849785,
      "threshold": 0.5
    },
    "STTC": {
      "auc": 0.935555792092863,
      "f1": 0.7683823529411765,
      "threshold": 0.6499999761581421
    },
    "CD": {
      "auc": 0.9197836511125432,
      "f1": 0.7520661157024794,
      "threshold": 0.6949999928474426
    },
    "HYP": {
      "auc": 0.9018595041322315,
      "f1": 0.5972696245733788,
      "threshold": 0.6349999904632568
    }
  },
  "subgroups": {
    "sex_male": {
      "n": 1066,
      "macro_auc": 0.918768104891518,
      "per_class_auc": [
        0.942915071938936,
        0.91389913899139,
        0.9198966408268734,
        0.9112908258789266,
        0.9058388468214635
      ]
    },
    "sex_female": {
      "n": 1132,
      "macro_auc": 0.9343266890401611,
      "per_class_auc": [
        0.9561373703815564,
        0.9388777999556442,
        0.9488942728508079,
        0.9290576325339909,
        0.8986663694788067
      ]
    },
    "age_lt45": {
      "n": 345,
      "macro_auc": 0.9117440808444404,
      "per_class_auc": [
        0.888845640569395,
        0.9806750136091453,
        0.9611767542802025,
        0.8510268800966475,
        0.8769961156668106
      ]
    },
    "age_45_65": {
      "n": 703,
      "macro_auc": 0.9237852094984739,
      "per_class_auc": [
        0.9278833594566352,
        0.9210395547604849,
        0.9488914971309337,
        0.9083964115503224,
        0.9127152245939928
      ]
    },
    "age_gt65": {
      "n": 1150,
      "macro_auc": 0.9161818701085906,
      "per_class_auc": [
        0.9500346598607303,
        0.9039584206555453,
        0.9120428973277074,
        0.9298764572820603,
        0.88499691541691
      ]
    },
    "meta_complete": {
      "n": 660,
      "macro_auc": 0.9409111225855267,
      "per_class_auc": [
        0.9604338386811893,
        0.948276617176893,
        0.9378144329896907,
        0.9471972150490077,
        0.9108335090308525
      ]
    },
    "meta_incomplete": {
      "n": 1538,
      "macro_auc": 0.9205447386068494,
      "per_class_auc": [
        0.9448720417293317,
        0.9195014640930386,
        0.9341976374287155,
        0.9094636891155268,
        0.8946888606676343
      ]
    },
    "fairness_sex_gap": 0.015558584148643195
  },
  "training_history": [
    {
      "epoch": 1,
      "train_loss": 0.6394180543925784,
      "val_auc": 0.9041297167684592,
      "val_f1": 0.6866283358280476,
      "val_auc_ecg": 0.8991356903598966,
      "val_delta_meta": 0.0009256765072680473,
      "lr": 0.0009755527298894294,
      "epoch_time_s": 241.44172430038452
    },
    {
      "epoch": 2,
      "train_loss": 0.5593287713483933,
      "val_auc": 0.9064938424684325,
      "val_f1": 0.683131059666029,
      "val_auc_ecg": 0.9047208284600143,
      "val_delta_meta": 0.0007606368168531219,
      "lr": 0.0009046039886902864,
      "epoch_time_s": 241.59470295906067
    },
    {
      "epoch": 3,
      "train_loss": 0.5232968655201273,
      "val_auc": 0.9167125349874368,
      "val_f1": 0.7078274852556282,
      "val_auc_ecg": 0.9150725163725696,
      "val_delta_meta": -0.00023313483008269298,
      "lr": 0.0007940987335200904,
      "epoch_time_s": 256.7917392253876
    },
    {
      "epoch": 4,
      "train_loss": 0.49572398558669134,
      "val_auc": 0.9222873723576411,
      "val_f1": 0.7156395274619746,
      "val_auc_ecg": 0.9205161494899565,
      "val_delta_meta": 0.001744137033880655,
      "lr": 0.0006548539886902864,
      "epoch_time_s": 263.14140796661377
    },
    {
      "epoch": 5,
      "train_loss": 0.47086937698202397,
      "val_auc": 0.9235283998538291,
      "val_f1": 0.7291611682322319,
      "val_auc_ecg": 0.9224717994618553,
      "val_delta_meta": -4.07781403606311e-05,
      "lr": 0.0005005000000000001,
      "epoch_time_s": 263.56030797958374
    },
    {
      "epoch": 6,
      "train_loss": 0.44757032952177417,
      "val_auc": 0.9287310403224032,
      "val_f1": 0.7268095098817176,
      "val_auc_ecg": 0.927729809425473,
      "val_delta_meta": 0.0007058435244802208,
      "lr": 0.0003461460113097139,
      "epoch_time_s": 263.73351550102234
    },
    {
      "epoch": 7,
      "train_loss": 0.4193516234465695,
      "val_auc": 0.9271883102854165,
      "val_f1": 0.72325188791086,
      "val_auc_ecg": 0.927302525612302,
      "val_delta_meta": -0.0013324084341092002,
      "lr": 0.00020690126647990973,
      "epoch_time_s": 263.75476026535034
    },
    {
      "epoch": 8,
      "train_loss": 0.39322225888934703,
      "val_auc": 0.9317126080766471,
      "val_f1": 0.7418260943476171,
      "val_auc_ecg": 0.9309227942814198,
      "val_delta_meta": 0.0002640599738937821,
      "lr": 9.639601130971382e-05,
      "epoch_time_s": 264.04065775871277
    },
    {
      "epoch": 9,
      "train_loss": 0.36858435653218435,
      "val_auc": 0.9316142855343117,
      "val_f1": 0.7371149961780605,
      "val_auc_ecg": 0.931089295059739,
      "val_delta_meta": -0.00011994042932894633,
      "lr": 2.5447270110570814e-05,
      "epoch_time_s": 264.4812321662903
    },
    {
      "epoch": 10,
      "train_loss": 0.3542372201287418,
      "val_auc": 0.9320113096567015,
      "val_f1": 0.7454435572827743,
      "val_auc_ecg": 0.9318738524918,
      "val_delta_meta": -0.00010548518230346637,
      "lr": 0.001,
      "epoch_time_s": 263.67895007133484
    }
  ]
}