{
  "metadata": {
    "run_name": "ATLAS_A_v5_demo+anthro_lauc0.12_seed2027",
    "variant": "demo+anthro",
    "seed": 2027,
    "meta_hid": 128,
    "lauc_weight": 0.12,
    "no_aug": false,
    "arch_mode": "standard",
    "meta_mask_mode": "real",
    "test_fold": 10,
    "val_fold": 9,
    "timestamp": "2026-05-07T10:09:12.398062",
    "git_sha": "b8fda1f7a68a5b217a3f76d88337426561bd26e4",
    "analysis_plan_sha256": "4ad22e907fbd431a0b443255a3449c0560371997d5ee36a61e164de7aea5c3dc",
    "wall_time_s": 2620.6533267498016,
    "train_time_s": 2591.4998047351837,
    "gpu_peak_mem_mb": 0,
    "num_parameters": 3951951,
    "dataset_sizes": {
      "train": 17418,
      "val": 2183,
      "test": 2198
    },
    "train_fold_ids": [
      1,
      2,
      3,
      4,
      5,
      6,
      7,
      8
    ],
    "pos_weights": [
      1.2930489778518677,
      2.9776203632354736,
      3.161012887954712,
      3.4581520557403564,
      7.21991491317749
    ],
    "loss_weights": {
      "fused": 0.48,
      "ecg": 0.3,
      "meta": 0.1,
      "lauc": 0.12
    },
    "hardware": {
      "python_version": "3.11.7 | packaged by Anaconda, Inc. | (main, Dec 15 2023, 18:05:47) [MSC v.1916 64 bit (AMD64)]",
      "torch_version": "2.3.1+cpu",
      "cuda_available": false,
      "numpy_version": "1.26.4",
      "sklearn_version": "1.4.2"
    },
    "best_val_auc": 0.9327647319612622,
    "best_val_epoch": 9
  },
  "test": {
    "macro_auc": 0.9279227118430347,
    "macro_auc_ecg": 0.9268707671554143,
    "macro_auc_no_meta": 0.9270108773904214,
    "delta_meta_auc": 0.0009118344526132249,
    "macro_f1_optimal": 0.7404597565555155,
    "macro_f1_fixed_05": 0.7364595461154912,
    "w_fused": 1.0,
    "thresholds": [
      0.48500001430511475,
      0.7250000238418579,
      0.6349999904632568,
      0.6650000214576721,
      0.7850000262260437
    ]
  },
  "per_class": {
    "NORM": {
      "auc": 0.9487271978172125,
      "f1": 0.8593083846518238,
      "threshold": 0.48500001430511475
    },
    "MI": {
      "auc": 0.929680052956752,
      "f1": 0.7213114754098361,
      "threshold": 0.7250000238418579
    },
    "STTC": {
      "auc": 0.9349125632212718,
      "f1": 0.7622504537205081,
      "threshold": 0.6349999904632568
    },
    "CD": {
      "auc": 0.9180091732686404,
      "f1": 0.7406659939455096,
      "threshold": 0.6650000214576721
    },
    "HYP": {
      "auc": 0.9082845719512964,
      "f1": 0.6187624750499002,
      "threshold": 0.7850000262260437
    }
  },
  "subgroups": {
    "sex_male": {
      "n": 1066,
      "macro_auc": 0.9194954892420357,
      "per_class_auc": [
        0.9430704788339423,
        0.920472169148569,
        0.9187241159604969,
        0.9096317869773247,
        0.9055788952898459
      ]
    },
    "sex_female": {
      "n": 1132,
      "macro_auc": 0.9362955008323548,
      "per_class_auc": [
        0.9554200644316924,
        0.9378576180971391,
        0.9485847756387006,
        0.9274340585875774,
        0.9121809874066644
      ]
    },
    "age_lt45": {
      "n": 345,
      "macro_auc": 0.9197364631878585,
      "per_class_auc": [
        0.8868438612099644,
        0.9779531845400109,
        0.9670846394984325,
        0.8541981274539413,
        0.9126025032369443
      ]
    },
    "age_45_65": {
      "n": 703,
      "macro_auc": 0.9269232630453494,
      "per_class_auc": [
        0.9273527298850575,
        0.9312263963426756,
        0.9471961398017736,
        0.9080599943930474,
        0.9207810548041931
      ]
    },
    "age_gt65": {
      "n": 1150,
      "macro_auc": 0.916420302032878,
      "per_class_auc": [
        0.9494556826417117,
        0.9032307821275882,
        0.9109915611814347,
        0.9264111895568087,
        0.892012294656847
      ]
    },
    "meta_complete": {
      "n": 660,
      "macro_auc": 0.9425913200623981,
      "per_class_auc": [
        0.9606638210185459,
        0.9423933196105052,
        0.9385449189985272,
        0.9483100540725629,
        0.923044486611849
      ]
    },
    "meta_incomplete": {
      "n": 1538,
      "macro_auc": 0.921965799166475,
      "per_class_auc": [
        0.9449986729739435,
        0.9245774119258193,
        0.9331429181052877,
        0.906769825918762,
        0.9003401669085631
      ]
    },
    "fairness_sex_gap": 0.016800011590319075
  },
  "training_history": [
    {
      "epoch": 1,
      "train_loss": 0.6446946337682391,
      "val_auc": 0.902783519675095,
      "val_f1": 0.6924261600252848,
      "val_auc_ecg": 0.9010455931008641,
      "val_delta_meta": 0.0018132893246222137,
      "lr": 0.0009755527298894294,
      "epoch_time_s": 241.73409414291382
    },
    {
      "epoch": 2,
      "train_loss": 0.5537175217352875,
      "val_auc": 0.909808766134048,
      "val_f1": 0.6680500242654532,
      "val_auc_ecg": 0.9086666999969207,
      "val_delta_meta": 0.0010150633844014934,
      "lr": 0.0009046039886902864,
      "epoch_time_s": 241.57727766036987
    },
    {
      "epoch": 3,
      "train_loss": 0.5197284828632249,
      "val_auc": 0.9205774943570788,
      "val_f1": 0.7138160972984059,
      "val_auc_ecg": 0.919841841690799,
      "val_delta_meta": 0.00010238726952283006,
      "lr": 0.0007940987335200904,
      "epoch_time_s": 256.8799374103546
    },
    {
      "epoch": 4,
      "train_loss": 0.4939463418558103,
      "val_auc": 0.9216029739592242,
      "val_f1": 0.7141259504378238,
      "val_auc_ecg": 0.9214725128468668,
      "val_delta_meta": -0.00023715146356417804,
      "lr": 0.0006548539886902864,
      "epoch_time_s": 262.5279984474182
    },
    {
      "epoch": 5,
      "train_loss": 0.47243588249617763,
      "val_auc": 0.9218397139093131,
      "val_f1": 0.7182865403484594,
      "val_auc_ecg": 0.9203913884860826,
      "val_delta_meta": 0.0005222494464778293,
      "lr": 0.0005005000000000001,
      "epoch_time_s": 262.1211111545563
    },
    {
      "epoch": 6,
      "train_loss": 0.4521571133114876,
      "val_auc": 0.9241667380580395,
      "val_f1": 0.7157023994685094,
      "val_auc_ecg": 0.9234659586200913,
      "val_delta_meta": -0.0005811845822142336,
      "lr": 0.0003461460113097139,
      "epoch_time_s": 263.12686371803284
    },
    {
      "epoch": 7,
      "train_loss": 0.43277071080076585,
      "val_auc": 0.9316155431334983,
      "val_f1": 0.7415105239656147,
      "val_auc_ecg": 0.9310472200761994,
      "val_delta_meta": 0.00016461119681709935,
      "lr": 0.00020690126647990973,
      "epoch_time_s": 262.9350037574768
    },
    {
      "epoch": 8,
      "train_loss": 0.41198690238348934,
      "val_auc": 0.9292292872607432,
      "val_f1": 0.7307323318371519,
      "val_auc_ecg": 0.9286811200229355,
      "val_delta_meta": 5.088470187164518e-05,
      "lr": 9.639601130971382e-05,
      "epoch_time_s": 263.1414158344269
    },
    {
      "epoch": 9,
      "train_loss": 0.39011447785097525,
      "val_auc": 0.9327647319612622,
      "val_f1": 0.7383242908226941,
      "val_auc_ecg": 0.9320871520599215,
      "val_delta_meta": 0.00018238732285258408,
      "lr": 2.5447270110570814e-05,
      "epoch_time_s": 264.081173658371
    },
    {
      "epoch": 10,
      "train_loss": 0.37743730804788955,
      "val_auc": 0.9323128906829039,
      "val_f1": 0.7388377669225072,
      "val_auc_ecg": 0.9320424725790677,
      "val_delta_meta": -0.00016872512547494445,
      "lr": 0.001,
      "epoch_time_s": 263.7942087650299
    }
  ]
}