{
  "metadata": {
    "run_name": "ATLAS_A_v5_demo+anthro_metaH256_seed2029",
    "variant": "demo+anthro",
    "seed": 2029,
    "meta_hid": 256,
    "lauc_weight": 0.08,
    "no_aug": false,
    "arch_mode": "standard",
    "meta_mask_mode": "real",
    "test_fold": 10,
    "val_fold": 9,
    "timestamp": "2026-05-06T13:35:21.324958",
    "git_sha": "b8fda1f7a68a5b217a3f76d88337426561bd26e4",
    "analysis_plan_sha256": "4ad22e907fbd431a0b443255a3449c0560371997d5ee36a61e164de7aea5c3dc",
    "wall_time_s": 2626.485164165497,
    "train_time_s": 2597.341566801071,
    "gpu_peak_mem_mb": 0,
    "num_parameters": 3985359,
    "dataset_sizes": {
      "train": 17418,
      "val": 2183,
      "test": 2198
    },
    "train_fold_ids": [
      1,
      2,
      3,
      4,
      5,
      6,
      7,
      8
    ],
    "pos_weights": [
      1.2930489778518677,
      2.9776203632354736,
      3.161012887954712,
      3.4581520557403564,
      7.21991491317749
    ],
    "loss_weights": {
      "fused": 0.52,
      "ecg": 0.3,
      "meta": 0.1,
      "lauc": 0.08
    },
    "hardware": {
      "python_version": "3.11.7 | packaged by Anaconda, Inc. | (main, Dec 15 2023, 18:05:47) [MSC v.1916 64 bit (AMD64)]",
      "torch_version": "2.3.1+cpu",
      "cuda_available": false,
      "numpy_version": "1.26.4",
      "sklearn_version": "1.4.2"
    },
    "best_val_auc": 0.9334823694652565,
    "best_val_epoch": 10
  },
  "test": {
    "macro_auc": 0.9295865516592757,
    "macro_auc_ecg": 0.927841850391545,
    "macro_auc_no_meta": 0.9282585461094353,
    "delta_meta_auc": 0.001328005549840472,
    "macro_f1_optimal": 0.7496589203079862,
    "macro_f1_fixed_05": 0.7439007536075553,
    "w_fused": 1.0,
    "thresholds": [
      0.7400000095367432,
      0.4699999988079071,
      0.5450000166893005,
      0.6650000214576721,
      0.6050000190734863
    ]
  },
  "per_class": {
    "NORM": {
      "auc": 0.9499615321553344,
      "f1": 0.8623481781376519,
      "threshold": 0.7400000095367432
    },
    "MI": {
      "auc": 0.931682480141218,
      "f1": 0.7432321575061526,
      "threshold": 0.4699999988079071
    },
    "STTC": {
      "auc": 0.9380634690637816,
      "f1": 0.7740805604203153,
      "threshold": 0.5450000166893005
    },
    "CD": {
      "auc": 0.9173600318410976,
      "f1": 0.7616161616161616,
      "threshold": 0.6650000214576721
    },
    "HYP": {
      "auc": 0.9108652450949467,
      "f1": 0.6070175438596491,
      "threshold": 0.6050000190734863
    }
  },
  "subgroups": {
    "sex_male": {
      "n": 1066,
      "macro_auc": 0.921031709407,
      "per_class_auc": [
        0.9438475133089742,
        0.9208173504659947,
        0.9200780503345014,
        0.9113064281256501,
        0.9091092047998793
      ]
    },
    "sex_female": {
      "n": 1132,
      "macro_auc": 0.9375815044946121,
      "per_class_auc": [
        0.9563198429477499,
        0.940825419867336,
        0.9539671255930015,
        0.9238265988296377,
        0.9129685352353357
      ]
    },
    "age_lt45": {
      "n": 345,
      "macro_auc": 0.924682168787031,
      "per_class_auc": [
        0.9002446619217083,
        0.9882961350027218,
        0.9593682179889076,
        0.8389459377831471,
        0.9365558912386707
      ]
    },
    "age_45_65": {
      "n": 703,
      "macro_auc": 0.9259244707448483,
      "per_class_auc": [
        0.9307814132706373,
        0.927288312462731,
        0.9522170057381325,
        0.9015419119708439,
        0.9177937102818967
      ]
    },
    "age_gt65": {
      "n": 1150,
      "macro_auc": 0.9192666152847628,
      "per_class_auc": [
        0.9487309764628036,
        0.9070969905272865,
        0.9161603375527426,
        0.9306946454949668,
        0.8936501263860152
      ]
    },
    "meta_complete": {
      "n": 660,
      "macro_auc": 0.9429894476744515,
      "per_class_auc": [
        0.9621265086841331,
        0.9438823924436853,
        0.9361296023564065,
        0.9496939692685223,
        0.9231147656195096
      ]
    },
    "meta_incomplete": {
      "n": 1538,
      "macro_auc": 0.9242013293969238,
      "per_class_auc": [
        0.9459249892016508,
        0.9276884767265559,
        0.9385838150289018,
        0.9053396635601665,
        0.9034697024673439
      ]
    },
    "fairness_sex_gap": 0.016549795087612118
  },
  "training_history": [
    {
      "epoch": 1,
      "train_loss": 0.6474618797455359,
      "val_auc": 0.8993916650452911,
      "val_f1": 0.6800160701748527,
      "val_auc_ecg": 0.9006367173050048,
      "val_delta_meta": -0.0008897578563668018,
      "lr": 0.0009755527298894294,
      "epoch_time_s": 242.82458877563477
    },
    {
      "epoch": 2,
      "train_loss": 0.5641109722469925,
      "val_auc": 0.9139721810556007,
      "val_f1": 0.7079867588167031,
      "val_auc_ecg": 0.9123049021767766,
      "val_delta_meta": -0.0007624056555720626,
      "lr": 0.0009046039886902864,
      "epoch_time_s": 241.78600120544434
    },
    {
      "epoch": 3,
      "train_loss": 0.5237048578918527,
      "val_auc": 0.9153166048311145,
      "val_f1": 0.7156717228799934,
      "val_auc_ecg": 0.9130379293779299,
      "val_delta_meta": -0.00046946565670669127,
      "lr": 0.0007940987335200904,
      "epoch_time_s": 257.34043526649475
    },
    {
      "epoch": 4,
      "train_loss": 0.4999002931041455,
      "val_auc": 0.9237631369946151,
      "val_f1": 0.7144761357501961,
      "val_auc_ecg": 0.922024782299584,
      "val_delta_meta": 0.001012644958444775,
      "lr": 0.0006548539886902864,
      "epoch_time_s": 262.855188369751
    },
    {
      "epoch": 5,
      "train_loss": 0.47935943669135417,
      "val_auc": 0.9228802427287455,
      "val_f1": 0.7256812892023954,
      "val_auc_ecg": 0.9211144475194514,
      "val_delta_meta": 0.0006052252702724026,
      "lr": 0.0005005000000000001,
      "epoch_time_s": 263.46390414237976
    },
    {
      "epoch": 6,
      "train_loss": 0.4533138056413843,
      "val_auc": 0.9295574815895554,
      "val_f1": 0.7293854393925494,
      "val_auc_ecg": 0.9291671114102685,
      "val_delta_meta": -0.0007795897143854091,
      "lr": 0.0003461460113097139,
      "epoch_time_s": 263.6103343963623
    },
    {
      "epoch": 7,
      "train_loss": 0.43327674811039496,
      "val_auc": 0.931917691135798,
      "val_f1": 0.7421646355161272,
      "val_auc_ecg": 0.9309702824279494,
      "val_delta_meta": 0.0006098167573574953,
      "lr": 0.00020690126647990973,
      "epoch_time_s": 263.9010808467865
    },
    {
      "epoch": 8,
      "train_loss": 0.4140915987961883,
      "val_auc": 0.9319930803254355,
      "val_f1": 0.7387977523751068,
      "val_auc_ecg": 0.9313517316445937,
      "val_delta_meta": -0.00030460684411226513,
      "lr": 9.639601130971382e-05,
      "epoch_time_s": 263.9566738605499
    },
    {
      "epoch": 9,
      "train_loss": 0.392939742688739,
      "val_auc": 0.9334743933002165,
      "val_f1": 0.734872078280142,
      "val_auc_ecg": 0.9328143695445039,
      "val_delta_meta": 0.00013799035074246735,
      "lr": 2.5447270110570814e-05,
      "epoch_time_s": 263.68086194992065
    },
    {
      "epoch": 10,
      "train_loss": 0.38190059385715275,
      "val_auc": 0.9334823694652565,
      "val_f1": 0.7465635495007092,
      "val_auc_ecg": 0.9332045304741541,
      "val_delta_meta": -7.358008412527983e-05,
      "lr": 0.001,
      "epoch_time_s": 263.7496569156647
    }
  ]
}