{
  "metadata": {
    "run_name": "ATLAS_A_v5_demo+anthro_tf2_vf3_seed2025",
    "variant": "demo+anthro",
    "seed": 2025,
    "meta_hid": 128,
    "lauc_weight": 0.08,
    "no_aug": false,
    "arch_mode": "standard",
    "meta_mask_mode": "real",
    "test_fold": 2,
    "val_fold": 3,
    "timestamp": "2026-05-10T23:17:56.415471",
    "git_sha": "b8fda1f7a68a5b217a3f76d88337426561bd26e4",
    "analysis_plan_sha256": "4ad22e907fbd431a0b443255a3449c0560371997d5ee36a61e164de7aea5c3dc",
    "wall_time_s": 2643.8646960258484,
    "train_time_s": 2614.669971704483,
    "gpu_peak_mem_mb": 0,
    "num_parameters": 3951951,
    "dataset_sizes": {
      "train": 17426,
      "val": 2192,
      "test": 2181
    },
    "train_fold_ids": [
      1,
      4,
      5,
      6,
      7,
      8,
      9,
      10
    ],
    "pos_weights": [
      1.3062466382980347,
      2.9577560424804688,
      3.153002977371216,
      3.4386143684387207,
      7.215935707092285
    ],
    "loss_weights": {
      "fused": 0.52,
      "ecg": 0.3,
      "meta": 0.1,
      "lauc": 0.08
    },
    "hardware": {
      "python_version": "3.11.7 | packaged by Anaconda, Inc. | (main, Dec 15 2023, 18:05:47) [MSC v.1916 64 bit (AMD64)]",
      "torch_version": "2.3.1+cpu",
      "cuda_available": false,
      "numpy_version": "1.26.4",
      "sklearn_version": "1.4.2"
    },
    "best_val_auc": 0.941177038674731,
    "best_val_epoch": 10
  },
  "test": {
    "macro_auc": 0.9427122455753087,
    "macro_auc_ecg": 0.9414974710782575,
    "macro_auc_no_meta": 0.9412245777719106,
    "delta_meta_auc": 0.0014876678033981516,
    "macro_f1_optimal": 0.7695587037760214,
    "macro_f1_fixed_05": 0.7539924491754959,
    "w_fused": 1.0,
    "thresholds": [
      0.5899999737739563,
      0.7400000095367432,
      0.6349999904632568,
      0.7850000262260437,
      0.800000011920929
    ]
  },
  "per_class": {
    "NORM": {
      "auc": 0.9656838776834892,
      "f1": 0.8903757076685538,
      "threshold": 0.5899999737739563
    },
    "MI": {
      "auc": 0.9385859125228807,
      "f1": 0.7619047619047619,
      "threshold": 0.7400000095367432
    },
    "STTC": {
      "auc": 0.9449720593180906,
      "f1": 0.7728557964184731,
      "threshold": 0.6349999904632568
    },
    "CD": {
      "auc": 0.9381346041626143,
      "f1": 0.7763157894736842,
      "threshold": 0.7850000262260437
    },
    "HYP": {
      "auc": 0.926184774189469,
      "f1": 0.6463414634146342,
      "threshold": 0.800000011920929
    }
  },
  "subgroups": {
    "sex_male": {
      "n": 1045,
      "macro_auc": 0.9405142134721232,
      "per_class_auc": [
        0.958234856930509,
        0.9245521995515074,
        0.9508112244897959,
        0.9415145412700073,
        0.9274582451187956
      ]
    },
    "sex_female": {
      "n": 1136,
      "macro_auc": 0.9413603946214749,
      "per_class_auc": [
        0.9701417917702446,
        0.9420782629444046,
        0.9393943196028489,
        0.9306339833217891,
        0.9245536154680873
      ]
    },
    "age_lt45": {
      "n": 344,
      "macro_auc": 0.9499617271232802,
      "per_class_auc": [
        0.9326394052044611,
        0.9816358024691358,
        0.9571975916803502,
        0.8946921115660975,
        0.9836437246963563
      ]
    },
    "age_45_65": {
      "n": 798,
      "macro_auc": 0.9483547131340071,
      "per_class_auc": [
        0.9655384692698126,
        0.9506801534705267,
        0.9488598081175209,
        0.9495529524786848,
        0.9271421823334908
      ]
    },
    "age_gt65": {
      "n": 1039,
      "macro_auc": 0.927105764671109,
      "per_class_auc": [
        0.9574343813742845,
        0.9065563961191606,
        0.9309371891187266,
        0.9375269048643995,
        0.9030739518789732
      ]
    },
    "meta_complete": {
      "n": 663,
      "macro_auc": 0.9438241323738812,
      "per_class_auc": [
        0.9706252507934192,
        0.9325196408529741,
        0.9508650519031141,
        0.9357988165680473,
        0.9293119017518512
      ]
    },
    "meta_incomplete": {
      "n": 1518,
      "macro_auc": 0.9420388081223263,
      "per_class_auc": [
        0.964439412703728,
        0.9409184479631464,
        0.9428233055701167,
        0.9381116481680392,
        0.9239012262066015
      ]
    },
    "fairness_sex_gap": 0.0008461811493517546
  },
  "training_history": [
    {
      "epoch": 1,
      "train_loss": 0.6528643032826414,
      "val_auc": 0.9081523016100383,
      "val_f1": 0.6745663885480986,
      "val_auc_ecg": 0.904650457661891,
      "val_delta_meta": 0.0025821401750615314,
      "lr": 0.0009755527298894294,
      "epoch_time_s": 243.15719890594482
    },
    {
      "epoch": 2,
      "train_loss": 0.5661003779380693,
      "val_auc": 0.9199253797913632,
      "val_f1": 0.7105789023783413,
      "val_auc_ecg": 0.9166457150378186,
      "val_delta_meta": 0.0027458021314638037,
      "lr": 0.0009046039886902864,
      "epoch_time_s": 243.76762294769287
    },
    {
      "epoch": 3,
      "train_loss": 0.5296910864497544,
      "val_auc": 0.9228457310668101,
      "val_f1": 0.6896832647475057,
      "val_auc_ecg": 0.9202601386880855,
      "val_delta_meta": 0.001657935296505042,
      "lr": 0.0007940987335200904,
      "epoch_time_s": 258.8046131134033
    },
    {
      "epoch": 4,
      "train_loss": 0.5115345380175005,
      "val_auc": 0.932534151347298,
      "val_f1": 0.7124719989343685,
      "val_auc_ecg": 0.9292759319645933,
      "val_delta_meta": 0.002673848796732159,
      "lr": 0.0006548539886902864,
      "epoch_time_s": 264.6156256198883
    },
    {
      "epoch": 5,
      "train_loss": 0.4836695380713962,
      "val_auc": 0.933935569441785,
      "val_f1": 0.7223046752542318,
      "val_auc_ecg": 0.931377464712263,
      "val_delta_meta": 0.0026765475026898633,
      "lr": 0.0005005000000000001,
      "epoch_time_s": 265.0993597507477
    },
    {
      "epoch": 6,
      "train_loss": 0.468500159311732,
      "val_auc": 0.9345273584859293,
      "val_f1": 0.7363001669542968,
      "val_auc_ecg": 0.9326369865653199,
      "val_delta_meta": 0.0016501396223523868,
      "lr": 0.0003461460113097139,
      "epoch_time_s": 264.820365190506
    },
    {
      "epoch": 7,
      "train_loss": 0.44450733962408995,
      "val_auc": 0.9375442223497673,
      "val_f1": 0.7443566623594309,
      "val_auc_ecg": 0.9353642316262849,
      "val_delta_meta": 0.002404865608430562,
      "lr": 0.00020690126647990973,
      "epoch_time_s": 265.68001985549927
    },
    {
      "epoch": 8,
      "train_loss": 0.4241445018884239,
      "val_auc": 0.9379582513040967,
      "val_f1": 0.7443902285120382,
      "val_auc_ecg": 0.9362291868541466,
      "val_delta_meta": 0.0024100447709491934,
      "lr": 9.639601130971382e-05,
      "epoch_time_s": 265.6284520626068
    },
    {
      "epoch": 9,
      "train_loss": 0.40587985898376605,
      "val_auc": 0.9411297624442103,
      "val_f1": 0.7450123941672446,
      "val_auc_ecg": 0.9395075316882101,
      "val_delta_meta": 0.0018857049135351245,
      "lr": 2.5447270110570814e-05,
      "epoch_time_s": 266.07844042778015
    },
    {
      "epoch": 10,
      "train_loss": 0.39655961290411995,
      "val_auc": 0.941177038674731,
      "val_f1": 0.7481483298589531,
      "val_auc_ecg": 0.9393765173391208,
      "val_delta_meta": 0.0020010424696704776,
      "lr": 0.001,
      "epoch_time_s": 265.80118441581726
    }
  ]
}