{
  "metadata": {
    "run_name": "ATLAS_A_v5_demo+anthro_metaH256_seed2026",
    "variant": "demo+anthro",
    "seed": 2026,
    "meta_hid": 256,
    "lauc_weight": 0.08,
    "no_aug": false,
    "arch_mode": "standard",
    "meta_mask_mode": "real",
    "test_fold": 10,
    "val_fold": 9,
    "timestamp": "2026-05-06T11:23:35.369926",
    "git_sha": "b8fda1f7a68a5b217a3f76d88337426561bd26e4",
    "analysis_plan_sha256": "4ad22e907fbd431a0b443255a3449c0560371997d5ee36a61e164de7aea5c3dc",
    "wall_time_s": 2646.1472725868225,
    "train_time_s": 2616.506858587265,
    "gpu_peak_mem_mb": 0,
    "num_parameters": 3985359,
    "dataset_sizes": {
      "train": 17418,
      "val": 2183,
      "test": 2198
    },
    "train_fold_ids": [
      1,
      2,
      3,
      4,
      5,
      6,
      7,
      8
    ],
    "pos_weights": [
      1.2930489778518677,
      2.9776203632354736,
      3.161012887954712,
      3.4581520557403564,
      7.21991491317749
    ],
    "loss_weights": {
      "fused": 0.52,
      "ecg": 0.3,
      "meta": 0.1,
      "lauc": 0.08
    },
    "hardware": {
      "python_version": "3.11.7 | packaged by Anaconda, Inc. | (main, Dec 15 2023, 18:05:47) [MSC v.1916 64 bit (AMD64)]",
      "torch_version": "2.3.1+cpu",
      "cuda_available": false,
      "numpy_version": "1.26.4",
      "sklearn_version": "1.4.2"
    },
    "best_val_auc": 0.9339743368032318,
    "best_val_epoch": 10
  },
  "test": {
    "macro_auc": 0.9294458520854896,
    "macro_auc_ecg": 0.9283416235825639,
    "macro_auc_no_meta": 0.9283792660544515,
    "delta_meta_auc": 0.0010665860310380415,
    "macro_f1_optimal": 0.745384194031504,
    "macro_f1_fixed_05": 0.7365173264212636,
    "w_fused": 1.0,
    "thresholds": [
      0.7400000095367432,
      0.4699999988079071,
      0.5899999737739563,
      0.7699999809265137,
      0.6800000071525574
    ]
  },
  "per_class": {
    "NORM": {
      "auc": 0.9514708169897544,
      "f1": 0.8678102926337034,
      "threshold": 0.7400000095367432
    },
    "MI": {
      "auc": 0.9307623565754635,
      "f1": 0.7436332767402377,
      "threshold": 0.4699999988079071
    },
    "STTC": {
      "auc": 0.9377636007998011,
      "f1": 0.765017667844523,
      "threshold": 0.5899999737739563
    },
    "CD": {
      "auc": 0.9168364542663281,
      "f1": 0.7417640807651434,
      "threshold": 0.7699999809265137
    },
    "HYP": {
      "auc": 0.9103960317961012,
      "f1": 0.6086956521739131,
      "threshold": 0.6800000071525574
    }
  },
  "subgroups": {
    "sex_male": {
      "n": 1066,
      "macro_auc": 0.9211605879185122,
      "per_class_auc": [
        0.9477615985948327,
        0.9179732508787539,
        0.9217151605252912,
        0.9081703765342208,
        0.9101825530594619
      ]
    },
    "sex_female": {
      "n": 1132,
      "macro_auc": 0.9373542939183137,
      "per_class_auc": [
        0.955888830162086,
        0.941684308151374,
        0.9512203378355505,
        0.9270303356543784,
        0.9109476577881793
      ]
    },
    "age_lt45": {
      "n": 345,
      "macro_auc": 0.9217524838498192,
      "per_class_auc": [
        0.8918483096085409,
        0.9866630375612412,
        0.9541837472871956,
        0.8600120809423136,
        0.9160552438498057
      ]
    },
    "age_45_65": {
      "n": 703,
      "macro_auc": 0.9273677527239339,
      "per_class_auc": [
        0.9328141327063741,
        0.9279218843172331,
        0.9520213875847678,
        0.9056630221474629,
        0.9184183368638315
      ]
    },
    "age_gt65": {
      "n": 1150,
      "macro_auc": 0.9183354218973532,
      "per_class_auc": [
        0.9524254025270189,
        0.9052393327185849,
        0.9165471167369901,
        0.9250598832323248,
        0.8924053742718473
      ]
    },
    "meta_complete": {
      "n": 660,
      "macro_auc": 0.9405576978761335,
      "per_class_auc": [
        0.9579500294377391,
        0.947838654578899,
        0.9375316642120766,
        0.941518882595483,
        0.9179492585564692
      ]
    },
    "meta_incomplete": {
      "n": 1538,
      "macro_auc": 0.9244549441324473,
      "per_class_auc": [
        0.9491879120936307,
        0.9238544030179242,
        0.9373448229041395,
        0.9068893968700547,
        0.9049981857764877
      ]
    },
    "fairness_sex_gap": 0.016193705999801522
  },
  "training_history": [
    {
      "epoch": 1,
      "train_loss": 0.6437187145062543,
      "val_auc": 0.893022333167424,
      "val_f1": 0.6765222867084212,
      "val_auc_ecg": 0.8926597968510382,
      "val_delta_meta": 9.999625124024192e-05,
      "lr": 0.0009755527298894294,
      "epoch_time_s": 246.03739857673645
    },
    {
      "epoch": 2,
      "train_loss": 0.5572401838018259,
      "val_auc": 0.9136657854700845,
      "val_f1": 0.696368986655193,
      "val_auc_ecg": 0.9124738027926245,
      "val_delta_meta": 0.0005591890186863457,
      "lr": 0.0009046039886902864,
      "epoch_time_s": 242.1953101158142
    },
    {
      "epoch": 3,
      "train_loss": 0.5220010344041597,
      "val_auc": 0.9219277965202576,
      "val_f1": 0.7138678959277354,
      "val_auc_ecg": 0.9205775492034054,
      "val_delta_meta": 0.00018040942976504937,
      "lr": 0.0007940987335200904,
      "epoch_time_s": 259.2519476413727
    },
    {
      "epoch": 4,
      "train_loss": 0.4986584026332295,
      "val_auc": 0.9246624728370136,
      "val_f1": 0.7323962549079217,
      "val_auc_ecg": 0.9236921671948595,
      "val_delta_meta": 7.74973772074139e-05,
      "lr": 0.0006548539886902864,
      "epoch_time_s": 265.04115891456604
    },
    {
      "epoch": 5,
      "train_loss": 0.4780281573807428,
      "val_auc": 0.9239964116894669,
      "val_f1": 0.7178147887973393,
      "val_auc_ecg": 0.9226801900425385,
      "val_delta_meta": 0.0004242039007291698,
      "lr": 0.0005005000000000001,
      "epoch_time_s": 264.6824474334717
    },
    {
      "epoch": 6,
      "train_loss": 0.45968911407190727,
      "val_auc": 0.9276015274789293,
      "val_f1": 0.7323371414370824,
      "val_auc_ecg": 0.9265024258178304,
      "val_delta_meta": 0.0003683107365261007,
      "lr": 0.0003461460113097139,
      "epoch_time_s": 265.54040908813477
    },
    {
      "epoch": 7,
      "train_loss": 0.4397180139745047,
      "val_auc": 0.9308865683774858,
      "val_f1": 0.7305959064745007,
      "val_auc_ecg": 0.930432831936469,
      "val_delta_meta": 0.0006374737750102222,
      "lr": 0.00020690126647990973,
      "epoch_time_s": 265.7187442779541
    },
    {
      "epoch": 8,
      "train_loss": 0.4159611664780783,
      "val_auc": 0.9308622075238006,
      "val_f1": 0.7340229725494235,
      "val_auc_ecg": 0.9314505606942035,
      "val_delta_meta": -0.0004953443544700731,
      "lr": 9.639601130971382e-05,
      "epoch_time_s": 266.2926049232483
    },
    {
      "epoch": 9,
      "train_loss": 0.39929209871029636,
      "val_auc": 0.9317230306940146,
      "val_f1": 0.741979033340837,
      "val_auc_ecg": 0.931361839734136,
      "val_delta_meta": -5.3223023821935556e-05,
      "lr": 2.5447270110570814e-05,
      "epoch_time_s": 266.25419902801514
    },
    {
      "epoch": 10,
      "train_loss": 0.38896815754951686,
      "val_auc": 0.9339743368032318,
      "val_f1": 0.7425308355751374,
      "val_auc_ecg": 0.9335683514414004,
      "val_delta_meta": 0.00027136852139963974,
      "lr": 0.001,
      "epoch_time_s": 265.91495275497437
    }
  ]
}