{
  "metadata": {
    "run_name": "ATLAS_A_v5_demo+anthro_additive_seed2031",
    "variant": "demo+anthro",
    "seed": 2031,
    "meta_hid": 128,
    "lauc_weight": 0.08,
    "no_aug": false,
    "arch_mode": "additive",
    "meta_mask_mode": "real",
    "test_fold": 10,
    "val_fold": 9,
    "timestamp": "2026-05-09T07:30:08.686684",
    "git_sha": "b8fda1f7a68a5b217a3f76d88337426561bd26e4",
    "analysis_plan_sha256": "4ad22e907fbd431a0b443255a3449c0560371997d5ee36a61e164de7aea5c3dc",
    "wall_time_s": 2408.8296473026276,
    "train_time_s": 2379.2271819114685,
    "gpu_peak_mem_mb": 0,
    "num_parameters": 3951951,
    "dataset_sizes": {
      "train": 17418,
      "val": 2183,
      "test": 2198
    },
    "train_fold_ids": [
      1,
      2,
      3,
      4,
      5,
      6,
      7,
      8
    ],
    "pos_weights": [
      1.2930489778518677,
      2.9776203632354736,
      3.161012887954712,
      3.4581520557403564,
      7.21991491317749
    ],
    "loss_weights": {
      "fused": 0.52,
      "ecg": 0.3,
      "meta": 0.1,
      "lauc": 0.08
    },
    "hardware": {
      "python_version": "3.11.7 | packaged by Anaconda, Inc. | (main, Dec 15 2023, 18:05:47) [MSC v.1916 64 bit (AMD64)]",
      "torch_version": "2.3.1+cpu",
      "cuda_available": false,
      "numpy_version": "1.26.4",
      "sklearn_version": "1.4.2"
    },
    "best_val_auc": 0.9342203590915414,
    "best_val_epoch": 10
  },
  "test": {
    "macro_auc": 0.9303319171059531,
    "macro_auc_ecg": 0.9287128543878795,
    "macro_auc_no_meta": 0.9288847666816586,
    "delta_meta_auc": 0.001447150424294441,
    "macro_f1_optimal": 0.7418462385491347,
    "macro_f1_fixed_05": 0.7406585408948423,
    "w_fused": 1.0,
    "thresholds": [
      0.5299999713897705,
      0.6949999928474426,
      0.6200000047683716,
      0.7250000238418579,
      0.7250000238418579
    ]
  },
  "per_class": {
    "NORM": {
      "auc": 0.95130937816624,
      "f1": 0.8608445297504799,
      "threshold": 0.5299999713897705
    },
    "MI": {
      "auc": 0.9312621359223302,
      "f1": 0.7287977632805219,
      "threshold": 0.6949999928474426
    },
    "STTC": {
      "auc": 0.9394380560295839,
      "f1": 0.7738970588235294,
      "threshold": 0.6200000047683716
    },
    "CD": {
      "auc": 0.9180198343504795,
      "f1": 0.7346938775510204,
      "threshold": 0.7250000238418579
    },
    "HYP": {
      "auc": 0.9116301810611317,
      "f1": 0.6109979633401222,
      "threshold": 0.7250000238418579
    }
  },
  "subgroups": {
    "sex_male": {
      "n": 1066,
      "macro_auc": 0.922517199446934,
      "per_class_auc": [
        0.9453690552345018,
        0.9228933000792459,
        0.9241619765672011,
        0.9121593509465363,
        0.9080023144071848
      ]
    },
    "sex_female": {
      "n": 1132,
      "macro_auc": 0.9377102100308038,
      "per_class_auc": [
        0.9575279371790999,
        0.9380793967620316,
        0.9520472756991494,
        0.92465140912327,
        0.9162450313904678
      ]
    },
    "age_lt45": {
      "n": 345,
      "macro_auc": 0.9260355209217739,
      "per_class_auc": [
        0.9009119217081851,
        0.985302123026674,
        0.9588859416445623,
        0.8573693748112353,
        0.9277082434182131
      ]
    },
    "age_45_65": {
      "n": 703,
      "macro_auc": 0.9277249083046988,
      "per_class_auc": [
        0.9315324582027168,
        0.9287169548797457,
        0.9506651017214398,
        0.9070647603027755,
        0.920645266416816
      ]
    },
    "age_gt65": {
      "n": 1150,
      "macro_auc": 0.9202095252631837,
      "per_class_auc": [
        0.9529295459558245,
        0.9074054824377568,
        0.9193530239099859,
        0.926885072322655,
        0.8944745016896963
      ]
    },
    "meta_complete": {
      "n": 660,
      "macro_auc": 0.9418248099016322,
      "per_class_auc": [
        0.9625956726523403,
        0.9466561555643148,
        0.9425272459499264,
        0.938622647700846,
        0.9187223276407337
      ]
    },
    "meta_incomplete": {
      "n": 1538,
      "macro_auc": 0.9256788365474803,
      "per_class_auc": [
        0.9480482308921258,
        0.9257427321656031,
        0.9378515731078094,
        0.9100662329289022,
        0.9066854136429608
      ]
    },
    "fairness_sex_gap": 0.015193010583869793
  },
  "training_history": [
    {
      "epoch": 1,
      "train_loss": 0.6580249551786195,
      "val_auc": 0.8907045892158955,
      "val_f1": 0.6672372166056217,
      "val_auc_ecg": 0.8920734839550836,
      "val_delta_meta": -0.003127404941831613,
      "lr": 0.0009755527298894294,
      "epoch_time_s": 236.84221124649048
    },
    {
      "epoch": 2,
      "train_loss": 0.5681855646842117,
      "val_auc": 0.9105391630163476,
      "val_f1": 0.6973045966504612,
      "val_auc_ecg": 0.9119011562185012,
      "val_delta_meta": -0.002056316571733885,
      "lr": 0.0009046039886902864,
      "epoch_time_s": 236.61696219444275
    },
    {
      "epoch": 3,
      "train_loss": 0.5291425408026494,
      "val_auc": 0.9179046038150392,
      "val_f1": 0.6898724998952515,
      "val_auc_ecg": 0.9181952747716601,
      "val_delta_meta": -0.0003679722804775798,
      "lr": 0.0007940987335200904,
      "epoch_time_s": 236.58082032203674
    },
    {
      "epoch": 4,
      "train_loss": 0.5032757357719841,
      "val_auc": 0.9163132289545561,
      "val_f1": 0.7025509065728023,
      "val_auc_ecg": 0.9162308227765411,
      "val_delta_meta": -0.0003579164489198039,
      "lr": 0.0006548539886902864,
      "epoch_time_s": 236.5908796787262
    },
    {
      "epoch": 5,
      "train_loss": 0.47272735429466317,
      "val_auc": 0.9163952866008287,
      "val_f1": 0.7039586830341155,
      "val_auc_ecg": 0.9173519298369491,
      "val_delta_meta": -0.0023847261511295015,
      "lr": 0.0005005000000000001,
      "epoch_time_s": 237.02861833572388
    },
    {
      "epoch": 6,
      "train_loss": 0.45740738336099396,
      "val_auc": 0.927769760262381,
      "val_f1": 0.7181261123096625,
      "val_auc_ecg": 0.9282554915208927,
      "val_delta_meta": -0.0005109839904658964,
      "lr": 0.0003461460113097139,
      "epoch_time_s": 237.05880117416382
    },
    {
      "epoch": 7,
      "train_loss": 0.43149247956932135,
      "val_auc": 0.9300961927477394,
      "val_f1": 0.727857192147002,
      "val_auc_ecg": 0.9296086865296351,
      "val_delta_meta": -9.909916177108791e-05,
      "lr": 0.00020690126647990973,
      "epoch_time_s": 237.06020426750183
    },
    {
      "epoch": 8,
      "train_loss": 0.40858423901260443,
      "val_auc": 0.9316493660658223,
      "val_f1": 0.7282536560919495,
      "val_auc_ecg": 0.9312915149999185,
      "val_delta_meta": -0.00014827237068382182,
      "lr": 9.639601130971382e-05,
      "epoch_time_s": 237.08421277999878
    },
    {
      "epoch": 9,
      "train_loss": 0.3883992941007702,
      "val_auc": 0.9330606458408486,
      "val_f1": 0.7402186110795017,
      "val_auc_ecg": 0.9326950536325873,
      "val_delta_meta": -5.7473566199894854e-05,
      "lr": 2.5447270110570814e-05,
      "epoch_time_s": 237.3517439365387
    },
    {
      "epoch": 10,
      "train_loss": 0.3731258967600831,
      "val_auc": 0.9342203590915414,
      "val_f1": 0.7477669578212284,
      "val_auc_ecg": 0.9335978463077987,
      "val_delta_meta": 6.547998278016998e-05,
      "lr": 0.001,
      "epoch_time_s": 237.4091284275055
    }
  ]
}