{
  "metadata": {
    "run_name": "ATLAS_A_v5_demo+anthro_metaH256_seed2030",
    "variant": "demo+anthro",
    "seed": 2030,
    "meta_hid": 256,
    "lauc_weight": 0.08,
    "no_aug": false,
    "arch_mode": "standard",
    "meta_mask_mode": "real",
    "test_fold": 10,
    "val_fold": 9,
    "timestamp": "2026-05-06T14:19:18.253237",
    "git_sha": "b8fda1f7a68a5b217a3f76d88337426561bd26e4",
    "analysis_plan_sha256": "4ad22e907fbd431a0b443255a3449c0560371997d5ee36a61e164de7aea5c3dc",
    "wall_time_s": 2633.4170775413513,
    "train_time_s": 2604.1064143180847,
    "gpu_peak_mem_mb": 0,
    "num_parameters": 3985359,
    "dataset_sizes": {
      "train": 17418,
      "val": 2183,
      "test": 2198
    },
    "train_fold_ids": [
      1,
      2,
      3,
      4,
      5,
      6,
      7,
      8
    ],
    "pos_weights": [
      1.2930489778518677,
      2.9776203632354736,
      3.161012887954712,
      3.4581520557403564,
      7.21991491317749
    ],
    "loss_weights": {
      "fused": 0.52,
      "ecg": 0.3,
      "meta": 0.1,
      "lauc": 0.08
    },
    "hardware": {
      "python_version": "3.11.7 | packaged by Anaconda, Inc. | (main, Dec 15 2023, 18:05:47) [MSC v.1916 64 bit (AMD64)]",
      "torch_version": "2.3.1+cpu",
      "cuda_available": false,
      "numpy_version": "1.26.4",
      "sklearn_version": "1.4.2"
    },
    "best_val_auc": 0.9305741502198952,
    "best_val_epoch": 9
  },
  "test": {
    "macro_auc": 0.9277740655431671,
    "macro_auc_ecg": 0.9260179279010163,
    "macro_auc_no_meta": 0.9261363609709538,
    "delta_meta_auc": 0.0016377045722133499,
    "macro_f1_optimal": 0.7492278990331872,
    "macro_f1_fixed_05": 0.7360072971814156,
    "w_fused": 1.0,
    "thresholds": [
      0.6650000214576721,
      0.6050000190734863,
      0.6499999761581421,
      0.7400000095367432,
      0.7699999809265137
    ]
  },
  "per_class": {
    "NORM": {
      "auc": 0.9513968241956435,
      "f1": 0.8640632723677706,
      "threshold": 0.6650000214576721
    },
    "MI": {
      "auc": 0.9299128420123566,
      "f1": 0.7487091222030982,
      "threshold": 0.6050000190734863
    },
    "STTC": {
      "auc": 0.9365870184510545,
      "f1": 0.7759771210676835,
      "threshold": 0.6499999761581421
    },
    "CD": {
      "auc": 0.9144850934384595,
      "f1": 0.7505197505197505,
      "threshold": 0.7400000095367432
    },
    "HYP": {
      "auc": 0.9064885496183206,
      "f1": 0.6068702290076335,
      "threshold": 0.7699999809265137
    }
  },
  "subgroups": {
    "sex_male": {
      "n": 1066,
      "macro_auc": 0.9193787329623706,
      "per_class_auc": [
        0.9466556797606012,
        0.921702181448692,
        0.9208036883650136,
        0.9075618889120032,
        0.9001702263255433
      ]
    },
    "sex_female": {
      "n": 1132,
      "macro_auc": 0.9360148294500382,
      "per_class_auc": [
        0.9569270361421525,
        0.9368414685779957,
        0.9500403797143921,
        0.9231407039538801,
        0.9131245588617706
      ]
    },
    "age_lt45": {
      "n": 345,
      "macro_auc": 0.9249924123284907,
      "per_class_auc": [
        0.9017459964412812,
        0.9746869896570496,
        0.9540631782011093,
        0.8535940803382663,
        0.9408718170047475
      ]
    },
    "age_45_65": {
      "n": 703,
      "macro_auc": 0.925876360795435,
      "per_class_auc": [
        0.9323733019853709,
        0.9267541244285431,
        0.9523082942097026,
        0.8983599663582842,
        0.9195861169952746
      ]
    },
    "age_gt65": {
      "n": 1150,
      "macro_auc": 0.9163604286487672,
      "per_class_auc": [
        0.9514407473926333,
        0.9061111576829575,
        0.9135970464135021,
        0.9251376296235965,
        0.8855155621311466
      ]
    },
    "meta_complete": {
      "n": 660,
      "macro_auc": 0.9414929660280066,
      "per_class_auc": [
        0.9622460994995585,
        0.9443495525482124,
        0.940382916053019,
        0.9431168052959723,
        0.9173694567432708
      ]
    },
    "meta_incomplete": {
      "n": 1538,
      "macro_auc": 0.9220235057411778,
      "per_class_auc": [
        0.94794761976627,
        0.9244476956217557,
        0.9346098265895952,
        0.9040829963073678,
        0.8990293904208998
      ]
    },
    "fairness_sex_gap": 0.016636096487667618
  },
  "training_history": [
    {
      "epoch": 1,
      "train_loss": 0.6516388288331688,
      "val_auc": 0.902587672444717,
      "val_f1": 0.6860854850279774,
      "val_auc_ecg": 0.9018130298865138,
      "val_delta_meta": 0.0008863405635520794,
      "lr": 0.0009755527298894294,
      "epoch_time_s": 242.42282605171204
    },
    {
      "epoch": 2,
      "train_loss": 0.5662490038696779,
      "val_auc": 0.9095987174659067,
      "val_f1": 0.6953749185053898,
      "val_auc_ecg": 0.9075744126867539,
      "val_delta_meta": 0.0009173398639177321,
      "lr": 0.0009046039886902864,
      "epoch_time_s": 243.08988904953003
    },
    {
      "epoch": 3,
      "train_loss": 0.5259866190612863,
      "val_auc": 0.920969376093538,
      "val_f1": 0.7011502692117613,
      "val_auc_ecg": 0.9192407170563927,
      "val_delta_meta": 0.0009788520549584012,
      "lr": 0.0007940987335200904,
      "epoch_time_s": 258.369265794754
    },
    {
      "epoch": 4,
      "train_loss": 0.5043235782636415,
      "val_auc": 0.9219390910530688,
      "val_f1": 0.716011011715725,
      "val_auc_ecg": 0.9193150480040604,
      "val_delta_meta": 0.0012715885678385996,
      "lr": 0.0006548539886902864,
      "epoch_time_s": 263.25232887268066
    },
    {
      "epoch": 5,
      "train_loss": 0.4813961506436724,
      "val_auc": 0.9254437723565234,
      "val_f1": 0.7293711152225237,
      "val_auc_ecg": 0.9246109114381487,
      "val_delta_meta": 0.0009201664974485269,
      "lr": 0.0005005000000000001,
      "epoch_time_s": 263.65290927886963
    },
    {
      "epoch": 6,
      "train_loss": 0.45779350460122487,
      "val_auc": 0.9237641969291431,
      "val_f1": 0.7113474551306693,
      "val_auc_ecg": 0.9236950970522262,
      "val_delta_meta": 0.0007604684050266375,
      "lr": 0.0003461460113097139,
      "epoch_time_s": 263.8928484916687
    },
    {
      "epoch": 7,
      "train_loss": 0.44049894574585313,
      "val_auc": 0.9289628160905913,
      "val_f1": 0.7152848579040356,
      "val_auc_ecg": 0.9294594870390119,
      "val_delta_meta": -0.0003933787832437474,
      "lr": 0.00020690126647990973,
      "epoch_time_s": 264.2467203140259
    },
    {
      "epoch": 8,
      "train_loss": 0.41818826313412516,
      "val_auc": 0.9301626194389921,
      "val_f1": 0.7414879690943744,
      "val_auc_ecg": 0.9302914494398344,
      "val_delta_meta": 0.00034073681231128194,
      "lr": 9.639601130971382e-05,
      "epoch_time_s": 264.9642024040222
    },
    {
      "epoch": 9,
      "train_loss": 0.3983623339495528,
      "val_auc": 0.9305741502198952,
      "val_f1": 0.7341150458820748,
      "val_auc_ecg": 0.9312053116560361,
      "val_delta_meta": 4.726677878397201e-05,
      "lr": 2.5447270110570814e-05,
      "epoch_time_s": 265.36742997169495
    },
    {
      "epoch": 10,
      "train_loss": 0.3890887603847259,
      "val_auc": 0.9299651363312821,
      "val_f1": 0.7441403053328234,
      "val_auc_ecg": 0.9303534711572045,
      "val_delta_meta": 0.00025725808937748784,
      "lr": 0.001,
      "epoch_time_s": 265.135733127594
    }
  ]
}