{
  "metadata": {
    "run_name": "ATLAS_A_v5_demo+anthro_no_dropout_seed2026",
    "variant": "demo+anthro",
    "seed": 2026,
    "meta_hid": 128,
    "lauc_weight": 0.08,
    "no_aug": false,
    "arch_mode": "no_dropout",
    "meta_mask_mode": "real",
    "test_fold": 10,
    "val_fold": 9,
    "timestamp": "2026-05-10T09:21:38.029013",
    "git_sha": "b8fda1f7a68a5b217a3f76d88337426561bd26e4",
    "analysis_plan_sha256": "4ad22e907fbd431a0b443255a3449c0560371997d5ee36a61e164de7aea5c3dc",
    "wall_time_s": 2647.7722461223602,
    "train_time_s": 2618.3902685642242,
    "gpu_peak_mem_mb": 0,
    "num_parameters": 3951951,
    "dataset_sizes": {
      "train": 17418,
      "val": 2183,
      "test": 2198
    },
    "train_fold_ids": [
      1,
      2,
      3,
      4,
      5,
      6,
      7,
      8
    ],
    "pos_weights": [
      1.2930489778518677,
      2.9776203632354736,
      3.161012887954712,
      3.4581520557403564,
      7.21991491317749
    ],
    "loss_weights": {
      "fused": 0.52,
      "ecg": 0.3,
      "meta": 0.1,
      "lauc": 0.08
    },
    "hardware": {
      "python_version": "3.11.7 | packaged by Anaconda, Inc. | (main, Dec 15 2023, 18:05:47) [MSC v.1916 64 bit (AMD64)]",
      "torch_version": "2.3.1+cpu",
      "cuda_available": false,
      "numpy_version": "1.26.4",
      "sklearn_version": "1.4.2"
    },
    "best_val_auc": 0.9321327121587857,
    "best_val_epoch": 10
  },
  "test": {
    "macro_auc": 0.9298621829322089,
    "macro_auc_ecg": 0.9291053186109892,
    "macro_auc_no_meta": 0.9292326946084885,
    "delta_meta_auc": 0.0006294883237204507,
    "macro_f1_optimal": 0.7504178874049583,
    "macro_f1_fixed_05": 0.738902996272001,
    "w_fused": 1.0,
    "thresholds": [
      0.7549999952316284,
      0.6050000190734863,
      0.5899999737739563,
      0.6349999904632568,
      0.7699999809265137
    ]
  },
  "per_class": {
    "NORM": {
      "auc": 0.9509137689659087,
      "f1": 0.8599281682914315,
      "threshold": 0.7549999952316284
    },
    "MI": {
      "auc": 0.9293656222418358,
      "f1": 0.7402258905299739,
      "threshold": 0.6050000190734863
    },
    "STTC": {
      "auc": 0.93877079191546,
      "f1": 0.7703180212014135,
      "threshold": 0.5899999737739563
    },
    "CD": {
      "auc": 0.919379714567302,
      "f1": 0.7416173570019724,
      "threshold": 0.6349999904632568
    },
    "HYP": {
      "auc": 0.9108810169705381,
      "f1": 0.64,
      "threshold": 0.7699999809265137
    }
  },
  "subgroups": {
    "sex_male": {
      "n": 1066,
      "macro_auc": 0.9214054816375429,
      "per_class_auc": [
        0.9483940685163701,
        0.9184253897874948,
        0.9251707904144986,
        0.9092989390472226,
        0.9057382204221277
      ]
    },
    "sex_female": {
      "n": 1132,
      "macro_auc": 0.9379338093493104,
      "per_class_auc": [
        0.954290622168529,
        0.9388495735801125,
        0.9496293287295623,
        0.9306247720918924,
        0.9162747501764552
      ]
    },
    "age_lt45": {
      "n": 345,
      "macro_auc": 0.9121146274341358,
      "per_class_auc": [
        0.8805604982206405,
        0.9823081110506261,
        0.9649143959488787,
        0.857520386590154,
        0.8752697453603798
      ]
    },
    "age_45_65": {
      "n": 703,
      "macro_auc": 0.9277823820933435,
      "per_class_auc": [
        0.9318916536050157,
        0.9289157225203737,
        0.9517866458007302,
        0.904667788057191,
        0.9216501004834067
      ]
    },
    "age_gt65": {
      "n": 1150,
      "macro_auc": 0.9195190728574847,
      "per_class_auc": [
        0.9530870907773261,
        0.9029021711794786,
        0.9164345991561181,
        0.9285732796759827,
        0.8965982234985179
      ]
    },
    "meta_complete": {
      "n": 660,
      "macro_auc": 0.9412317165555029,
      "per_class_auc": [
        0.9605074330291433,
        0.9422473320778406,
        0.9364830633284241,
        0.9457562311851736,
        0.921164523156933
      ]
    },
    "meta_incomplete": {
      "n": 1538,
      "macro_auc": 0.9250745375761683,
      "per_class_auc": [
        0.9480560369277526,
        0.925023976251284,
        0.9393960701400473,
        0.9095176132700311,
        0.9033789912917272
      ]
    },
    "fairness_sex_gap": 0.016528327711767488
  },
  "training_history": [
    {
      "epoch": 1,
      "train_loss": 0.6435892456168428,
      "val_auc": 0.9036479562879073,
      "val_f1": 0.664716416682815,
      "val_auc_ecg": 0.9017757867066715,
      "val_delta_meta": 0.0013073122271153315,
      "lr": 0.0009755527298894294,
      "epoch_time_s": 244.64953017234802
    },
    {
      "epoch": 2,
      "train_loss": 0.5501671404466717,
      "val_auc": 0.9059712727303584,
      "val_f1": 0.677343987952548,
      "val_auc_ecg": 0.9037526344472611,
      "val_delta_meta": 0.0020517492838489915,
      "lr": 0.0009046039886902864,
      "epoch_time_s": 244.2854344844818
    },
    {
      "epoch": 3,
      "train_loss": 0.5219255208969116,
      "val_auc": 0.9173658407962199,
      "val_f1": 0.7125937390848978,
      "val_auc_ecg": 0.9159692630594852,
      "val_delta_meta": 0.00020669986833532494,
      "lr": 0.0007940987335200904,
      "epoch_time_s": 259.3794193267822
    },
    {
      "epoch": 4,
      "train_loss": 0.49743694602896316,
      "val_auc": 0.9200716398124398,
      "val_f1": 0.7074431556582164,
      "val_auc_ecg": 0.9194727771503534,
      "val_delta_meta": 4.063929506115116e-05,
      "lr": 0.0006548539886902864,
      "epoch_time_s": 264.9045453071594
    },
    {
      "epoch": 5,
      "train_loss": 0.47807763711028145,
      "val_auc": 0.9222995165549708,
      "val_f1": 0.7292451298203761,
      "val_auc_ecg": 0.9196714814552454,
      "val_delta_meta": 0.0013647690744137408,
      "lr": 0.0005005000000000001,
      "epoch_time_s": 265.203236579895
    },
    {
      "epoch": 6,
      "train_loss": 0.4562104628720415,
      "val_auc": 0.9297608597540318,
      "val_f1": 0.7241632780891759,
      "val_auc_ecg": 0.9290258780413183,
      "val_delta_meta": 0.0010764458730806448,
      "lr": 0.0003461460113097139,
      "epoch_time_s": 266.59148645401
    },
    {
      "epoch": 7,
      "train_loss": 0.43257202661912375,
      "val_auc": 0.9307506496412048,
      "val_f1": 0.7361993199887347,
      "val_auc_ecg": 0.9295550749611994,
      "val_delta_meta": 0.0007800672878959247,
      "lr": 0.00020690126647990973,
      "epoch_time_s": 266.2169768810272
    },
    {
      "epoch": 8,
      "train_loss": 0.41529004483594806,
      "val_auc": 0.9316590722602609,
      "val_f1": 0.7433555711911739,
      "val_auc_ecg": 0.9307324203438379,
      "val_delta_meta": 0.00031703798342630485,
      "lr": 9.639601130971382e-05,
      "epoch_time_s": 265.9797742366791
    },
    {
      "epoch": 9,
      "train_loss": 0.39693084916937244,
      "val_auc": 0.9311520954459913,
      "val_f1": 0.7453986777174068,
      "val_auc_ecg": 0.9305365404637091,
      "val_delta_meta": 0.0002603270083573195,
      "lr": 2.5447270110570814e-05,
      "epoch_time_s": 265.3776807785034
    },
    {
      "epoch": 10,
      "train_loss": 0.38208743074071516,
      "val_auc": 0.9321327121587857,
      "val_f1": 0.7455171587965287,
      "val_auc_ecg": 0.931778960195752,
      "val_delta_meta": -0.00020109887702046692,
      "lr": 0.001,
      "epoch_time_s": 265.66259574890137
    }
  ]
}