{
  "metadata": {
    "run_name": "ATLAS_A_v5_demo+anthro_tf8_vf9_seed2024",
    "variant": "demo+anthro",
    "seed": 2024,
    "meta_hid": 128,
    "lauc_weight": 0.08,
    "no_aug": false,
    "arch_mode": "standard",
    "meta_mask_mode": "real",
    "test_fold": 8,
    "val_fold": 9,
    "timestamp": "2026-05-11T09:37:37.771668",
    "git_sha": "b8fda1f7a68a5b217a3f76d88337426561bd26e4",
    "analysis_plan_sha256": "4ad22e907fbd431a0b443255a3449c0560371997d5ee36a61e164de7aea5c3dc",
    "wall_time_s": 2656.6005141735077,
    "train_time_s": 2627.200006008148,
    "gpu_peak_mem_mb": 0,
    "num_parameters": 3951951,
    "dataset_sizes": {
      "train": 17443,
      "val": 2183,
      "test": 2173
    },
    "train_fold_ids": [
      1,
      2,
      3,
      4,
      5,
      6,
      7,
      10
    ],
    "pos_weights": [
      1.2870067358016968,
      2.9724435806274414,
      3.1600286960601807,
      3.459984540939331,
      7.255087375640869
    ],
    "loss_weights": {
      "fused": 0.52,
      "ecg": 0.3,
      "meta": 0.1,
      "lauc": 0.08
    },
    "hardware": {
      "python_version": "3.11.7 | packaged by Anaconda, Inc. | (main, Dec 15 2023, 18:05:47) [MSC v.1916 64 bit (AMD64)]",
      "torch_version": "2.3.1+cpu",
      "cuda_available": false,
      "numpy_version": "1.26.4",
      "sklearn_version": "1.4.2"
    },
    "best_val_auc": 0.9338129986007981,
    "best_val_epoch": 10
  },
  "test": {
    "macro_auc": 0.945449456715108,
    "macro_auc_ecg": 0.9435488234745657,
    "macro_auc_no_meta": 0.9439559759428476,
    "delta_meta_auc": 0.0014934807722604138,
    "macro_f1_optimal": 0.7783724889226071,
    "macro_f1_fixed_05": 0.7644085627232957,
    "w_fused": 1.0,
    "thresholds": [
      0.574999988079071,
      0.6499999761581421,
      0.6949999928474426,
      0.5899999737739563,
      0.7250000238418579
    ]
  },
  "per_class": {
    "NORM": {
      "auc": 0.9617408430830736,
      "f1": 0.8701030927835052,
      "threshold": 0.574999988079071
    },
    "MI": {
      "auc": 0.9501131157418461,
      "f1": 0.7883597883597884,
      "threshold": 0.6499999761581421
    },
    "STTC": {
      "auc": 0.9434331778320351,
      "f1": 0.7705223880597015,
      "threshold": 0.6949999928474426
    },
    "CD": {
      "auc": 0.9431631868371034,
      "f1": 0.8098159509202454,
      "threshold": 0.5899999737739563
    },
    "HYP": {
      "auc": 0.9287969600814824,
      "f1": 0.6530612244897959,
      "threshold": 0.7250000238418579
    }
  },
  "subgroups": {
    "sex_male": {
      "n": 1040,
      "macro_auc": 0.9467529500034543,
      "per_class_auc": [
        0.958267841755088,
        0.941940595518868,
        0.9441503598405996,
        0.9563468208092487,
        0.9330591320934668
      ]
    },
    "sex_female": {
      "n": 1133,
      "macro_auc": 0.942382345976357,
      "per_class_auc": [
        0.963480527901228,
        0.9522992853522927,
        0.9425776795895097,
        0.9293700129894229,
        0.924184224049332
      ]
    },
    "age_lt45": {
      "n": 342,
      "macro_auc": 0.9529479572864938,
      "per_class_auc": [
        0.9431438127090301,
        0.9925925925925926,
        0.9299331921134104,
        0.9808691135734072,
        0.918201075444028
      ]
    },
    "age_45_65": {
      "n": 776,
      "macro_auc": 0.9474480850663115,
      "per_class_auc": [
        0.9614630091438071,
        0.9504835047298422,
        0.9483685661764706,
        0.9367422644733568,
        0.9401830808080808
      ]
    },
    "age_gt65": {
      "n": 1055,
      "macro_auc": 0.9329402148104877,
      "per_class_auc": [
        0.9506265870188707,
        0.9333659970602646,
        0.930129990714949,
        0.9324800989391907,
        0.918098400319164
      ]
    },
    "meta_complete": {
      "n": 636,
      "macro_auc": 0.9429729050234714,
      "per_class_auc": [
        0.9534181240063593,
        0.9347117003367003,
        0.9375766645405034,
        0.9589154359354508,
        0.9302426002983434
      ]
    },
    "meta_incomplete": {
      "n": 1537,
      "macro_auc": 0.9456755709142788,
      "per_class_auc": [
        0.9648922580780266,
        0.9535387912018655,
        0.9458313508584116,
        0.936707184980142,
        0.927408269452948
      ]
    },
    "fairness_sex_gap": 0.0043706040270973245
  },
  "training_history": [
    {
      "epoch": 1,
      "train_loss": 0.6492944581932201,
      "val_auc": 0.9031216110104963,
      "val_f1": 0.6777684227627327,
      "val_auc_ecg": 0.900574938145632,
      "val_delta_meta": 0.003793912972814506,
      "lr": 0.0009755527298894294,
      "epoch_time_s": 244.28673219680786
    },
    {
      "epoch": 2,
      "train_loss": 0.5604186043307021,
      "val_auc": 0.9111602811952746,
      "val_f1": 0.6959151487474882,
      "val_auc_ecg": 0.9094877458188432,
      "val_delta_meta": 0.0012878001605644007,
      "lr": 0.0009046039886902864,
      "epoch_time_s": 244.60187816619873
    },
    {
      "epoch": 3,
      "train_loss": 0.5288208176692327,
      "val_auc": 0.9167358759787414,
      "val_f1": 0.6939723954825567,
      "val_auc_ecg": 0.9148338205204748,
      "val_delta_meta": 0.0007648486994652481,
      "lr": 0.0007940987335200904,
      "epoch_time_s": 260.5149505138397
    },
    {
      "epoch": 4,
      "train_loss": 0.5062441212080774,
      "val_auc": 0.9251409092515352,
      "val_f1": 0.7266889871904688,
      "val_auc_ecg": 0.9235353337433695,
      "val_delta_meta": 0.0005281584981492449,
      "lr": 0.0006548539886902864,
      "epoch_time_s": 265.8281674385071
    },
    {
      "epoch": 5,
      "train_loss": 0.4834369616412418,
      "val_auc": 0.9260601681776868,
      "val_f1": 0.7381772190588162,
      "val_auc_ecg": 0.9242722006003017,
      "val_delta_meta": 0.0008734898771752819,
      "lr": 0.0005005000000000001,
      "epoch_time_s": 266.20993208885193
    },
    {
      "epoch": 6,
      "train_loss": 0.4649518060433122,
      "val_auc": 0.9272892286494383,
      "val_f1": 0.7296860424897611,
      "val_auc_ecg": 0.9270337309887896,
      "val_delta_meta": 0.0004859397136173227,
      "lr": 0.0003461460113097139,
      "epoch_time_s": 266.42828392982483
    },
    {
      "epoch": 7,
      "train_loss": 0.4432210123145973,
      "val_auc": 0.9326033218412352,
      "val_f1": 0.7282023078686576,
      "val_auc_ecg": 0.9324329387044488,
      "val_delta_meta": 0.00018715193570595368,
      "lr": 0.00020690126647990973,
      "epoch_time_s": 266.49858474731445
    },
    {
      "epoch": 8,
      "train_loss": 0.41924009633151604,
      "val_auc": 0.9330565451059682,
      "val_f1": 0.7450441807366683,
      "val_auc_ecg": 0.9322293777154428,
      "val_delta_meta": 0.0010982096707531364,
      "lr": 9.639601130971382e-05,
      "epoch_time_s": 267.70241951942444
    },
    {
      "epoch": 9,
      "train_loss": 0.4054053199269396,
      "val_auc": 0.9327584915002282,
      "val_f1": 0.7392872465850389,
      "val_auc_ecg": 0.9324401631754448,
      "val_delta_meta": 0.00020362381223981707,
      "lr": 2.5447270110570814e-05,
      "epoch_time_s": 267.44929099082947
    },
    {
      "epoch": 10,
      "train_loss": 0.38831080398061774,
      "val_auc": 0.9338129986007981,
      "val_f1": 0.7436476542626306,
      "val_auc_ecg": 0.9331254884625336,
      "val_delta_meta": 0.0007298640179730365,
      "lr": 0.001,
      "epoch_time_s": 267.58443117141724
    }
  ]
}