{
  "metadata": {
    "run_name": "ATLAS_A_v5_demo+anthro_meta_only_seed2030",
    "variant": "demo+anthro",
    "seed": 2030,
    "meta_hid": 128,
    "lauc_weight": 0.08,
    "no_aug": false,
    "arch_mode": "meta_only",
    "meta_mask_mode": "real",
    "test_fold": 10,
    "val_fold": 9,
    "timestamp": "2026-05-08T17:28:30.976206",
    "git_sha": "b8fda1f7a68a5b217a3f76d88337426561bd26e4",
    "analysis_plan_sha256": "4ad22e907fbd431a0b443255a3449c0560371997d5ee36a61e164de7aea5c3dc",
    "wall_time_s": 2504.757419347763,
    "train_time_s": 2475.283130168915,
    "gpu_peak_mem_mb": 0,
    "num_parameters": 3951951,
    "dataset_sizes": {
      "train": 17418,
      "val": 2183,
      "test": 2198
    },
    "train_fold_ids": [
      1,
      2,
      3,
      4,
      5,
      6,
      7,
      8
    ],
    "pos_weights": [
      1.2930489778518677,
      2.9776203632354736,
      3.161012887954712,
      3.4581520557403564,
      7.21991491317749
    ],
    "loss_weights": {
      "fused": 0.52,
      "ecg": 0.3,
      "meta": 0.1,
      "lauc": 0.08
    },
    "hardware": {
      "python_version": "3.11.7 | packaged by Anaconda, Inc. | (main, Dec 15 2023, 18:05:47) [MSC v.1916 64 bit (AMD64)]",
      "torch_version": "2.3.1+cpu",
      "cuda_available": false,
      "numpy_version": "1.26.4",
      "sklearn_version": "1.4.2"
    },
    "best_val_auc": 0.6956951464088823,
    "best_val_epoch": 4
  },
  "test": {
    "macro_auc": 0.6953569135657434,
    "macro_auc_ecg": 0.9168111027726893,
    "macro_auc_no_meta": 0.5,
    "delta_meta_auc": 0.19535691356574336,
    "macro_f1_optimal": 0.4623014885328275,
    "macro_f1_fixed_05": 0.46175007713441685,
    "w_fused": 1.0,
    "thresholds": [
      0.3499999940395355,
      0.5,
      0.5,
      0.45500001311302185,
      0.5450000166893005
    ]
  },
  "per_class": {
    "NORM": {
      "auc": 0.7805138295054675,
      "f1": 0.6911119968114787,
      "threshold": 0.3499999940395355
    },
    "MI": {
      "auc": 0.7043430052956753,
      "f1": 0.5014819205690575,
      "threshold": 0.5
    },
    "STTC": {
      "auc": 0.6854650876656858,
      "f1": 0.4564270152505447,
      "threshold": 0.5
    },
    "CD": {
      "auc": 0.6467083317539138,
      "f1": 0.4108482400461627,
      "threshold": 0.45500001311302185
    },
    "HYP": {
      "auc": 0.6597543136079742,
      "f1": 0.2516382699868938,
      "threshold": 0.5450000166893005
    }
  },
  "subgroups": {
    "sex_male": {
      "n": 1066,
      "macro_auc": 0.7009253549224246,
      "per_class_auc": [
        0.7862052888941895,
        0.7189592054023306,
        0.6783255459983718,
        0.6487050135219472,
        0.672431720795284
      ]
    },
    "sex_female": {
      "n": 1132,
      "macro_auc": 0.6966301171316301,
      "per_class_auc": [
        0.7819279799657706,
        0.7004879130627635,
        0.6921639174609623,
        0.6578556668808279,
        0.6507151082878264
      ]
    },
    "age_lt45": {
      "n": 345,
      "macro_auc": 0.627855036619379,
      "per_class_auc": [
        0.5997831405693951,
        0.6521502449646162,
        0.6909814323607427,
        0.5650483237692541,
        0.6313120414328873
      ]
    },
    "age_45_65": {
      "n": 703,
      "macro_auc": 0.642031191859042,
      "per_class_auc": [
        0.6759853382967608,
        0.6686791890280261,
        0.6883541992696922,
        0.5586347070367256,
        0.6185025256640052
      ]
    },
    "age_gt65": {
      "n": 1150,
      "macro_auc": 0.614106374416977,
      "per_class_auc": [
        0.6999361943472918,
        0.6048604241763769,
        0.5811445147679325,
        0.6178709335860708,
        0.566719805207213
      ]
    },
    "meta_complete": {
      "n": 660,
      "macro_auc": 0.6936816901319882,
      "per_class_auc": [
        0.7662873491315867,
        0.7104702258427129,
        0.6774315169366716,
        0.6522877402234238,
        0.6619316185255465
      ]
    },
    "meta_incomplete": {
      "n": 1538,
      "macro_auc": 0.6917749723264949,
      "per_class_auc": [
        0.7896108604506339,
        0.6912837023159677,
        0.688478343096559,
        0.6442869702831018,
        0.6452149854862119
      ]
    },
    "fairness_sex_gap": 0.004295237790794437
  },
  "training_history": [
    {
      "epoch": 1,
      "train_loss": 0.8297931182275124,
      "val_auc": 0.6906278660802443,
      "val_f1": 0.45987313245639144,
      "val_auc_ecg": 0.9041413838754565,
      "val_delta_meta": 0.1906278660802443,
      "lr": 0.0009755527298894294,
      "epoch_time_s": 243.78535676002502
    },
    {
      "epoch": 2,
      "train_loss": 0.7935814375177436,
      "val_auc": 0.6940576953911041,
      "val_f1": 0.464046339382009,
      "val_auc_ecg": 0.913224479541336,
      "val_delta_meta": 0.19405769539110407,
      "lr": 0.0009046039886902864,
      "epoch_time_s": 242.70891332626343
    },
    {
      "epoch": 3,
      "train_loss": 0.7774711420776648,
      "val_auc": 0.6918491395076831,
      "val_f1": 0.4586158831732619,
      "val_auc_ecg": 0.9165181538139089,
      "val_delta_meta": 0.19184913950768312,
      "lr": 0.0007940987335200904,
      "epoch_time_s": 244.91868472099304
    },
    {
      "epoch": 4,
      "train_loss": 0.7718834066609724,
      "val_auc": 0.6956951464088823,
      "val_f1": 0.4650841866676898,
      "val_auc_ecg": 0.9222775016337239,
      "val_delta_meta": 0.1956951464088823,
      "lr": 0.0006548539886902864,
      "epoch_time_s": 246.5173499584198
    },
    {
      "epoch": 5,
      "train_loss": 0.7585326552391052,
      "val_auc": 0.694552699057524,
      "val_f1": 0.4612232576805833,
      "val_auc_ecg": 0.9227158201247514,
      "val_delta_meta": 0.19455269905752404,
      "lr": 0.0005005000000000001,
      "epoch_time_s": 246.5992910861969
    },
    {
      "epoch": 6,
      "train_loss": 0.7514919670349961,
      "val_auc": 0.6933426338528644,
      "val_f1": 0.4639171685656306,
      "val_auc_ecg": 0.9278905644811136,
      "val_delta_meta": 0.19334263385286443,
      "lr": 0.0003461460113097139,
      "epoch_time_s": 247.45592379570007
    },
    {
      "epoch": 7,
      "train_loss": 0.7426326921226781,
      "val_auc": 0.69292676590516,
      "val_f1": 0.46264735060531254,
      "val_auc_ecg": 0.9297408531318105,
      "val_delta_meta": 0.19292676590516,
      "lr": 0.00020690126647990973,
      "epoch_time_s": 248.01375150680542
    },
    {
      "epoch": 8,
      "train_loss": 0.7334383443954888,
      "val_auc": 0.692387666810137,
      "val_f1": 0.46175895103843007,
      "val_auc_ecg": 0.929068771685795,
      "val_delta_meta": 0.19238766681013697,
      "lr": 9.639601130971382e-05,
      "epoch_time_s": 248.6699628829956
    },
    {
      "epoch": 9,
      "train_loss": 0.7244211344543947,
      "val_auc": 0.6904146051714695,
      "val_f1": 0.46119800587634013,
      "val_auc_ecg": 0.9302781937445938,
      "val_delta_meta": 0.19041460517146946,
      "lr": 2.5447270110570814e-05,
      "epoch_time_s": 252.4302315711975
    },
    {
      "epoch": 10,
      "train_loss": 0.7193290562804686,
      "val_auc": 0.691500485817836,
      "val_f1": 0.4628809346525891,
      "val_auc_ecg": 0.9290727829622789,
      "val_delta_meta": 0.19150048581783596,
      "lr": 0.001,
      "epoch_time_s": 248.28195786476135
    }
  ]
}