{
  "metadata": {
    "run_name": "ATLAS_A_v5_demo+anthro_no_q_meta_seed2032",
    "variant": "demo+anthro",
    "seed": 2032,
    "meta_hid": 128,
    "lauc_weight": 0.08,
    "no_aug": false,
    "arch_mode": "no_q_meta",
    "meta_mask_mode": "real",
    "test_fold": 10,
    "val_fold": 9,
    "timestamp": "2026-05-10T06:24:45.744129",
    "git_sha": "b8fda1f7a68a5b217a3f76d88337426561bd26e4",
    "analysis_plan_sha256": "4ad22e907fbd431a0b443255a3449c0560371997d5ee36a61e164de7aea5c3dc",
    "wall_time_s": 2678.5035684108734,
    "train_time_s": 2648.183372735977,
    "gpu_peak_mem_mb": 0,
    "num_parameters": 3951951,
    "dataset_sizes": {
      "train": 17418,
      "val": 2183,
      "test": 2198
    },
    "train_fold_ids": [
      1,
      2,
      3,
      4,
      5,
      6,
      7,
      8
    ],
    "pos_weights": [
      1.2930489778518677,
      2.9776203632354736,
      3.161012887954712,
      3.4581520557403564,
      7.21991491317749
    ],
    "loss_weights": {
      "fused": 0.52,
      "ecg": 0.3,
      "meta": 0.1,
      "lauc": 0.08
    },
    "hardware": {
      "python_version": "3.11.7 | packaged by Anaconda, Inc. | (main, Dec 15 2023, 18:05:47) [MSC v.1916 64 bit (AMD64)]",
      "torch_version": "2.3.1+cpu",
      "cuda_available": false,
      "numpy_version": "1.26.4",
      "sklearn_version": "1.4.2"
    },
    "best_val_auc": 0.9330918358407226,
    "best_val_epoch": 10
  },
  "test": {
    "macro_auc": 0.9279179110207295,
    "macro_auc_ecg": 0.9261991595279305,
    "macro_auc_no_meta": 0.9263214248070405,
    "delta_meta_auc": 0.001596486213689019,
    "macro_f1_optimal": 0.7508813077021788,
    "macro_f1_fixed_05": 0.7450999792923152,
    "w_fused": 1.0,
    "thresholds": [
      0.39500001072883606,
      0.6800000071525574,
      0.6949999928474426,
      0.7250000238418579,
      0.6499999761581421
    ]
  },
  "per_class": {
    "NORM": {
      "auc": 0.9487633533870623,
      "f1": 0.8576761549230051,
      "threshold": 0.39500001072883606
    },
    "MI": {
      "auc": 0.932248455428067,
      "f1": 0.7401285583103765,
      "threshold": 0.6800000071525574
    },
    "STTC": {
      "auc": 0.9369361017354589,
      "f1": 0.7730627306273062,
      "threshold": 0.6949999928474426
    },
    "CD": {
      "auc": 0.9184356165422083,
      "f1": 0.7613168724279835,
      "threshold": 0.7250000238418579
    },
    "HYP": {
      "auc": 0.903206028010851,
      "f1": 0.6222222222222222,
      "threshold": 0.6499999761581421
    }
  },
  "subgroups": {
    "sex_male": {
      "n": 1066,
      "macro_auc": 0.9196092898906894,
      "per_class_auc": [
        0.942846403776026,
        0.918508038835329,
        0.9194409047467347,
        0.9113116288745581,
        0.9059394732207995
      ]
    },
    "sex_female": {
      "n": 1132,
      "macro_auc": 0.9356781838367588,
      "per_class_auc": [
        0.955756694855532,
        0.9432730498598764,
        0.9517667938506773,
        0.9274123530535344,
        0.9001820275641741
      ]
    },
    "age_lt45": {
      "n": 345,
      "macro_auc": 0.9143003536998583,
      "per_class_auc": [
        0.8946285587188612,
        0.9784975503538378,
        0.9638292741741018,
        0.8657505285412262,
        0.8687958567112646
      ]
    },
    "age_45_65": {
      "n": 703,
      "macro_auc": 0.9230746748184634,
      "per_class_auc": [
        0.9288466562173459,
        0.9291517590936196,
        0.948695878977569,
        0.895556490047659,
        0.913122589756124
      ]
    },
    "age_gt65": {
      "n": 1150,
      "macro_auc": 0.9190173000618437,
      "per_class_auc": [
        0.9496407978069761,
        0.9097996479168413,
        0.9152074542897327,
        0.9315054292896572,
        0.8889331710060109
      ]
    },
    "meta_complete": {
      "n": 660,
      "macro_auc": 0.9427022155871162,
      "per_class_auc": [
        0.9608662054754196,
        0.9502620476211331,
        0.9399469808541974,
        0.9499507782739582,
        0.9124850657108722
      ]
    },
    "meta_incomplete": {
      "n": 1538,
      "macro_auc": 0.9217192999852276,
      "per_class_auc": [
        0.9441573558008386,
        0.9254024926795349,
        0.9355166427435311,
        0.9062821639997656,
        0.8972378447024674
      ]
    },
    "fairness_sex_gap": 0.016068893946069474
  },
  "training_history": [
    {
      "epoch": 1,
      "train_loss": 0.6397799630777552,
      "val_auc": 0.9058643653685436,
      "val_f1": 0.6902239205171059,
      "val_auc_ecg": 0.904059095024507,
      "val_delta_meta": 0.000575346629145046,
      "lr": 0.0009755527298894294,
      "epoch_time_s": 245.03145217895508
    },
    {
      "epoch": 2,
      "train_loss": 0.5548445734955849,
      "val_auc": 0.9068381339359787,
      "val_f1": 0.6812150914405323,
      "val_auc_ecg": 0.90293398159882,
      "val_delta_meta": 0.0023776002208979463,
      "lr": 0.0009046039886902864,
      "epoch_time_s": 246.95106554031372
    },
    {
      "epoch": 3,
      "train_loss": 0.5239176931731198,
      "val_auc": 0.9143103739489341,
      "val_f1": 0.706042970132598,
      "val_auc_ecg": 0.9133074388170913,
      "val_delta_meta": -0.0012235425125517452,
      "lr": 0.0007940987335200904,
      "epoch_time_s": 263.86734223365784
    },
    {
      "epoch": 4,
      "train_loss": 0.498336244121604,
      "val_auc": 0.9208682553672185,
      "val_f1": 0.7198155193004434,
      "val_auc_ecg": 0.9185972627068706,
      "val_delta_meta": -0.0007374841473216653,
      "lr": 0.0006548539886902864,
      "epoch_time_s": 270.1884865760803
    },
    {
      "epoch": 5,
      "train_loss": 0.47581542795951215,
      "val_auc": 0.927845712779577,
      "val_f1": 0.7119417620693687,
      "val_auc_ecg": 0.9259157013392837,
      "val_delta_meta": 0.001213259505792208,
      "lr": 0.0005005000000000001,
      "epoch_time_s": 270.03899931907654
    },
    {
      "epoch": 6,
      "train_loss": 0.45347896221034023,
      "val_auc": 0.9274031673691907,
      "val_f1": 0.7271817103738251,
      "val_auc_ecg": 0.9263657378790576,
      "val_delta_meta": 0.0005836696455419066,
      "lr": 0.0003461460113097139,
      "epoch_time_s": 266.80808877944946
    },
    {
      "epoch": 7,
      "train_loss": 0.4337677420005886,
      "val_auc": 0.9281904778078551,
      "val_f1": 0.7373170464555321,
      "val_auc_ecg": 0.9266644334131604,
      "val_delta_meta": 0.00011623734810173314,
      "lr": 0.00020690126647990973,
      "epoch_time_s": 267.23724389076233
    },
    {
      "epoch": 8,
      "train_loss": 0.40901299753320325,
      "val_auc": 0.930319583984393,
      "val_f1": 0.7431487677118538,
      "val_auc_ecg": 0.9290552427938767,
      "val_delta_meta": 0.0001996279890401631,
      "lr": 9.639601130971382e-05,
      "epoch_time_s": 268.2607879638672
    },
    {
      "epoch": 9,
      "train_loss": 0.39121842089049313,
      "val_auc": 0.930417373656115,
      "val_f1": 0.7421391585423448,
      "val_auc_ecg": 0.9292407369054472,
      "val_delta_meta": -0.00020696301419043106,
      "lr": 2.5447270110570814e-05,
      "epoch_time_s": 270.46729588508606
    },
    {
      "epoch": 10,
      "train_loss": 0.3765319797970833,
      "val_auc": 0.9330918358407226,
      "val_f1": 0.7435768509996323,
      "val_auc_ecg": 0.9323037055109509,
      "val_delta_meta": 0.00013299571790470477,
      "lr": 0.001,
      "epoch_time_s": 268.369824886322
    }
  ]
}