{
  "metadata": {
    "run_name": "ATLAS_A_v5_demo+anthro_noaug_seed2037",
    "variant": "demo+anthro",
    "seed": 2037,
    "meta_hid": 128,
    "lauc_weight": 0.08,
    "no_aug": true,
    "arch_mode": "standard",
    "meta_mask_mode": "real",
    "test_fold": 10,
    "val_fold": 9,
    "timestamp": "2026-05-08T08:11:46.309283",
    "git_sha": "b8fda1f7a68a5b217a3f76d88337426561bd26e4",
    "analysis_plan_sha256": "4ad22e907fbd431a0b443255a3449c0560371997d5ee36a61e164de7aea5c3dc",
    "wall_time_s": 2627.2745225429535,
    "train_time_s": 2598.1077950000763,
    "gpu_peak_mem_mb": 0,
    "num_parameters": 3951951,
    "dataset_sizes": {
      "train": 17418,
      "val": 2183,
      "test": 2198
    },
    "train_fold_ids": [
      1,
      2,
      3,
      4,
      5,
      6,
      7,
      8
    ],
    "pos_weights": [
      1.2930489778518677,
      2.9776203632354736,
      3.161012887954712,
      3.4581520557403564,
      7.21991491317749
    ],
    "loss_weights": {
      "fused": 0.52,
      "ecg": 0.3,
      "meta": 0.1,
      "lauc": 0.08
    },
    "hardware": {
      "python_version": "3.11.7 | packaged by Anaconda, Inc. | (main, Dec 15 2023, 18:05:47) [MSC v.1916 64 bit (AMD64)]",
      "torch_version": "2.3.1+cpu",
      "cuda_available": false,
      "numpy_version": "1.26.4",
      "sklearn_version": "1.4.2"
    },
    "best_val_auc": 0.93210188182779,
    "best_val_epoch": 9
  },
  "test": {
    "macro_auc": 0.9301764091280008,
    "macro_auc_ecg": 0.9283701803701039,
    "macro_auc_no_meta": 0.928638655421231,
    "delta_meta_auc": 0.0015377537067697844,
    "macro_f1_optimal": 0.7459638112800125,
    "macro_f1_fixed_05": 0.7441759191238435,
    "w_fused": 1.0,
    "thresholds": [
      0.6050000190734863,
      0.6800000071525574,
      0.6650000214576721,
      0.7850000262260437,
      0.6949999928474426
    ]
  },
  "per_class": {
    "NORM": {
      "auc": 0.9521644994345437,
      "f1": 0.8699146157709694,
      "threshold": 0.6050000190734863
    },
    "MI": {
      "auc": 0.9283517210944395,
      "f1": 0.7315315315315315,
      "threshold": 0.6800000071525574
    },
    "STTC": {
      "auc": 0.9385876662580676,
      "f1": 0.7741347905282332,
      "threshold": 0.6650000214576721
    },
    "CD": {
      "auc": 0.9208971418824152,
      "f1": 0.7388535031847133,
      "threshold": 0.7850000262260437
    },
    "HYP": {
      "auc": 0.9108810169705381,
      "f1": 0.6153846153846154,
      "threshold": 0.6949999928474426
    }
  },
  "subgroups": {
    "sex_male": {
      "n": 1066,
      "macro_auc": 0.9234229286942501,
      "per_class_auc": [
        0.9483326285811351,
        0.9207784567964257,
        0.9269627623800927,
        0.9131474932390264,
        0.9078933024745709
      ]
    },
    "sex_female": {
      "n": 1132,
      "macro_auc": 0.9366197672886708,
      "per_class_auc": [
        0.956546360616128,
        0.93476481380673,
        0.9480624990932698,
        0.9294787198944242,
        0.914246443032802
      ]
    },
    "age_lt45": {
      "n": 345,
      "macro_auc": 0.9280576432386066,
      "per_class_auc": [
        0.8986321174377224,
        0.9787697332607512,
        0.9617795997106342,
        0.8723195409241921,
        0.9287872248597324
      ]
    },
    "age_45_65": {
      "n": 703,
      "macro_auc": 0.9276178441899937,
      "per_class_auc": [
        0.9333692528735633,
        0.9241577221228384,
        0.952282211789254,
        0.8988085225679844,
        0.9294715115963283
      ]
    },
    "age_gt65": {
      "n": 1150,
      "macro_auc": 0.9183728808350402,
      "per_class_auc": [
        0.9518188549642373,
        0.9044714561153492,
        0.9163255977496483,
        0.9317238596270394,
        0.8875246357189263
      ]
    },
    "meta_complete": {
      "n": 660,
      "macro_auc": 0.9424742419226846,
      "per_class_auc": [
        0.9617677362378569,
        0.9424225171170382,
        0.939499263622975,
        0.9483956570743748,
        0.9202860355611779
      ]
    },
    "meta_incomplete": {
      "n": 1538,
      "macro_auc": 0.9249773264800366,
      "per_class_auc": [
        0.9488600585973075,
        0.922789028127173,
        0.9378297513287038,
        0.9104413574819765,
        0.9049664368650218
      ]
    },
    "fairness_sex_gap": 0.013196838594420668
  },
  "training_history": [
    {
      "epoch": 1,
      "train_loss": 0.6495412829819076,
      "val_auc": 0.8953357106988467,
      "val_f1": 0.6678303823376862,
      "val_auc_ecg": 0.8899154827102699,
      "val_delta_meta": 0.0023251207365051485,
      "lr": 0.0009755527298894294,
      "epoch_time_s": 241.40255761146545
    },
    {
      "epoch": 2,
      "train_loss": 0.5596066511552268,
      "val_auc": 0.9070520812236745,
      "val_f1": 0.6742674090625413,
      "val_auc_ecg": 0.9052714479270365,
      "val_delta_meta": 0.0004100312018865404,
      "lr": 0.0009046039886902864,
      "epoch_time_s": 241.69474840164185
    },
    {
      "epoch": 3,
      "train_loss": 0.5240761296464762,
      "val_auc": 0.9145767718017144,
      "val_f1": 0.7061327173049976,
      "val_auc_ecg": 0.9141193252289008,
      "val_delta_meta": -0.0003315968552206616,
      "lr": 0.0007940987335200904,
      "epoch_time_s": 257.2273819446564
    },
    {
      "epoch": 4,
      "train_loss": 0.4996130245541214,
      "val_auc": 0.9229788914278174,
      "val_f1": 0.7060008862256356,
      "val_auc_ecg": 0.9218656711267004,
      "val_delta_meta": 0.0003601001066815268,
      "lr": 0.0006548539886902864,
      "epoch_time_s": 263.51627826690674
    },
    {
      "epoch": 5,
      "train_loss": 0.4742272495676618,
      "val_auc": 0.9190224993171808,
      "val_f1": 0.7086709850556292,
      "val_auc_ecg": 0.9170854959498047,
      "val_delta_meta": 0.00022946566074200092,
      "lr": 0.0005005000000000001,
      "epoch_time_s": 263.20431756973267
    },
    {
      "epoch": 6,
      "train_loss": 0.4517508860028118,
      "val_auc": 0.9246157616635232,
      "val_f1": 0.7305983086104246,
      "val_auc_ecg": 0.9242117089035233,
      "val_delta_meta": 0.0002970340851481401,
      "lr": 0.0003461460113097139,
      "epoch_time_s": 263.51970744132996
    },
    {
      "epoch": 7,
      "train_loss": 0.42623793307794344,
      "val_auc": 0.9292248914607182,
      "val_f1": 0.7323609808805076,
      "val_auc_ecg": 0.9283357307669391,
      "val_delta_meta": 1.2368893129499625e-05,
      "lr": 0.00020690126647990973,
      "epoch_time_s": 263.8732216358185
    },
    {
      "epoch": 8,
      "train_loss": 0.40202743331773566,
      "val_auc": 0.9312981140843514,
      "val_f1": 0.7328709654014449,
      "val_auc_ecg": 0.9308307480388921,
      "val_delta_meta": 0.0005502979141589481,
      "lr": 9.639601130971382e-05,
      "epoch_time_s": 264.9854817390442
    },
    {
      "epoch": 9,
      "train_loss": 0.3778853341800357,
      "val_auc": 0.93210188182779,
      "val_f1": 0.7350128733488573,
      "val_auc_ecg": 0.9315308135573053,
      "val_delta_meta": 0.00033993074371585497,
      "lr": 2.5447270110570814e-05,
      "epoch_time_s": 264.429221868515
    },
    {
      "epoch": 10,
      "train_loss": 0.3632150695138021,
      "val_auc": 0.9318551541067078,
      "val_f1": 0.746867643926505,
      "val_auc_ecg": 0.9312179881412257,
      "val_delta_meta": 0.00037043810608583527,
      "lr": 0.001,
      "epoch_time_s": 264.74882078170776
    }
  ]
}