{
  "metadata": {
    "run_name": "ATLAS_A_v5_demo+anthro_metaH256_seed2027",
    "variant": "demo+anthro",
    "seed": 2027,
    "meta_hid": 256,
    "lauc_weight": 0.08,
    "no_aug": false,
    "arch_mode": "standard",
    "meta_mask_mode": "real",
    "test_fold": 10,
    "val_fold": 9,
    "timestamp": "2026-05-06T12:07:25.997676",
    "git_sha": "b8fda1f7a68a5b217a3f76d88337426561bd26e4",
    "analysis_plan_sha256": "4ad22e907fbd431a0b443255a3449c0560371997d5ee36a61e164de7aea5c3dc",
    "wall_time_s": 2626.939136981964,
    "train_time_s": 2597.7444360256195,
    "gpu_peak_mem_mb": 0,
    "num_parameters": 3985359,
    "dataset_sizes": {
      "train": 17418,
      "val": 2183,
      "test": 2198
    },
    "train_fold_ids": [
      1,
      2,
      3,
      4,
      5,
      6,
      7,
      8
    ],
    "pos_weights": [
      1.2930489778518677,
      2.9776203632354736,
      3.161012887954712,
      3.4581520557403564,
      7.21991491317749
    ],
    "loss_weights": {
      "fused": 0.52,
      "ecg": 0.3,
      "meta": 0.1,
      "lauc": 0.08
    },
    "hardware": {
      "python_version": "3.11.7 | packaged by Anaconda, Inc. | (main, Dec 15 2023, 18:05:47) [MSC v.1916 64 bit (AMD64)]",
      "torch_version": "2.3.1+cpu",
      "cuda_available": false,
      "numpy_version": "1.26.4",
      "sklearn_version": "1.4.2"
    },
    "best_val_auc": 0.9338149183313323,
    "best_val_epoch": 10
  },
  "test": {
    "macro_auc": 0.9310202787575517,
    "macro_auc_ecg": 0.9294344775479584,
    "macro_auc_no_meta": 0.9299879478472463,
    "delta_meta_auc": 0.0010323309103054124,
    "macro_f1_optimal": 0.7472013418369498,
    "macro_f1_fixed_05": 0.7398188861895687,
    "w_fused": 1.0,
    "thresholds": [
      0.6349999904632568,
      0.7400000095367432,
      0.6050000190734863,
      0.6200000047683716,
      0.7099999785423279
    ]
  },
  "per_class": {
    "NORM": {
      "auc": 0.9503390635707408,
      "f1": 0.862531017369727,
      "threshold": 0.6349999904632568
    },
    "MI": {
      "auc": 0.9366902030008825,
      "f1": 0.7444444444444445,
      "threshold": 0.7400000095367432
    },
    "STTC": {
      "auc": 0.937895222366052,
      "f1": 0.7648114901256733,
      "threshold": 0.6050000190734863
    },
    "CD": {
      "auc": 0.91502762404761,
      "f1": 0.7373540856031129,
      "threshold": 0.6200000047683716
    },
    "HYP": {
      "auc": 0.915149280802473,
      "f1": 0.6268656716417911,
      "threshold": 0.7099999785423279
    }
  },
  "subgroups": {
    "sex_male": {
      "n": 1066,
      "macro_auc": 0.9235197312627346,
      "per_class_auc": [
        0.945553375040207,
        0.9265152730578688,
        0.922993876322962,
        0.9096785937174952,
        0.9128575381751403
      ]
    },
    "sex_female": {
      "n": 1132,
      "macro_auc": 0.938639420167062,
      "per_class_auc": [
        0.9561656850901036,
        0.9449666323917821,
        0.950731912547694,
        0.9223462814079078,
        0.9189865893978232
      ]
    },
    "age_lt45": {
      "n": 345,
      "macro_auc": 0.9181585981679685,
      "per_class_auc": [
        0.8921819395017794,
        0.9806750136091453,
        0.9627441523993248,
        0.8505738447598913,
        0.9046180405697022
      ]
    },
    "age_45_65": {
      "n": 703,
      "macro_auc": 0.929456845953989,
      "per_class_auc": [
        0.933614158829676,
        0.9385683760683761,
        0.9510302556077204,
        0.8979674796747967,
        0.9261039595893759
      ]
    },
    "age_gt65": {
      "n": 1150,
      "macro_auc": 0.9206837265312187,
      "per_class_auc": [
        0.9505663736332988,
        0.9117679604325594,
        0.914887482419128,
        0.9257114720353634,
        0.9004853441357435
      ]
    },
    "meta_complete": {
      "n": 660,
      "macro_auc": 0.9430703867803689,
      "per_class_auc": [
        0.9607834118339711,
        0.9461743967065213,
        0.9402297496318115,
        0.9409909974176427,
        0.9271733783118983
      ]
    },
    "meta_incomplete": {
      "n": 1538,
      "macro_auc": 0.9260057687193461,
      "per_class_auc": [
        0.9469345698093766,
        0.9331386879940118,
        0.9365616634984676,
        0.9055201922513335,
        0.9078737300435413
      ]
    },
    "fairness_sex_gap": 0.015119688904327466
  },
  "training_history": [
    {
      "epoch": 1,
      "train_loss": 0.6437115407864982,
      "val_auc": 0.8975085923765723,
      "val_f1": 0.6708293289366545,
      "val_auc_ecg": 0.8938464072371511,
      "val_delta_meta": 0.0002442782838947277,
      "lr": 0.0009755527298894294,
      "epoch_time_s": 242.20999479293823
    },
    {
      "epoch": 2,
      "train_loss": 0.552523656886652,
      "val_auc": 0.9150346919727737,
      "val_f1": 0.7138146153244668,
      "val_auc_ecg": 0.9134978002523615,
      "val_delta_meta": 0.0007605727975358301,
      "lr": 0.0009046039886902864,
      "epoch_time_s": 241.9407937526703
    },
    {
      "epoch": 3,
      "train_loss": 0.5195854873832213,
      "val_auc": 0.9202691781379494,
      "val_f1": 0.7074891469475901,
      "val_auc_ecg": 0.9204093022243729,
      "val_delta_meta": -0.0006622192392873316,
      "lr": 0.0007940987335200904,
      "epoch_time_s": 257.416307926178
    },
    {
      "epoch": 4,
      "train_loss": 0.4964695036958117,
      "val_auc": 0.92429922084595,
      "val_f1": 0.7074223129713473,
      "val_auc_ecg": 0.9221873432947973,
      "val_delta_meta": 0.0013255730089148932,
      "lr": 0.0006548539886902864,
      "epoch_time_s": 263.6521346569061
    },
    {
      "epoch": 5,
      "train_loss": 0.4741967274508345,
      "val_auc": 0.9237797228377312,
      "val_f1": 0.7143843435998732,
      "val_auc_ecg": 0.9237381698215348,
      "val_delta_meta": 0.00018897076323465267,
      "lr": 0.0005005000000000001,
      "epoch_time_s": 263.3015067577362
    },
    {
      "epoch": 6,
      "train_loss": 0.4522851125362816,
      "val_auc": 0.9264961589295595,
      "val_f1": 0.7313067870801092,
      "val_auc_ecg": 0.9259528118104431,
      "val_delta_meta": -0.00023728997168726007,
      "lr": 0.0003461460113097139,
      "epoch_time_s": 263.31586956977844
    },
    {
      "epoch": 7,
      "train_loss": 0.43118823050358973,
      "val_auc": 0.9326884395135078,
      "val_f1": 0.7355871258928969,
      "val_auc_ecg": 0.9314492271796111,
      "val_delta_meta": 0.0009585783475667409,
      "lr": 0.00020690126647990973,
      "epoch_time_s": 263.5217318534851
    },
    {
      "epoch": 8,
      "train_loss": 0.41040294205923694,
      "val_auc": 0.9317838219878698,
      "val_f1": 0.7386323854682377,
      "val_auc_ecg": 0.931578513725246,
      "val_delta_meta": -0.0004139614397762337,
      "lr": 9.639601130971382e-05,
      "epoch_time_s": 264.7549636363983
    },
    {
      "epoch": 9,
      "train_loss": 0.39130093873640814,
      "val_auc": 0.9319894910291232,
      "val_f1": 0.747222459175326,
      "val_auc_ecg": 0.931000553358033,
      "val_delta_meta": 0.0005148038829810853,
      "lr": 2.5447270110570814e-05,
      "epoch_time_s": 264.4536383152008
    },
    {
      "epoch": 10,
      "train_loss": 0.37674079605745614,
      "val_auc": 0.9338149183313323,
      "val_f1": 0.7432136634183637,
      "val_auc_ecg": 0.9331892080478124,
      "val_delta_meta": 0.0003350878892128817,
      "lr": 0.001,
      "epoch_time_s": 264.5985016822815
    }
  ]
}