{
  "metadata": {
    "run_name": "ATLAS_A_v5_demo+anthro_metaH64_seed2032",
    "variant": "demo+anthro",
    "seed": 2032,
    "meta_hid": 64,
    "lauc_weight": 0.08,
    "no_aug": false,
    "arch_mode": "standard",
    "meta_mask_mode": "real",
    "test_fold": 10,
    "val_fold": 9,
    "timestamp": "2026-05-06T08:22:47.492556",
    "git_sha": "b8fda1f7a68a5b217a3f76d88337426561bd26e4",
    "analysis_plan_sha256": "4ad22e907fbd431a0b443255a3449c0560371997d5ee36a61e164de7aea5c3dc",
    "wall_time_s": 2645.757843732834,
    "train_time_s": 2616.3690123558044,
    "gpu_peak_mem_mb": 0,
    "num_parameters": 3935247,
    "dataset_sizes": {
      "train": 17418,
      "val": 2183,
      "test": 2198
    },
    "train_fold_ids": [
      1,
      2,
      3,
      4,
      5,
      6,
      7,
      8
    ],
    "pos_weights": [
      1.2930489778518677,
      2.9776203632354736,
      3.161012887954712,
      3.4581520557403564,
      7.21991491317749
    ],
    "loss_weights": {
      "fused": 0.52,
      "ecg": 0.3,
      "meta": 0.1,
      "lauc": 0.08
    },
    "hardware": {
      "python_version": "3.11.7 | packaged by Anaconda, Inc. | (main, Dec 15 2023, 18:05:47) [MSC v.1916 64 bit (AMD64)]",
      "torch_version": "2.3.1+cpu",
      "cuda_available": false,
      "numpy_version": "1.26.4",
      "sklearn_version": "1.4.2"
    },
    "best_val_auc": 0.9339275689849575,
    "best_val_epoch": 10
  },
  "test": {
    "macro_auc": 0.9286701501408411,
    "macro_auc_ecg": 0.9277460264422792,
    "macro_auc_no_meta": 0.9277716592532734,
    "delta_meta_auc": 0.00089849088756766,
    "macro_f1_optimal": 0.7481197552273959,
    "macro_f1_fixed_05": 0.7371615374296583,
    "w_fused": 1.0,
    "thresholds": [
      0.5299999713897705,
      0.6949999928474426,
      0.6349999904632568,
      0.6499999761581421,
      0.7850000262260437
    ]
  },
  "per_class": {
    "NORM": {
      "auc": 0.9496941491038884,
      "f1": 0.8648648648648649,
      "threshold": 0.5299999713897705
    },
    "MI": {
      "auc": 0.9330284642541924,
      "f1": 0.7378104875804968,
      "threshold": 0.6949999928474426
    },
    "STTC": {
      "auc": 0.9332415415975652,
      "f1": 0.7713248638838476,
      "threshold": 0.6349999904632568
    },
    "CD": {
      "auc": 0.9204209468935977,
      "f1": 0.7541954590325765,
      "threshold": 0.6499999761581421
    },
    "HYP": {
      "auc": 0.9069656488549618,
      "f1": 0.6124031007751938,
      "threshold": 0.7850000262260437
    }
  },
  "subgroups": {
    "sex_male": {
      "n": 1066,
      "macro_auc": 0.9199276536718484,
      "per_class_auc": [
        0.94389449678886,
        0.9214542343051889,
        0.9171047042582563,
        0.9117484917828167,
        0.9054363412241201
      ]
    },
    "sex_female": {
      "n": 1132,
      "macro_auc": 0.9372677406552745,
      "per_class_auc": [
        0.9563387194201147,
        0.9427649751003044,
        0.9472258894417926,
        0.9310154717046658,
        0.908993647609495
      ]
    },
    "age_lt45": {
      "n": 345,
      "macro_auc": 0.909467711292683,
      "per_class_auc": [
        0.8845084519572953,
        0.987207403375068,
        0.9570774053532674,
        0.8650709755360919,
        0.8534743202416918
      ]
    },
    "age_45_65": {
      "n": 703,
      "macro_auc": 0.9280508114579302,
      "per_class_auc": [
        0.931630420585162,
        0.9342824488173325,
        0.9454616588419404,
        0.9062517521726943,
        0.9226277768725218
      ]
    },
    "age_gt65": {
      "n": 1150,
      "macro_auc": 0.9179785512254434,
      "per_class_auc": [
        0.9500228439991177,
        0.9071942325425433,
        0.9109317862165964,
        0.9304577041120436,
        0.8912861892569157
      ]
    },
    "meta_complete": {
      "n": 660,
      "macro_auc": 0.9446030221411098,
      "per_class_auc": [
        0.9616205475419488,
        0.9478970495919647,
        0.9359528718703977,
        0.9539027835242756,
        0.9236418581769625
      ]
    },
    "meta_incomplete": {
      "n": 1538,
      "macro_auc": 0.9221164146274863,
      "per_class_auc": [
        0.9459839681374973,
        0.9268761549535679,
        0.9323524847732475,
        0.9079819471308832,
        0.897387518142235
      ]
    },
    "fairness_sex_gap": 0.01734008698342615
  },
  "training_history": [
    {
      "epoch": 1,
      "train_loss": 0.6490101404146317,
      "val_auc": 0.9011893651458385,
      "val_f1": 0.6839590397600556,
      "val_auc_ecg": 0.8980029877560318,
      "val_delta_meta": 0.0009305454438413019,
      "lr": 0.0009755527298894294,
      "epoch_time_s": 242.85121273994446
    },
    {
      "epoch": 2,
      "train_loss": 0.560517285067007,
      "val_auc": 0.9119498375954371,
      "val_f1": 0.6874805418950176,
      "val_auc_ecg": 0.9108766960176791,
      "val_delta_meta": 0.0011071686305528239,
      "lr": 0.0009046039886902864,
      "epoch_time_s": 242.80177760124207
    },
    {
      "epoch": 3,
      "train_loss": 0.5214383354427617,
      "val_auc": 0.9168001301563222,
      "val_f1": 0.7210925449401341,
      "val_auc_ecg": 0.9150957556302675,
      "val_delta_meta": 0.0004550951494187716,
      "lr": 0.0007940987335200904,
      "epoch_time_s": 258.91035318374634
    },
    {
      "epoch": 4,
      "train_loss": 0.4996749835823654,
      "val_auc": 0.9185162480535389,
      "val_f1": 0.7032976383828908,
      "val_auc_ecg": 0.9179457210118164,
      "val_delta_meta": -0.00018070323849384007,
      "lr": 0.0006548539886902864,
      "epoch_time_s": 265.69618034362793
    },
    {
      "epoch": 5,
      "train_loss": 0.4802962114504718,
      "val_auc": 0.9274628508600395,
      "val_f1": 0.7061125771239121,
      "val_auc_ecg": 0.9274093169638625,
      "val_delta_meta": -0.0009290881539627538,
      "lr": 0.0005005000000000001,
      "epoch_time_s": 265.82998967170715
    },
    {
      "epoch": 6,
      "train_loss": 0.4603931746625025,
      "val_auc": 0.9280631006407634,
      "val_f1": 0.7269882692898173,
      "val_auc_ecg": 0.9276638902874279,
      "val_delta_meta": 0.000707352771216252,
      "lr": 0.0003461460113097139,
      "epoch_time_s": 265.16496086120605
    },
    {
      "epoch": 7,
      "train_loss": 0.4359777337093966,
      "val_auc": 0.9308543117700504,
      "val_f1": 0.7294988152004718,
      "val_auc_ecg": 0.9300973127300137,
      "val_delta_meta": -2.1177637502978186e-05,
      "lr": 0.00020690126647990973,
      "epoch_time_s": 265.9312620162964
    },
    {
      "epoch": 8,
      "train_loss": 0.41383589240935964,
      "val_auc": 0.9321246562685888,
      "val_f1": 0.7329400869177102,
      "val_auc_ecg": 0.9323100901912887,
      "val_delta_meta": -0.0011615051731285186,
      "lr": 9.639601130971382e-05,
      "epoch_time_s": 266.1681818962097
    },
    {
      "epoch": 9,
      "train_loss": 0.39703739340152217,
      "val_auc": 0.9324520236137884,
      "val_f1": 0.7444796962429447,
      "val_auc_ecg": 0.9312514946172905,
      "val_delta_meta": 0.00022550073210536592,
      "lr": 2.5447270110570814e-05,
      "epoch_time_s": 265.6943235397339
    },
    {
      "epoch": 10,
      "train_loss": 0.38301630011939125,
      "val_auc": 0.9339275689849575,
      "val_f1": 0.7399645637117477,
      "val_auc_ecg": 0.9330986693254493,
      "val_delta_meta": -0.00011126863571264689,
      "lr": 0.001,
      "epoch_time_s": 266.48280930519104
    }
  ]
}