{
  "metadata": {
    "run_name": "ATLAS_A_v5_demo+anthro_lauc0.12_seed2025",
    "variant": "demo+anthro",
    "seed": 2025,
    "meta_hid": 128,
    "lauc_weight": 0.12,
    "no_aug": false,
    "arch_mode": "standard",
    "meta_mask_mode": "real",
    "test_fold": 10,
    "val_fold": 9,
    "timestamp": "2026-05-07T08:41:39.456009",
    "git_sha": "b8fda1f7a68a5b217a3f76d88337426561bd26e4",
    "analysis_plan_sha256": "4ad22e907fbd431a0b443255a3449c0560371997d5ee36a61e164de7aea5c3dc",
    "wall_time_s": 2644.0708754062653,
    "train_time_s": 2614.68345618248,
    "gpu_peak_mem_mb": 0,
    "num_parameters": 3951951,
    "dataset_sizes": {
      "train": 17418,
      "val": 2183,
      "test": 2198
    },
    "train_fold_ids": [
      1,
      2,
      3,
      4,
      5,
      6,
      7,
      8
    ],
    "pos_weights": [
      1.2930489778518677,
      2.9776203632354736,
      3.161012887954712,
      3.4581520557403564,
      7.21991491317749
    ],
    "loss_weights": {
      "fused": 0.48,
      "ecg": 0.3,
      "meta": 0.1,
      "lauc": 0.12
    },
    "hardware": {
      "python_version": "3.11.7 | packaged by Anaconda, Inc. | (main, Dec 15 2023, 18:05:47) [MSC v.1916 64 bit (AMD64)]",
      "torch_version": "2.3.1+cpu",
      "cuda_available": false,
      "numpy_version": "1.26.4",
      "sklearn_version": "1.4.2"
    },
    "best_val_auc": 0.9330406656385039,
    "best_val_epoch": 10
  },
  "test": {
    "macro_auc": 0.9297376943456712,
    "macro_auc_ecg": 0.9279837011326281,
    "macro_auc_no_meta": 0.9283369197610453,
    "delta_meta_auc": 0.0014007745846259523,
    "macro_f1_optimal": 0.7479432431543449,
    "macro_f1_fixed_05": 0.7401610446170919,
    "w_fused": 1.0,
    "thresholds": [
      0.5899999737739563,
      0.5299999713897705,
      0.6349999904632568,
      0.6200000047683716,
      0.6800000071525574
    ]
  },
  "per_class": {
    "NORM": {
      "auc": 0.95041137471044,
      "f1": 0.8613485280151947,
      "threshold": 0.5899999737739563
    },
    "MI": {
      "auc": 0.93306266548985,
      "f1": 0.7406749555950266,
      "threshold": 0.5299999713897705
    },
    "STTC": {
      "auc": 0.9381687663167823,
      "f1": 0.77196261682243,
      "threshold": 0.6349999904632568
    },
    "CD": {
      "auc": 0.919540815359539,
      "f1": 0.7463271302644466,
      "threshold": 0.6200000047683716
    },
    "HYP": {
      "auc": 0.9075048498517444,
      "f1": 0.6194029850746269,
      "threshold": 0.6800000071525574
    }
  },
  "subgroups": {
    "sex_male": {
      "n": 1066,
      "macro_auc": 0.9205179986812364,
      "per_class_auc": [
        0.9446390042393555,
        0.9216730111965152,
        0.9212726983115641,
        0.9097618057000207,
        0.9052434739587265
      ]
    },
    "sex_female": {
      "n": 1132,
      "macro_auc": 0.9382358148533264,
      "per_class_auc": [
        0.9563827645222994,
        0.9427932014758362,
        0.9522890703961082,
        0.9304120578582715,
        0.9093019800141164
      ]
    },
    "age_lt45": {
      "n": 345,
      "macro_auc": 0.9257209887194853,
      "per_class_auc": [
        0.9016903914590747,
        0.9929232444202504,
        0.9588859416445623,
        0.8655240108728481,
        0.9095813552006906
      ]
    },
    "age_45_65": {
      "n": 703,
      "macro_auc": 0.9268990523231772,
      "per_class_auc": [
        0.9279486677115988,
        0.9266547406082289,
        0.9533776734480959,
        0.9061676478833753,
        0.9203465319645864
      ]
    },
    "age_gt65": {
      "n": 1150,
      "macro_auc": 0.9185751745733681,
      "per_class_auc": [
        0.9513265273970444,
        0.9091793109229608,
        0.9156329113924051,
        0.9275773854258837,
        0.8891597377285458
      ]
    },
    "meta_complete": {
      "n": 660,
      "macro_auc": 0.9410323474948206,
      "per_class_auc": [
        0.9593207241683839,
        0.9462765879793866,
        0.9386745213549338,
        0.943915766646217,
        0.916974137325181
      ]
    },
    "meta_incomplete": {
      "n": 1538,
      "macro_auc": 0.9249354069466289,
      "per_class_auc": [
        0.9473890545503116,
        0.928354070221177,
        0.9374878767893858,
        0.9102350389777857,
        0.9012109941944848
      ]
    },
    "fairness_sex_gap": 0.017717816172090006
  },
  "training_history": [
    {
      "epoch": 1,
      "train_loss": 0.638352559903346,
      "val_auc": 0.9015049540109681,
      "val_f1": 0.676482738433083,
      "val_auc_ecg": 0.8986448723064188,
      "val_delta_meta": 0.002114266986293467,
      "lr": 0.0009755527298894294,
      "epoch_time_s": 243.31340980529785
    },
    {
      "epoch": 2,
      "train_loss": 0.5539879915911123,
      "val_auc": 0.9141491458412551,
      "val_f1": 0.6915318038674942,
      "val_auc_ecg": 0.9133373913316714,
      "val_delta_meta": -7.529575411724387e-05,
      "lr": 0.0009046039886902864,
      "epoch_time_s": 243.26617550849915
    },
    {
      "epoch": 3,
      "train_loss": 0.5210695055646634,
      "val_auc": 0.9165765784923334,
      "val_f1": 0.7104118496757891,
      "val_auc_ecg": 0.9146001255742144,
      "val_delta_meta": 0.0015550932724232025,
      "lr": 0.0007940987335200904,
      "epoch_time_s": 259.0561363697052
    },
    {
      "epoch": 4,
      "train_loss": 0.49457889117232157,
      "val_auc": 0.9227837020866658,
      "val_f1": 0.7182376661632743,
      "val_auc_ecg": 0.9209506991579713,
      "val_delta_meta": 0.001108947398221316,
      "lr": 0.0006548539886902864,
      "epoch_time_s": 265.42129015922546
    },
    {
      "epoch": 5,
      "train_loss": 0.4745849847793579,
      "val_auc": 0.921970248729252,
      "val_f1": 0.7221768672974009,
      "val_auc_ecg": 0.9204681270837771,
      "val_delta_meta": 0.0005434672992886691,
      "lr": 0.0005005000000000001,
      "epoch_time_s": 264.5849976539612
    },
    {
      "epoch": 6,
      "train_loss": 0.4511281389435497,
      "val_auc": 0.9263970557032142,
      "val_f1": 0.7140137852053628,
      "val_auc_ecg": 0.925817705394173,
      "val_delta_meta": 1.8857263275329217e-05,
      "lr": 0.0003461460113097139,
      "epoch_time_s": 266.0443687438965
    },
    {
      "epoch": 7,
      "train_loss": 0.4286181418173904,
      "val_auc": 0.9299260710953081,
      "val_f1": 0.7329513299128175,
      "val_auc_ecg": 0.9294557513333725,
      "val_delta_meta": -2.8291353013076836e-05,
      "lr": 0.00020690126647990973,
      "epoch_time_s": 265.42821741104126
    },
    {
      "epoch": 8,
      "train_loss": 0.4121983878929681,
      "val_auc": 0.9309075862555984,
      "val_f1": 0.74404244765573,
      "val_auc_ecg": 0.9307468021798698,
      "val_delta_meta": -0.000526657995601254,
      "lr": 9.639601130971382e-05,
      "epoch_time_s": 265.9849274158478
    },
    {
      "epoch": 9,
      "train_loss": 0.39172021467751317,
      "val_auc": 0.9327556742908587,
      "val_f1": 0.7408275138894846,
      "val_auc_ecg": 0.9329728746366497,
      "val_delta_meta": -0.00018705337876212536,
      "lr": 2.5447270110570814e-05,
      "epoch_time_s": 265.73423075675964
    },
    {
      "epoch": 10,
      "train_loss": 0.37977875897643765,
      "val_auc": 0.9330406656385039,
      "val_f1": 0.7446664160311893,
      "val_auc_ecg": 0.9327933407219428,
      "val_delta_meta": 3.673487689737076e-05,
      "lr": 0.001,
      "epoch_time_s": 265.61938667297363
    }
  ]
}