{
  "metadata": {
    "run_name": "ATLAS_A_v5_demo+anthro_metaH32_seed2029",
    "variant": "demo+anthro",
    "seed": 2029,
    "meta_hid": 32,
    "lauc_weight": 0.08,
    "no_aug": false,
    "arch_mode": "standard",
    "meta_mask_mode": "real",
    "test_fold": 10,
    "val_fold": 9,
    "timestamp": "2026-05-05T22:50:24.110609",
    "git_sha": "b8fda1f7a68a5b217a3f76d88337426561bd26e4",
    "analysis_plan_sha256": "4ad22e907fbd431a0b443255a3449c0560371997d5ee36a61e164de7aea5c3dc",
    "wall_time_s": 2639.3461015224457,
    "train_time_s": 2609.8452875614166,
    "gpu_peak_mem_mb": 0,
    "num_parameters": 3926895,
    "dataset_sizes": {
      "train": 17418,
      "val": 2183,
      "test": 2198
    },
    "train_fold_ids": [
      1,
      2,
      3,
      4,
      5,
      6,
      7,
      8
    ],
    "pos_weights": [
      1.2930489778518677,
      2.9776203632354736,
      3.161012887954712,
      3.4581520557403564,
      7.21991491317749
    ],
    "loss_weights": {
      "fused": 0.52,
      "ecg": 0.3,
      "meta": 0.1,
      "lauc": 0.08
    },
    "hardware": {
      "python_version": "3.11.7 | packaged by Anaconda, Inc. | (main, Dec 15 2023, 18:05:47) [MSC v.1916 64 bit (AMD64)]",
      "torch_version": "2.3.1+cpu",
      "cuda_available": false,
      "numpy_version": "1.26.4",
      "sklearn_version": "1.4.2"
    },
    "best_val_auc": 0.9319030287014106,
    "best_val_epoch": 10
  },
  "test": {
    "macro_auc": 0.9274133178128828,
    "macro_auc_ecg": 0.9261454753946434,
    "macro_auc_no_meta": 0.926450505715408,
    "delta_meta_auc": 0.0009628120974748411,
    "macro_f1_optimal": 0.7399713801571142,
    "macro_f1_fixed_05": 0.735089898984279,
    "w_fused": 1.0,
    "thresholds": [
      0.6650000214576721,
      0.6050000190734863,
      0.6200000047683716,
      0.7250000238418579,
      0.800000011920929
    ]
  },
  "per_class": {
    "NORM": {
      "auc": 0.9475592888283492,
      "f1": 0.8604073522106309,
      "threshold": 0.6650000214576721
    },
    "MI": {
      "auc": 0.9283373786407767,
      "f1": 0.7262872628726287,
      "threshold": 0.6050000190734863
    },
    "STTC": {
      "auc": 0.9351666500709039,
      "f1": 0.7628318584070797,
      "threshold": 0.6200000047683716
    },
    "CD": {
      "auc": 0.9178172737955346,
      "f1": 0.7566462167689162,
      "threshold": 0.7250000238418579
    },
    "HYP": {
      "auc": 0.9081859977288499,
      "f1": 0.5936842105263158,
      "threshold": 0.800000011920929
    }
  },
  "subgroups": {
    "sex_male": {
      "n": 1066,
      "macro_auc": 0.9193623693669564,
      "per_class_auc": [
        0.9409417657837388,
        0.9172002391960679,
        0.9212682736894269,
        0.9078479301019348,
        0.9095536380636128
      ]
    },
    "sex_female": {
      "n": 1132,
      "macro_auc": 0.9351907320217092,
      "per_class_auc": [
        0.9550016359609382,
        0.9377406802556503,
        0.9470421254721041,
        0.928758096164198,
        0.9074111222556559
      ]
    },
    "age_lt45": {
      "n": 345,
      "macro_auc": 0.9213859956521976,
      "per_class_auc": [
        0.8889568505338078,
        0.9869352204681546,
        0.9575596816976127,
        0.858501963153126,
        0.9149762624082867
      ]
    },
    "age_45_65": {
      "n": 703,
      "macro_auc": 0.9240009953652091,
      "per_class_auc": [
        0.926732301462905,
        0.9259466308884913,
        0.9514866979655712,
        0.9030698065601346,
        0.9127695399489436
      ]
    },
    "age_gt65": {
      "n": 1150,
      "macro_auc": 0.916131194524174,
      "per_class_auc": [
        0.9476833033998172,
        0.9014502472965042,
        0.9113361462728552,
        0.9273441462520686,
        0.8928421293996255
      ]
    },
    "meta_complete": {
      "n": 660,
      "macro_auc": 0.9386000422856654,
      "per_class_auc": [
        0.9588883573741537,
        0.9401159141009358,
        0.9376730486008837,
        0.9400778987316489,
        0.9162449926207041
      ]
    },
    "meta_incomplete": {
      "n": 1538,
      "macro_auc": 0.9229422567151466,
      "per_class_auc": [
        0.9441573558008386,
        0.9238586560115001,
        0.9338484889630291,
        0.909658284977434,
        0.9031884978229318
      ]
    },
    "fairness_sex_gap": 0.015828362654752848
  },
  "training_history": [
    {
      "epoch": 1,
      "train_loss": 0.6509219089779286,
      "val_auc": 0.8991907282485636,
      "val_f1": 0.6774846762577285,
      "val_auc_ecg": 0.8933728402114998,
      "val_delta_meta": 0.002020272095106912,
      "lr": 0.0009755527298894294,
      "epoch_time_s": 242.7937250137329
    },
    {
      "epoch": 2,
      "train_loss": 0.5589862250406807,
      "val_auc": 0.9123250834681922,
      "val_f1": 0.6692235626199833,
      "val_auc_ecg": 0.9099010914521175,
      "val_delta_meta": 0.0010722881868220346,
      "lr": 0.0009046039886902864,
      "epoch_time_s": 243.26450490951538
    },
    {
      "epoch": 3,
      "train_loss": 0.5240800538194289,
      "val_auc": 0.915093318649838,
      "val_f1": 0.7066978957091654,
      "val_auc_ecg": 0.9109860294153164,
      "val_delta_meta": 0.0017979548700461923,
      "lr": 0.0007940987335200904,
      "epoch_time_s": 258.8348524570465
    },
    {
      "epoch": 4,
      "train_loss": 0.5016009284268825,
      "val_auc": 0.9228720662964196,
      "val_f1": 0.725249418679079,
      "val_auc_ecg": 0.9218311449071956,
      "val_delta_meta": 0.0010366733506099735,
      "lr": 0.0006548539886902864,
      "epoch_time_s": 264.59949469566345
    },
    {
      "epoch": 5,
      "train_loss": 0.48005470677253304,
      "val_auc": 0.9241526668256274,
      "val_f1": 0.7210968320616787,
      "val_auc_ecg": 0.9239507189081995,
      "val_delta_meta": 9.704916001052055e-05,
      "lr": 0.0005005000000000001,
      "epoch_time_s": 264.06875491142273
    },
    {
      "epoch": 6,
      "train_loss": 0.46342689712113194,
      "val_auc": 0.9243463898601897,
      "val_f1": 0.7178451960612222,
      "val_auc_ecg": 0.9231858644443627,
      "val_delta_meta": 0.00034855046570370085,
      "lr": 0.0003461460113097139,
      "epoch_time_s": 264.45154666900635
    },
    {
      "epoch": 7,
      "train_loss": 0.443482048249026,
      "val_auc": 0.9301676361032696,
      "val_f1": 0.7349481987378759,
      "val_auc_ecg": 0.929537160615709,
      "val_delta_meta": 0.0005327446284815185,
      "lr": 0.00020690126647990973,
      "epoch_time_s": 265.82207202911377
    },
    {
      "epoch": 8,
      "train_loss": 0.4183844642081392,
      "val_auc": 0.9309802535715423,
      "val_f1": 0.7402778842899741,
      "val_auc_ecg": 0.9310105298216442,
      "val_delta_meta": 1.673160467619006e-06,
      "lr": 9.639601130971382e-05,
      "epoch_time_s": 265.45869731903076
    },
    {
      "epoch": 9,
      "train_loss": 0.4000977823220262,
      "val_auc": 0.9273684059693856,
      "val_f1": 0.745530816955968,
      "val_auc_ecg": 0.926943599797306,
      "val_delta_meta": 0.0003497568874383239,
      "lr": 2.5447270110570814e-05,
      "epoch_time_s": 264.7186551094055
    },
    {
      "epoch": 10,
      "train_loss": 0.39005760837585557,
      "val_auc": 0.9319030287014106,
      "val_f1": 0.7436549950684888,
      "val_auc_ecg": 0.9315853602638752,
      "val_delta_meta": 0.00035548402320839667,
      "lr": 0.001,
      "epoch_time_s": 265.60299348831177
    }
  ]
}