{
  "metadata": {
    "run_name": "ATLAS_A_v5_demo+anthro_noaug_seed2036",
    "variant": "demo+anthro",
    "seed": 2036,
    "meta_hid": 128,
    "lauc_weight": 0.08,
    "no_aug": true,
    "arch_mode": "standard",
    "meta_mask_mode": "real",
    "test_fold": 10,
    "val_fold": 9,
    "timestamp": "2026-05-08T07:27:55.530551",
    "git_sha": "b8fda1f7a68a5b217a3f76d88337426561bd26e4",
    "analysis_plan_sha256": "4ad22e907fbd431a0b443255a3449c0560371997d5ee36a61e164de7aea5c3dc",
    "wall_time_s": 2626.3741347789764,
    "train_time_s": 2596.7287101745605,
    "gpu_peak_mem_mb": 0,
    "num_parameters": 3951951,
    "dataset_sizes": {
      "train": 17418,
      "val": 2183,
      "test": 2198
    },
    "train_fold_ids": [
      1,
      2,
      3,
      4,
      5,
      6,
      7,
      8
    ],
    "pos_weights": [
      1.2930489778518677,
      2.9776203632354736,
      3.161012887954712,
      3.4581520557403564,
      7.21991491317749
    ],
    "loss_weights": {
      "fused": 0.52,
      "ecg": 0.3,
      "meta": 0.1,
      "lauc": 0.08
    },
    "hardware": {
      "python_version": "3.11.7 | packaged by Anaconda, Inc. | (main, Dec 15 2023, 18:05:47) [MSC v.1916 64 bit (AMD64)]",
      "torch_version": "2.3.1+cpu",
      "cuda_available": false,
      "numpy_version": "1.26.4",
      "sklearn_version": "1.4.2"
    },
    "best_val_auc": 0.9307445941194814,
    "best_val_epoch": 8
  },
  "test": {
    "macro_auc": 0.9273235157519807,
    "macro_auc_ecg": 0.9250882866239849,
    "macro_auc_no_meta": 0.9255950062334944,
    "delta_meta_auc": 0.0017285095184862431,
    "macro_f1_optimal": 0.7448137155692576,
    "macro_f1_fixed_05": 0.7271698199766622,
    "w_fused": 1.0,
    "thresholds": [
      0.5,
      0.6800000071525574,
      0.6349999904632568,
      0.7549999952316284,
      0.7549999952316284
    ]
  },
  "per_class": {
    "NORM": {
      "auc": 0.9493763164200941,
      "f1": 0.858522452921294,
      "threshold": 0.5
    },
    "MI": {
      "auc": 0.9292464695498677,
      "f1": 0.7431597528684908,
      "threshold": 0.6800000071525574
    },
    "STTC": {
      "auc": 0.9361166144186276,
      "f1": 0.773602199816682,
      "threshold": 0.6349999904632568
    },
    "CD": {
      "auc": 0.9119868465941396,
      "f1": 0.7307286166842661,
      "threshold": 0.7549999952316284
    },
    "HYP": {
      "auc": 0.9098913317771748,
      "f1": 0.6180555555555556,
      "threshold": 0.7549999952316284
    }
  },
  "subgroups": {
    "sex_male": {
      "n": 1066,
      "macro_auc": 0.9208936106671667,
      "per_class_auc": [
        0.9450835402413504,
        0.9224946399661625,
        0.9228522884145693,
        0.9051799459122115,
        0.9088576388015395
      ]
    },
    "sex_female": {
      "n": 1132,
      "macro_auc": 0.9332859259470073,
      "per_class_auc": [
        0.9541490486257929,
        0.9350470775620475,
        0.9463796080024373,
        0.9196982062546667,
        0.9111556892900924
      ]
    },
    "age_lt45": {
      "n": 345,
      "macro_auc": 0.9250684945997045,
      "per_class_auc": [
        0.8902913701067615,
        0.9809471965160588,
        0.9559922835784904,
        0.8576713983690729,
        0.9404402244281398
      ]
    },
    "age_45_65": {
      "n": 703,
      "macro_auc": 0.925017703703692,
      "per_class_auc": [
        0.9333202716823406,
        0.9233253826277081,
        0.9472483046426708,
        0.9001962433417438,
        0.9209983162239965
      ]
    },
    "age_gt65": {
      "n": 1150,
      "macro_auc": 0.9159534521891052,
      "per_class_auc": [
        0.9486325109493651,
        0.9070835778355267,
        0.9153023909985936,
        0.9198101507169328,
        0.888938630445108
      ]
    },
    "meta_complete": {
      "n": 660,
      "macro_auc": 0.9396330265364126,
      "per_class_auc": [
        0.9593207241683839,
        0.9415319931677835,
        0.9398762886597938,
        0.9386083805338773,
        0.9188277461522244
      ]
    },
    "meta_incomplete": {
      "n": 1538,
      "macro_auc": 0.9219557725594271,
      "per_class_auc": [
        0.9460394777241763,
        0.924122341613203,
        0.9341855142181015,
        0.9017032999238026,
        0.9037282293178519
      ]
    },
    "fairness_sex_gap": 0.012392315279840638
  },
  "training_history": [
    {
      "epoch": 1,
      "train_loss": 0.6479380050930408,
      "val_auc": 0.9009743357257971,
      "val_f1": 0.6737512618213846,
      "val_auc_ecg": 0.8988297231768421,
      "val_delta_meta": 0.0018389928557478452,
      "lr": 0.0009755527298894294,
      "epoch_time_s": 241.2096631526947
    },
    {
      "epoch": 2,
      "train_loss": 0.5603519208387497,
      "val_auc": 0.9149964737464652,
      "val_f1": 0.6976622922414369,
      "val_auc_ecg": 0.914424193402264,
      "val_delta_meta": 1.9118447690646967e-05,
      "lr": 0.0009046039886902864,
      "epoch_time_s": 241.82696843147278
    },
    {
      "epoch": 3,
      "train_loss": 0.5243081952453753,
      "val_auc": 0.9167015830685488,
      "val_f1": 0.7127121576225157,
      "val_auc_ecg": 0.9148499967091199,
      "val_delta_meta": 0.0006294239947214342,
      "lr": 0.0007940987335200904,
      "epoch_time_s": 257.1310341358185
    },
    {
      "epoch": 4,
      "train_loss": 0.5019755506734236,
      "val_auc": 0.9243438238857621,
      "val_f1": 0.7234712379480133,
      "val_auc_ecg": 0.9230320903239058,
      "val_delta_meta": 0.0017283313958099678,
      "lr": 0.0006548539886902864,
      "epoch_time_s": 263.50886631011963
    },
    {
      "epoch": 5,
      "train_loss": 0.4717209836211773,
      "val_auc": 0.9192390578472283,
      "val_f1": 0.718617709838784,
      "val_auc_ecg": 0.9202662951104996,
      "val_delta_meta": -0.0012715326363930135,
      "lr": 0.0005005000000000001,
      "epoch_time_s": 263.6347007751465
    },
    {
      "epoch": 6,
      "train_loss": 0.447945524820494,
      "val_auc": 0.9276164541520172,
      "val_f1": 0.7226399360664603,
      "val_auc_ecg": 0.927894293221823,
      "val_delta_meta": 6.474396686062533e-05,
      "lr": 0.0003461460113097139,
      "epoch_time_s": 263.7969889640808
    },
    {
      "epoch": 7,
      "train_loss": 0.4241700923224108,
      "val_auc": 0.9257967914751635,
      "val_f1": 0.7277613948515009,
      "val_auc_ecg": 0.9265622173059972,
      "val_delta_meta": -0.0008399253827464648,
      "lr": 0.00020690126647990973,
      "epoch_time_s": 263.767484664917
    },
    {
      "epoch": 8,
      "train_loss": 0.40217793157341286,
      "val_auc": 0.9307445941194814,
      "val_f1": 0.7307695735815186,
      "val_auc_ecg": 0.9310915652366598,
      "val_delta_meta": -1.7798704486926553e-06,
      "lr": 9.639601130971382e-05,
      "epoch_time_s": 264.59758043289185
    },
    {
      "epoch": 9,
      "train_loss": 0.37686997195449445,
      "val_auc": 0.9299446056892796,
      "val_f1": 0.7386650424089279,
      "val_auc_ecg": 0.9304202003161108,
      "val_delta_meta": 1.2826759067663396e-05,
      "lr": 2.5447270110570814e-05,
      "epoch_time_s": 264.479615688324
    },
    {
      "epoch": 10,
      "train_loss": 0.35997387184462415,
      "val_auc": 0.9301906003121216,
      "val_f1": 0.7371901305951051,
      "val_auc_ecg": 0.9311339905439528,
      "val_delta_meta": -0.0003574878831184014,
      "lr": 0.001,
      "epoch_time_s": 264.85768818855286
    }
  ]
}