{
  "metadata": {
    "run_name": "ATLAS_A_v5_demo+anthro_trainmask_seed2028",
    "variant": "demo+anthro",
    "seed": 2028,
    "meta_hid": 128,
    "lauc_weight": 0.08,
    "no_aug": false,
    "arch_mode": "standard",
    "meta_mask_mode": "trainmask",
    "test_fold": 10,
    "val_fold": 9,
    "timestamp": "2026-05-10T18:10:13.965506",
    "git_sha": "b8fda1f7a68a5b217a3f76d88337426561bd26e4",
    "analysis_plan_sha256": "4ad22e907fbd431a0b443255a3449c0560371997d5ee36a61e164de7aea5c3dc",
    "wall_time_s": 2879.1757435798645,
    "train_time_s": 2818.3051192760468,
    "gpu_peak_mem_mb": 0,
    "num_parameters": 3951951,
    "dataset_sizes": {
      "train": 17418,
      "val": 2183,
      "test": 2198
    },
    "train_fold_ids": [
      1,
      2,
      3,
      4,
      5,
      6,
      7,
      8
    ],
    "pos_weights": [
      1.2930489778518677,
      2.9776203632354736,
      3.161012887954712,
      3.4581520557403564,
      7.21991491317749
    ],
    "loss_weights": {
      "fused": 0.52,
      "ecg": 0.3,
      "meta": 0.1,
      "lauc": 0.08
    },
    "hardware": {
      "python_version": "3.11.7 | packaged by Anaconda, Inc. | (main, Dec 15 2023, 18:05:47) [MSC v.1916 64 bit (AMD64)]",
      "torch_version": "2.3.1+cpu",
      "cuda_available": false,
      "numpy_version": "1.26.4",
      "sklearn_version": "1.4.2"
    },
    "best_val_auc": 0.49244906349910866,
    "best_val_epoch": 1
  },
  "test": {
    "macro_auc": 0.4911594115309116,
    "macro_auc_ecg": 0.8887136126616679,
    "macro_auc_no_meta": 0.8904222405657043,
    "delta_meta_auc": -0.3992628290347927,
    "macro_f1_optimal": 0.23696443441733256,
    "macro_f1_fixed_05": 0.23696443441733256,
    "w_fused": 1.0,
    "thresholds": [
      0.05000000074505806,
      0.05000000074505806,
      0.05000000074505806,
      0.05000000074505806,
      0.05000000074505806
    ]
  },
  "per_class": {
    "NORM": {
      "auc": 0.500871517398817,
      "f1": 0.6091370558375635,
      "threshold": 0.05000000074505806
    },
    "MI": {
      "auc": 0.45752537511032654,
      "f1": 0.09942196531791908,
      "threshold": 0.05000000074505806
    },
    "STTC": {
      "auc": 0.503898859699422,
      "f1": 0.076158940397351,
      "threshold": 0.05000000074505806
    },
    "CD": {
      "auc": 0.5060744475190478,
      "f1": 0.19300361881785283,
      "threshold": 0.05000000074505806
    },
    "HYP": {
      "auc": 0.4874268579269447,
      "f1": 0.20710059171597633,
      "threshold": 0.05000000074505806
    }
  },
  "subgroups": {
    "sex_male": {
      "n": 1066,
      "macro_auc": 0.4967807841628322,
      "per_class_auc": [
        0.5006830675152606,
        0.4713426580906125,
        0.49838943754203385,
        0.5110359891824423,
        0.5024527684838117
      ]
    },
    "sex_female": {
      "n": 1132,
      "macro_auc": 0.4874322820557403,
      "per_class_auc": [
        0.5008116883116883,
        0.44634166011411525,
        0.5106969973934532,
        0.5060319679105385,
        0.473279096548906
      ]
    },
    "age_lt45": {
      "n": 345,
      "macro_auc": 0.48969824959169445,
      "per_class_auc": [
        0.5,
        0.4735982580293957,
        0.49686520376175547,
        0.478027786167321,
        0.5
      ]
    },
    "age_45_65": {
      "n": 703,
      "macro_auc": 0.49898901191908784,
      "per_class_auc": [
        0.5020980276907001,
        0.4433387994434506,
        0.5146648408972353,
        0.538197364732268,
        0.4966460268317853
      ]
    },
    "age_gt65": {
      "n": 1150,
      "macro_auc": 0.4978286962926483,
      "per_class_auc": [
        0.5000827110312883,
        0.48807779361220555,
        0.4942774261603376,
        0.5121376925611514,
        0.494567858098259
      ]
    },
    "meta_complete": {
      "n": 660,
      "macro_auc": 0.4816571645946045,
      "per_class_auc": [
        0.5039740947895202,
        0.38691805719791533,
        0.500100147275405,
        0.5304532678945941,
        0.4868402558155879
      ]
    },
    "meta_incomplete": {
      "n": 1538,
      "macro_auc": 0.49968724011954874,
      "per_class_auc": [
        0.5,
        0.5008580414539283,
        0.5014450867052023,
        0.49780669362874397,
        0.4983263788098694
      ]
    },
    "fairness_sex_gap": 0.009348502107091927
  },
  "training_history": [
    {
      "epoch": 1,
      "train_loss": 0.6003150489352165,
      "val_auc": 0.49244906349910866,
      "val_f1": 0.24250921611245882,
      "val_auc_ecg": 0.9006328262349699,
      "val_delta_meta": -0.4102715149569961,
      "lr": 0.0009755527298894294,
      "epoch_time_s": 243.34334921836853
    },
    {
      "epoch": 2,
      "train_loss": 0.5129522130030011,
      "val_auc": 0.49244906349910866,
      "val_f1": 0.24250921611245882,
      "val_auc_ecg": 0.9071599169377464,
      "val_delta_meta": -0.416287204783644,
      "lr": 0.0009046039886902864,
      "epoch_time_s": 243.3305368423462
    },
    {
      "epoch": 3,
      "train_loss": 0.4804430805215048,
      "val_auc": 0.49244906349910866,
      "val_f1": 0.24250921611245882,
      "val_auc_ecg": 0.9133334276507172,
      "val_delta_meta": -0.42117343717958733,
      "lr": 0.0007940987335200904,
      "epoch_time_s": 437.4155704975128
    },
    {
      "epoch": 4,
      "train_loss": 0.45265463820291224,
      "val_auc": 0.49244906349910866,
      "val_f1": 0.24250921611245882,
      "val_auc_ecg": 0.9228454374923262,
      "val_delta_meta": -0.43047184490308055,
      "lr": 0.0006548539886902864,
      "epoch_time_s": 316.8862476348877
    },
    {
      "epoch": 5,
      "train_loss": 0.4306182511082483,
      "val_auc": 0.49244906349910866,
      "val_f1": 0.24250921611245882,
      "val_auc_ecg": 0.9167857905626953,
      "val_delta_meta": -0.4256118615640545,
      "lr": 0.0005005000000000001,
      "epoch_time_s": 261.7170341014862
    },
    {
      "epoch": 6,
      "train_loss": 0.41040443072625254,
      "val_auc": 0.49244906349910866,
      "val_f1": 0.24250921611245882,
      "val_auc_ecg": 0.9270955280351917,
      "val_delta_meta": -0.4343250258324841,
      "lr": 0.0003461460113097139,
      "epoch_time_s": 261.5383632183075
    },
    {
      "epoch": 7,
      "train_loss": 0.3897621915427917,
      "val_auc": 0.49244906349910866,
      "val_f1": 0.24250921611245882,
      "val_auc_ecg": 0.9261009609794403,
      "val_delta_meta": -0.4338222059290042,
      "lr": 0.00020690126647990973,
      "epoch_time_s": 261.8327293395996
    },
    {
      "epoch": 8,
      "train_loss": 0.3710561113346607,
      "val_auc": 0.49244906349910866,
      "val_f1": 0.24250921611245882,
      "val_auc_ecg": 0.92973308204481,
      "val_delta_meta": -0.43723923334140546,
      "lr": 9.639601130971382e-05,
      "epoch_time_s": 262.04592657089233
    },
    {
      "epoch": 9,
      "train_loss": 0.3535936481635505,
      "val_auc": 0.49244906349910866,
      "val_f1": 0.24250921611245882,
      "val_auc_ecg": 0.927366169898038,
      "val_delta_meta": -0.4352123275680658,
      "lr": 2.5447270110570814e-05,
      "epoch_time_s": 263.441171169281
    },
    {
      "epoch": 10,
      "train_loss": 0.3429851328014234,
      "val_auc": 0.49244906349910866,
      "val_f1": 0.24250921611245882,
      "val_auc_ecg": 0.9314615675454944,
      "val_delta_meta": -0.43901579522821943,
      "lr": 0.001,
      "epoch_time_s": 262.53541350364685
    }
  ]
}