{
  "metadata": {
    "run_name": "ATLAS_A_v5_demo+anthro_metaH32_seed2028",
    "variant": "demo+anthro",
    "seed": 2028,
    "meta_hid": 32,
    "lauc_weight": 0.08,
    "no_aug": false,
    "arch_mode": "standard",
    "meta_mask_mode": "real",
    "test_fold": 10,
    "val_fold": 9,
    "timestamp": "2026-05-05T22:06:21.145272",
    "git_sha": "b8fda1f7a68a5b217a3f76d88337426561bd26e4",
    "analysis_plan_sha256": "4ad22e907fbd431a0b443255a3449c0560371997d5ee36a61e164de7aea5c3dc",
    "wall_time_s": 2632.003870487213,
    "train_time_s": 2602.466336965561,
    "gpu_peak_mem_mb": 0,
    "num_parameters": 3926895,
    "dataset_sizes": {
      "train": 17418,
      "val": 2183,
      "test": 2198
    },
    "train_fold_ids": [
      1,
      2,
      3,
      4,
      5,
      6,
      7,
      8
    ],
    "pos_weights": [
      1.2930489778518677,
      2.9776203632354736,
      3.161012887954712,
      3.4581520557403564,
      7.21991491317749
    ],
    "loss_weights": {
      "fused": 0.52,
      "ecg": 0.3,
      "meta": 0.1,
      "lauc": 0.08
    },
    "hardware": {
      "python_version": "3.11.7 | packaged by Anaconda, Inc. | (main, Dec 15 2023, 18:05:47) [MSC v.1916 64 bit (AMD64)]",
      "torch_version": "2.3.1+cpu",
      "cuda_available": false,
      "numpy_version": "1.26.4",
      "sklearn_version": "1.4.2"
    },
    "best_val_auc": 0.9320969513693574,
    "best_val_epoch": 10
  },
  "test": {
    "macro_auc": 0.9284281944872971,
    "macro_auc_ecg": 0.9274594645523327,
    "macro_auc_no_meta": 0.9277340102417,
    "delta_meta_auc": 0.0006941842455970848,
    "macro_f1_optimal": 0.7485462177725333,
    "macro_f1_fixed_05": 0.7394940614276871,
    "w_fused": 1.0,
    "thresholds": [
      0.6200000047683716,
      0.6200000047683716,
      0.6650000214576721,
      0.6499999761581421,
      0.6949999928474426
    ]
  },
  "per_class": {
    "NORM": {
      "auc": 0.9488213704642627,
      "f1": 0.8658178256611165,
      "threshold": 0.6200000047683716
    },
    "MI": {
      "auc": 0.92614960282436,
      "f1": 0.7332123411978222,
      "threshold": 0.6200000047683716
    },
    "STTC": {
      "auc": 0.9367976129570559,
      "f1": 0.7803521779425394,
      "threshold": 0.6650000214576721
    },
    "CD": {
      "auc": 0.919428281717903,
      "f1": 0.7430278884462151,
      "threshold": 0.6499999761581421
    },
    "HYP": {
      "auc": 0.9109441044729039,
      "f1": 0.6203208556149733,
      "threshold": 0.6949999928474426
    }
  },
  "subgroups": {
    "sex_male": {
      "n": 1066,
      "macro_auc": 0.9210683377074877,
      "per_class_auc": [
        0.945564217381719,
        0.9140255434174895,
        0.9213434922657605,
        0.9152069898065321,
        0.9092014456659371
      ]
    },
    "sex_female": {
      "n": 1132,
      "macro_auc": 0.9357786997472202,
      "per_class_auc": [
        0.9534946642504782,
        0.9369100183471439,
        0.9502918461992291,
        0.9250204032020004,
        0.9131765667372488
      ]
    },
    "age_lt45": {
      "n": 345,
      "macro_auc": 0.9188384032810116,
      "per_class_auc": [
        0.8709964412811387,
        0.9825802939575394,
        0.9509283819628648,
        0.8863636363636364,
        0.9033232628398792
      ]
    },
    "age_45_65": {
      "n": 703,
      "macro_auc": 0.9263854740231633,
      "per_class_auc": [
        0.9282752089864159,
        0.9263565891472868,
        0.950886802295253,
        0.8984580880291562,
        0.9279506816577047
      ]
    },
    "age_gt65": {
      "n": 1150,
      "macro_auc": 0.9173877506778613,
      "per_class_auc": [
        0.9526695970003466,
        0.8985765780870149,
        0.9152355836849507,
        0.9272108667241743,
        0.8932461278928203
      ]
    },
    "meta_complete": {
      "n": 660,
      "macro_auc": 0.9398224478320572,
      "per_class_auc": [
        0.9571220930232558,
        0.9336486664038891,
        0.9397584683357879,
        0.9424462484484456,
        0.9261367629489071
      ]
    },
    "meta_incomplete": {
      "n": 1538,
      "macro_auc": 0.9236085312945767,
      "per_class_auc": [
        0.9461938637621274,
        0.9229485153862675,
        0.9353590410055476,
        0.9108516499619014,
        0.9026895863570392
      ]
    },
    "fairness_sex_gap": 0.014710362039732416
  },
  "training_history": [
    {
      "epoch": 1,
      "train_loss": 0.6511417354465625,
      "val_auc": 0.8990734933578377,
      "val_f1": 0.6939921848710079,
      "val_auc_ecg": 0.8931297368406946,
      "val_delta_meta": 0.0010926738009079395,
      "lr": 0.0009755527298894294,
      "epoch_time_s": 242.36515188217163
    },
    {
      "epoch": 2,
      "train_loss": 0.5554151019918809,
      "val_auc": 0.9123866944826317,
      "val_f1": 0.6936217458736338,
      "val_auc_ecg": 0.909904891295669,
      "val_delta_meta": 0.0015712764020993086,
      "lr": 0.0009046039886902864,
      "epoch_time_s": 242.14366245269775
    },
    {
      "epoch": 3,
      "train_loss": 0.5210547646798125,
      "val_auc": 0.9153312064611893,
      "val_f1": 0.7085124889034342,
      "val_auc_ecg": 0.9136543009552017,
      "val_delta_meta": 0.0007987568150230606,
      "lr": 0.0007940987335200904,
      "epoch_time_s": 258.0888452529907
    },
    {
      "epoch": 4,
      "train_loss": 0.5008861667519315,
      "val_auc": 0.9215339441676595,
      "val_f1": 0.7057124361866945,
      "val_auc_ecg": 0.9203893820772191,
      "val_delta_meta": 0.0006393811451885778,
      "lr": 0.0006548539886902864,
      "epoch_time_s": 264.4936511516571
    },
    {
      "epoch": 5,
      "train_loss": 0.4791762643450991,
      "val_auc": 0.9286553866773056,
      "val_f1": 0.7335526114745007,
      "val_auc_ecg": 0.9276814437522922,
      "val_delta_meta": 0.0010927358051796565,
      "lr": 0.0005005000000000001,
      "epoch_time_s": 264.9414954185486
    },
    {
      "epoch": 6,
      "train_loss": 0.45643130983781377,
      "val_auc": 0.920674139273957,
      "val_f1": 0.7248265248129439,
      "val_auc_ecg": 0.9191865713024105,
      "val_delta_meta": 0.00038886497265344655,
      "lr": 0.0003461460113097139,
      "epoch_time_s": 263.93118834495544
    },
    {
      "epoch": 7,
      "train_loss": 0.4342262599172942,
      "val_auc": 0.9258862708166339,
      "val_f1": 0.7269847233985951,
      "val_auc_ecg": 0.9247959134648687,
      "val_delta_meta": 0.00042393408341556693,
      "lr": 0.00020690126647990973,
      "epoch_time_s": 263.9936113357544
    },
    {
      "epoch": 8,
      "train_loss": 0.41511519920388495,
      "val_auc": 0.9316727854018506,
      "val_f1": 0.7421770990065031,
      "val_auc_ecg": 0.9306480815615611,
      "val_delta_meta": 0.0009727970235049455,
      "lr": 9.639601130971382e-05,
      "epoch_time_s": 264.20820212364197
    },
    {
      "epoch": 9,
      "train_loss": 0.3993231250605452,
      "val_auc": 0.9309683843479558,
      "val_f1": 0.7353041499735291,
      "val_auc_ecg": 0.930087004958087,
      "val_delta_meta": 0.00042082317836555916,
      "lr": 2.5447270110570814e-05,
      "epoch_time_s": 264.42934823036194
    },
    {
      "epoch": 10,
      "train_loss": 0.3864549317491164,
      "val_auc": 0.9320969513693574,
      "val_f1": 0.7391639095200422,
      "val_auc_ecg": 0.9312375848468261,
      "val_delta_meta": 0.0005935517859169126,
      "lr": 0.001,
      "epoch_time_s": 264.87869119644165
    }
  ]
}