{
  "metadata": {
    "run_name": "ATLAS_A_v5_demo+anthro_no_q_meta_seed2025",
    "variant": "demo+anthro",
    "seed": 2025,
    "meta_hid": 128,
    "lauc_weight": 0.08,
    "no_aug": false,
    "arch_mode": "no_q_meta",
    "meta_mask_mode": "real",
    "test_fold": 10,
    "val_fold": 9,
    "timestamp": "2026-05-10T01:00:17.649614",
    "git_sha": "b8fda1f7a68a5b217a3f76d88337426561bd26e4",
    "analysis_plan_sha256": "4ad22e907fbd431a0b443255a3449c0560371997d5ee36a61e164de7aea5c3dc",
    "wall_time_s": 2645.76038646698,
    "train_time_s": 2616.4791493415833,
    "gpu_peak_mem_mb": 0,
    "num_parameters": 3951951,
    "dataset_sizes": {
      "train": 17418,
      "val": 2183,
      "test": 2198
    },
    "train_fold_ids": [
      1,
      2,
      3,
      4,
      5,
      6,
      7,
      8
    ],
    "pos_weights": [
      1.2930489778518677,
      2.9776203632354736,
      3.161012887954712,
      3.4581520557403564,
      7.21991491317749
    ],
    "loss_weights": {
      "fused": 0.52,
      "ecg": 0.3,
      "meta": 0.1,
      "lauc": 0.08
    },
    "hardware": {
      "python_version": "3.11.7 | packaged by Anaconda, Inc. | (main, Dec 15 2023, 18:05:47) [MSC v.1916 64 bit (AMD64)]",
      "torch_version": "2.3.1+cpu",
      "cuda_available": false,
      "numpy_version": "1.26.4",
      "sklearn_version": "1.4.2"
    },
    "best_val_auc": 0.9334391991127763,
    "best_val_epoch": 10
  },
  "test": {
    "macro_auc": 0.930322002200022,
    "macro_auc_ecg": 0.9283985504529515,
    "macro_auc_no_meta": 0.9288169162137694,
    "delta_meta_auc": 0.0015050859862526522,
    "macro_f1_optimal": 0.7471553586525258,
    "macro_f1_fixed_05": 0.7397883082481848,
    "w_fused": 1.0,
    "thresholds": [
      0.6650000214576721,
      0.39500001072883606,
      0.5600000023841858,
      0.7400000095367432,
      0.7699999809265137
    ]
  },
  "per_class": {
    "NORM": {
      "auc": 0.9523124850227654,
      "f1": 0.8642822146006859,
      "threshold": 0.6650000214576721
    },
    "MI": {
      "auc": 0.9353276699029126,
      "f1": 0.7508361204013378,
      "threshold": 0.39500001072883606
    },
    "STTC": {
      "auc": 0.9378242611738126,
      "f1": 0.7716814159292036,
      "threshold": 0.5600000023841858
    },
    "CD": {
      "auc": 0.9186417307910996,
      "f1": 0.7481865284974093,
      "threshold": 0.7400000095367432
    },
    "HYP": {
      "auc": 0.9075038641095198,
      "f1": 0.6007905138339921,
      "threshold": 0.7699999809265137
    }
  },
  "subgroups": {
    "sex_male": {
      "n": 1066,
      "macro_auc": 0.9209157780657063,
      "per_class_auc": [
        0.946200301417094,
        0.9240260782054461,
        0.9216001203497222,
        0.9076346993967132,
        0.9051176909595565
      ]
    },
    "sex_female": {
      "n": 1132,
      "macro_auc": 0.9389552765906075,
      "per_class_auc": [
        0.9584749068760697,
        0.9445795278130608,
        0.9513073839264558,
        0.9305813610238066,
        0.9098332033136447
      ]
    },
    "age_lt45": {
      "n": 345,
      "macro_auc": 0.9294956549878709,
      "per_class_auc": [
        0.8997998220640568,
        0.9885683179096353,
        0.960212201591512,
        0.862126245847176,
        0.9367716875269745
      ]
    },
    "age_45_65": {
      "n": 703,
      "macro_auc": 0.9271281846338514,
      "per_class_auc": [
        0.931687565308255,
        0.9295492943748758,
        0.953169014084507,
        0.9053966918979536,
        0.9158383575036662
      ]
    },
    "age_gt65": {
      "n": 1150,
      "macro_auc": 0.9195072289085118,
      "per_class_auc": [
        0.9541780886662256,
        0.9126565512616314,
        0.915225035161744,
        0.9274441058979893,
        0.8880323635549683
      ]
    },
    "meta_complete": {
      "n": 660,
      "macro_auc": 0.9407833383306133,
      "per_class_auc": [
        0.9614917574330293,
        0.9482328209170937,
        0.939240058910162,
        0.9426602559529754,
        0.912291798439806
      ]
    },
    "meta_incomplete": {
      "n": 1538,
      "macro_auc": 0.9258901533435043,
      "per_class_auc": [
        0.9490890356423587,
        0.930236019878492,
        0.9371557008185593,
        0.9096817302620009,
        0.9032882801161102
      ]
    },
    "fairness_sex_gap": 0.018039498524901165
  },
  "training_history": [
    {
      "epoch": 1,
      "train_loss": 0.6452635820305676,
      "val_auc": 0.9009426999680205,
      "val_f1": 0.6763127564508477,
      "val_auc_ecg": 0.8978324187591404,
      "val_delta_meta": 0.0026244487906538216,
      "lr": 0.0009755527298894294,
      "epoch_time_s": 249.94965839385986
    },
    {
      "epoch": 2,
      "train_loss": 0.559380820092805,
      "val_auc": 0.9158976538365724,
      "val_f1": 0.7117463153026554,
      "val_auc_ecg": 0.9144609648093155,
      "val_delta_meta": -2.341610135292438e-05,
      "lr": 0.0009046039886902864,
      "epoch_time_s": 243.77143931388855
    },
    {
      "epoch": 3,
      "train_loss": 0.5258443604368682,
      "val_auc": 0.9181153767502421,
      "val_f1": 0.7178054743239105,
      "val_auc_ecg": 0.9154059934265746,
      "val_delta_meta": 0.0011213072338162045,
      "lr": 0.0007940987335200904,
      "epoch_time_s": 258.488276720047
    },
    {
      "epoch": 4,
      "train_loss": 0.49917393939210736,
      "val_auc": 0.9194632055309112,
      "val_f1": 0.7073157407497559,
      "val_auc_ecg": 0.9169608039709296,
      "val_delta_meta": 0.0010208365595479885,
      "lr": 0.0006548539886902864,
      "epoch_time_s": 264.4985842704773
    },
    {
      "epoch": 5,
      "train_loss": 0.4781146760654012,
      "val_auc": 0.9208318867206732,
      "val_f1": 0.7180841305949087,
      "val_auc_ecg": 0.9192879167921746,
      "val_delta_meta": 0.0003426777728272601,
      "lr": 0.0005005000000000001,
      "epoch_time_s": 263.97652554512024
    },
    {
      "epoch": 6,
      "train_loss": 0.4557097959955898,
      "val_auc": 0.9262634339727267,
      "val_f1": 0.7208789342894363,
      "val_auc_ecg": 0.9257302518068211,
      "val_delta_meta": -0.0002962701091776543,
      "lr": 0.0003461460113097139,
      "epoch_time_s": 264.1867458820343
    },
    {
      "epoch": 7,
      "train_loss": 0.43376384618085456,
      "val_auc": 0.9295941593326402,
      "val_f1": 0.732496000860236,
      "val_auc_ecg": 0.9289675137007132,
      "val_delta_meta": -9.287987921324792e-06,
      "lr": 0.00020690126647990973,
      "epoch_time_s": 264.51979875564575
    },
    {
      "epoch": 8,
      "train_loss": 0.41638273673320036,
      "val_auc": 0.9308561669567016,
      "val_f1": 0.7447963680224264,
      "val_auc_ecg": 0.9296735357783039,
      "val_delta_meta": -0.00011369004364780722,
      "lr": 9.639601130971382e-05,
      "epoch_time_s": 264.94156289100647
    },
    {
      "epoch": 9,
      "train_loss": 0.39623204116974403,
      "val_auc": 0.9326079314366448,
      "val_f1": 0.7378612133127778,
      "val_auc_ecg": 0.9318756651300741,
      "val_delta_meta": 0.0003628247336617818,
      "lr": 2.5447270110570814e-05,
      "epoch_time_s": 265.18939328193665
    },
    {
      "epoch": 10,
      "train_loss": 0.38386836161307236,
      "val_auc": 0.9334391991127763,
      "val_f1": 0.7444329277996997,
      "val_auc_ecg": 0.9324540072502225,
      "val_delta_meta": 0.0005077010585405883,
      "lr": 0.001,
      "epoch_time_s": 265.93583822250366
    }
  ]
}