{
  "metadata": {
    "run_name": "ATLAS_A_v5_demo+anthro_concat_seed2024",
    "variant": "demo+anthro",
    "seed": 2024,
    "meta_hid": 128,
    "lauc_weight": 0.08,
    "no_aug": false,
    "arch_mode": "concat",
    "meta_mask_mode": "real",
    "test_fold": 10,
    "val_fold": 9,
    "timestamp": "2026-05-08T20:13:34.286788",
    "git_sha": "b8fda1f7a68a5b217a3f76d88337426561bd26e4",
    "analysis_plan_sha256": "4ad22e907fbd431a0b443255a3449c0560371997d5ee36a61e164de7aea5c3dc",
    "wall_time_s": 2392.538377761841,
    "train_time_s": 2363.5631651878357,
    "gpu_peak_mem_mb": 0,
    "num_parameters": 3951951,
    "dataset_sizes": {
      "train": 17418,
      "val": 2183,
      "test": 2198
    },
    "train_fold_ids": [
      1,
      2,
      3,
      4,
      5,
      6,
      7,
      8
    ],
    "pos_weights": [
      1.2930489778518677,
      2.9776203632354736,
      3.161012887954712,
      3.4581520557403564,
      7.21991491317749
    ],
    "loss_weights": {
      "fused": 0.52,
      "ecg": 0.3,
      "meta": 0.1,
      "lauc": 0.08
    },
    "hardware": {
      "python_version": "3.11.7 | packaged by Anaconda, Inc. | (main, Dec 15 2023, 18:05:47) [MSC v.1916 64 bit (AMD64)]",
      "torch_version": "2.3.1+cpu",
      "cuda_available": false,
      "numpy_version": "1.26.4",
      "sklearn_version": "1.4.2"
    },
    "best_val_auc": 0.9333924013856552,
    "best_val_epoch": 10
  },
  "test": {
    "macro_auc": 0.9296333587722894,
    "macro_auc_ecg": 0.9282293238471263,
    "macro_auc_no_meta": 0.9284814540538706,
    "delta_meta_auc": 0.0011519047184187503,
    "macro_f1_optimal": 0.7478641224792228,
    "macro_f1_fixed_05": 0.7446315937416822,
    "w_fused": 1.0,
    "thresholds": [
      0.5600000023841858,
      0.6499999761581421,
      0.5299999713897705,
      0.7699999809265137,
      0.6949999928474426
    ]
  },
  "per_class": {
    "NORM": {
      "auc": 0.9494452642509702,
      "f1": 0.8618516723218613,
      "threshold": 0.5600000023841858
    },
    "MI": {
      "auc": 0.9284631509267431,
      "f1": 0.7310469314079422,
      "threshold": 0.6499999761581421
    },
    "STTC": {
      "auc": 0.9376422800517789,
      "f1": 0.7729636048526863,
      "threshold": 0.5299999713897705
    },
    "CD": {
      "auc": 0.9198227417459536,
      "f1": 0.7448869752421959,
      "threshold": 0.7699999809265137
    },
    "HYP": {
      "auc": 0.9127933568860009,
      "f1": 0.6285714285714286,
      "threshold": 0.6949999928474426
    }
  },
  "subgroups": {
    "sex_male": {
      "n": 1066,
      "macro_auc": 0.9215348855163409,
      "per_class_auc": [
        0.9422609173343741,
        0.917555143930886,
        0.9239318962160631,
        0.9132827127106304,
        0.9106437573897511
      ]
    },
    "sex_female": {
      "n": 1132,
      "macro_auc": 0.9372262223562023,
      "per_class_auc": [
        0.9573171499043591,
        0.9375229339301195,
        0.9485074013356738,
        0.9280765423952492,
        0.9147070842156099
      ]
    },
    "age_lt45": {
      "n": 345,
      "macro_auc": 0.9228430513932114,
      "per_class_auc": [
        0.8875111209964412,
        0.9836690255851932,
        0.95731854352544,
        0.8495922681969195,
        0.936124298662063
      ]
    },
    "age_45_65": {
      "n": 703,
      "macro_auc": 0.9241206365775984,
      "per_class_auc": [
        0.9297283176593522,
        0.924865831842576,
        0.9522170057381325,
        0.9036024670591534,
        0.9101895605887784
      ]
    },
    "age_gt65": {
      "n": 1150,
      "macro_auc": 0.920048041677348,
      "per_class_auc": [
        0.9512438163657561,
        0.9035057423086597,
        0.9149191279887483,
        0.9311944437245703,
        0.8993770779990062
      ]
    },
    "meta_complete": {
      "n": 660,
      "macro_auc": 0.9444535691679674,
      "per_class_auc": [
        0.9608202090079482,
        0.942758288442167,
        0.940359351988218,
        0.9497510379363969,
        0.9285789584651063
      ]
    },
    "meta_incomplete": {
      "n": 1538,
      "macro_auc": 0.9237496503998512,
      "per_class_auc": [
        0.9458694796149716,
        0.9231271411164533,
        0.9363749660550102,
        0.9083875505538948,
        0.904989114658926
      ]
    },
    "fairness_sex_gap": 0.01569133683986146
  },
  "training_history": [
    {
      "epoch": 1,
      "train_loss": 0.6489199261052893,
      "val_auc": 0.9039029093842539,
      "val_f1": 0.6607493688364284,
      "val_auc_ecg": 0.9009423258524558,
      "val_delta_meta": 0.0015979677000587111,
      "lr": 0.0009755527298894294,
      "epoch_time_s": 235.43528151512146
    },
    {
      "epoch": 2,
      "train_loss": 0.5679530580109412,
      "val_auc": 0.9050513458240417,
      "val_f1": 0.6489604812065666,
      "val_auc_ecg": 0.9038368907380521,
      "val_delta_meta": 0.0007828111169739804,
      "lr": 0.0009046039886902864,
      "epoch_time_s": 234.8149573802948
    },
    {
      "epoch": 3,
      "train_loss": 0.5279680999593998,
      "val_auc": 0.9056152500367263,
      "val_f1": 0.6922063465180935,
      "val_auc_ecg": 0.9033251706052106,
      "val_delta_meta": 0.00020620496668322108,
      "lr": 0.0007940987335200904,
      "epoch_time_s": 235.179456949234
    },
    {
      "epoch": 4,
      "train_loss": 0.5014085191652315,
      "val_auc": 0.9186211925265486,
      "val_f1": 0.7070639677976438,
      "val_auc_ecg": 0.9173929682200574,
      "val_delta_meta": 0.001005015450021407,
      "lr": 0.0006548539886902864,
      "epoch_time_s": 235.1006829738617
    },
    {
      "epoch": 5,
      "train_loss": 0.48219631456453865,
      "val_auc": 0.9290130023484245,
      "val_f1": 0.734562450540978,
      "val_auc_ecg": 0.9284585524909186,
      "val_delta_meta": 0.0005627929342345572,
      "lr": 0.0005005000000000001,
      "epoch_time_s": 235.14810729026794
    },
    {
      "epoch": 6,
      "train_loss": 0.4533944900156161,
      "val_auc": 0.9263810773812237,
      "val_f1": 0.711911146883411,
      "val_auc_ecg": 0.9255557083766666,
      "val_delta_meta": 0.0007656599024971067,
      "lr": 0.0003461460113097139,
      "epoch_time_s": 235.7526707649231
    },
    {
      "epoch": 7,
      "train_loss": 0.4338240551565765,
      "val_auc": 0.9290990173373082,
      "val_f1": 0.740840783504859,
      "val_auc_ecg": 0.9288606595434089,
      "val_delta_meta": 0.0005573013292804463,
      "lr": 0.00020690126647990973,
      "epoch_time_s": 235.6373770236969
    },
    {
      "epoch": 8,
      "train_loss": 0.4101873528246486,
      "val_auc": 0.9254452202839539,
      "val_f1": 0.7333854452489884,
      "val_auc_ecg": 0.9243193718871524,
      "val_delta_meta": 0.00033348774070418585,
      "lr": 9.639601130971382e-05,
      "epoch_time_s": 236.04384565353394
    },
    {
      "epoch": 9,
      "train_loss": 0.3880808919668198,
      "val_auc": 0.9325776018458269,
      "val_f1": 0.74696992867481,
      "val_auc_ecg": 0.9318615627641235,
      "val_delta_meta": 0.0003759775059517523,
      "lr": 2.5447270110570814e-05,
      "epoch_time_s": 235.58734273910522
    },
    {
      "epoch": 10,
      "train_loss": 0.3761605298026986,
      "val_auc": 0.9333924013856552,
      "val_f1": 0.7482844533068077,
      "val_auc_ecg": 0.932847516663392,
      "val_delta_meta": 0.00030163996599563703,
      "lr": 0.001,
      "epoch_time_s": 235.79735684394836
    }
  ]
}