{
  "metadata": {
    "run_name": "ATLAS_A_v5_demo+anthro_noaug_seed2025",
    "variant": "demo+anthro",
    "seed": 2025,
    "meta_hid": 128,
    "lauc_weight": 0.08,
    "no_aug": true,
    "arch_mode": "standard",
    "meta_mask_mode": "real",
    "test_fold": 10,
    "val_fold": 9,
    "timestamp": "2026-05-07T23:25:09.611504",
    "git_sha": "b8fda1f7a68a5b217a3f76d88337426561bd26e4",
    "analysis_plan_sha256": "4ad22e907fbd431a0b443255a3449c0560371997d5ee36a61e164de7aea5c3dc",
    "wall_time_s": 2643.3479158878326,
    "train_time_s": 2614.116287946701,
    "gpu_peak_mem_mb": 0,
    "num_parameters": 3951951,
    "dataset_sizes": {
      "train": 17418,
      "val": 2183,
      "test": 2198
    },
    "train_fold_ids": [
      1,
      2,
      3,
      4,
      5,
      6,
      7,
      8
    ],
    "pos_weights": [
      1.2930489778518677,
      2.9776203632354736,
      3.161012887954712,
      3.4581520557403564,
      7.21991491317749
    ],
    "loss_weights": {
      "fused": 0.52,
      "ecg": 0.3,
      "meta": 0.1,
      "lauc": 0.08
    },
    "hardware": {
      "python_version": "3.11.7 | packaged by Anaconda, Inc. | (main, Dec 15 2023, 18:05:47) [MSC v.1916 64 bit (AMD64)]",
      "torch_version": "2.3.1+cpu",
      "cuda_available": false,
      "numpy_version": "1.26.4",
      "sklearn_version": "1.4.2"
    },
    "best_val_auc": 0.9312171126530948,
    "best_val_epoch": 9
  },
  "test": {
    "macro_auc": 0.9291953561472095,
    "macro_auc_ecg": 0.927390781604109,
    "macro_auc_no_meta": 0.9271403470911711,
    "delta_meta_auc": 0.0020550090560383927,
    "macro_f1_optimal": 0.7438356526367914,
    "macro_f1_fixed_05": 0.7376557242925761,
    "w_fused": 1.0,
    "thresholds": [
      0.574999988079071,
      0.48500001430511475,
      0.7099999785423279,
      0.6499999761581421,
      0.5899999737739563
    ]
  },
  "per_class": {
    "NORM": {
      "auc": 0.9497269413649149,
      "f1": 0.8632603406326034,
      "threshold": 0.574999988079071
    },
    "MI": {
      "auc": 0.9328409090909091,
      "f1": 0.741042345276873,
      "threshold": 0.48500001430511475
    },
    "STTC": {
      "auc": 0.9342315646828434,
      "f1": 0.7632850241545893,
      "threshold": 0.7099999785423279
    },
    "CD": {
      "auc": 0.9180992001819491,
      "f1": 0.7474949899799599,
      "threshold": 0.6499999761581421
    },
    "HYP": {
      "auc": 0.9110781654154313,
      "f1": 0.6040955631399317,
      "threshold": 0.5899999737739563
    }
  },
  "subgroups": {
    "sex_male": {
      "n": 1066,
      "macro_auc": 0.9217988049288334,
      "per_class_auc": [
        0.9463195671737268,
        0.9239628759923965,
        0.9196267388764999,
        0.9117952985229874,
        0.9072895440785557
      ]
    },
    "sex_female": {
      "n": 1132,
      "macro_auc": 0.9363199625133761,
      "per_class_auc": [
        0.9538847780126851,
        0.9401157281396803,
        0.9466117309115177,
        0.9262359131084061,
        0.9147516623945912
      ]
    },
    "age_lt45": {
      "n": 345,
      "macro_auc": 0.9268547650769874,
      "per_class_auc": [
        0.8920707295373667,
        0.9844855743059335,
        0.95141065830721,
        0.8742826940501359,
        0.93202416918429
      ]
    },
    "age_45_65": {
      "n": 703,
      "macro_auc": 0.9273605852396875,
      "per_class_auc": [
        0.931573275862069,
        0.9253503279666071,
        0.9500652060511215,
        0.9018362769834595,
        0.9279778393351801
      ]
    },
    "age_gt65": {
      "n": 1150,
      "macro_auc": 0.9179832680275541,
      "per_class_auc": [
        0.9501803888206195,
        0.9114494090032694,
        0.9103762306610408,
        0.9260890973643973,
        0.891821214288444
      ]
    },
    "meta_complete": {
      "n": 660,
      "macro_auc": 0.9404295410690663,
      "per_class_auc": [
        0.9571312923167501,
        0.9476926670462342,
        0.93559941089838,
        0.9441440413177156,
        0.917580293766252
      ]
    },
    "meta_incomplete": {
      "n": 1538,
      "macro_auc": 0.9242872525632204,
      "per_class_auc": [
        0.9469657939518835,
        0.9268017275659904,
        0.933535710129185,
        0.907592755407069,
        0.9065402757619739
      ]
    },
    "fairness_sex_gap": 0.014521157584542754
  },
  "training_history": [
    {
      "epoch": 1,
      "train_loss": 0.6425332309456047,
      "val_auc": 0.9001230595116667,
      "val_f1": 0.6621564540495728,
      "val_auc_ecg": 0.8958576725109639,
      "val_delta_meta": 0.0018486408931223108,
      "lr": 0.0009755527298894294,
      "epoch_time_s": 242.44052529335022
    },
    {
      "epoch": 2,
      "train_loss": 0.5548200719947115,
      "val_auc": 0.9109304558679339,
      "val_f1": 0.6742925276341861,
      "val_auc_ecg": 0.9103604950502708,
      "val_delta_meta": -0.0005270423453156425,
      "lr": 0.0009046039886902864,
      "epoch_time_s": 242.1001193523407
    },
    {
      "epoch": 3,
      "train_loss": 0.519741316727542,
      "val_auc": 0.9200032260205507,
      "val_f1": 0.7080908819477508,
      "val_auc_ecg": 0.9195269373097824,
      "val_delta_meta": 0.0007282824045816705,
      "lr": 0.0007940987335200904,
      "epoch_time_s": 259.3707220554352
    },
    {
      "epoch": 4,
      "train_loss": 0.4969588552593091,
      "val_auc": 0.9225996900455229,
      "val_f1": 0.7148047114106395,
      "val_auc_ecg": 0.9227800213045683,
      "val_delta_meta": 0.00021574385177736133,
      "lr": 0.0006548539886902864,
      "epoch_time_s": 265.6882498264313
    },
    {
      "epoch": 5,
      "train_loss": 0.4755423996973475,
      "val_auc": 0.9167830096218527,
      "val_f1": 0.7150506827115308,
      "val_auc_ecg": 0.9133223326263591,
      "val_delta_meta": 0.0007112505731603491,
      "lr": 0.0005005000000000001,
      "epoch_time_s": 265.5802276134491
    },
    {
      "epoch": 6,
      "train_loss": 0.44747636186967205,
      "val_auc": 0.9275091466307928,
      "val_f1": 0.7265625676919513,
      "val_auc_ecg": 0.927040440177446,
      "val_delta_meta": -0.0002904198838971084,
      "lr": 0.0003461460113097139,
      "epoch_time_s": 265.536514043808
    },
    {
      "epoch": 7,
      "train_loss": 0.4223286068220751,
      "val_auc": 0.9262664986299922,
      "val_f1": 0.7277625268592633,
      "val_auc_ecg": 0.9258659504940956,
      "val_delta_meta": 0.0009221044373647347,
      "lr": 0.00020690126647990973,
      "epoch_time_s": 265.7347774505615
    },
    {
      "epoch": 8,
      "train_loss": 0.39759814542367916,
      "val_auc": 0.9299003638515181,
      "val_f1": 0.7360726942162623,
      "val_auc_ecg": 0.9294049531103686,
      "val_delta_meta": 0.0003352983857510816,
      "lr": 9.639601130971382e-05,
      "epoch_time_s": 266.7255651950836
    },
    {
      "epoch": 9,
      "train_loss": 0.37499441559161617,
      "val_auc": 0.9312171126530948,
      "val_f1": 0.7427300110672226,
      "val_auc_ecg": 0.931082177259252,
      "val_delta_meta": 0.0005410540306832745,
      "lr": 2.5447270110570814e-05,
      "epoch_time_s": 266.65129923820496
    },
    {
      "epoch": 10,
      "train_loss": 0.35995969375885956,
      "val_auc": 0.9306085074730716,
      "val_f1": 0.7460742044800227,
      "val_auc_ecg": 0.9306395936036106,
      "val_delta_meta": 0.00019997362761736692,
      "lr": 0.001,
      "epoch_time_s": 265.3899943828583
    }
  ]
}