{
  "metadata": {
    "run_name": "ATLAS_A_v5_demo+anthro_tf7_vf8_seed2028",
    "variant": "demo+anthro",
    "seed": 2028,
    "meta_hid": 128,
    "lauc_weight": 0.08,
    "no_aug": false,
    "arch_mode": "standard",
    "meta_mask_mode": "real",
    "test_fold": 7,
    "val_fold": 8,
    "timestamp": "2026-05-11T08:53:17.207226",
    "git_sha": "b8fda1f7a68a5b217a3f76d88337426561bd26e4",
    "analysis_plan_sha256": "4ad22e907fbd431a0b443255a3449c0560371997d5ee36a61e164de7aea5c3dc",
    "wall_time_s": 2642.9865238666534,
    "train_time_s": 2613.880101442337,
    "gpu_peak_mem_mb": 0,
    "num_parameters": 3951951,
    "dataset_sizes": {
      "train": 17450,
      "val": 2173,
      "test": 2176
    },
    "train_fold_ids": [
      1,
      2,
      3,
      4,
      5,
      6,
      9,
      10
    ],
    "pos_weights": [
      1.2924330234527588,
      2.9831089973449707,
      3.1537728309631348,
      3.4424643516540527,
      7.242796421051025
    ],
    "loss_weights": {
      "fused": 0.52,
      "ecg": 0.3,
      "meta": 0.1,
      "lauc": 0.08
    },
    "hardware": {
      "python_version": "3.11.7 | packaged by Anaconda, Inc. | (main, Dec 15 2023, 18:05:47) [MSC v.1916 64 bit (AMD64)]",
      "torch_version": "2.3.1+cpu",
      "cuda_available": false,
      "numpy_version": "1.26.4",
      "sklearn_version": "1.4.2"
    },
    "best_val_auc": 0.9455164242015593,
    "best_val_epoch": 8
  },
  "test": {
    "macro_auc": 0.9441565389010688,
    "macro_auc_ecg": 0.9427852087760072,
    "macro_auc_no_meta": 0.9423388651533843,
    "delta_meta_auc": 0.0018176737476844895,
    "macro_f1_optimal": 0.7696344043620543,
    "macro_f1_fixed_05": 0.7505412505151258,
    "w_fused": 1.0,
    "thresholds": [
      0.6650000214576721,
      0.6050000190734863,
      0.7699999809265137,
      0.6650000214576721,
      0.8600000143051147
    ]
  },
  "per_class": {
    "NORM": {
      "auc": 0.9635807218204511,
      "f1": 0.8753830439223698,
      "threshold": 0.6650000214576721
    },
    "MI": {
      "auc": 0.9445286816504529,
      "f1": 0.7861692447679709,
      "threshold": 0.6050000190734863
    },
    "STTC": {
      "auc": 0.9289936361947232,
      "f1": 0.7340324118207817,
      "threshold": 0.7699999809265137
    },
    "CD": {
      "auc": 0.9465184243338213,
      "f1": 0.780388151174668,
      "threshold": 0.6650000214576721
    },
    "HYP": {
      "auc": 0.9371612305058958,
      "f1": 0.6721991701244814,
      "threshold": 0.8600000143051147
    }
  },
  "subgroups": {
    "sex_male": {
      "n": 1039,
      "macro_auc": 0.9419977932898279,
      "per_class_auc": [
        0.9617294380956616,
        0.9470552126317227,
        0.9297688345201863,
        0.9315913458558056,
        0.939844135345763
      ]
    },
    "sex_female": {
      "n": 1137,
      "macro_auc": 0.9445776934084433,
      "per_class_auc": [
        0.9645158377461446,
        0.9401706231454006,
        0.9274632588983386,
        0.9568119356105221,
        0.9339268116418106
      ]
    },
    "age_lt45": {
      "n": 351,
      "macro_auc": 0.9583504762619924,
      "per_class_auc": [
        0.9513980681240468,
        0.9709480122324159,
        0.970336260441208,
        0.9483725135623869,
        0.9506975269499048
      ]
    },
    "age_45_65": {
      "n": 758,
      "macro_auc": 0.9512685089662426,
      "per_class_auc": [
        0.9584129584129584,
        0.958900061866903,
        0.9381199538638986,
        0.9448256836442637,
        0.9560838870431894
      ]
    },
    "age_gt65": {
      "n": 1067,
      "macro_auc": 0.9273491846046367,
      "per_class_auc": [
        0.9592657527130461,
        0.9194519207242476,
        0.9041919733238061,
        0.9401895857680821,
        0.9136466904940016
      ]
    },
    "meta_complete": {
      "n": 657,
      "macro_auc": 0.9330000546673359,
      "per_class_auc": [
        0.9470859748637527,
        0.9363541821423266,
        0.9276471026551749,
        0.9268336964415397,
        0.9270793172338859
      ]
    },
    "meta_incomplete": {
      "n": 1519,
      "macro_auc": 0.9488710203644267,
      "per_class_auc": [
        0.9699126530699095,
        0.94620455212162,
        0.9294151395497958,
        0.9557067388223167,
        0.9431160182584912
      ]
    },
    "fairness_sex_gap": 0.002579900118615419
  },
  "training_history": [
    {
      "epoch": 1,
      "train_loss": 0.6503860530180808,
      "val_auc": 0.9105845482255113,
      "val_f1": 0.6974814797047135,
      "val_auc_ecg": 0.9066091900937989,
      "val_delta_meta": 0.0018288997028594878,
      "lr": 0.0009755527298894294,
      "epoch_time_s": 243.81348419189453
    },
    {
      "epoch": 2,
      "train_loss": 0.5689239429357724,
      "val_auc": 0.9250697876163544,
      "val_f1": 0.7113911080805926,
      "val_auc_ecg": 0.9232109590524049,
      "val_delta_meta": 0.0017450093779399767,
      "lr": 0.0009046039886902864,
      "epoch_time_s": 243.38136076927185
    },
    {
      "epoch": 3,
      "train_loss": 0.5334977825264354,
      "val_auc": 0.9335301611664587,
      "val_f1": 0.7365671546861867,
      "val_auc_ecg": 0.9313422443331152,
      "val_delta_meta": 0.001552934008224427,
      "lr": 0.0007940987335200904,
      "epoch_time_s": 258.77124428749084
    },
    {
      "epoch": 4,
      "train_loss": 0.5089431874481313,
      "val_auc": 0.9380737677821542,
      "val_f1": 0.7448434607097003,
      "val_auc_ecg": 0.9369803705643672,
      "val_delta_meta": 0.0011054973855688655,
      "lr": 0.0006548539886902864,
      "epoch_time_s": 265.0252447128296
    },
    {
      "epoch": 5,
      "train_loss": 0.4876337833566107,
      "val_auc": 0.936669892371407,
      "val_f1": 0.7262762108548398,
      "val_auc_ecg": 0.9349444925250342,
      "val_delta_meta": 0.0008582056378489966,
      "lr": 0.0005005000000000001,
      "epoch_time_s": 265.19935750961304
    },
    {
      "epoch": 6,
      "train_loss": 0.4669233767977564,
      "val_auc": 0.9422119601613467,
      "val_f1": 0.7571887888156634,
      "val_auc_ecg": 0.9407667568059062,
      "val_delta_meta": 0.0012620763150905656,
      "lr": 0.0003461460113097139,
      "epoch_time_s": 264.95748710632324
    },
    {
      "epoch": 7,
      "train_loss": 0.4491373096411918,
      "val_auc": 0.9437801948023555,
      "val_f1": 0.7581482271145912,
      "val_auc_ecg": 0.9418153348581036,
      "val_delta_meta": 0.0013729093711724039,
      "lr": 0.00020690126647990973,
      "epoch_time_s": 265.44084787368774
    },
    {
      "epoch": 8,
      "train_loss": 0.42551761614534006,
      "val_auc": 0.9455164242015593,
      "val_f1": 0.7536324603121407,
      "val_auc_ecg": 0.9441871330039866,
      "val_delta_meta": 0.0013753612512236169,
      "lr": 9.639601130971382e-05,
      "epoch_time_s": 265.867458820343
    },
    {
      "epoch": 9,
      "train_loss": 0.4114295468553082,
      "val_auc": 0.94539485515138,
      "val_f1": 0.752939970763832,
      "val_auc_ecg": 0.9444715761920779,
      "val_delta_meta": 0.0014141471377167036,
      "lr": 2.5447270110570814e-05,
      "epoch_time_s": 265.8421382904053
    },
    {
      "epoch": 10,
      "train_loss": 0.39796790936381826,
      "val_auc": 0.9454953770003243,
      "val_f1": 0.7659359969782074,
      "val_auc_ecg": 0.9445347604167527,
      "val_delta_meta": 0.0012077290392026319,
      "lr": 0.001,
      "epoch_time_s": 266.4820485115051
    }
  ]
}