{
  "metadata": {
    "run_name": "ATLAS_A_v5_demo+anthro_tf2_vf3_seed2028",
    "variant": "demo+anthro",
    "seed": 2028,
    "meta_hid": 128,
    "lauc_weight": 0.08,
    "no_aug": false,
    "arch_mode": "standard",
    "meta_mask_mode": "real",
    "test_fold": 2,
    "val_fold": 3,
    "timestamp": "2026-05-11T01:31:22.887009",
    "git_sha": "b8fda1f7a68a5b217a3f76d88337426561bd26e4",
    "analysis_plan_sha256": "4ad22e907fbd431a0b443255a3449c0560371997d5ee36a61e164de7aea5c3dc",
    "wall_time_s": 2649.35200548172,
    "train_time_s": 2620.1715383529663,
    "gpu_peak_mem_mb": 0,
    "num_parameters": 3951951,
    "dataset_sizes": {
      "train": 17426,
      "val": 2192,
      "test": 2181
    },
    "train_fold_ids": [
      1,
      4,
      5,
      6,
      7,
      8,
      9,
      10
    ],
    "pos_weights": [
      1.3062466382980347,
      2.9577560424804688,
      3.153002977371216,
      3.4386143684387207,
      7.215935707092285
    ],
    "loss_weights": {
      "fused": 0.52,
      "ecg": 0.3,
      "meta": 0.1,
      "lauc": 0.08
    },
    "hardware": {
      "python_version": "3.11.7 | packaged by Anaconda, Inc. | (main, Dec 15 2023, 18:05:47) [MSC v.1916 64 bit (AMD64)]",
      "torch_version": "2.3.1+cpu",
      "cuda_available": false,
      "numpy_version": "1.26.4",
      "sklearn_version": "1.4.2"
    },
    "best_val_auc": 0.939852318018169,
    "best_val_epoch": 10
  },
  "test": {
    "macro_auc": 0.9418513357384859,
    "macro_auc_ecg": 0.941119142361383,
    "macro_auc_no_meta": 0.9407446977629277,
    "delta_meta_auc": 0.0011066379755582112,
    "macro_f1_optimal": 0.7667758857698315,
    "macro_f1_fixed_05": 0.7524966418325655,
    "w_fused": 1.0,
    "thresholds": [
      0.45500001311302185,
      0.7250000238418579,
      0.6650000214576721,
      0.6050000190734863,
      0.800000011920929
    ]
  },
  "per_class": {
    "NORM": {
      "auc": 0.9662299031124301,
      "f1": 0.8929452392698569,
      "threshold": 0.45500001311302185
    },
    "MI": {
      "auc": 0.9360698875707915,
      "f1": 0.7572093023255814,
      "threshold": 0.7250000238418579
    },
    "STTC": {
      "auc": 0.9421998737716926,
      "f1": 0.7650882079851439,
      "threshold": 0.6650000214576721
    },
    "CD": {
      "auc": 0.9356873662711537,
      "f1": 0.7763289869608826,
      "threshold": 0.6050000190734863
    },
    "HYP": {
      "auc": 0.9290696479663616,
      "f1": 0.6423076923076924,
      "threshold": 0.800000011920929
    }
  },
  "subgroups": {
    "sex_male": {
      "n": 1045,
      "macro_auc": 0.9408455596779566,
      "per_class_auc": [
        0.9581568190263843,
        0.9264347609423881,
        0.947295918367347,
        0.9398930327440108,
        0.9324472673096527
      ]
    },
    "sex_female": {
      "n": 1136,
      "macro_auc": 0.9392553968955436,
      "per_class_auc": [
        0.9701279042315331,
        0.936025376507081,
        0.9376628482285877,
        0.9270259799720594,
        0.9254348755384566
      ]
    },
    "age_lt45": {
      "n": 344,
      "macro_auc": 0.947943183430912,
      "per_class_auc": [
        0.9355142503097894,
        0.9756172839506172,
        0.9575259989053092,
        0.8877385459321641,
        0.9833198380566801
      ]
    },
    "age_45_65": {
      "n": 798,
      "macro_auc": 0.9487404536176811,
      "per_class_auc": [
        0.9656955123373034,
        0.9475061039414022,
        0.9471516554845935,
        0.9466272202268535,
        0.9367217760982522
      ]
    },
    "age_gt65": {
      "n": 1039,
      "macro_auc": 0.9256882614399121,
      "per_class_auc": [
        0.9578252626092895,
        0.9050647518912681,
        0.9265248190456589,
        0.9358049935428325,
        0.9032214801105121
      ]
    },
    "meta_complete": {
      "n": 663,
      "macro_auc": 0.9449570231358655,
      "per_class_auc": [
        0.9715098675810747,
        0.9366582491582492,
        0.9489559718410691,
        0.9315223238300162,
        0.9361387032689182
      ]
    },
    "meta_incomplete": {
      "n": 1518,
      "macro_auc": 0.9404839946779259,
      "per_class_auc": [
        0.9647795867240001,
        0.9360024034984256,
        0.9396926631331662,
        0.9366049051199428,
        0.9253404149140942
      ]
    },
    "fairness_sex_gap": 0.0015901627824129738
  },
  "training_history": [
    {
      "epoch": 1,
      "train_loss": 0.6525548522078662,
      "val_auc": 0.9073928404819297,
      "val_f1": 0.6962563395784513,
      "val_auc_ecg": 0.9011428866551006,
      "val_delta_meta": 0.005346508220121726,
      "lr": 0.0009755527298894294,
      "epoch_time_s": 243.47016978263855
    },
    {
      "epoch": 2,
      "train_loss": 0.5722172358714113,
      "val_auc": 0.9166723728388773,
      "val_f1": 0.7086654109643418,
      "val_auc_ecg": 0.9128468657947337,
      "val_delta_meta": 0.0035186631816717107,
      "lr": 0.0009046039886902864,
      "epoch_time_s": 242.96591114997864
    },
    {
      "epoch": 3,
      "train_loss": 0.5392631120638016,
      "val_auc": 0.9261730798426171,
      "val_f1": 0.7302264209346319,
      "val_auc_ecg": 0.9235451553790612,
      "val_delta_meta": 0.0024002978995344426,
      "lr": 0.0007940987335200904,
      "epoch_time_s": 259.51071667671204
    },
    {
      "epoch": 4,
      "train_loss": 0.513699817438738,
      "val_auc": 0.9272095741059561,
      "val_f1": 0.7229787475333996,
      "val_auc_ecg": 0.9239017894926717,
      "val_delta_meta": 0.0031014572544494357,
      "lr": 0.0006548539886902864,
      "epoch_time_s": 265.20556116104126
    },
    {
      "epoch": 5,
      "train_loss": 0.4898375299545603,
      "val_auc": 0.9277829629670153,
      "val_f1": 0.7234131676110931,
      "val_auc_ecg": 0.926281980739254,
      "val_delta_meta": 0.0018477545510281468,
      "lr": 0.0005005000000000001,
      "epoch_time_s": 265.28884506225586
    },
    {
      "epoch": 6,
      "train_loss": 0.46979825950543813,
      "val_auc": 0.9354387911473875,
      "val_f1": 0.7375139032154282,
      "val_auc_ecg": 0.9328829169331125,
      "val_delta_meta": 0.0019398312050068478,
      "lr": 0.0003461460113097139,
      "epoch_time_s": 265.1541097164154
    },
    {
      "epoch": 7,
      "train_loss": 0.4488024020687156,
      "val_auc": 0.9355241810775887,
      "val_f1": 0.7435835207877466,
      "val_auc_ecg": 0.9335910858642148,
      "val_delta_meta": 0.0020609716825967794,
      "lr": 0.00020690126647990973,
      "epoch_time_s": 265.2845449447632
    },
    {
      "epoch": 8,
      "train_loss": 0.4248472853811509,
      "val_auc": 0.9398374867734944,
      "val_f1": 0.7504750076333783,
      "val_auc_ecg": 0.9378108372277604,
      "val_delta_meta": 0.002264427568168248,
      "lr": 9.639601130971382e-05,
      "epoch_time_s": 265.803147315979
    },
    {
      "epoch": 9,
      "train_loss": 0.4106341071905346,
      "val_auc": 0.9392161938792267,
      "val_f1": 0.7420809679989315,
      "val_auc_ecg": 0.9375805197963964,
      "val_delta_meta": 0.001734564249371462,
      "lr": 2.5447270110570814e-05,
      "epoch_time_s": 271.47768473625183
    },
    {
      "epoch": 10,
      "train_loss": 0.39920917618165325,
      "val_auc": 0.939852318018169,
      "val_f1": 0.7464509253315235,
      "val_auc_ecg": 0.9378818849778451,
      "val_delta_meta": 0.0020344497017039664,
      "lr": 0.001,
      "epoch_time_s": 265.76861023902893
    }
  ]
}