{
  "metadata": {
    "run_name": "ATLAS_A_v5_demo+anthro_concat_seed2028",
    "variant": "demo+anthro",
    "seed": 2028,
    "meta_hid": 128,
    "lauc_weight": 0.08,
    "no_aug": false,
    "arch_mode": "concat",
    "meta_mask_mode": "real",
    "test_fold": 10,
    "val_fold": 9,
    "timestamp": "2026-05-08T22:52:38.931854",
    "git_sha": "b8fda1f7a68a5b217a3f76d88337426561bd26e4",
    "analysis_plan_sha256": "4ad22e907fbd431a0b443255a3449c0560371997d5ee36a61e164de7aea5c3dc",
    "wall_time_s": 2378.1917798519135,
    "train_time_s": 2349.361694097519,
    "gpu_peak_mem_mb": 0,
    "num_parameters": 3951951,
    "dataset_sizes": {
      "train": 17418,
      "val": 2183,
      "test": 2198
    },
    "train_fold_ids": [
      1,
      2,
      3,
      4,
      5,
      6,
      7,
      8
    ],
    "pos_weights": [
      1.2930489778518677,
      2.9776203632354736,
      3.161012887954712,
      3.4581520557403564,
      7.21991491317749
    ],
    "loss_weights": {
      "fused": 0.52,
      "ecg": 0.3,
      "meta": 0.1,
      "lauc": 0.08
    },
    "hardware": {
      "python_version": "3.11.7 | packaged by Anaconda, Inc. | (main, Dec 15 2023, 18:05:47) [MSC v.1916 64 bit (AMD64)]",
      "torch_version": "2.3.1+cpu",
      "cuda_available": false,
      "numpy_version": "1.26.4",
      "sklearn_version": "1.4.2"
    },
    "best_val_auc": 0.9334612712257757,
    "best_val_epoch": 10
  },
  "test": {
    "macro_auc": 0.9292636614670429,
    "macro_auc_ecg": 0.9276763145724297,
    "macro_auc_no_meta": 0.9275445591847589,
    "delta_meta_auc": 0.0017191022822840019,
    "macro_f1_optimal": 0.7421569414695044,
    "macro_f1_fixed_05": 0.7313813522022794,
    "w_fused": 1.0,
    "thresholds": [
      0.6800000071525574,
      0.6800000071525574,
      0.5149999856948853,
      0.7400000095367432,
      0.6650000214576721
    ]
  },
  "per_class": {
    "NORM": {
      "auc": 0.9509663206662714,
      "f1": 0.865,
      "threshold": 0.6800000071525574
    },
    "MI": {
      "auc": 0.9286804942630185,
      "f1": 0.7250698974836906,
      "threshold": 0.6800000071525574
    },
    "STTC": {
      "auc": 0.9366179209057394,
      "f1": 0.7624890446976337,
      "threshold": 0.5149999856948853
    },
    "CD": {
      "auc": 0.916759457564156,
      "f1": 0.7444326617179216,
      "threshold": 0.7400000095367432
    },
    "HYP": {
      "auc": 0.9132941139360292,
      "f1": 0.6137931034482759,
      "threshold": 0.6650000214576721
    }
  },
  "subgroups": {
    "sex_male": {
      "n": 1066,
      "macro_auc": 0.9223696975953354,
      "per_class_auc": [
        0.9461063344573226,
        0.9167432385786308,
        0.9219673639871155,
        0.9120189307260246,
        0.9150126202275835
      ]
    },
    "sex_female": {
      "n": 1132,
      "macro_auc": 0.9358383815027554,
      "per_class_auc": [
        0.9562411909795631,
        0.938893929313091,
        0.9485992833205182,
        0.922897601972599,
        0.9125599019280062
      ]
    },
    "age_lt45": {
      "n": 345,
      "macro_auc": 0.9293363934328219,
      "per_class_auc": [
        0.8952402135231317,
        0.984757757212847,
        0.9628647214854111,
        0.8581999395952883,
        0.945619335347432
      ]
    },
    "age_45_65": {
      "n": 703,
      "macro_auc": 0.9238608033925653,
      "per_class_auc": [
        0.9304467084639498,
        0.9253130590339892,
        0.9484480959833073,
        0.8949397252593215,
        0.9201564282222585
      ]
    },
    "age_gt65": {
      "n": 1150,
      "macro_auc": 0.9186813650362655,
      "per_class_auc": [
        0.9526341494155087,
        0.9036398692262553,
        0.91415611814346,
        0.9284585111936292,
        0.8945181772024742
      ]
    },
    "meta_complete": {
      "n": 660,
      "macro_auc": 0.9414358552080074,
      "per_class_auc": [
        0.9613813659110981,
        0.9391377976320822,
        0.9388394698085419,
        0.9467263985390421,
        0.9210942441492727
      ]
    },
    "meta_incomplete": {
      "n": 1538,
      "macro_auc": 0.9241426397127016,
      "per_class_auc": [
        0.9475174204695069,
        0.9243371177887836,
        0.9349686736237729,
        0.905571771877381,
        0.9083182148040639
      ]
    },
    "fairness_sex_gap": 0.013468683907420065
  },
  "training_history": [
    {
      "epoch": 1,
      "train_loss": 0.650629849608885,
      "val_auc": 0.9032189341159402,
      "val_f1": 0.6497342231217691,
      "val_auc_ecg": 0.9006377154986801,
      "val_delta_meta": 0.0019353063339760945,
      "lr": 0.0009755527298894294,
      "epoch_time_s": 234.01242542266846
    },
    {
      "epoch": 2,
      "train_loss": 0.5697114141162383,
      "val_auc": 0.9085855547448528,
      "val_f1": 0.6741219301966166,
      "val_auc_ecg": 0.906753567318864,
      "val_delta_meta": 0.0024678262003057228,
      "lr": 0.0009046039886902864,
      "epoch_time_s": 233.5155098438263
    },
    {
      "epoch": 3,
      "train_loss": 0.5307446592444673,
      "val_auc": 0.9176501058096129,
      "val_f1": 0.7071084647674092,
      "val_auc_ecg": 0.9175380886589906,
      "val_delta_meta": -0.00048309725451500807,
      "lr": 0.0007940987335200904,
      "epoch_time_s": 233.73953986167908
    },
    {
      "epoch": 4,
      "train_loss": 0.5033184475308164,
      "val_auc": 0.9262520028772991,
      "val_f1": 0.7212803121616342,
      "val_auc_ecg": 0.9244684109116708,
      "val_delta_meta": 0.0016827202980138622,
      "lr": 0.0006548539886902864,
      "epoch_time_s": 233.45141339302063
    },
    {
      "epoch": 5,
      "train_loss": 0.48082743385516175,
      "val_auc": 0.9198007845633484,
      "val_f1": 0.705817750995151,
      "val_auc_ecg": 0.9186790855457225,
      "val_delta_meta": 0.0011886209757597799,
      "lr": 0.0005005000000000001,
      "epoch_time_s": 234.1259183883667
    },
    {
      "epoch": 6,
      "train_loss": 0.45774553502918386,
      "val_auc": 0.9281582478285229,
      "val_f1": 0.7307375205456151,
      "val_auc_ecg": 0.9274763997400532,
      "val_delta_meta": -0.0007453149974635531,
      "lr": 0.0003461460113097139,
      "epoch_time_s": 234.18446922302246
    },
    {
      "epoch": 7,
      "train_loss": 0.43299909950396337,
      "val_auc": 0.9288244583339071,
      "val_f1": 0.7328602691794945,
      "val_auc_ecg": 0.9279687512835103,
      "val_delta_meta": -8.302249028546704e-05,
      "lr": 0.00020690126647990973,
      "epoch_time_s": 234.4848918914795
    },
    {
      "epoch": 8,
      "train_loss": 0.40998406661759823,
      "val_auc": 0.9311703445154043,
      "val_f1": 0.744468700765791,
      "val_auc_ecg": 0.9304723463135918,
      "val_delta_meta": -0.00010059630976388956,
      "lr": 9.639601130971382e-05,
      "epoch_time_s": 234.12841367721558
    },
    {
      "epoch": 9,
      "train_loss": 0.3911336922044054,
      "val_auc": 0.9285266953581177,
      "val_f1": 0.7384948302138027,
      "val_auc_ecg": 0.9274255332709067,
      "val_delta_meta": 0.0005791114984186052,
      "lr": 2.5447270110570814e-05,
      "epoch_time_s": 234.29073214530945
    },
    {
      "epoch": 10,
      "train_loss": 0.3774994660954957,
      "val_auc": 0.9334612712257757,
      "val_f1": 0.7427801863398743,
      "val_auc_ecg": 0.9325678104937565,
      "val_delta_meta": 0.0003625139878805639,
      "lr": 0.001,
      "epoch_time_s": 234.04688596725464
    }
  ]
}