{
  "metadata": {
    "run_name": "ATLAS_A_v5_demo+anthro_trainmask_seed2026",
    "variant": "demo+anthro",
    "seed": 2026,
    "meta_hid": 128,
    "lauc_weight": 0.08,
    "no_aug": false,
    "arch_mode": "standard",
    "meta_mask_mode": "trainmask",
    "test_fold": 10,
    "val_fold": 9,
    "timestamp": "2026-05-10T16:38:27.957744",
    "git_sha": "b8fda1f7a68a5b217a3f76d88337426561bd26e4",
    "analysis_plan_sha256": "4ad22e907fbd431a0b443255a3449c0560371997d5ee36a61e164de7aea5c3dc",
    "wall_time_s": 2603.4135406017303,
    "train_time_s": 2573.795833826065,
    "gpu_peak_mem_mb": 0,
    "num_parameters": 3951951,
    "dataset_sizes": {
      "train": 17418,
      "val": 2183,
      "test": 2198
    },
    "train_fold_ids": [
      1,
      2,
      3,
      4,
      5,
      6,
      7,
      8
    ],
    "pos_weights": [
      1.2930489778518677,
      2.9776203632354736,
      3.161012887954712,
      3.4581520557403564,
      7.21991491317749
    ],
    "loss_weights": {
      "fused": 0.52,
      "ecg": 0.3,
      "meta": 0.1,
      "lauc": 0.08
    },
    "hardware": {
      "python_version": "3.11.7 | packaged by Anaconda, Inc. | (main, Dec 15 2023, 18:05:47) [MSC v.1916 64 bit (AMD64)]",
      "torch_version": "2.3.1+cpu",
      "cuda_available": false,
      "numpy_version": "1.26.4",
      "sklearn_version": "1.4.2"
    },
    "best_val_auc": 0.5027735321892173,
    "best_val_epoch": 1
  },
  "test": {
    "macro_auc": 0.493576981687126,
    "macro_auc_ecg": 0.8934025160833553,
    "macro_auc_no_meta": 0.8944584796721579,
    "delta_meta_auc": -0.40088149798503186,
    "macro_f1_optimal": 0.28148029357549176,
    "macro_f1_fixed_05": 0.28148029357549176,
    "w_fused": 1.0,
    "thresholds": [
      0.05000000074505806,
      0.05000000074505806,
      0.05000000074505806,
      0.05000000074505806,
      0.05000000074505806
    ]
  },
  "per_class": {
    "NORM": {
      "auc": 0.5073900303118207,
      "f1": 0.27066569129480617,
      "threshold": 0.05000000074505806
    },
    "MI": {
      "auc": 0.5156978155339806,
      "f1": 0.2675397567820393,
      "threshold": 0.05000000074505806
    },
    "STTC": {
      "auc": 0.5040545165082058,
      "f1": 0.3559488692232055,
      "threshold": 0.05000000074505806
    },
    "CD": {
      "auc": 0.506310175884159,
      "f1": 0.33405639913232105,
      "threshold": 0.05000000074505806
    },
    "HYP": {
      "auc": 0.43443237019746384,
      "f1": 0.1791907514450867,
      "threshold": 0.05000000074505806
    }
  },
  "subgroups": {
    "sex_male": {
      "n": 1066,
      "macro_auc": 0.4979841578278349,
      "per_class_auc": [
        0.4991922455573506,
        0.47459027949963295,
        0.49634304980354677,
        0.5750936134803412,
        0.4447016007983028
      ]
    },
    "sex_female": {
      "n": 1132,
      "macro_auc": 0.4775322022607481,
      "per_class_auc": [
        0.5023155139434209,
        0.5486138833444222,
        0.46617775778941617,
        0.44575352931983536,
        0.4248003269066459
      ]
    },
    "age_lt45": {
      "n": 345,
      "macro_auc": 0.4917330405880184,
      "per_class_auc": [
        0.5,
        0.4655688622754491,
        0.4869785387026766,
        0.5000755058894593,
        0.5060422960725075
      ]
    },
    "age_45_65": {
      "n": 703,
      "macro_auc": 0.4743032972574882,
      "per_class_auc": [
        0.5197884012539185,
        0.4299344066785927,
        0.5073291601460616,
        0.494932716568545,
        0.4195318016403238
      ]
    },
    "age_gt65": {
      "n": 1150,
      "macro_auc": 0.5006232119885776,
      "per_class_auc": [
        0.5030642467782084,
        0.5141671556710538,
        0.5302215189873418,
        0.4980174670225724,
        0.4576456714837117
      ]
    },
    "meta_complete": {
      "n": 660,
      "macro_auc": 0.4872206675889501,
      "per_class_auc": [
        0.498546511627907,
        0.4841457539526125,
        0.5036877761413844,
        0.5536659485525959,
        0.39605734767025086
      ]
    },
    "meta_incomplete": {
      "n": 1538,
      "macro_auc": 0.510571339970193,
      "per_class_auc": [
        0.520633086836075,
        0.5434209379126733,
        0.4987428230593165,
        0.49621006974972154,
        0.4938497822931785
      ]
    },
    "fairness_sex_gap": 0.020451955567086788
  },
  "training_history": [
    {
      "epoch": 1,
      "train_loss": 0.5982132538196143,
      "val_auc": 0.5027735321892173,
      "val_f1": 0.2895707301289759,
      "val_auc_ecg": 0.8995752669853994,
      "val_delta_meta": -0.39906431037159606,
      "lr": 0.0009755527298894294,
      "epoch_time_s": 243.03359746932983
    },
    {
      "epoch": 2,
      "train_loss": 0.5075950609434635,
      "val_auc": 0.5027732928287884,
      "val_f1": 0.2895707301289759,
      "val_auc_ecg": 0.9102875876823445,
      "val_delta_meta": -0.40848758689141274,
      "lr": 0.0009046039886902864,
      "epoch_time_s": 243.2067470550537
    },
    {
      "epoch": 3,
      "train_loss": 0.47515774855919934,
      "val_auc": 0.5021908969611948,
      "val_f1": 0.28923015336949415,
      "val_auc_ecg": 0.9082473680083272,
      "val_delta_meta": -0.4076006638986309,
      "lr": 0.0007940987335200904,
      "epoch_time_s": 254.69081330299377
    },
    {
      "epoch": 4,
      "train_loss": 0.4514079435156026,
      "val_auc": 0.5025642261377662,
      "val_f1": 0.28940510863661334,
      "val_auc_ecg": 0.9232003589211386,
      "val_delta_meta": -0.4210707488764678,
      "lr": 0.0006548539886902864,
      "epoch_time_s": 260.869021654129
    },
    {
      "epoch": 5,
      "train_loss": 0.43152397305046747,
      "val_auc": 0.5024002030126459,
      "val_f1": 0.28939577486185664,
      "val_auc_ecg": 0.9195484135714193,
      "val_delta_meta": -0.4181704148298492,
      "lr": 0.0005005000000000001,
      "epoch_time_s": 261.2194480895996
    },
    {
      "epoch": 6,
      "train_loss": 0.4090528584401542,
      "val_auc": 0.5025642261377662,
      "val_f1": 0.28940510863661334,
      "val_auc_ecg": 0.9239246614237329,
      "val_delta_meta": -0.4216943548480844,
      "lr": 0.0003461460113097139,
      "epoch_time_s": 261.2639741897583
    },
    {
      "epoch": 7,
      "train_loss": 0.38728887318471156,
      "val_auc": 0.5027537345145858,
      "val_f1": 0.2895707301289759,
      "val_auc_ecg": 0.9278212408486162,
      "val_delta_meta": -0.4246547640673961,
      "lr": 0.00020690126647990973,
      "epoch_time_s": 261.487651348114
    },
    {
      "epoch": 8,
      "train_loss": 0.36765617616132856,
      "val_auc": 0.5025237152890983,
      "val_f1": 0.2893691172257501,
      "val_auc_ecg": 0.924750527562862,
      "val_delta_meta": -0.4219545583615132,
      "lr": 9.639601130971382e-05,
      "epoch_time_s": 261.9178743362427
    },
    {
      "epoch": 9,
      "train_loss": 0.34953597149717697,
      "val_auc": 0.5025642261377662,
      "val_f1": 0.28940510863661334,
      "val_auc_ecg": 0.9307477835688724,
      "val_delta_meta": -0.4280618910548377,
      "lr": 2.5447270110570814e-05,
      "epoch_time_s": 261.03629064559937
    },
    {
      "epoch": 10,
      "train_loss": 0.33684563962144587,
      "val_auc": 0.5025642261377662,
      "val_f1": 0.28940510863661334,
      "val_auc_ecg": 0.9317937760685527,
      "val_delta_meta": -0.42899736711121317,
      "lr": 0.001,
      "epoch_time_s": 261.04905915260315
    }
  ]
}