{
  "metadata": {
    "run_name": "ATLAS_A_v5_demo+anthro_noaug_seed2031",
    "variant": "demo+anthro",
    "seed": 2031,
    "meta_hid": 128,
    "lauc_weight": 0.08,
    "no_aug": true,
    "arch_mode": "standard",
    "meta_mask_mode": "real",
    "test_fold": 10,
    "val_fold": 9,
    "timestamp": "2026-05-08T03:47:01.611251",
    "git_sha": "b8fda1f7a68a5b217a3f76d88337426561bd26e4",
    "analysis_plan_sha256": "4ad22e907fbd431a0b443255a3449c0560371997d5ee36a61e164de7aea5c3dc",
    "wall_time_s": 2605.4917273521423,
    "train_time_s": 2576.1719586849213,
    "gpu_peak_mem_mb": 0,
    "num_parameters": 3951951,
    "dataset_sizes": {
      "train": 17418,
      "val": 2183,
      "test": 2198
    },
    "train_fold_ids": [
      1,
      2,
      3,
      4,
      5,
      6,
      7,
      8
    ],
    "pos_weights": [
      1.2930489778518677,
      2.9776203632354736,
      3.161012887954712,
      3.4581520557403564,
      7.21991491317749
    ],
    "loss_weights": {
      "fused": 0.52,
      "ecg": 0.3,
      "meta": 0.1,
      "lauc": 0.08
    },
    "hardware": {
      "python_version": "3.11.7 | packaged by Anaconda, Inc. | (main, Dec 15 2023, 18:05:47) [MSC v.1916 64 bit (AMD64)]",
      "torch_version": "2.3.1+cpu",
      "cuda_available": false,
      "numpy_version": "1.26.4",
      "sklearn_version": "1.4.2"
    },
    "best_val_auc": 0.9321326615992929,
    "best_val_epoch": 8
  },
  "test": {
    "macro_auc": 0.9283480786431706,
    "macro_auc_ecg": 0.9259661298117374,
    "macro_auc_no_meta": 0.9264780251080976,
    "delta_meta_auc": 0.0018700535350729686,
    "macro_f1_optimal": 0.7466794092562334,
    "macro_f1_fixed_05": 0.7409717189442958,
    "w_fused": 1.0,
    "thresholds": [
      0.6050000190734863,
      0.6800000071525574,
      0.574999988079071,
      0.6200000047683716,
      0.6349999904632568
    ]
  },
  "per_class": {
    "NORM": {
      "auc": 0.9490576429090939,
      "f1": 0.8686669945892769,
      "threshold": 0.6050000190734863
    },
    "MI": {
      "auc": 0.9269483671668137,
      "f1": 0.7352941176470589,
      "threshold": 0.6800000071525574
    },
    "STTC": {
      "auc": 0.9360067390241921,
      "f1": 0.765639589169001,
      "threshold": 0.574999988079071
    },
    "CD": {
      "auc": 0.9182650392327811,
      "f1": 0.7492130115424974,
      "threshold": 0.6200000047683716
    },
    "HYP": {
      "auc": 0.9114626048829727,
      "f1": 0.6145833333333334,
      "threshold": 0.6349999904632568
    }
  },
  "subgroups": {
    "sex_male": {
      "n": 1066,
      "macro_auc": 0.9219113279089545,
      "per_class_auc": [
        0.9453762834621765,
        0.9155278114045962,
        0.9213257937772115,
        0.9146453089244853,
        0.9126814419763025
      ]
    },
    "sex_female": {
      "n": 1132,
      "macro_auc": 0.934584779919259,
      "per_class_auc": [
        0.9538564633041378,
        0.9371438940301215,
        0.9481253657144791,
        0.9228802375453646,
        0.9109179390021918
      ]
    },
    "age_lt45": {
      "n": 345,
      "macro_auc": 0.9232004659327415,
      "per_class_auc": [
        0.8857873665480427,
        0.9776810016330975,
        0.9565951290089221,
        0.8710359408033826,
        0.9249028916702633
      ]
    },
    "age_45_65": {
      "n": 703,
      "macro_auc": 0.9266011027345042,
      "per_class_auc": [
        0.9307161050156739,
        0.9267417014510037,
        0.9488654147104851,
        0.9037286234931315,
        0.9229536690022269
      ]
    },
    "age_gt65": {
      "n": 1150,
      "macro_auc": 0.9167378933388661,
      "per_class_auc": [
        0.9488963985253804,
        0.9013764774918266,
        0.9139486638537271,
        0.9265111492027293,
        0.8929567776206673
      ]
    },
    "meta_complete": {
      "n": 660,
      "macro_auc": 0.9396373209258165,
      "per_class_auc": [
        0.9628440535766852,
        0.9377071198119681,
        0.9379440353460973,
        0.9447289951634303,
        0.9149624007309017
      ]
    },
    "meta_incomplete": {
      "n": 1538,
      "macro_auc": 0.9236301307199133,
      "per_class_auc": [
        0.9446378606605295,
        0.9222467714462517,
        0.9350583853823176,
        0.9081343414805698,
        0.9080732946298984
      ]
    },
    "fairness_sex_gap": 0.012673452010304564
  },
  "training_history": [
    {
      "epoch": 1,
      "train_loss": 0.6513209574813142,
      "val_auc": 0.89569491007621,
      "val_f1": 0.6641129004520737,
      "val_auc_ecg": 0.8902691095757784,
      "val_delta_meta": 0.0003690715134140321,
      "lr": 0.0009755527298894294,
      "epoch_time_s": 239.1157248020172
    },
    {
      "epoch": 2,
      "train_loss": 0.5533345843127014,
      "val_auc": 0.9131408338211383,
      "val_f1": 0.7052968456900148,
      "val_auc_ecg": 0.911997382606937,
      "val_delta_meta": 0.0004427824261737934,
      "lr": 0.0009046039886902864,
      "epoch_time_s": 238.94982028007507
    },
    {
      "epoch": 3,
      "train_loss": 0.5215149177323788,
      "val_auc": 0.9111503164849697,
      "val_f1": 0.6876993119281438,
      "val_auc_ecg": 0.9092871834638903,
      "val_delta_meta": 0.00029332371728696405,
      "lr": 0.0007940987335200904,
      "epoch_time_s": 259.1481246948242
    },
    {
      "epoch": 4,
      "train_loss": 0.492171778591401,
      "val_auc": 0.9194759570230857,
      "val_f1": 0.706504124452535,
      "val_auc_ecg": 0.917461471324095,
      "val_delta_meta": 0.0006998871970285148,
      "lr": 0.0006548539886902864,
      "epoch_time_s": 258.94920921325684
    },
    {
      "epoch": 5,
      "train_loss": 0.46864069634621297,
      "val_auc": 0.923809936957704,
      "val_f1": 0.7138921905967021,
      "val_auc_ecg": 0.9227870322962541,
      "val_delta_meta": 0.0002118251054673559,
      "lr": 0.0005005000000000001,
      "epoch_time_s": 260.0368824005127
    },
    {
      "epoch": 6,
      "train_loss": 0.4424871140663777,
      "val_auc": 0.9286079041864804,
      "val_f1": 0.7308885750281229,
      "val_auc_ecg": 0.9280364640078839,
      "val_delta_meta": 6.258562636318743e-05,
      "lr": 0.0003461460113097139,
      "epoch_time_s": 260.09746623039246
    },
    {
      "epoch": 7,
      "train_loss": 0.4166680597930873,
      "val_auc": 0.9306844841911449,
      "val_f1": 0.7303627164019998,
      "val_auc_ecg": 0.9296773912022116,
      "val_delta_meta": 0.0003460012492709774,
      "lr": 0.00020690126647990973,
      "epoch_time_s": 259.8834707736969
    },
    {
      "epoch": 8,
      "train_loss": 0.3941748136774116,
      "val_auc": 0.9321326615992929,
      "val_f1": 0.7461216223728953,
      "val_auc_ecg": 0.9311915239079305,
      "val_delta_meta": 0.00043367779855219,
      "lr": 9.639601130971382e-05,
      "epoch_time_s": 263.488468170166
    },
    {
      "epoch": 9,
      "train_loss": 0.3688556605522786,
      "val_auc": 0.9311456979716205,
      "val_f1": 0.7398980317491881,
      "val_auc_ecg": 0.9299400688932193,
      "val_delta_meta": 0.0006142244066861258,
      "lr": 2.5447270110570814e-05,
      "epoch_time_s": 264.01787781715393
    },
    {
      "epoch": 10,
      "train_loss": 0.3556418606720933,
      "val_auc": 0.9300885550081542,
      "val_f1": 0.7421661254719367,
      "val_auc_ecg": 0.9288705734062456,
      "val_delta_meta": 0.0003397345544741137,
      "lr": 0.001,
      "epoch_time_s": 263.68844628334045
    }
  ]
}