{
  "metadata": {
    "run_name": "ATLAS_A_v5_demo+anthro_noaug_seed2034",
    "variant": "demo+anthro",
    "seed": 2034,
    "meta_hid": 128,
    "lauc_weight": 0.08,
    "no_aug": true,
    "arch_mode": "standard",
    "meta_mask_mode": "real",
    "test_fold": 10,
    "val_fold": 9,
    "timestamp": "2026-05-08T06:00:08.353038",
    "git_sha": "b8fda1f7a68a5b217a3f76d88337426561bd26e4",
    "analysis_plan_sha256": "4ad22e907fbd431a0b443255a3449c0560371997d5ee36a61e164de7aea5c3dc",
    "wall_time_s": 2695.9081666469574,
    "train_time_s": 2666.374307870865,
    "gpu_peak_mem_mb": 0,
    "num_parameters": 3951951,
    "dataset_sizes": {
      "train": 17418,
      "val": 2183,
      "test": 2198
    },
    "train_fold_ids": [
      1,
      2,
      3,
      4,
      5,
      6,
      7,
      8
    ],
    "pos_weights": [
      1.2930489778518677,
      2.9776203632354736,
      3.161012887954712,
      3.4581520557403564,
      7.21991491317749
    ],
    "loss_weights": {
      "fused": 0.52,
      "ecg": 0.3,
      "meta": 0.1,
      "lauc": 0.08
    },
    "hardware": {
      "python_version": "3.11.7 | packaged by Anaconda, Inc. | (main, Dec 15 2023, 18:05:47) [MSC v.1916 64 bit (AMD64)]",
      "torch_version": "2.3.1+cpu",
      "cuda_available": false,
      "numpy_version": "1.26.4",
      "sklearn_version": "1.4.2"
    },
    "best_val_auc": 0.9308046096078778,
    "best_val_epoch": 10
  },
  "test": {
    "macro_auc": 0.9271990600870265,
    "macro_auc_ecg": 0.9268113822645206,
    "macro_auc_no_meta": 0.9266087334699928,
    "delta_meta_auc": 0.0005903266170336208,
    "macro_f1_optimal": 0.7497735699100527,
    "macro_f1_fixed_05": 0.7385073810337752,
    "w_fused": 1.0,
    "thresholds": [
      0.7099999785423279,
      0.6050000190734863,
      0.6050000190734863,
      0.7549999952316284,
      0.6349999904632568
    ]
  },
  "per_class": {
    "NORM": {
      "auc": 0.9488268358411005,
      "f1": 0.863568215892054,
      "threshold": 0.7099999785423279
    },
    "MI": {
      "auc": 0.9275099293909973,
      "f1": 0.7441048034934498,
      "threshold": 0.6050000190734863
    },
    "STTC": {
      "auc": 0.9359380669026699,
      "f1": 0.7725245316681534,
      "threshold": 0.6050000190734863
    },
    "CD": {
      "auc": 0.9179416530836588,
      "f1": 0.7432286023835319,
      "threshold": 0.7549999952316284
    },
    "HYP": {
      "auc": 0.9057788152167056,
      "f1": 0.6254416961130742,
      "threshold": 0.6349999904632568
    }
  },
  "subgroups": {
    "sex_male": {
      "n": 1066,
      "macro_auc": 0.9189120352557619,
      "per_class_auc": [
        0.9435583842019855,
        0.9150853959132477,
        0.9199939825138934,
        0.912070938215103,
        0.9038514754345803
      ]
    },
    "sex_female": {
      "n": 1132,
      "macro_auc": 0.9350833476407748,
      "per_class_auc": [
        0.9550692766535789,
        0.9380753644226698,
        0.9493101597295769,
        0.9245255170258209,
        0.9084364203722277
      ]
    },
    "age_lt45": {
      "n": 345,
      "macro_auc": 0.9186290815670433,
      "per_class_auc": [
        0.8914590747330962,
        0.9855743059335874,
        0.9587653725584759,
        0.8611446692842042,
        0.8962019853258524
      ]
    },
    "age_45_65": {
      "n": 703,
      "macro_auc": 0.9225161925476609,
      "per_class_auc": [
        0.9271486415882968,
        0.9208035181872392,
        0.9471048513302034,
        0.9017942248388001,
        0.9157297267937646
      ]
    },
    "age_gt65": {
      "n": 1150,
      "macro_auc": 0.9175449771975419,
      "per_class_auc": [
        0.9498889309008413,
        0.9031503059770307,
        0.9148663853727145,
        0.929532151835,
        0.8902871119021232
      ]
    },
    "meta_complete": {
      "n": 660,
      "macro_auc": 0.9394384527694892,
      "per_class_auc": [
        0.9584835884604064,
        0.9375757310325699,
        0.9366008836524301,
        0.9462841163630138,
        0.9182479443390259
      ]
    },
    "meta_incomplete": {
      "n": 1538,
      "macro_auc": 0.921900602293347,
      "per_class_auc": [
        0.9450723966437516,
        0.9233376642984581,
        0.9354002599216356,
        0.9078107965535432,
        0.8978818940493468
      ]
    },
    "fairness_sex_gap": 0.016171312385012904
  },
  "training_history": [
    {
      "epoch": 1,
      "train_loss": 0.643440344355522,
      "val_auc": 0.9012380350063406,
      "val_f1": 0.6347990400639051,
      "val_auc_ecg": 0.8969130643272173,
      "val_delta_meta": 0.0006673628744822135,
      "lr": 0.0009755527298894294,
      "epoch_time_s": 248.609055519104
    },
    {
      "epoch": 2,
      "train_loss": 0.5611668870536559,
      "val_auc": 0.9135983562088361,
      "val_f1": 0.7118623419967421,
      "val_auc_ecg": 0.9107700385163447,
      "val_delta_meta": 0.0009759590247087058,
      "lr": 0.0009046039886902864,
      "epoch_time_s": 247.64034843444824
    },
    {
      "epoch": 3,
      "train_loss": 0.5244498103583625,
      "val_auc": 0.915566638857003,
      "val_f1": 0.7058500594836916,
      "val_auc_ecg": 0.9144426553374009,
      "val_delta_meta": 0.0003487594935617233,
      "lr": 0.0007940987335200904,
      "epoch_time_s": 262.23380279541016
    },
    {
      "epoch": 4,
      "train_loss": 0.49935919959610753,
      "val_auc": 0.9262850169442389,
      "val_f1": 0.7291754260070189,
      "val_auc_ecg": 0.9252450040592226,
      "val_delta_meta": 0.0005448713268141336,
      "lr": 0.0006548539886902864,
      "epoch_time_s": 269.41816687583923
    },
    {
      "epoch": 5,
      "train_loss": 0.474522500245943,
      "val_auc": 0.9259412236603055,
      "val_f1": 0.7234501563990782,
      "val_auc_ecg": 0.9257209276776039,
      "val_delta_meta": 0.0001123219901473238,
      "lr": 0.0005005000000000001,
      "epoch_time_s": 271.00898909568787
    },
    {
      "epoch": 6,
      "train_loss": 0.4483100526923433,
      "val_auc": 0.9289174094394788,
      "val_f1": 0.7237006326790573,
      "val_auc_ecg": 0.9277336451496059,
      "val_delta_meta": 0.000825248895063635,
      "lr": 0.0003461460113097139,
      "epoch_time_s": 271.74033069610596
    },
    {
      "epoch": 7,
      "train_loss": 0.4235858145930351,
      "val_auc": 0.9294041460091398,
      "val_f1": 0.7171174735258907,
      "val_auc_ecg": 0.9282786933884541,
      "val_delta_meta": 0.000953627287588632,
      "lr": 0.00020690126647990973,
      "epoch_time_s": 271.0599856376648
    },
    {
      "epoch": 8,
      "train_loss": 0.3987229870000017,
      "val_auc": 0.9298183100011632,
      "val_f1": 0.7409781975440036,
      "val_auc_ecg": 0.9294361236517183,
      "val_delta_meta": 1.1965598216701068e-06,
      "lr": 9.639601130971382e-05,
      "epoch_time_s": 272.1533896923065
    },
    {
      "epoch": 9,
      "train_loss": 0.37209853404158844,
      "val_auc": 0.9288710366994775,
      "val_f1": 0.7353512068584326,
      "val_auc_ecg": 0.9286077255273166,
      "val_delta_meta": 0.00010433567664591692,
      "lr": 2.5447270110570814e-05,
      "epoch_time_s": 271.31509709358215
    },
    {
      "epoch": 10,
      "train_loss": 0.3574176692087716,
      "val_auc": 0.9308046096078778,
      "val_f1": 0.7459686263519059,
      "val_auc_ecg": 0.9309414771014298,
      "val_delta_meta": -0.00020043385966117544,
      "lr": 0.001,
      "epoch_time_s": 271.5699350833893
    }
  ]
}