{
  "metadata": {
    "run_name": "ATLAS_A_v5_demo+anthro_additive_seed2028",
    "variant": "demo+anthro",
    "seed": 2028,
    "meta_hid": 128,
    "lauc_weight": 0.08,
    "no_aug": false,
    "arch_mode": "additive",
    "meta_mask_mode": "real",
    "test_fold": 10,
    "val_fold": 9,
    "timestamp": "2026-05-09T05:30:23.146850",
    "git_sha": "b8fda1f7a68a5b217a3f76d88337426561bd26e4",
    "analysis_plan_sha256": "4ad22e907fbd431a0b443255a3449c0560371997d5ee36a61e164de7aea5c3dc",
    "wall_time_s": 2383.3458337783813,
    "train_time_s": 2354.469851732254,
    "gpu_peak_mem_mb": 0,
    "num_parameters": 3951951,
    "dataset_sizes": {
      "train": 17418,
      "val": 2183,
      "test": 2198
    },
    "train_fold_ids": [
      1,
      2,
      3,
      4,
      5,
      6,
      7,
      8
    ],
    "pos_weights": [
      1.2930489778518677,
      2.9776203632354736,
      3.161012887954712,
      3.4581520557403564,
      7.21991491317749
    ],
    "loss_weights": {
      "fused": 0.52,
      "ecg": 0.3,
      "meta": 0.1,
      "lauc": 0.08
    },
    "hardware": {
      "python_version": "3.11.7 | packaged by Anaconda, Inc. | (main, Dec 15 2023, 18:05:47) [MSC v.1916 64 bit (AMD64)]",
      "torch_version": "2.3.1+cpu",
      "cuda_available": false,
      "numpy_version": "1.26.4",
      "sklearn_version": "1.4.2"
    },
    "best_val_auc": 0.9327810422115848,
    "best_val_epoch": 10
  },
  "test": {
    "macro_auc": 0.9291010213563944,
    "macro_auc_ecg": 0.9278862175210033,
    "macro_auc_no_meta": 0.9275998346089278,
    "delta_meta_auc": 0.0015011867474665763,
    "macro_f1_optimal": 0.748374113065536,
    "macro_f1_fixed_05": 0.7390520468518516,
    "w_fused": 1.0,
    "thresholds": [
      0.5,
      0.5450000166893005,
      0.574999988079071,
      0.6800000071525574,
      0.6499999761581421
    ]
  },
  "per_class": {
    "NORM": {
      "auc": 0.9513127414750633,
      "f1": 0.861671469740634,
      "threshold": 0.5
    },
    "MI": {
      "auc": 0.9299216681376874,
      "f1": 0.7442258340461934,
      "threshold": 0.5450000166893005
    },
    "STTC": {
      "auc": 0.9373881932021467,
      "f1": 0.7714285714285715,
      "threshold": 0.574999988079071
    },
    "CD": {
      "auc": 0.9155500170577309,
      "f1": 0.7536231884057971,
      "threshold": 0.6800000071525574
    },
    "HYP": {
      "auc": 0.9113324869093432,
      "f1": 0.6109215017064846,
      "threshold": 0.6499999761581421
    }
  },
  "subgroups": {
    "sex_male": {
      "n": 1066,
      "macro_auc": 0.9220204043133216,
      "per_class_auc": [
        0.9464749740687333,
        0.9196116467093525,
        0.9247371774450461,
        0.9092885375494072,
        0.9099896857940681
      ]
    },
    "sex_female": {
      "n": 1132,
      "macro_auc": 0.9360063002530217,
      "per_class_auc": [
        0.9570277106614316,
        0.938793120829049,
        0.947424161093299,
        0.9230972928857942,
        0.9136892157955346
      ]
    },
    "age_lt45": {
      "n": 345,
      "macro_auc": 0.9278301735216905,
      "per_class_auc": [
        0.9011343416370108,
        0.9880239520958084,
        0.9647938268627925,
        0.849290244639082,
        0.9359085023737592
      ]
    },
    "age_45_65": {
      "n": 703,
      "macro_auc": 0.9263956938829739,
      "per_class_auc": [
        0.9340794801462906,
        0.9275367720135163,
        0.9505738132498696,
        0.8977852537146062,
        0.9220031502905871
      ]
    },
    "age_gt65": {
      "n": 1150,
      "macro_auc": 0.9182413636321936,
      "per_class_auc": [
        0.9516219239373601,
        0.9056618325090117,
        0.9146378340365682,
        0.9271146092873617,
        0.8921706183906665
      ]
    },
    "meta_complete": {
      "n": 660,
      "macro_auc": 0.9409987755874365,
      "per_class_auc": [
        0.9609857962908448,
        0.9411086293230558,
        0.9407481590574374,
        0.9445007204919319,
        0.9176505727739124
      ]
    },
    "meta_incomplete": {
      "n": 1538,
      "macro_auc": 0.9242668986494955,
      "per_class_auc": [
        0.9482130249775793,
        0.925627901339055,
        0.9357736548085502,
        0.904884825039564,
        0.9068350870827286
      ]
    },
    "fairness_sex_gap": 0.013985895939700121
  },
  "training_history": [
    {
      "epoch": 1,
      "train_loss": 0.6548724365343741,
      "val_auc": 0.9043791453906106,
      "val_f1": 0.6446417460020915,
      "val_auc_ecg": 0.9019474289991468,
      "val_delta_meta": 0.0015075684580387883,
      "lr": 0.0009755527298894294,
      "epoch_time_s": 234.15056085586548
    },
    {
      "epoch": 2,
      "train_loss": 0.5695717267487027,
      "val_auc": 0.904861481136044,
      "val_f1": 0.6783024680484743,
      "val_auc_ecg": 0.9031208980499038,
      "val_delta_meta": 0.0014422789126933289,
      "lr": 0.0009046039886902864,
      "epoch_time_s": 233.8707709312439
    },
    {
      "epoch": 3,
      "train_loss": 0.532318495829171,
      "val_auc": 0.9161745725809034,
      "val_f1": 0.7091777923813856,
      "val_auc_ecg": 0.9154454861504803,
      "val_delta_meta": -0.0008364987038851357,
      "lr": 0.0007940987335200904,
      "epoch_time_s": 234.5385546684265
    },
    {
      "epoch": 4,
      "train_loss": 0.5053940828787078,
      "val_auc": 0.9250355747093986,
      "val_f1": 0.717367375641155,
      "val_auc_ecg": 0.9231933989131577,
      "val_delta_meta": 0.001216566248809281,
      "lr": 0.0006548539886902864,
      "epoch_time_s": 234.3529498577118
    },
    {
      "epoch": 5,
      "train_loss": 0.48379407951591213,
      "val_auc": 0.9173947317790802,
      "val_f1": 0.7189741770964249,
      "val_auc_ecg": 0.9162810262390938,
      "val_delta_meta": 0.00032593626417953825,
      "lr": 0.0005005000000000001,
      "epoch_time_s": 234.69729614257812
    },
    {
      "epoch": 6,
      "train_loss": 0.45911840006298976,
      "val_auc": 0.925911653007444,
      "val_f1": 0.7187170951779608,
      "val_auc_ecg": 0.9257312170368373,
      "val_delta_meta": -0.0012213857514680182,
      "lr": 0.0003461460113097139,
      "epoch_time_s": 234.47661185264587
    },
    {
      "epoch": 7,
      "train_loss": 0.4358491481444158,
      "val_auc": 0.9265994107384661,
      "val_f1": 0.7309246210408948,
      "val_auc_ecg": 0.925439364660118,
      "val_delta_meta": -3.074350135934267e-05,
      "lr": 0.00020690126647990973,
      "epoch_time_s": 234.45110321044922
    },
    {
      "epoch": 8,
      "train_loss": 0.4123468065753989,
      "val_auc": 0.930451823743638,
      "val_f1": 0.7429924119463308,
      "val_auc_ecg": 0.929847665048601,
      "val_delta_meta": -0.00030144981215685096,
      "lr": 9.639601130971382e-05,
      "epoch_time_s": 234.9319417476654
    },
    {
      "epoch": 9,
      "train_loss": 0.39317756852972396,
      "val_auc": 0.929486353396982,
      "val_f1": 0.7410556143734708,
      "val_auc_ecg": 0.9281729484130403,
      "val_delta_meta": 0.0005147346515791407,
      "lr": 2.5447270110570814e-05,
      "epoch_time_s": 234.77032446861267
    },
    {
      "epoch": 10,
      "train_loss": 0.3797426051229512,
      "val_auc": 0.9327810422115848,
      "val_f1": 0.7420598341102499,
      "val_auc_ecg": 0.9319251530821259,
      "val_delta_meta": 0.0002501285785214691,
      "lr": 0.001,
      "epoch_time_s": 234.46914529800415
    }
  ]
}