{
  "metadata": {
    "run_name": "ATLAS_A_v5_demo+anthro_no_residual_seed2025",
    "variant": "demo+anthro",
    "seed": 2025,
    "meta_hid": 128,
    "lauc_weight": 0.08,
    "no_aug": false,
    "arch_mode": "no_residual",
    "meta_mask_mode": "real",
    "test_fold": 10,
    "val_fold": 9,
    "timestamp": "2026-05-09T17:41:26.699063",
    "git_sha": "b8fda1f7a68a5b217a3f76d88337426561bd26e4",
    "analysis_plan_sha256": "4ad22e907fbd431a0b443255a3449c0560371997d5ee36a61e164de7aea5c3dc",
    "wall_time_s": 2623.5261788368225,
    "train_time_s": 2594.307562828064,
    "gpu_peak_mem_mb": 0,
    "num_parameters": 3951951,
    "dataset_sizes": {
      "train": 17418,
      "val": 2183,
      "test": 2198
    },
    "train_fold_ids": [
      1,
      2,
      3,
      4,
      5,
      6,
      7,
      8
    ],
    "pos_weights": [
      1.2930489778518677,
      2.9776203632354736,
      3.161012887954712,
      3.4581520557403564,
      7.21991491317749
    ],
    "loss_weights": {
      "fused": 0.52,
      "ecg": 0.3,
      "meta": 0.1,
      "lauc": 0.08
    },
    "hardware": {
      "python_version": "3.11.7 | packaged by Anaconda, Inc. | (main, Dec 15 2023, 18:05:47) [MSC v.1916 64 bit (AMD64)]",
      "torch_version": "2.3.1+cpu",
      "cuda_available": false,
      "numpy_version": "1.26.4",
      "sklearn_version": "1.4.2"
    },
    "best_val_auc": 0.9322496502825507,
    "best_val_epoch": 10
  },
  "test": {
    "macro_auc": 0.9300966719079409,
    "macro_auc_ecg": 0.9288307175016378,
    "macro_auc_no_meta": 0.9288738862114199,
    "delta_meta_auc": 0.0012227856965210115,
    "macro_f1_optimal": 0.7449130689514828,
    "macro_f1_fixed_05": 0.737657134667063,
    "w_fused": 1.0,
    "thresholds": [
      0.7549999952316284,
      0.6200000047683716,
      0.6349999904632568,
      0.7400000095367432,
      0.7099999785423279
    ]
  },
  "per_class": {
    "NORM": {
      "auc": 0.9506678270082107,
      "f1": 0.8674337168584292,
      "threshold": 0.7549999952316284
    },
    "MI": {
      "auc": 0.9330759046778465,
      "f1": 0.7354838709677419,
      "threshold": 0.6200000047683716
    },
    "STTC": {
      "auc": 0.9377349874158337,
      "f1": 0.7734806629834254,
      "threshold": 0.6349999904632568
    },
    "CD": {
      "auc": 0.9200359633827375,
      "f1": 0.7417640807651434,
      "threshold": 0.7400000095367432
    },
    "HYP": {
      "auc": 0.9089686770550754,
      "f1": 0.6064030131826742,
      "threshold": 0.7099999785423279
    }
  },
  "subgroups": {
    "sex_male": {
      "n": 1066,
      "macro_auc": 0.9221840013496255,
      "per_class_auc": [
        0.9461713885063953,
        0.9207638716703372,
        0.9219629393649782,
        0.9143800707301851,
        0.9076417364762313
      ]
    },
    "sex_female": {
      "n": 1132,
      "macro_auc": 0.9374949939091201,
      "per_class_auc": [
        0.9556748968086177,
        0.9430391741768989,
        0.9506980612901197,
        0.9277987115594992,
        0.9102641257104647
      ]
    },
    "age_lt45": {
      "n": 345,
      "macro_auc": 0.9259654162016508,
      "per_class_auc": [
        0.8975200177935944,
        0.9934676102340773,
        0.9631058596575839,
        0.8575203865901541,
        0.9182132067328441
      ]
    },
    "age_45_65": {
      "n": 703,
      "macro_auc": 0.926926292495754,
      "per_class_auc": [
        0.9284221525600836,
        0.9292262969588552,
        0.9524126238914972,
        0.9108774880852256,
        0.913692900983108
      ]
    },
    "age_gt65": {
      "n": 1150,
      "macro_auc": 0.9191841692094733,
      "per_class_auc": [
        0.9524608501118568,
        0.9082370693268507,
        0.9146061884669481,
        0.9277254737902106,
        0.8928912643515005
      ]
    },
    "meta_complete": {
      "n": 660,
      "macro_auc": 0.9396867218428364,
      "per_class_auc": [
        0.9573336767736238,
        0.9454298602899313,
        0.9397349042709868,
        0.9440299039819663,
        0.9119052638976738
      ]
    },
    "meta_incomplete": {
      "n": 1538,
      "macro_auc": 0.9258107103467431,
      "per_class_auc": [
        0.9481124138517234,
        0.9282009624524462,
        0.9364719517399231,
        0.9108164820350506,
        0.9054517416545718
      ]
    },
    "fairness_sex_gap": 0.01531099255949453
  },
  "training_history": [
    {
      "epoch": 1,
      "train_loss": 0.6436080714431378,
      "val_auc": 0.8995850242569079,
      "val_f1": 0.6600239145773064,
      "val_auc_ecg": 0.8946310840795476,
      "val_delta_meta": 0.002700409330069542,
      "lr": 0.0009755527298894294,
      "epoch_time_s": 242.13445901870728
    },
    {
      "epoch": 2,
      "train_loss": 0.5597199590927964,
      "val_auc": 0.9135343973109583,
      "val_f1": 0.6877318916442718,
      "val_auc_ecg": 0.911449136839126,
      "val_delta_meta": 5.6932633770712116e-06,
      "lr": 0.0009046039886902864,
      "epoch_time_s": 241.91618514060974
    },
    {
      "epoch": 3,
      "train_loss": 0.5261920349313578,
      "val_auc": 0.9171110190682796,
      "val_f1": 0.7052832263618832,
      "val_auc_ecg": 0.9152801865959743,
      "val_delta_meta": 0.000984245449664245,
      "lr": 0.0007940987335200904,
      "epoch_time_s": 255.7229142189026
    },
    {
      "epoch": 4,
      "train_loss": 0.4999175663934935,
      "val_auc": 0.9199439452630795,
      "val_f1": 0.7112302653937521,
      "val_auc_ecg": 0.9185301945797846,
      "val_delta_meta": 0.0008032388574918947,
      "lr": 0.0006548539886902864,
      "epoch_time_s": 262.3831191062927
    },
    {
      "epoch": 5,
      "train_loss": 0.4800063239871909,
      "val_auc": 0.9212749872154763,
      "val_f1": 0.7214193685502469,
      "val_auc_ecg": 0.9192085541294948,
      "val_delta_meta": 0.0005525476114348615,
      "lr": 0.0005005000000000001,
      "epoch_time_s": 262.76620745658875
    },
    {
      "epoch": 6,
      "train_loss": 0.455973089944332,
      "val_auc": 0.9260853278259054,
      "val_f1": 0.7181812319403403,
      "val_auc_ecg": 0.9253883432573327,
      "val_delta_meta": 0.000156503276165898,
      "lr": 0.0003461460113097139,
      "epoch_time_s": 263.4148368835449
    },
    {
      "epoch": 7,
      "train_loss": 0.43479847596326004,
      "val_auc": 0.9283904203933245,
      "val_f1": 0.7300019672128113,
      "val_auc_ecg": 0.9279159430153886,
      "val_delta_meta": -7.89295171795823e-05,
      "lr": 0.00020690126647990973,
      "epoch_time_s": 263.3739745616913
    },
    {
      "epoch": 8,
      "train_loss": 0.4170644890004342,
      "val_auc": 0.9294682896647316,
      "val_f1": 0.7407842295713014,
      "val_auc_ecg": 0.9289177298686248,
      "val_delta_meta": -0.0003310574575989822,
      "lr": 9.639601130971382e-05,
      "epoch_time_s": 264.555871963501
    },
    {
      "epoch": 9,
      "train_loss": 0.39738622086310604,
      "val_auc": 0.9315500623269417,
      "val_f1": 0.73931163905022,
      "val_auc_ecg": 0.9311349356607304,
      "val_delta_meta": 0.0003437702334645465,
      "lr": 2.5447270110570814e-05,
      "epoch_time_s": 263.587646484375
    },
    {
      "epoch": 10,
      "train_loss": 0.3860544687290804,
      "val_auc": 0.9322496502825507,
      "val_f1": 0.7444511192488161,
      "val_auc_ecg": 0.931575550963909,
      "val_delta_meta": 0.0003007212598998832,
      "lr": 0.001,
      "epoch_time_s": 263.25439381599426
    }
  ]
}