{
  "metadata": {
    "run_name": "ATLAS_A_v5_demo+anthro_tf2_vf3_seed2026",
    "variant": "demo+anthro",
    "seed": 2026,
    "meta_hid": 128,
    "lauc_weight": 0.08,
    "no_aug": false,
    "arch_mode": "standard",
    "meta_mask_mode": "real",
    "test_fold": 2,
    "val_fold": 3,
    "timestamp": "2026-05-11T00:02:38.919905",
    "git_sha": "b8fda1f7a68a5b217a3f76d88337426561bd26e4",
    "analysis_plan_sha256": "4ad22e907fbd431a0b443255a3449c0560371997d5ee36a61e164de7aea5c3dc",
    "wall_time_s": 2677.9565510749817,
    "train_time_s": 2648.231367111206,
    "gpu_peak_mem_mb": 0,
    "num_parameters": 3951951,
    "dataset_sizes": {
      "train": 17426,
      "val": 2192,
      "test": 2181
    },
    "train_fold_ids": [
      1,
      4,
      5,
      6,
      7,
      8,
      9,
      10
    ],
    "pos_weights": [
      1.3062466382980347,
      2.9577560424804688,
      3.153002977371216,
      3.4386143684387207,
      7.215935707092285
    ],
    "loss_weights": {
      "fused": 0.52,
      "ecg": 0.3,
      "meta": 0.1,
      "lauc": 0.08
    },
    "hardware": {
      "python_version": "3.11.7 | packaged by Anaconda, Inc. | (main, Dec 15 2023, 18:05:47) [MSC v.1916 64 bit (AMD64)]",
      "torch_version": "2.3.1+cpu",
      "cuda_available": false,
      "numpy_version": "1.26.4",
      "sklearn_version": "1.4.2"
    },
    "best_val_auc": 0.9404351517263956,
    "best_val_epoch": 10
  },
  "test": {
    "macro_auc": 0.9416447037313118,
    "macro_auc_ecg": 0.9403889923151093,
    "macro_auc_no_meta": 0.9403906824512134,
    "delta_meta_auc": 0.0012540212800984385,
    "macro_f1_optimal": 0.7690062722009279,
    "macro_f1_fixed_05": 0.7496247971929895,
    "w_fused": 1.0,
    "thresholds": [
      0.48500001430511475,
      0.7250000238418579,
      0.6800000071525574,
      0.7099999785423279,
      0.8600000143051147
    ]
  },
  "per_class": {
    "NORM": {
      "auc": 0.9658431705933362,
      "f1": 0.8979177247333672,
      "threshold": 0.48500001430511475
    },
    "MI": {
      "auc": 0.9356365973025135,
      "f1": 0.7524932003626473,
      "threshold": 0.7250000238418579
    },
    "STTC": {
      "auc": 0.9425926096550834,
      "f1": 0.7604562737642585,
      "threshold": 0.6800000071525574
    },
    "CD": {
      "auc": 0.9380276210853918,
      "f1": 0.7769633507853403,
      "threshold": 0.7099999785423279
    },
    "HYP": {
      "auc": 0.9261235200202337,
      "f1": 0.6572008113590264,
      "threshold": 0.8600000143051147
    }
  },
  "subgroups": {
    "sex_male": {
      "n": 1045,
      "macro_auc": 0.937420415358641,
      "per_class_auc": [
        0.9575994054254924,
        0.9198873231638105,
        0.9454081632653062,
        0.9381603724238937,
        0.9260468125147024
      ]
    },
    "sex_female": {
      "n": 1136,
      "macro_auc": 0.9415626914176538,
      "per_class_auc": [
        0.9708222811671088,
        0.9393658680365489,
        0.9395448823310457,
        0.9326258203120414,
        0.9254546052415245
      ]
    },
    "age_lt45": {
      "n": 344,
      "macro_auc": 0.9527024097531432,
      "per_class_auc": [
        0.9345724907063198,
        0.9847222222222222,
        0.9607006020799125,
        0.8980916325426871,
        0.9854251012145749
      ]
    },
    "age_45_65": {
      "n": 798,
      "macro_auc": 0.9479344104179847,
      "per_class_auc": [
        0.9655887230514096,
        0.9498430415068015,
        0.9467910454843087,
        0.9489088547068263,
        0.9285403873405763
      ]
    },
    "age_gt65": {
      "n": 1039,
      "macro_auc": 0.9246397201411949,
      "per_class_auc": [
        0.9562347803427176,
        0.9001239475146386,
        0.9273309663476381,
        0.9364148371358875,
        0.9030940693650922
      ]
    },
    "meta_complete": {
      "n": 663,
      "macro_auc": 0.9422701371119949,
      "per_class_auc": [
        0.9691296100390325,
        0.9374298540965208,
        0.9494332418565803,
        0.9283216783216782,
        0.9270363012461622
      ]
    },
    "meta_incomplete": {
      "n": 1518,
      "macro_auc": 0.9410306164820884,
      "per_class_auc": [
        0.9647955323812004,
        0.9353770488154981,
        0.9400008736676568,
        0.9406328320802004,
        0.9243467954658873
      ]
    },
    "fairness_sex_gap": 0.0041422760590128505
  },
  "training_history": [
    {
      "epoch": 1,
      "train_loss": 0.6490072189121071,
      "val_auc": 0.9113541849049597,
      "val_f1": 0.7000077069424655,
      "val_auc_ecg": 0.9064183140676041,
      "val_delta_meta": 0.003865816924799037,
      "lr": 0.0009755527298894294,
      "epoch_time_s": 245.9576277732849
    },
    {
      "epoch": 2,
      "train_loss": 0.5697423385370762,
      "val_auc": 0.9180933345108947,
      "val_f1": 0.6991376228372399,
      "val_auc_ecg": 0.9160008399219123,
      "val_delta_meta": 0.0025562253469343377,
      "lr": 0.0009046039886902864,
      "epoch_time_s": 246.18647718429565
    },
    {
      "epoch": 3,
      "train_loss": 0.5332608720578185,
      "val_auc": 0.9255309117582466,
      "val_f1": 0.7244754457526275,
      "val_auc_ecg": 0.9227309089690007,
      "val_delta_meta": 0.0020751833918545293,
      "lr": 0.0007940987335200904,
      "epoch_time_s": 261.6071798801422
    },
    {
      "epoch": 4,
      "train_loss": 0.513350625541232,
      "val_auc": 0.9295205429243587,
      "val_f1": 0.7216685631700768,
      "val_auc_ecg": 0.9271062982054227,
      "val_delta_meta": 0.0022504065193190703,
      "lr": 0.0006548539886902864,
      "epoch_time_s": 268.21642661094666
    },
    {
      "epoch": 5,
      "train_loss": 0.48944477920138507,
      "val_auc": 0.93413756467257,
      "val_f1": 0.7264411706862999,
      "val_auc_ecg": 0.9313022839740916,
      "val_delta_meta": 0.0023047720233769775,
      "lr": 0.0005005000000000001,
      "epoch_time_s": 268.26717257499695
    },
    {
      "epoch": 6,
      "train_loss": 0.466479744550285,
      "val_auc": 0.9366993901068577,
      "val_f1": 0.7314164089295029,
      "val_auc_ecg": 0.9347862127555716,
      "val_delta_meta": 0.002825126028999425,
      "lr": 0.0003461460113097139,
      "epoch_time_s": 269.26161074638367
    },
    {
      "epoch": 7,
      "train_loss": 0.447937359230234,
      "val_auc": 0.9382003769392604,
      "val_f1": 0.7417971346881191,
      "val_auc_ecg": 0.9365743913900708,
      "val_delta_meta": 0.00249430038973808,
      "lr": 0.00020690126647990973,
      "epoch_time_s": 269.42930245399475
    },
    {
      "epoch": 8,
      "train_loss": 0.429724694720102,
      "val_auc": 0.9389788042144657,
      "val_f1": 0.751023349939242,
      "val_auc_ecg": 0.937341334649551,
      "val_delta_meta": 0.0018508864148971682,
      "lr": 9.639601130971382e-05,
      "epoch_time_s": 269.2603352069855
    },
    {
      "epoch": 9,
      "train_loss": 0.41029229743765033,
      "val_auc": 0.9402989819433474,
      "val_f1": 0.739833086974826,
      "val_auc_ecg": 0.9386729034927448,
      "val_delta_meta": 0.002010797746609283,
      "lr": 2.5447270110570814e-05,
      "epoch_time_s": 269.6949837207794
    },
    {
      "epoch": 10,
      "train_loss": 0.40068101740758355,
      "val_auc": 0.9404351517263956,
      "val_f1": 0.7405709808365136,
      "val_auc_ecg": 0.9385927796895428,
      "val_delta_meta": 0.002164227902656135,
      "lr": 0.001,
      "epoch_time_s": 269.16774344444275
    }
  ]
}