{
  "metadata": {
    "run_name": "ATLAS_A_v5_demo+anthro_no_glu_seed2026",
    "variant": "demo+anthro",
    "seed": 2026,
    "meta_hid": 128,
    "lauc_weight": 0.08,
    "no_aug": false,
    "arch_mode": "no_glu",
    "meta_mask_mode": "real",
    "test_fold": 10,
    "val_fold": 9,
    "timestamp": "2026-05-09T11:01:31.826231",
    "git_sha": "b8fda1f7a68a5b217a3f76d88337426561bd26e4",
    "analysis_plan_sha256": "4ad22e907fbd431a0b443255a3449c0560371997d5ee36a61e164de7aea5c3dc",
    "wall_time_s": 2641.335947036743,
    "train_time_s": 2611.447649717331,
    "gpu_peak_mem_mb": 0,
    "num_parameters": 3951951,
    "dataset_sizes": {
      "train": 17418,
      "val": 2183,
      "test": 2198
    },
    "train_fold_ids": [
      1,
      2,
      3,
      4,
      5,
      6,
      7,
      8
    ],
    "pos_weights": [
      1.2930489778518677,
      2.9776203632354736,
      3.161012887954712,
      3.4581520557403564,
      7.21991491317749
    ],
    "loss_weights": {
      "fused": 0.52,
      "ecg": 0.3,
      "meta": 0.1,
      "lauc": 0.08
    },
    "hardware": {
      "python_version": "3.11.7 | packaged by Anaconda, Inc. | (main, Dec 15 2023, 18:05:47) [MSC v.1916 64 bit (AMD64)]",
      "torch_version": "2.3.1+cpu",
      "cuda_available": false,
      "numpy_version": "1.26.4",
      "sklearn_version": "1.4.2"
    },
    "best_val_auc": 0.9317439275553479,
    "best_val_epoch": 10
  },
  "test": {
    "macro_auc": 0.9297604789067488,
    "macro_auc_ecg": 0.9281561343000588,
    "macro_auc_no_meta": 0.9286091842746069,
    "delta_meta_auc": 0.0011512946321419193,
    "macro_f1_optimal": 0.7412689813665299,
    "macro_f1_fixed_05": 0.729885511197532,
    "w_fused": 1.0,
    "thresholds": [
      0.6800000071525574,
      0.5299999713897705,
      0.6050000190734863,
      0.7549999952316284,
      0.6650000214576721
    ]
  },
  "per_class": {
    "NORM": {
      "auc": 0.9503289736442713,
      "f1": 0.8705179282868526,
      "threshold": 0.6800000071525574
    },
    "MI": {
      "auc": 0.9300882612533098,
      "f1": 0.7271157167530224,
      "threshold": 0.5299999713897705
    },
    "STTC": {
      "auc": 0.9386231468541875,
      "f1": 0.7693661971830986,
      "threshold": 0.6050000190734863
    },
    "CD": {
      "auc": 0.9199850271028391,
      "f1": 0.740041928721174,
      "threshold": 0.7549999952316284
    },
    "HYP": {
      "auc": 0.9097769856791371,
      "f1": 0.5993031358885017,
      "threshold": 0.6650000214576721
    }
  },
  "subgroups": {
    "sex_male": {
      "n": 1066,
      "macro_auc": 0.9222237256763988,
      "per_class_auc": [
        0.9469556512091019,
        0.9202193602963697,
        0.9236310219107289,
        0.9136519658830872,
        0.9066606290827065
      ]
    },
    "sex_female": {
      "n": 1132,
      "macro_auc": 0.9368953193285222,
      "per_class_auc": [
        0.9544416339474479,
        0.9386116655577733,
        0.950649702350728,
        0.9278942159092882,
        0.9128793788773728
      ]
    },
    "age_lt45": {
      "n": 345,
      "macro_auc": 0.9278086725955234,
      "per_class_auc": [
        0.89418371886121,
        0.9752313554708764,
        0.9617795997106342,
        0.8779824826336454,
        0.9298662063012516
      ]
    },
    "age_45_65": {
      "n": 703,
      "macro_auc": 0.9240811751640143,
      "per_class_auc": [
        0.9254669540229885,
        0.9275988869012125,
        0.9507955138236828,
        0.9017381553125876,
        0.9148063657596003
      ]
    },
    "age_gt65": {
      "n": 1150,
      "macro_auc": 0.9193075543318402,
      "per_class_auc": [
        0.953803919715159,
        0.9043641545812725,
        0.9168459915611815,
        0.9302429759837696,
        0.8912807298178185
      ]
    },
    "meta_complete": {
      "n": 660,
      "macro_auc": 0.9427353224235102,
      "per_class_auc": [
        0.9625036797173976,
        0.9437510036642871,
        0.9405832106038292,
        0.9470973448802271,
        0.9197413732518097
      ]
    },
    "meta_incomplete": {
      "n": 1538,
      "macro_auc": 0.9240007081735253,
      "per_class_auc": [
        0.9450298971164504,
        0.9243605092534508,
        0.9374102882414557,
        0.9092433034405956,
        0.9039595428156749
      ]
    },
    "fairness_sex_gap": 0.014671593652123449
  },
  "training_history": [
    {
      "epoch": 1,
      "train_loss": 0.6636696143981513,
      "val_auc": 0.9003558229947111,
      "val_f1": 0.6771641636471946,
      "val_auc_ecg": 0.9012141602028942,
      "val_delta_meta": 0.0013181811287094058,
      "lr": 0.0009755527298894294,
      "epoch_time_s": 244.46523928642273
    },
    {
      "epoch": 2,
      "train_loss": 0.5638687156755989,
      "val_auc": 0.9110967074324965,
      "val_f1": 0.6934163038866232,
      "val_auc_ecg": 0.9097729402936847,
      "val_delta_meta": 0.00025670473591166143,
      "lr": 0.0009046039886902864,
      "epoch_time_s": 244.26337361335754
    },
    {
      "epoch": 3,
      "train_loss": 0.5303800947622421,
      "val_auc": 0.907890648146753,
      "val_f1": 0.6829001465697374,
      "val_auc_ecg": 0.9078373390986376,
      "val_delta_meta": 0.001380238522474042,
      "lr": 0.0007940987335200904,
      "epoch_time_s": 256.9781291484833
    },
    {
      "epoch": 4,
      "train_loss": 0.5059211018435452,
      "val_auc": 0.9221999510413909,
      "val_f1": 0.7149407290817973,
      "val_auc_ecg": 0.921709344293598,
      "val_delta_meta": 0.0004273133578847066,
      "lr": 0.0006548539886902864,
      "epoch_time_s": 264.4510397911072
    },
    {
      "epoch": 5,
      "train_loss": 0.4873395493817986,
      "val_auc": 0.9175137257997126,
      "val_f1": 0.7062260033640714,
      "val_auc_ecg": 0.917974041695944,
      "val_delta_meta": -0.000777095898621849,
      "lr": 0.0005005000000000001,
      "epoch_time_s": 264.01903557777405
    },
    {
      "epoch": 6,
      "train_loss": 0.4643656775492047,
      "val_auc": 0.9244120576613557,
      "val_f1": 0.7244049840712883,
      "val_auc_ecg": 0.9238284207322238,
      "val_delta_meta": 0.0008182301654883206,
      "lr": 0.0003461460113097139,
      "epoch_time_s": 265.14909744262695
    },
    {
      "epoch": 7,
      "train_loss": 0.44427828496202415,
      "val_auc": 0.9283682516056416,
      "val_f1": 0.7290827170284502,
      "val_auc_ecg": 0.9279097870513044,
      "val_delta_meta": -0.00018087089768914488,
      "lr": 0.00020690126647990973,
      "epoch_time_s": 264.78554797172546
    },
    {
      "epoch": 8,
      "train_loss": 0.42558691031342255,
      "val_auc": 0.9282213789523228,
      "val_f1": 0.7425617866389176,
      "val_auc_ecg": 0.9277794559249042,
      "val_delta_meta": 0.00014775358348895207,
      "lr": 9.639601130971382e-05,
      "epoch_time_s": 266.10950326919556
    },
    {
      "epoch": 9,
      "train_loss": 0.40710772669643436,
      "val_auc": 0.9309359746512719,
      "val_f1": 0.735393594104926,
      "val_auc_ecg": 0.9309172303547351,
      "val_delta_meta": 4.376687429596959e-05,
      "lr": 2.5447270110570814e-05,
      "epoch_time_s": 266.05939531326294
    },
    {
      "epoch": 10,
      "train_loss": 0.3955765807573948,
      "val_auc": 0.9317439275553479,
      "val_f1": 0.7421334392116339,
      "val_auc_ecg": 0.9316228904703857,
      "val_delta_meta": -0.0001524813333606545,
      "lr": 0.001,
      "epoch_time_s": 266.57141971588135
    }
  ]
}