{
  "metadata": {
    "run_name": "ATLAS_A_v5_demo+anthro_metaH256_seed2032",
    "variant": "demo+anthro",
    "seed": 2032,
    "meta_hid": 256,
    "lauc_weight": 0.08,
    "no_aug": false,
    "arch_mode": "standard",
    "meta_mask_mode": "real",
    "test_fold": 10,
    "val_fold": 9,
    "timestamp": "2026-05-06T15:47:48.655971",
    "git_sha": "b8fda1f7a68a5b217a3f76d88337426561bd26e4",
    "analysis_plan_sha256": "4ad22e907fbd431a0b443255a3449c0560371997d5ee36a61e164de7aea5c3dc",
    "wall_time_s": 2641.664922952652,
    "train_time_s": 2611.9582335948944,
    "gpu_peak_mem_mb": 0,
    "num_parameters": 3985359,
    "dataset_sizes": {
      "train": 17418,
      "val": 2183,
      "test": 2198
    },
    "train_fold_ids": [
      1,
      2,
      3,
      4,
      5,
      6,
      7,
      8
    ],
    "pos_weights": [
      1.2930489778518677,
      2.9776203632354736,
      3.161012887954712,
      3.4581520557403564,
      7.21991491317749
    ],
    "loss_weights": {
      "fused": 0.52,
      "ecg": 0.3,
      "meta": 0.1,
      "lauc": 0.08
    },
    "hardware": {
      "python_version": "3.11.7 | packaged by Anaconda, Inc. | (main, Dec 15 2023, 18:05:47) [MSC v.1916 64 bit (AMD64)]",
      "torch_version": "2.3.1+cpu",
      "cuda_available": false,
      "numpy_version": "1.26.4",
      "sklearn_version": "1.4.2"
    },
    "best_val_auc": 0.9343129838446844,
    "best_val_epoch": 10
  },
  "test": {
    "macro_auc": 0.9305195190122945,
    "macro_auc_ecg": 0.9289835044925638,
    "macro_auc_no_meta": 0.9297066807566731,
    "delta_meta_auc": 0.0008128382556213953,
    "macro_f1_optimal": 0.745371940578754,
    "macro_f1_fixed_05": 0.7387656938057209,
    "w_fused": 1.0,
    "thresholds": [
      0.6499999761581421,
      0.6650000214576721,
      0.6949999928474426,
      0.7699999809265137,
      0.7549999952316284
    ]
  },
  "per_class": {
    "NORM": {
      "auc": 0.9519677458683853,
      "f1": 0.8685376661742984,
      "threshold": 0.6499999761581421
    },
    "MI": {
      "auc": 0.932802294792586,
      "f1": 0.7412844036697248,
      "threshold": 0.6650000214576721
    },
    "STTC": {
      "auc": 0.9398592450415867,
      "f1": 0.7679245283018868,
      "threshold": 0.6949999928474426
    },
    "CD": {
      "auc": 0.9199518592926728,
      "f1": 0.7510548523206751,
      "threshold": 0.7699999809265137
    },
    "HYP": {
      "auc": 0.9080164500662418,
      "f1": 0.5980582524271845,
      "threshold": 0.7549999952316284
    }
  },
  "subgroups": {
    "sex_male": {
      "n": 1066,
      "macro_auc": 0.9211007568663664,
      "per_class_auc": [
        0.9444221574091141,
        0.9202242220050659,
        0.9244186046511627,
        0.9136103598918244,
        0.9028284403746656
      ]
    },
    "sex_female": {
      "n": 1132,
      "macro_auc": 0.9393408203937581,
      "per_class_auc": [
        0.9601486207590859,
        0.943111756285409,
        0.9531111723657677,
        0.9273863064126829,
        0.912946246145845
      ]
    },
    "age_lt45": {
      "n": 345,
      "macro_auc": 0.9232523467874696,
      "per_class_auc": [
        0.899799822064057,
        0.9831246597713663,
        0.9647938268627925,
        0.8712624584717608,
        0.8972809667673717
      ]
    },
    "age_45_65": {
      "n": 703,
      "macro_auc": 0.924703378387874,
      "per_class_auc": [
        0.929344631661442,
        0.926754124428543,
        0.9517996870109546,
        0.8994813568825343,
        0.916137091955896
      ]
    },
    "age_gt65": {
      "n": 1150,
      "macro_auc": 0.9218002542371149,
      "per_class_auc": [
        0.954717679679869,
        0.9108324251823289,
        0.9182805907172994,
        0.9323939594756192,
        0.8927766161304587
      ]
    },
    "meta_complete": {
      "n": 660,
      "macro_auc": 0.9426719997299404,
      "per_class_auc": [
        0.9629728436856049,
        0.943064862260763,
        0.942762886597938,
        0.9464695895336064,
        0.9180898165717901
      ]
    },
    "meta_incomplete": {
      "n": 1538,
      "macro_auc": 0.9250352378779114,
      "per_class_auc": [
        0.9472953821227905,
        0.9283136667822063,
        0.9384528843542692,
        0.9093136392942969,
        0.9018006168359942
      ]
    },
    "fairness_sex_gap": 0.018240063527391714
  },
  "training_history": [
    {
      "epoch": 1,
      "train_loss": 0.6532026996306323,
      "val_auc": 0.9034179952047114,
      "val_f1": 0.6853733900068081,
      "val_auc_ecg": 0.9015019757174632,
      "val_delta_meta": 0.0016511600813529093,
      "lr": 0.0009755527298894294,
      "epoch_time_s": 243.03146243095398
    },
    {
      "epoch": 2,
      "train_loss": 0.559896618510605,
      "val_auc": 0.9148639221271901,
      "val_f1": 0.684841290767825,
      "val_auc_ecg": 0.9135519650628643,
      "val_delta_meta": 0.0011924945901047312,
      "lr": 0.0009046039886902864,
      "epoch_time_s": 243.3123779296875
    },
    {
      "epoch": 3,
      "train_loss": 0.5221175188318306,
      "val_auc": 0.9215620803979736,
      "val_f1": 0.7169215274276861,
      "val_auc_ecg": 0.9197300758297005,
      "val_delta_meta": 0.0012590520877513445,
      "lr": 0.0007940987335200904,
      "epoch_time_s": 259.56516909599304
    },
    {
      "epoch": 4,
      "train_loss": 0.4958437864386707,
      "val_auc": 0.9234045135771571,
      "val_f1": 0.7267222785134979,
      "val_auc_ecg": 0.9225674203272529,
      "val_delta_meta": 0.0007134352852797843,
      "lr": 0.0006548539886902864,
      "epoch_time_s": 262.0805947780609
    },
    {
      "epoch": 5,
      "train_loss": 0.47587607880251126,
      "val_auc": 0.9265706092628415,
      "val_f1": 0.7232089566078572,
      "val_auc_ecg": 0.9248276124596776,
      "val_delta_meta": 0.0016913634962927304,
      "lr": 0.0005005000000000001,
      "epoch_time_s": 260.73156452178955
    },
    {
      "epoch": 6,
      "train_loss": 0.4559252547014744,
      "val_auc": 0.9296237750512889,
      "val_f1": 0.7419099232759769,
      "val_auc_ecg": 0.9287704943390294,
      "val_delta_meta": 0.0001714069677613006,
      "lr": 0.0003461460113097139,
      "epoch_time_s": 264.36877632141113
    },
    {
      "epoch": 7,
      "train_loss": 0.4336210690780517,
      "val_auc": 0.9290808750449948,
      "val_f1": 0.7323224964648768,
      "val_auc_ecg": 0.9288906510392053,
      "val_delta_meta": -0.0003053303882696312,
      "lr": 0.00020690126647990973,
      "epoch_time_s": 265.9855682849884
    },
    {
      "epoch": 8,
      "train_loss": 0.414389160876974,
      "val_auc": 0.9323671525579919,
      "val_f1": 0.7447677546796947,
      "val_auc_ecg": 0.9323547779657162,
      "val_delta_meta": -8.000350209835805e-05,
      "lr": 9.639601130971382e-05,
      "epoch_time_s": 266.4951841831207
    },
    {
      "epoch": 9,
      "train_loss": 0.39390759755165206,
      "val_auc": 0.9334774698629278,
      "val_f1": 0.7435703383417763,
      "val_auc_ecg": 0.9335421980891232,
      "val_delta_meta": -0.00022163476906245094,
      "lr": 2.5447270110570814e-05,
      "epoch_time_s": 268.4990305900574
    },
    {
      "epoch": 10,
      "train_loss": 0.3816678274388707,
      "val_auc": 0.9343129838446844,
      "val_f1": 0.7417598436661355,
      "val_auc_ecg": 0.9337285594687479,
      "val_delta_meta": 0.00018679525016396248,
      "lr": 0.001,
      "epoch_time_s": 267.7005207538605
    }
  ]
}