{
  "metadata": {
    "run_name": "ATLAS_A_v5_demo+anthro_noaug_seed2041",
    "variant": "demo+anthro",
    "seed": 2041,
    "meta_hid": 128,
    "lauc_weight": 0.08,
    "no_aug": true,
    "arch_mode": "standard",
    "meta_mask_mode": "real",
    "test_fold": 10,
    "val_fold": 9,
    "timestamp": "2026-05-08T11:06:59.632152",
    "git_sha": "b8fda1f7a68a5b217a3f76d88337426561bd26e4",
    "analysis_plan_sha256": "4ad22e907fbd431a0b443255a3449c0560371997d5ee36a61e164de7aea5c3dc",
    "wall_time_s": 2620.6987533569336,
    "train_time_s": 2590.9835076332092,
    "gpu_peak_mem_mb": 0,
    "num_parameters": 3951951,
    "dataset_sizes": {
      "train": 17418,
      "val": 2183,
      "test": 2198
    },
    "train_fold_ids": [
      1,
      2,
      3,
      4,
      5,
      6,
      7,
      8
    ],
    "pos_weights": [
      1.2930489778518677,
      2.9776203632354736,
      3.161012887954712,
      3.4581520557403564,
      7.21991491317749
    ],
    "loss_weights": {
      "fused": 0.52,
      "ecg": 0.3,
      "meta": 0.1,
      "lauc": 0.08
    },
    "hardware": {
      "python_version": "3.11.7 | packaged by Anaconda, Inc. | (main, Dec 15 2023, 18:05:47) [MSC v.1916 64 bit (AMD64)]",
      "torch_version": "2.3.1+cpu",
      "cuda_available": false,
      "numpy_version": "1.26.4",
      "sklearn_version": "1.4.2"
    },
    "best_val_auc": 0.9298362951406668,
    "best_val_epoch": 10
  },
  "test": {
    "macro_auc": 0.9282494069424395,
    "macro_auc_ecg": 0.9273981756405834,
    "macro_auc_no_meta": 0.92752171388007,
    "delta_meta_auc": 0.0007276930623695277,
    "macro_f1_optimal": 0.7478874298642701,
    "macro_f1_fixed_05": 0.7409856771885124,
    "w_fused": 1.0,
    "thresholds": [
      0.6650000214576721,
      0.5299999713897705,
      0.5,
      0.7250000238418579,
      0.6949999928474426
    ]
  },
  "per_class": {
    "NORM": {
      "auc": 0.9493401608502445,
      "f1": 0.8614307153576788,
      "threshold": 0.6650000214576721
    },
    "MI": {
      "auc": 0.9311407766990293,
      "f1": 0.756896551724138,
      "threshold": 0.5299999713897705
    },
    "STTC": {
      "auc": 0.934175482450267,
      "f1": 0.7535986452159187,
      "threshold": 0.5
    },
    "CD": {
      "auc": 0.9182626701034835,
      "f1": 0.7518324607329843,
      "threshold": 0.7250000238418579
    },
    "HYP": {
      "auc": 0.908327944609173,
      "f1": 0.615678776290631,
      "threshold": 0.6949999928474426
    }
  },
  "subgroups": {
    "sex_male": {
      "n": 1066,
      "macro_auc": 0.9202604224487991,
      "per_class_auc": [
        0.9439812355209565,
        0.9231120769705721,
        0.9187329652047714,
        0.9096369877262327,
        0.9058388468214635
      ]
    },
    "sex_female": {
      "n": 1132,
      "macro_auc": 0.9358659518691471,
      "per_class_auc": [
        0.9550456810631229,
        0.9376197100747998,
        0.9474580123508731,
        0.9281546823178037,
        0.9110516735391359
      ]
    },
    "age_lt45": {
      "n": 345,
      "macro_auc": 0.922045281797401,
      "per_class_auc": [
        0.8889568505338079,
        0.9880239520958083,
        0.9615384615384615,
        0.8636363636363636,
        0.9080707811825637
      ]
    },
    "age_45_65": {
      "n": 703,
      "macro_auc": 0.9258132717798185,
      "per_class_auc": [
        0.9296630094043887,
        0.923847147684357,
        0.9482133541992697,
        0.9040089711241941,
        0.9233338764868828
      ]
    },
    "age_gt65": {
      "n": 1150,
      "macro_auc": 0.9178584183875035,
      "per_class_auc": [
        0.9511453508523174,
        0.909303378321737,
        0.9105485232067512,
        0.9278439444816722,
        0.8904508950750399
      ]
    },
    "meta_complete": {
      "n": 660,
      "macro_auc": 0.9387267610637874,
      "per_class_auc": [
        0.9559445834559905,
        0.9457948291215931,
        0.935081001472754,
        0.9444864533249632,
        0.9123269379436363
      ]
    },
    "meta_incomplete": {
      "n": 1538,
      "macro_auc": 0.9237583727775471,
      "per_class_auc": [
        0.9473456876857186,
        0.9254407696217174,
        0.9336084493928697,
        0.9081788875212472,
        0.9042180696661829
      ]
    },
    "fairness_sex_gap": 0.015605529420347986
  },
  "training_history": [
    {
      "epoch": 1,
      "train_loss": 0.6499065891318365,
      "val_auc": 0.8977181168728252,
      "val_f1": 0.6932786584603903,
      "val_auc_ecg": 0.8940393665479153,
      "val_delta_meta": 0.0018851692380330576,
      "lr": 0.0009755527298894294,
      "epoch_time_s": 241.91733717918396
    },
    {
      "epoch": 2,
      "train_loss": 0.5562694814773874,
      "val_auc": 0.9115737078290783,
      "val_f1": 0.6931222911834866,
      "val_auc_ecg": 0.9105834840920319,
      "val_delta_meta": 0.0005264073223895105,
      "lr": 0.0009046039886902864,
      "epoch_time_s": 242.36623096466064
    },
    {
      "epoch": 3,
      "train_loss": 0.5211282069529962,
      "val_auc": 0.917561809899164,
      "val_f1": 0.6967696375851883,
      "val_auc_ecg": 0.9155038432062461,
      "val_delta_meta": 0.0006082280336681123,
      "lr": 0.0007940987335200904,
      "epoch_time_s": 257.42887353897095
    },
    {
      "epoch": 4,
      "train_loss": 0.4935401126879071,
      "val_auc": 0.9216077030402798,
      "val_f1": 0.7112464386943802,
      "val_auc_ecg": 0.9217087660633869,
      "val_delta_meta": -0.0007794194134359556,
      "lr": 0.0006548539886902864,
      "epoch_time_s": 262.33334851264954
    },
    {
      "epoch": 5,
      "train_loss": 0.46985318261549014,
      "val_auc": 0.9186165540885056,
      "val_f1": 0.7165453157680399,
      "val_auc_ecg": 0.9176379982061125,
      "val_delta_meta": -0.00022178345756518336,
      "lr": 0.0005005000000000001,
      "epoch_time_s": 262.2056703567505
    },
    {
      "epoch": 6,
      "train_loss": 0.44580583804791124,
      "val_auc": 0.9270943466523832,
      "val_f1": 0.7301872577192062,
      "val_auc_ecg": 0.9260827880792171,
      "val_delta_meta": 0.0004212878817949628,
      "lr": 0.0003461460113097139,
      "epoch_time_s": 262.20417523384094
    },
    {
      "epoch": 7,
      "train_loss": 0.4191507651444969,
      "val_auc": 0.9295585586375497,
      "val_f1": 0.7271428972904692,
      "val_auc_ecg": 0.9286628883089701,
      "val_delta_meta": 0.00035329972274422694,
      "lr": 0.00020690126647990973,
      "epoch_time_s": 263.2605791091919
    },
    {
      "epoch": 8,
      "train_loss": 0.3933807884881256,
      "val_auc": 0.9280358331698352,
      "val_f1": 0.7312013055856118,
      "val_auc_ecg": 0.9277528642016689,
      "val_delta_meta": -9.312230919322761e-05,
      "lr": 9.639601130971382e-05,
      "epoch_time_s": 263.8371706008911
    },
    {
      "epoch": 9,
      "train_loss": 0.36622976176782485,
      "val_auc": 0.928321387959134,
      "val_f1": 0.7389891246101896,
      "val_auc_ecg": 0.9279871802972499,
      "val_delta_meta": 0.00043775126756206983,
      "lr": 2.5447270110570814e-05,
      "epoch_time_s": 263.48554706573486
    },
    {
      "epoch": 10,
      "train_loss": 0.3512004613876343,
      "val_auc": 0.9298362951406668,
      "val_f1": 0.7414315696742584,
      "val_auc_ecg": 0.9297315588823759,
      "val_delta_meta": -9.066895434006739e-05,
      "lr": 0.001,
      "epoch_time_s": 263.4320812225342
    }
  ]
}