{
  "metadata": {
    "run_name": "ATLAS_A_v5_demo+anthro_meta_only_seed2028",
    "variant": "demo+anthro",
    "seed": 2028,
    "meta_hid": 128,
    "lauc_weight": 0.08,
    "no_aug": false,
    "arch_mode": "meta_only",
    "meta_mask_mode": "real",
    "test_fold": 10,
    "val_fold": 9,
    "timestamp": "2026-05-08T16:05:30.758829",
    "git_sha": "b8fda1f7a68a5b217a3f76d88337426561bd26e4",
    "analysis_plan_sha256": "4ad22e907fbd431a0b443255a3449c0560371997d5ee36a61e164de7aea5c3dc",
    "wall_time_s": 2463.3746569156647,
    "train_time_s": 2434.0952191352844,
    "gpu_peak_mem_mb": 0,
    "num_parameters": 3951951,
    "dataset_sizes": {
      "train": 17418,
      "val": 2183,
      "test": 2198
    },
    "train_fold_ids": [
      1,
      2,
      3,
      4,
      5,
      6,
      7,
      8
    ],
    "pos_weights": [
      1.2930489778518677,
      2.9776203632354736,
      3.161012887954712,
      3.4581520557403564,
      7.21991491317749
    ],
    "loss_weights": {
      "fused": 0.52,
      "ecg": 0.3,
      "meta": 0.1,
      "lauc": 0.08
    },
    "hardware": {
      "python_version": "3.11.7 | packaged by Anaconda, Inc. | (main, Dec 15 2023, 18:05:47) [MSC v.1916 64 bit (AMD64)]",
      "torch_version": "2.3.1+cpu",
      "cuda_available": false,
      "numpy_version": "1.26.4",
      "sklearn_version": "1.4.2"
    },
    "best_val_auc": 0.6971631816210644,
    "best_val_epoch": 2
  },
  "test": {
    "macro_auc": 0.6985771913745109,
    "macro_auc_ecg": 0.8979365894210793,
    "macro_auc_no_meta": 0.5,
    "delta_meta_auc": 0.1985771913745109,
    "macro_f1_optimal": 0.46426032175285703,
    "macro_f1_fixed_05": 0.4528972489692647,
    "w_fused": 1.0,
    "thresholds": [
      0.33500000834465027,
      0.48500001430511475,
      0.4699999988079071,
      0.5600000023841858,
      0.5149999856948853
    ]
  },
  "per_class": {
    "NORM": {
      "auc": 0.7811015677223252,
      "f1": 0.6988352745424293,
      "threshold": 0.33500000834465027
    },
    "MI": {
      "auc": 0.7104258605472198,
      "f1": 0.48665955176093917,
      "threshold": 0.48500001430511475
    },
    "STTC": {
      "auc": 0.6827027515774557,
      "f1": 0.44690488173125315,
      "threshold": 0.4699999988079071
    },
    "CD": {
      "auc": 0.65249315321633,
      "f1": 0.4241960183767228,
      "threshold": 0.5600000023841858
    },
    "HYP": {
      "auc": 0.6661626238092233,
      "f1": 0.2647058823529412,
      "threshold": 0.5149999856948853
    }
  },
  "subgroups": {
    "sex_male": {
      "n": 1066,
      "macro_auc": 0.7023440733057777,
      "per_class_auc": [
        0.7825496127477024,
        0.723254525035369,
        0.6778012282751054,
        0.6403084044102351,
        0.6878065960604764
      ]
    },
    "sex_female": {
      "n": 1132,
      "macro_auc": 0.7022520193022789,
      "per_class_auc": [
        0.7900212674921977,
        0.7029194136978568,
        0.6880872588702385,
        0.6684913785618782,
        0.6617407778892233
      ]
    },
    "age_lt45": {
      "n": 345,
      "macro_auc": 0.6184413754466864,
      "per_class_auc": [
        0.5843527580071175,
        0.6268372346216657,
        0.6548107065348444,
        0.596836303231652,
        0.6293698748381528
      ]
    },
    "age_45_65": {
      "n": 703,
      "macro_auc": 0.6316513539908183,
      "per_class_auc": [
        0.6451680054858934,
        0.6515665374677003,
        0.6499673969744393,
        0.5721544715447155,
        0.6394003584813427
      ]
    },
    "age_gt65": {
      "n": 1150,
      "macro_auc": 0.6235004110569349,
      "per_class_auc": [
        0.7106472728991396,
        0.6103294492413447,
        0.5878779887482418,
        0.6220988563876065,
        0.586548488008342
      ]
    },
    "meta_complete": {
      "n": 660,
      "macro_auc": 0.7019063750357707,
      "per_class_auc": [
        0.767998417721519,
        0.7184484445028395,
        0.6801590574374079,
        0.6601917507240587,
        0.6827342047930283
      ]
    },
    "meta_incomplete": {
      "n": 1538,
      "macro_auc": 0.6910178447464925,
      "per_class_auc": [
        0.7890019896717475,
        0.7001363084441061,
        0.6837915098731427,
        0.6520274309829436,
        0.6301319847605226
      ]
    },
    "fairness_sex_gap": 9.205400349887594e-05
  },
  "training_history": [
    {
      "epoch": 1,
      "train_loss": 0.8282895615341467,
      "val_auc": 0.6894317850285736,
      "val_f1": 0.4583796642277564,
      "val_auc_ecg": 0.9025417936376614,
      "val_delta_meta": 0.1894317850285736,
      "lr": 0.0009755527298894294,
      "epoch_time_s": 243.3861162662506
    },
    {
      "epoch": 2,
      "train_loss": 0.7933038357200972,
      "val_auc": 0.6971631816210644,
      "val_f1": 0.4625053479467048,
      "val_auc_ecg": 0.9073022330847124,
      "val_delta_meta": 0.1971631816210644,
      "lr": 0.0009046039886902864,
      "epoch_time_s": 239.44582509994507
    },
    {
      "epoch": 3,
      "train_loss": 0.7785668452945325,
      "val_auc": 0.6868633673432661,
      "val_f1": 0.45135747745204896,
      "val_auc_ecg": 0.9156711309547847,
      "val_delta_meta": 0.18686336734326614,
      "lr": 0.0007940987335200904,
      "epoch_time_s": 241.1664834022522
    },
    {
      "epoch": 4,
      "train_loss": 0.7668680730216,
      "val_auc": 0.693407436520997,
      "val_f1": 0.46070119946216737,
      "val_auc_ecg": 0.9230695349892775,
      "val_delta_meta": 0.193407436520997,
      "lr": 0.0006548539886902864,
      "epoch_time_s": 242.18807935714722
    },
    {
      "epoch": 5,
      "train_loss": 0.7601007199068682,
      "val_auc": 0.6848501911692333,
      "val_f1": 0.4574123068315205,
      "val_auc_ecg": 0.9225512266876793,
      "val_delta_meta": 0.1848501911692333,
      "lr": 0.0005005000000000001,
      "epoch_time_s": 243.37524151802063
    },
    {
      "epoch": 6,
      "train_loss": 0.7508783293426584,
      "val_auc": 0.694430832539856,
      "val_f1": 0.4600578829831858,
      "val_auc_ecg": 0.9277080642294493,
      "val_delta_meta": 0.19443083253985605,
      "lr": 0.0003461460113097139,
      "epoch_time_s": 242.84081435203552
    },
    {
      "epoch": 7,
      "train_loss": 0.7403463580192776,
      "val_auc": 0.6918702954648427,
      "val_f1": 0.46036560129941123,
      "val_auc_ecg": 0.9278320808983234,
      "val_delta_meta": 0.1918702954648427,
      "lr": 0.00020690126647990973,
      "epoch_time_s": 243.12405133247375
    },
    {
      "epoch": 8,
      "train_loss": 0.7306923515206083,
      "val_auc": 0.6888300593965433,
      "val_f1": 0.4580696787438437,
      "val_auc_ecg": 0.9303880377085342,
      "val_delta_meta": 0.1888300593965433,
      "lr": 9.639601130971382e-05,
      "epoch_time_s": 243.00781679153442
    },
    {
      "epoch": 9,
      "train_loss": 0.7238922872674575,
      "val_auc": 0.6908292175265268,
      "val_f1": 0.45786166289600133,
      "val_auc_ecg": 0.9286452218806225,
      "val_delta_meta": 0.19082921752652682,
      "lr": 2.5447270110570814e-05,
      "epoch_time_s": 245.78324031829834
    },
    {
      "epoch": 10,
      "train_loss": 0.7186775230486458,
      "val_auc": 0.6903239172500966,
      "val_f1": 0.4603131938420417,
      "val_auc_ecg": 0.9330483207791186,
      "val_delta_meta": 0.19032391725009656,
      "lr": 0.001,
      "epoch_time_s": 244.7423915863037
    }
  ]
}