{
  "metadata": {
    "run_name": "ATLAS_A_v5_demo+anthro_no_glu_seed2032",
    "variant": "demo+anthro",
    "seed": 2032,
    "meta_hid": 128,
    "lauc_weight": 0.08,
    "no_aug": false,
    "arch_mode": "no_glu",
    "meta_mask_mode": "real",
    "test_fold": 10,
    "val_fold": 9,
    "timestamp": "2026-05-09T15:25:41.015729",
    "git_sha": "b8fda1f7a68a5b217a3f76d88337426561bd26e4",
    "analysis_plan_sha256": "4ad22e907fbd431a0b443255a3449c0560371997d5ee36a61e164de7aea5c3dc",
    "wall_time_s": 2667.927332878113,
    "train_time_s": 2638.4699268341064,
    "gpu_peak_mem_mb": 0,
    "num_parameters": 3951951,
    "dataset_sizes": {
      "train": 17418,
      "val": 2183,
      "test": 2198
    },
    "train_fold_ids": [
      1,
      2,
      3,
      4,
      5,
      6,
      7,
      8
    ],
    "pos_weights": [
      1.2930489778518677,
      2.9776203632354736,
      3.161012887954712,
      3.4581520557403564,
      7.21991491317749
    ],
    "loss_weights": {
      "fused": 0.52,
      "ecg": 0.3,
      "meta": 0.1,
      "lauc": 0.08
    },
    "hardware": {
      "python_version": "3.11.7 | packaged by Anaconda, Inc. | (main, Dec 15 2023, 18:05:47) [MSC v.1916 64 bit (AMD64)]",
      "torch_version": "2.3.1+cpu",
      "cuda_available": false,
      "numpy_version": "1.26.4",
      "sklearn_version": "1.4.2"
    },
    "best_val_auc": 0.9317211810224801,
    "best_val_epoch": 10
  },
  "test": {
    "macro_auc": 0.9296194456161082,
    "macro_auc_ecg": 0.9284242666662992,
    "macro_auc_no_meta": 0.9278779877808985,
    "delta_meta_auc": 0.0017414578352097365,
    "macro_f1_optimal": 0.753939936377706,
    "macro_f1_fixed_05": 0.743286343629818,
    "w_fused": 1.0,
    "thresholds": [
      0.5149999856948853,
      0.5600000023841858,
      0.6650000214576721,
      0.7099999785423279,
      0.6949999928474426
    ]
  },
  "per_class": {
    "NORM": {
      "auc": 0.9491333173576164,
      "f1": 0.8642685851318945,
      "threshold": 0.5149999856948853
    },
    "MI": {
      "auc": 0.9331718887908209,
      "f1": 0.75,
      "threshold": 0.5600000023841858
    },
    "STTC": {
      "auc": 0.9373653024949726,
      "f1": 0.7734303912647862,
      "threshold": 0.6650000214576721
    },
    "CD": {
      "auc": 0.9192825802661005,
      "f1": 0.7492323439099283,
      "threshold": 0.7099999785423279
    },
    "HYP": {
      "auc": 0.9091441391710302,
      "f1": 0.632768361581921,
      "threshold": 0.6949999928474426
    }
  },
  "subgroups": {
    "sex_male": {
      "n": 1066,
      "macro_auc": 0.9220622555335432,
      "per_class_auc": [
        0.9431608316798762,
        0.9207979036312102,
        0.9208523592085236,
        0.9120137299771166,
        0.9134864531709894
      ]
    },
    "sex_female": {
      "n": 1132,
      "macro_auc": 0.9366163745911145,
      "per_class_auc": [
        0.9555050085573342,
        0.9436924131534911,
        0.9516023734567454,
        0.9267655281390543,
        0.9055165496489468
      ]
    },
    "age_lt45": {
      "n": 345,
      "macro_auc": 0.9203079360443696,
      "per_class_auc": [
        0.8977980427046264,
        0.9779531845400109,
        0.9682903303592958,
        0.8597855632739354,
        0.8977125593439792
      ]
    },
    "age_45_65": {
      "n": 703,
      "macro_auc": 0.9258360837934948,
      "per_class_auc": [
        0.9296058646812957,
        0.9304810176903201,
        0.9508346374543558,
        0.900112139052425,
        0.918146760089077
      ]
    },
    "age_gt65": {
      "n": 1150,
      "macro_auc": 0.9188106650162176,
      "per_class_auc": [
        0.949081513690645,
        0.909903596277978,
        0.9130520393811532,
        0.9318164148547438,
        0.8901997608765675
      ]
    },
    "meta_complete": {
      "n": 660,
      "macro_auc": 0.943339836369552,
      "per_class_auc": [
        0.9565425375331175,
        0.9494591161914773,
        0.9383092783505155,
        0.9533320968455293,
        0.9190561529271206
      ]
    },
    "meta_incomplete": {
      "n": 1538,
      "macro_auc": 0.9236523122189612,
      "per_class_auc": [
        0.9463274337050742,
        0.9262849888465243,
        0.9369690033751018,
        0.9061719711623,
        0.9025081640058056
      ]
    },
    "fairness_sex_gap": 0.014554119057571313
  },
  "training_history": [
    {
      "epoch": 1,
      "train_loss": 0.6543355879433658,
      "val_auc": 0.8975329322078123,
      "val_f1": 0.6755585280807456,
      "val_auc_ecg": 0.8978742422672863,
      "val_delta_meta": 0.0016107393990141272,
      "lr": 0.0009755527298894294,
      "epoch_time_s": 247.78458523750305
    },
    {
      "epoch": 2,
      "train_loss": 0.5634087420931649,
      "val_auc": 0.9007522264266677,
      "val_f1": 0.6713611304319194,
      "val_auc_ecg": 0.903838959784251,
      "val_delta_meta": 0.0024780968995479213,
      "lr": 0.0009046039886902864,
      "epoch_time_s": 248.56767678260803
    },
    {
      "epoch": 3,
      "train_loss": 0.5336105633219448,
      "val_auc": 0.9099072170164219,
      "val_f1": 0.6985036639961603,
      "val_auc_ecg": 0.9121260734040046,
      "val_delta_meta": 1.3572310988752001e-05,
      "lr": 0.0007940987335200904,
      "epoch_time_s": 265.491738319397
    },
    {
      "epoch": 4,
      "train_loss": 0.5073995554665907,
      "val_auc": 0.9209743914402025,
      "val_f1": 0.7119752580233021,
      "val_auc_ecg": 0.9213945221235085,
      "val_delta_meta": 0.00011169638205288379,
      "lr": 0.0006548539886902864,
      "epoch_time_s": 271.23400616645813
    },
    {
      "epoch": 5,
      "train_loss": 0.48243304223095607,
      "val_auc": 0.9265947775058814,
      "val_f1": 0.7086918491539458,
      "val_auc_ecg": 0.9260300643453263,
      "val_delta_meta": 0.0010417470256965933,
      "lr": 0.0005005000000000001,
      "epoch_time_s": 263.78287148475647
    },
    {
      "epoch": 6,
      "train_loss": 0.4594244940018435,
      "val_auc": 0.9280132891047141,
      "val_f1": 0.7282838597309429,
      "val_auc_ecg": 0.9282347850143975,
      "val_delta_meta": -5.6885299705933257e-05,
      "lr": 0.0003461460113097139,
      "epoch_time_s": 271.8018159866333
    },
    {
      "epoch": 7,
      "train_loss": 0.43949113832701237,
      "val_auc": 0.9288147851242821,
      "val_f1": 0.7405047188838377,
      "val_auc_ecg": 0.9294476849165132,
      "val_delta_meta": 0.00014424556320180582,
      "lr": 0.00020690126647990973,
      "epoch_time_s": 263.61697268486023
    },
    {
      "epoch": 8,
      "train_loss": 0.41597977909473105,
      "val_auc": 0.9299805068053303,
      "val_f1": 0.7414236855592145,
      "val_auc_ecg": 0.9304030278401003,
      "val_delta_meta": 0.00029286875617795527,
      "lr": 9.639601130971382e-05,
      "epoch_time_s": 265.129198551178
    },
    {
      "epoch": 9,
      "train_loss": 0.39746265930866975,
      "val_auc": 0.9290910920739514,
      "val_f1": 0.7464280694233189,
      "val_auc_ecg": 0.9296182167297419,
      "val_delta_meta": 0.0003346868059147523,
      "lr": 2.5447270110570814e-05,
      "epoch_time_s": 264.9613742828369
    },
    {
      "epoch": 10,
      "train_loss": 0.38448458795153767,
      "val_auc": 0.9317211810224801,
      "val_f1": 0.7473840184819566,
      "val_auc_ecg": 0.9330590295582792,
      "val_delta_meta": 4.100704708531744e-05,
      "lr": 0.001,
      "epoch_time_s": 265.5543565750122
    }
  ]
}