{
  "metadata": {
    "run_name": "ATLAS_A_v5_demo+anthro_tf7_vf8_seed2027",
    "variant": "demo+anthro",
    "seed": 2027,
    "meta_hid": 128,
    "lauc_weight": 0.08,
    "no_aug": false,
    "arch_mode": "standard",
    "meta_mask_mode": "real",
    "test_fold": 7,
    "val_fold": 8,
    "timestamp": "2026-05-11T08:09:10.626819",
    "git_sha": "b8fda1f7a68a5b217a3f76d88337426561bd26e4",
    "analysis_plan_sha256": "4ad22e907fbd431a0b443255a3449c0560371997d5ee36a61e164de7aea5c3dc",
    "wall_time_s": 2645.2717232704163,
    "train_time_s": 2615.69291472435,
    "gpu_peak_mem_mb": 0,
    "num_parameters": 3951951,
    "dataset_sizes": {
      "train": 17450,
      "val": 2173,
      "test": 2176
    },
    "train_fold_ids": [
      1,
      2,
      3,
      4,
      5,
      6,
      9,
      10
    ],
    "pos_weights": [
      1.2924330234527588,
      2.9831089973449707,
      3.1537728309631348,
      3.4424643516540527,
      7.242796421051025
    ],
    "loss_weights": {
      "fused": 0.52,
      "ecg": 0.3,
      "meta": 0.1,
      "lauc": 0.08
    },
    "hardware": {
      "python_version": "3.11.7 | packaged by Anaconda, Inc. | (main, Dec 15 2023, 18:05:47) [MSC v.1916 64 bit (AMD64)]",
      "torch_version": "2.3.1+cpu",
      "cuda_available": false,
      "numpy_version": "1.26.4",
      "sklearn_version": "1.4.2"
    },
    "best_val_auc": 0.9452631591000517,
    "best_val_epoch": 10
  },
  "test": {
    "macro_auc": 0.9431031341276563,
    "macro_auc_ecg": 0.9428247912444562,
    "macro_auc_no_meta": 0.9423036013411632,
    "delta_meta_auc": 0.0007995327864931401,
    "macro_f1_optimal": 0.7634313144923608,
    "macro_f1_fixed_05": 0.758848105310305,
    "w_fused": 1.0,
    "thresholds": [
      0.48500001430511475,
      0.7250000238418579,
      0.6349999904632568,
      0.5899999737739563,
      0.8299999833106995
    ]
  },
  "per_class": {
    "NORM": {
      "auc": 0.9643740062573729,
      "f1": 0.8832588176850472,
      "threshold": 0.48500001430511475
    },
    "MI": {
      "auc": 0.9426657721122667,
      "f1": 0.7659176029962547,
      "threshold": 0.7250000238418579
    },
    "STTC": {
      "auc": 0.9271263006317354,
      "f1": 0.7513134851138353,
      "threshold": 0.6349999904632568
    },
    "CD": {
      "auc": 0.9439347792874708,
      "f1": 0.7666666666666667,
      "threshold": 0.5899999737739563
    },
    "HYP": {
      "auc": 0.9374148123494359,
      "f1": 0.65,
      "threshold": 0.8299999833106995
    }
  },
  "subgroups": {
    "sex_male": {
      "n": 1039,
      "macro_auc": 0.9420923711489971,
      "per_class_auc": [
        0.965649873271377,
        0.9457138310086508,
        0.9296063193767297,
        0.9304072903105822,
        0.9390845417776462
      ]
    },
    "sex_female": {
      "n": 1137,
      "macro_auc": 0.9429454795069855,
      "per_class_auc": [
        0.9629517353474242,
        0.9383642433234421,
        0.924420189796044,
        0.9531065959952885,
        0.9358846330727285
      ]
    },
    "age_lt45": {
      "n": 351,
      "macro_auc": 0.9601305967039456,
      "per_class_auc": [
        0.9592780884595832,
        0.9736238532110092,
        0.972263868065967,
        0.9508137432188064,
        0.9446734305643627
      ]
    },
    "age_45_65": {
      "n": 758,
      "macro_auc": 0.9513974813206445,
      "per_class_auc": [
        0.9617799617799617,
        0.9579766752541623,
        0.9349673202614379,
        0.9452624803154132,
        0.9570009689922481
      ]
    },
    "age_gt65": {
      "n": 1067,
      "macro_auc": 0.9248351748056253,
      "per_class_auc": [
        0.9574638192871812,
        0.9147663322730609,
        0.9021589343132751,
        0.9347963467947886,
        0.9149904413598204
      ]
    },
    "meta_complete": {
      "n": 657,
      "macro_auc": 0.9299051390661329,
      "per_class_auc": [
        0.9466225484744003,
        0.935314217798247,
        0.9223442040684534,
        0.9153439153439153,
        0.9299008096456486
      ]
    },
    "meta_incomplete": {
      "n": 1519,
      "macro_auc": 0.9480631606947405,
      "per_class_auc": [
        0.9709978402647005,
        0.9442309019689048,
        0.9289908734578168,
        0.9562092513851308,
        0.9398869363971496
      ]
    },
    "fairness_sex_gap": 0.0008531083579883525
  },
  "training_history": [
    {
      "epoch": 1,
      "train_loss": 0.6520501096825023,
      "val_auc": 0.9115173312781015,
      "val_f1": 0.6939539767431275,
      "val_auc_ecg": 0.9088143443803334,
      "val_delta_meta": 0.003291384476243442,
      "lr": 0.0009755527298894294,
      "epoch_time_s": 244.53860712051392
    },
    {
      "epoch": 2,
      "train_loss": 0.5741361744783737,
      "val_auc": 0.9148613961918075,
      "val_f1": 0.6928478317285713,
      "val_auc_ecg": 0.9101534014156863,
      "val_delta_meta": 0.002572637235187747,
      "lr": 0.0009046039886902864,
      "epoch_time_s": 244.80327582359314
    },
    {
      "epoch": 3,
      "train_loss": 0.5356351235956499,
      "val_auc": 0.927722875934192,
      "val_f1": 0.7131871582136395,
      "val_auc_ecg": 0.925791168562385,
      "val_delta_meta": 0.002181371421150269,
      "lr": 0.0007940987335200904,
      "epoch_time_s": 259.22786021232605
    },
    {
      "epoch": 4,
      "train_loss": 0.5143535081501845,
      "val_auc": 0.9360346832675311,
      "val_f1": 0.7337294636704288,
      "val_auc_ecg": 0.9345816690246279,
      "val_delta_meta": 0.0011314373745410222,
      "lr": 0.0006548539886902864,
      "epoch_time_s": 265.1023795604706
    },
    {
      "epoch": 5,
      "train_loss": 0.49597212011779185,
      "val_auc": 0.9370385555541336,
      "val_f1": 0.7464015110420921,
      "val_auc_ecg": 0.9350388312291221,
      "val_delta_meta": 0.001296147443217266,
      "lr": 0.0005005000000000001,
      "epoch_time_s": 265.42998600006104
    },
    {
      "epoch": 6,
      "train_loss": 0.4690136879464209,
      "val_auc": 0.9424565923095617,
      "val_f1": 0.7461672120651172,
      "val_auc_ecg": 0.9409645034648106,
      "val_delta_meta": 0.001879032084849519,
      "lr": 0.0003461460113097139,
      "epoch_time_s": 265.32152700424194
    },
    {
      "epoch": 7,
      "train_loss": 0.44882086560730533,
      "val_auc": 0.941493298079419,
      "val_f1": 0.739841076773969,
      "val_auc_ecg": 0.9399984448740278,
      "val_delta_meta": 0.00166744582984657,
      "lr": 0.00020690126647990973,
      "epoch_time_s": 264.30491733551025
    },
    {
      "epoch": 8,
      "train_loss": 0.4280030381057289,
      "val_auc": 0.9434318088240504,
      "val_f1": 0.758113603123175,
      "val_auc_ecg": 0.9420507357148434,
      "val_delta_meta": 0.001253125156947421,
      "lr": 9.639601130971382e-05,
      "epoch_time_s": 265.15109372138977
    },
    {
      "epoch": 9,
      "train_loss": 0.41085512987969125,
      "val_auc": 0.9446921321759187,
      "val_f1": 0.7605688104597195,
      "val_auc_ecg": 0.9434174220333288,
      "val_delta_meta": 0.0014690822355228894,
      "lr": 2.5447270110570814e-05,
      "epoch_time_s": 265.25810861587524
    },
    {
      "epoch": 10,
      "train_loss": 0.3967052901184166,
      "val_auc": 0.9452631591000517,
      "val_f1": 0.7578559450300557,
      "val_auc_ecg": 0.9439528212062911,
      "val_delta_meta": 0.0015037762064986637,
      "lr": 0.001,
      "epoch_time_s": 266.11032700538635
    }
  ]
}