{
  "metadata": {
    "run_name": "ATLAS_A_v5_demo+anthro_meta_only_seed2033",
    "variant": "demo+anthro",
    "seed": 2033,
    "meta_hid": 128,
    "lauc_weight": 0.08,
    "no_aug": false,
    "arch_mode": "meta_only",
    "meta_mask_mode": "real",
    "test_fold": 10,
    "val_fold": 9,
    "timestamp": "2026-05-08T19:33:38.084080",
    "git_sha": "b8fda1f7a68a5b217a3f76d88337426561bd26e4",
    "analysis_plan_sha256": "4ad22e907fbd431a0b443255a3449c0560371997d5ee36a61e164de7aea5c3dc",
    "wall_time_s": 2511.5892503261566,
    "train_time_s": 2482.0776846408844,
    "gpu_peak_mem_mb": 0,
    "num_parameters": 3951951,
    "dataset_sizes": {
      "train": 17418,
      "val": 2183,
      "test": 2198
    },
    "train_fold_ids": [
      1,
      2,
      3,
      4,
      5,
      6,
      7,
      8
    ],
    "pos_weights": [
      1.2930489778518677,
      2.9776203632354736,
      3.161012887954712,
      3.4581520557403564,
      7.21991491317749
    ],
    "loss_weights": {
      "fused": 0.52,
      "ecg": 0.3,
      "meta": 0.1,
      "lauc": 0.08
    },
    "hardware": {
      "python_version": "3.11.7 | packaged by Anaconda, Inc. | (main, Dec 15 2023, 18:05:47) [MSC v.1916 64 bit (AMD64)]",
      "torch_version": "2.3.1+cpu",
      "cuda_available": false,
      "numpy_version": "1.26.4",
      "sklearn_version": "1.4.2"
    },
    "best_val_auc": 0.6988001005914428,
    "best_val_epoch": 2
  },
  "test": {
    "macro_auc": 0.7006508865194675,
    "macro_auc_ecg": 0.89847909293049,
    "macro_auc_no_meta": 0.5,
    "delta_meta_auc": 0.2006508865194675,
    "macro_f1_optimal": 0.4672708504267741,
    "macro_f1_fixed_05": 0.4645688430042494,
    "w_fused": 1.0,
    "thresholds": [
      0.3799999952316284,
      0.45500001311302185,
      0.48500001430511475,
      0.5450000166893005,
      0.5299999713897705
    ]
  },
  "per_class": {
    "NORM": {
      "auc": 0.7852144739995207,
      "f1": 0.6974063400576369,
      "threshold": 0.3799999952316284
    },
    "MI": {
      "auc": 0.7164502427184466,
      "f1": 0.47848360655737704,
      "threshold": 0.45500001311302185
    },
    "STTC": {
      "auc": 0.6816543571888839,
      "f1": 0.45539135194307606,
      "threshold": 0.48500001430511475
    },
    "CD": {
      "auc": 0.6511605179864297,
      "f1": 0.4253393665158371,
      "threshold": 0.5450000166893005
    },
    "HYP": {
      "auc": 0.6687748407040566,
      "f1": 0.2797335870599429,
      "threshold": 0.5299999713897705
    }
  },
  "subgroups": {
    "sex_male": {
      "n": 1066,
      "macro_auc": 0.7030039285919567,
      "per_class_auc": [
        0.7871341161503905,
        0.727824531209739,
        0.6743898446072706,
        0.6457301851466611,
        0.6799409658457229
      ]
    },
    "sex_female": {
      "n": 1132,
      "macro_auc": 0.698693525829459,
      "per_class_auc": [
        0.786154736736132,
        0.7007359019335068,
        0.6822841861432295,
        0.6679682751914429,
        0.6563245291429844
      ]
    },
    "age_lt45": {
      "n": 345,
      "macro_auc": 0.6164752038194661,
      "per_class_auc": [
        0.5876612544483987,
        0.6533750680457268,
        0.6523993248131179,
        0.5716550890969496,
        0.6172852826931376
      ]
    },
    "age_45_65": {
      "n": 703,
      "macro_auc": 0.6373513124515348,
      "per_class_auc": [
        0.657507183908046,
        0.6589457861260186,
        0.6840897235263432,
        0.5542682926829269,
        0.6319455760143393
      ]
    },
    "age_gt65": {
      "n": 1150,
      "macro_auc": 0.6233772132941302,
      "per_class_auc": [
        0.7109603932318745,
        0.620445972001006,
        0.5694092827004219,
        0.6318449218648767,
        0.5842254966724719
      ]
    },
    "meta_complete": {
      "n": 660,
      "macro_auc": 0.6989401532518617,
      "per_class_auc": [
        0.771222770091257,
        0.7267405363581951,
        0.6663092783505156,
        0.662417428771169,
        0.6680107526881721
      ]
    },
    "meta_incomplete": {
      "n": 1538,
      "macro_auc": 0.696917494060395,
      "per_class_auc": [
        0.7953057971089914,
        0.7078416695551581,
        0.6884019668696901,
        0.6446867123849715,
        0.648351324383164
      ]
    },
    "fairness_sex_gap": 0.004310402762497723
  },
  "training_history": [
    {
      "epoch": 1,
      "train_loss": 0.8308999010182302,
      "val_auc": 0.6899519606133231,
      "val_f1": 0.463225112102221,
      "val_auc_ecg": 0.9021117764159339,
      "val_delta_meta": 0.1899519606133231,
      "lr": 0.0009755527298894294,
      "epoch_time_s": 244.23998546600342
    },
    {
      "epoch": 2,
      "train_loss": 0.7925036328648208,
      "val_auc": 0.6988001005914428,
      "val_f1": 0.46581560317645376,
      "val_auc_ecg": 0.9072211375327519,
      "val_delta_meta": 0.19880010059144282,
      "lr": 0.0009046039886902864,
      "epoch_time_s": 243.88573813438416
    },
    {
      "epoch": 3,
      "train_loss": 0.7801838168310463,
      "val_auc": 0.6927525243003496,
      "val_f1": 0.454928039125276,
      "val_auc_ecg": 0.9164968585184552,
      "val_delta_meta": 0.19275252430034961,
      "lr": 0.0007940987335200904,
      "epoch_time_s": 249.34649443626404
    },
    {
      "epoch": 4,
      "train_loss": 0.7696625561889159,
      "val_auc": 0.6873403627301367,
      "val_f1": 0.4617960859455267,
      "val_auc_ecg": 0.9216559672334622,
      "val_delta_meta": 0.18734036273013666,
      "lr": 0.0006548539886902864,
      "epoch_time_s": 248.00997257232666
    },
    {
      "epoch": 5,
      "train_loss": 0.7598250905308155,
      "val_auc": 0.6852470885370263,
      "val_f1": 0.4585724023665237,
      "val_auc_ecg": 0.9255765769091735,
      "val_delta_meta": 0.18524708853702632,
      "lr": 0.0005005000000000001,
      "epoch_time_s": 248.43806433677673
    },
    {
      "epoch": 6,
      "train_loss": 0.7520844805131265,
      "val_auc": 0.6924937725166713,
      "val_f1": 0.46296360305896656,
      "val_auc_ecg": 0.9281563149522081,
      "val_delta_meta": 0.19249377251667132,
      "lr": 0.0003461460113097139,
      "epoch_time_s": 248.47151398658752
    },
    {
      "epoch": 7,
      "train_loss": 0.7421747848528241,
      "val_auc": 0.6944429418177162,
      "val_f1": 0.4632884518610726,
      "val_auc_ecg": 0.9268742164360955,
      "val_delta_meta": 0.19444294181771615,
      "lr": 0.00020690126647990973,
      "epoch_time_s": 248.38468647003174
    },
    {
      "epoch": 8,
      "train_loss": 0.7333558936731531,
      "val_auc": 0.6935454674606374,
      "val_f1": 0.46353109778152257,
      "val_auc_ecg": 0.9294200126534392,
      "val_delta_meta": 0.1935454674606374,
      "lr": 9.639601130971382e-05,
      "epoch_time_s": 248.36787343025208
    },
    {
      "epoch": 9,
      "train_loss": 0.7239335317130483,
      "val_auc": 0.6930372364063127,
      "val_f1": 0.4636533559596939,
      "val_auc_ecg": 0.930035914156227,
      "val_delta_meta": 0.19303723640631265,
      "lr": 2.5447270110570814e-05,
      "epoch_time_s": 249.12440156936646
    },
    {
      "epoch": 10,
      "train_loss": 0.7166061890234641,
      "val_auc": 0.691094797174476,
      "val_f1": 0.45946217266914635,
      "val_auc_ecg": 0.9296890223207391,
      "val_delta_meta": 0.19109479717447597,
      "lr": 0.001,
      "epoch_time_s": 248.88631796836853
    }
  ]
}