{
  "metadata": {
    "run_name": "ATLAS_A_v5_demo+anthro_tf3_vf4_seed2027",
    "variant": "demo+anthro",
    "seed": 2027,
    "meta_hid": 128,
    "lauc_weight": 0.08,
    "no_aug": false,
    "arch_mode": "standard",
    "meta_mask_mode": "real",
    "test_fold": 3,
    "val_fold": 4,
    "timestamp": "2026-05-11T04:28:14.994572",
    "git_sha": "b8fda1f7a68a5b217a3f76d88337426561bd26e4",
    "analysis_plan_sha256": "4ad22e907fbd431a0b443255a3449c0560371997d5ee36a61e164de7aea5c3dc",
    "wall_time_s": 2656.3334233760834,
    "train_time_s": 2627.1053030490875,
    "gpu_peak_mem_mb": 0,
    "num_parameters": 3951951,
    "dataset_sizes": {
      "train": 17433,
      "val": 2174,
      "test": 2192
    },
    "train_fold_ids": [
      1,
      2,
      5,
      6,
      7,
      8,
      9,
      10
    ],
    "pos_weights": [
      1.2950236797332764,
      2.9710705280303955,
      3.1576437950134277,
      3.4505999088287354,
      7.207627296447754
    ],
    "loss_weights": {
      "fused": 0.52,
      "ecg": 0.3,
      "meta": 0.1,
      "lauc": 0.08
    },
    "hardware": {
      "python_version": "3.11.7 | packaged by Anaconda, Inc. | (main, Dec 15 2023, 18:05:47) [MSC v.1916 64 bit (AMD64)]",
      "torch_version": "2.3.1+cpu",
      "cuda_available": false,
      "numpy_version": "1.26.4",
      "sklearn_version": "1.4.2"
    },
    "best_val_auc": 0.9453482237544831,
    "best_val_epoch": 10
  },
  "test": {
    "macro_auc": 0.9398096379234161,
    "macro_auc_ecg": 0.9384344915096964,
    "macro_auc_no_meta": 0.9381364597431116,
    "delta_meta_auc": 0.0016731781803045465,
    "macro_f1_optimal": 0.7654269956017853,
    "macro_f1_fixed_05": 0.7463831018218213,
    "w_fused": 1.0,
    "thresholds": [
      0.4699999988079071,
      0.7099999785423279,
      0.7549999952316284,
      0.6050000190734863,
      0.7699999809265137
    ]
  },
  "per_class": {
    "NORM": {
      "auc": 0.9609692898030653,
      "f1": 0.8845780795344326,
      "threshold": 0.4699999988079071
    },
    "MI": {
      "auc": 0.9435460372960374,
      "f1": 0.781940441882805,
      "threshold": 0.7099999785423279
    },
    "STTC": {
      "auc": 0.9335081716657693,
      "f1": 0.7349282296650718,
      "threshold": 0.7549999952316284
    },
    "CD": {
      "auc": 0.9292261557082383,
      "f1": 0.7554179566563467,
      "threshold": 0.6050000190734863
    },
    "HYP": {
      "auc": 0.9317985351439708,
      "f1": 0.6702702702702703,
      "threshold": 0.7699999809265137
    }
  },
  "subgroups": {
    "sex_male": {
      "n": 1056,
      "macro_auc": 0.9423592753053487,
      "per_class_auc": [
        0.9640872182933087,
        0.9427570592507155,
        0.9350556624118436,
        0.9383446316013494,
        0.9315518049695266
      ]
    },
    "sex_female": {
      "n": 1136,
      "macro_auc": 0.9363679776117652,
      "per_class_auc": [
        0.9574392496802614,
        0.9415026111931541,
        0.9323337892812403,
        0.919925828694332,
        0.9306384092098378
      ]
    },
    "age_lt45": {
      "n": 363,
      "macro_auc": 0.9296706055764797,
      "per_class_auc": [
        0.9264997638167217,
        0.9713365539452495,
        0.9410876132930515,
        0.878099173553719,
        0.9313299232736574
      ]
    },
    "age_45_65": {
      "n": 782,
      "macro_auc": 0.9486126017324853,
      "per_class_auc": [
        0.9599161937788987,
        0.9535580662064147,
        0.9460567562350043,
        0.9443464968152867,
        0.9391854956268222
      ]
    },
    "age_gt65": {
      "n": 1047,
      "macro_auc": 0.9292575176922424,
      "per_class_auc": [
        0.959755995304377,
        0.9205154473334406,
        0.9122138761722743,
        0.9278599193185264,
        0.9259423503325942
      ]
    },
    "meta_complete": {
      "n": 657,
      "macro_auc": 0.9404768836492025,
      "per_class_auc": [
        0.9657027322809816,
        0.948360902255639,
        0.9265781504775217,
        0.9547293807036675,
        0.9070132525282026
      ]
    },
    "meta_incomplete": {
      "n": 1535,
      "macro_auc": 0.9395016103192976,
      "per_class_auc": [
        0.9593817248799866,
        0.9416193916649861,
        0.936094527363184,
        0.918985634122189,
        0.9414267735661418
      ]
    },
    "fairness_sex_gap": 0.0059912976935835305
  },
  "training_history": [
    {
      "epoch": 1,
      "train_loss": 0.6519113568537825,
      "val_auc": 0.9093738218659165,
      "val_f1": 0.6870293020347713,
      "val_auc_ecg": 0.9053072801641336,
      "val_delta_meta": 0.0025482608302526133,
      "lr": 0.0009755527298894294,
      "epoch_time_s": 243.60127663612366
    },
    {
      "epoch": 2,
      "train_loss": 0.5694207325441027,
      "val_auc": 0.9188728631610928,
      "val_f1": 0.6802433206026647,
      "val_auc_ecg": 0.9154330793777172,
      "val_delta_meta": 0.003311333575112707,
      "lr": 0.0009046039886902864,
      "epoch_time_s": 243.46925163269043
    },
    {
      "epoch": 3,
      "train_loss": 0.5318455029518232,
      "val_auc": 0.9227307268921431,
      "val_f1": 0.7033526770364074,
      "val_auc_ecg": 0.9212603526916474,
      "val_delta_meta": 0.0018597446888840574,
      "lr": 0.0007940987335200904,
      "epoch_time_s": 259.6179404258728
    },
    {
      "epoch": 4,
      "train_loss": 0.5071705176742799,
      "val_auc": 0.9316627183511057,
      "val_f1": 0.7222786775381997,
      "val_auc_ecg": 0.9286024704145008,
      "val_delta_meta": 0.0031048781250043733,
      "lr": 0.0006548539886902864,
      "epoch_time_s": 266.83832144737244
    },
    {
      "epoch": 5,
      "train_loss": 0.4878074594593923,
      "val_auc": 0.9376253340266896,
      "val_f1": 0.7416305455233912,
      "val_auc_ecg": 0.9349743934829821,
      "val_delta_meta": 0.0024266658209519676,
      "lr": 0.0005005000000000001,
      "epoch_time_s": 266.01527070999146
    },
    {
      "epoch": 6,
      "train_loss": 0.4668768422319255,
      "val_auc": 0.9409515993611354,
      "val_f1": 0.7427741977511652,
      "val_auc_ecg": 0.9387178894820056,
      "val_delta_meta": 0.0021191888160699834,
      "lr": 0.0003461460113097139,
      "epoch_time_s": 266.34543204307556
    },
    {
      "epoch": 7,
      "train_loss": 0.4418680093704014,
      "val_auc": 0.9437059639116173,
      "val_f1": 0.7591308833955487,
      "val_auc_ecg": 0.9420473041622642,
      "val_delta_meta": 0.001435728801298497,
      "lr": 0.00020690126647990973,
      "epoch_time_s": 267.51920914649963
    },
    {
      "epoch": 8,
      "train_loss": 0.4223165393969335,
      "val_auc": 0.9447589298741331,
      "val_f1": 0.7750995566978645,
      "val_auc_ecg": 0.9428590370174593,
      "val_delta_meta": 0.0017058100734207438,
      "lr": 9.639601130971382e-05,
      "epoch_time_s": 266.9645166397095
    },
    {
      "epoch": 9,
      "train_loss": 0.40308278542046155,
      "val_auc": 0.945006210865202,
      "val_f1": 0.7515781664029659,
      "val_auc_ecg": 0.9433499328199277,
      "val_delta_meta": 0.0015508963098366246,
      "lr": 2.5447270110570814e-05,
      "epoch_time_s": 267.88740038871765
    },
    {
      "epoch": 10,
      "train_loss": 0.3917228562569399,
      "val_auc": 0.9453482237544831,
      "val_f1": 0.7593903510403517,
      "val_auc_ecg": 0.943833112540348,
      "val_delta_meta": 0.0012644190921271559,
      "lr": 0.001,
      "epoch_time_s": 267.69707918167114
    }
  ]
}