{
  "metadata": {
    "run_name": "ATLAS_A_v5_demo+anthro_tf3_vf4_seed2025",
    "variant": "demo+anthro",
    "seed": 2025,
    "meta_hid": 128,
    "lauc_weight": 0.08,
    "no_aug": false,
    "arch_mode": "standard",
    "meta_mask_mode": "real",
    "test_fold": 3,
    "val_fold": 4,
    "timestamp": "2026-05-11T02:59:43.773287",
    "git_sha": "b8fda1f7a68a5b217a3f76d88337426561bd26e4",
    "analysis_plan_sha256": "4ad22e907fbd431a0b443255a3449c0560371997d5ee36a61e164de7aea5c3dc",
    "wall_time_s": 2651.2059202194214,
    "train_time_s": 2621.372541666031,
    "gpu_peak_mem_mb": 0,
    "num_parameters": 3951951,
    "dataset_sizes": {
      "train": 17433,
      "val": 2174,
      "test": 2192
    },
    "train_fold_ids": [
      1,
      2,
      5,
      6,
      7,
      8,
      9,
      10
    ],
    "pos_weights": [
      1.2950236797332764,
      2.9710705280303955,
      3.1576437950134277,
      3.4505999088287354,
      7.207627296447754
    ],
    "loss_weights": {
      "fused": 0.52,
      "ecg": 0.3,
      "meta": 0.1,
      "lauc": 0.08
    },
    "hardware": {
      "python_version": "3.11.7 | packaged by Anaconda, Inc. | (main, Dec 15 2023, 18:05:47) [MSC v.1916 64 bit (AMD64)]",
      "torch_version": "2.3.1+cpu",
      "cuda_available": false,
      "numpy_version": "1.26.4",
      "sklearn_version": "1.4.2"
    },
    "best_val_auc": 0.9458574893112631,
    "best_val_epoch": 10
  },
  "test": {
    "macro_auc": 0.9404446012201992,
    "macro_auc_ecg": 0.9385504516249705,
    "macro_auc_no_meta": 0.9379266488939952,
    "delta_meta_auc": 0.0025179523262039982,
    "macro_f1_optimal": 0.7637138984287464,
    "macro_f1_fixed_05": 0.7503366325572932,
    "w_fused": 1.0,
    "thresholds": [
      0.4399999976158142,
      0.6650000214576721,
      0.6650000214576721,
      0.6200000047683716,
      0.8149999976158142
    ]
  },
  "per_class": {
    "NORM": {
      "auc": 0.9623329364782628,
      "f1": 0.877511961722488,
      "threshold": 0.4399999976158142
    },
    "MI": {
      "auc": 0.9442619554924241,
      "f1": 0.7796934865900383,
      "threshold": 0.6650000214576721
    },
    "STTC": {
      "auc": 0.9326131383480672,
      "f1": 0.7348416289592761,
      "threshold": 0.6650000214576721
    },
    "CD": {
      "auc": 0.9288961684139533,
      "f1": 0.7546777546777547,
      "threshold": 0.6200000047683716
    },
    "HYP": {
      "auc": 0.9341188073682887,
      "f1": 0.6718446601941748,
      "threshold": 0.8149999976158142
    }
  },
  "subgroups": {
    "sex_male": {
      "n": 1056,
      "macro_auc": 0.9426129599778083,
      "per_class_auc": [
        0.9642881490332003,
        0.93965690851504,
        0.9367945056439548,
        0.932197873046276,
        0.9401273636505703
      ]
    },
    "sex_female": {
      "n": 1136,
      "macro_auc": 0.9370315051566891,
      "per_class_auc": [
        0.9595740695285956,
        0.9452408182602161,
        0.9288012996728685,
        0.9232904225708501,
        0.9282509157509158
      ]
    },
    "age_lt45": {
      "n": 363,
      "macro_auc": 0.9309803755324554,
      "per_class_auc": [
        0.9273972602739726,
        0.9752012882447665,
        0.9455249244712991,
        0.8753206041607297,
        0.931457800511509
      ]
    },
    "age_45_65": {
      "n": 782,
      "macro_auc": 0.9488217012023522,
      "per_class_auc": [
        0.9641327763766289,
        0.9566744192460082,
        0.944861694597402,
        0.940484076433121,
        0.9379555393586005
      ]
    },
    "age_gt65": {
      "n": 1047,
      "macro_auc": 0.9300342581076316,
      "per_class_auc": [
        0.9602087875230588,
        0.9185723598987394,
        0.9109249299968888,
        0.9300653354529831,
        0.9303998776664882
      ]
    },
    "meta_complete": {
      "n": 657,
      "macro_auc": 0.9411571885875754,
      "per_class_auc": [
        0.9674741703919422,
        0.9477894736842105,
        0.9261122757978104,
        0.9539832405441084,
        0.9104267825198058
      ]
    },
    "meta_incomplete": {
      "n": 1535,
      "macro_auc": 0.9400835940142587,
      "per_class_auc": [
        0.9607077332671191,
        0.9426584187498355,
        0.9346019900497513,
        0.9187392662542994,
        0.9437105617502882
      ]
    },
    "fairness_sex_gap": 0.005581454821119158
  },
  "training_history": [
    {
      "epoch": 1,
      "train_loss": 0.6488211855429028,
      "val_auc": 0.9115383392230825,
      "val_f1": 0.6735396698093075,
      "val_auc_ecg": 0.9105716851723665,
      "val_delta_meta": 0.00230744695257612,
      "lr": 0.0009755527298894294,
      "epoch_time_s": 243.647953748703
    },
    {
      "epoch": 2,
      "train_loss": 0.5666722537727531,
      "val_auc": 0.923197530476321,
      "val_f1": 0.7168100253678149,
      "val_auc_ecg": 0.9208000593305611,
      "val_delta_meta": 0.002608293035354592,
      "lr": 0.0009046039886902864,
      "epoch_time_s": 243.76563024520874
    },
    {
      "epoch": 3,
      "train_loss": 0.5283612808503142,
      "val_auc": 0.9309924840839766,
      "val_f1": 0.7238774333816066,
      "val_auc_ecg": 0.9296547947136304,
      "val_delta_meta": 0.00181904362679286,
      "lr": 0.0007940987335200904,
      "epoch_time_s": 259.53759121894836
    },
    {
      "epoch": 4,
      "train_loss": 0.5095802593121835,
      "val_auc": 0.9354719361415949,
      "val_f1": 0.7271465266156046,
      "val_auc_ecg": 0.9328856864692983,
      "val_delta_meta": 0.0029985432516361765,
      "lr": 0.0006548539886902864,
      "epoch_time_s": 265.9382255077362
    },
    {
      "epoch": 5,
      "train_loss": 0.4860630838696016,
      "val_auc": 0.9361537697918102,
      "val_f1": 0.7294272660384162,
      "val_auc_ecg": 0.934873486602679,
      "val_delta_meta": 0.0023176174955015227,
      "lr": 0.0005005000000000001,
      "epoch_time_s": 265.740305185318
    },
    {
      "epoch": 6,
      "train_loss": 0.4664711082747223,
      "val_auc": 0.9400865298380922,
      "val_f1": 0.7521485150808879,
      "val_auc_ecg": 0.9383823546433947,
      "val_delta_meta": 0.002286103190744293,
      "lr": 0.0003461460113097139,
      "epoch_time_s": 265.9663984775543
    },
    {
      "epoch": 7,
      "train_loss": 0.4424606257622395,
      "val_auc": 0.9428558018514765,
      "val_f1": 0.7656525903723728,
      "val_auc_ecg": 0.940649623123195,
      "val_delta_meta": 0.002765343645099172,
      "lr": 0.00020690126647990973,
      "epoch_time_s": 265.9115490913391
    },
    {
      "epoch": 8,
      "train_loss": 0.42454470155435964,
      "val_auc": 0.9431199986151558,
      "val_f1": 0.7691888811371645,
      "val_auc_ecg": 0.9412701979059246,
      "val_delta_meta": 0.0021933365777693226,
      "lr": 9.639601130971382e-05,
      "epoch_time_s": 267.28366708755493
    },
    {
      "epoch": 9,
      "train_loss": 0.4042275901507894,
      "val_auc": 0.9445903765844156,
      "val_f1": 0.7603477504374131,
      "val_auc_ecg": 0.9429596100840847,
      "val_delta_meta": 0.0022677386669188726,
      "lr": 2.5447270110570814e-05,
      "epoch_time_s": 266.20024704933167
    },
    {
      "epoch": 10,
      "train_loss": 0.39604568434964627,
      "val_auc": 0.9458574893112631,
      "val_f1": 0.7648978707411049,
      "val_auc_ecg": 0.9442868681500114,
      "val_delta_meta": 0.0023079705243830295,
      "lr": 0.001,
      "epoch_time_s": 266.3578567504883
    }
  ]
}