{
  "metadata": {
    "run_name": "ATLAS_A_v5_demo+anthro_no_dropout_seed2028",
    "variant": "demo+anthro",
    "seed": 2028,
    "meta_hid": 128,
    "lauc_weight": 0.08,
    "no_aug": false,
    "arch_mode": "no_dropout",
    "meta_mask_mode": "real",
    "test_fold": 10,
    "val_fold": 9,
    "timestamp": "2026-05-10T10:49:08.291701",
    "git_sha": "b8fda1f7a68a5b217a3f76d88337426561bd26e4",
    "analysis_plan_sha256": "4ad22e907fbd431a0b443255a3449c0560371997d5ee36a61e164de7aea5c3dc",
    "wall_time_s": 2596.8283932209015,
    "train_time_s": 2567.545367002487,
    "gpu_peak_mem_mb": 0,
    "num_parameters": 3951951,
    "dataset_sizes": {
      "train": 17418,
      "val": 2183,
      "test": 2198
    },
    "train_fold_ids": [
      1,
      2,
      3,
      4,
      5,
      6,
      7,
      8
    ],
    "pos_weights": [
      1.2930489778518677,
      2.9776203632354736,
      3.161012887954712,
      3.4581520557403564,
      7.21991491317749
    ],
    "loss_weights": {
      "fused": 0.52,
      "ecg": 0.3,
      "meta": 0.1,
      "lauc": 0.08
    },
    "hardware": {
      "python_version": "3.11.7 | packaged by Anaconda, Inc. | (main, Dec 15 2023, 18:05:47) [MSC v.1916 64 bit (AMD64)]",
      "torch_version": "2.3.1+cpu",
      "cuda_available": false,
      "numpy_version": "1.26.4",
      "sklearn_version": "1.4.2"
    },
    "best_val_auc": 0.9344172310212295,
    "best_val_epoch": 9
  },
  "test": {
    "macro_auc": 0.9299103845316832,
    "macro_auc_ecg": 0.9279951257502175,
    "macro_auc_no_meta": 0.9281452370827109,
    "delta_meta_auc": 0.0017651474489722707,
    "macro_f1_optimal": 0.7476226482538426,
    "macro_f1_fixed_05": 0.7416776025167297,
    "w_fused": 1.0,
    "thresholds": [
      0.7099999785423279,
      0.39500001072883606,
      0.5600000023841858,
      0.6349999904632568,
      0.6650000214576721
    ]
  },
  "per_class": {
    "NORM": {
      "auc": 0.951036950151559,
      "f1": 0.8659384309831182,
      "threshold": 0.7099999785423279
    },
    "MI": {
      "auc": 0.9325198587819947,
      "f1": 0.7384105960264901,
      "threshold": 0.39500001072883606
    },
    "STTC": {
      "auc": 0.9365103345820214,
      "f1": 0.7783687943262412,
      "threshold": 0.5600000023841858
    },
    "CD": {
      "auc": 0.9177225086236307,
      "f1": 0.7510548523206751,
      "threshold": 0.6349999904632568
    },
    "HYP": {
      "auc": 0.9117622705192102,
      "f1": 0.6043405676126878,
      "threshold": 0.6650000214576721
    }
  },
  "subgroups": {
    "sex_male": {
      "n": 1066,
      "macro_auc": 0.9222113894352096,
      "per_class_auc": [
        0.9461171767988348,
        0.9243275041446066,
        0.917100279636119,
        0.9130694820054086,
        0.9104425045910794
      ]
    },
    "sex_female": {
      "n": 1132,
      "macro_auc": 0.9375219065700454,
      "per_class_auc": [
        0.9570528792912513,
        0.9395471682896832,
        0.9534013260021181,
        0.9242607095104969,
        0.9133474497566775
      ]
    },
    "age_lt45": {
      "n": 345,
      "macro_auc": 0.9205602578953433,
      "per_class_auc": [
        0.8800044483985765,
        0.9885683179096353,
        0.9573185435254402,
        0.8565388100271821,
        0.9203711696158825
      ]
    },
    "age_45_65": {
      "n": 703,
      "macro_auc": 0.9300697197235017,
      "per_class_auc": [
        0.9352387016718913,
        0.93415821904194,
        0.9493870631194575,
        0.9057050742921222,
        0.9258595404920972
      ]
    },
    "age_gt65": {
      "n": 1150,
      "macro_auc": 0.9182155193224599,
      "per_class_auc": [
        0.9514958880801587,
        0.905269511275044,
        0.9147433192686358,
        0.9268850723226549,
        0.892683805665806
      ]
    },
    "meta_complete": {
      "n": 660,
      "macro_auc": 0.941809355384119,
      "per_class_auc": [
        0.9600106711804534,
        0.9419553570125111,
        0.937720176730486,
        0.9479676420653151,
        0.9213929299318293
      ]
    },
    "meta_incomplete": {
      "n": 1538,
      "macro_auc": 0.92479833655462,
      "per_class_auc": [
        0.9478921101795909,
        0.9285135574802714,
        0.9356548473445319,
        0.9062118281460642,
        0.9057193396226415
      ]
    },
    "fairness_sex_gap": 0.015310517134835777
  },
  "training_history": [
    {
      "epoch": 1,
      "train_loss": 0.645459975780697,
      "val_auc": 0.9051908982306571,
      "val_f1": 0.674375752383625,
      "val_auc_ecg": 0.902471387399779,
      "val_delta_meta": 0.0017038352574487714,
      "lr": 0.0009755527298894294,
      "epoch_time_s": 243.1129891872406
    },
    {
      "epoch": 2,
      "train_loss": 0.5545252842640658,
      "val_auc": 0.9146588151549766,
      "val_f1": 0.6849122279746209,
      "val_auc_ecg": 0.9112841181051937,
      "val_delta_meta": 0.0012901794324478022,
      "lr": 0.0009046039886902864,
      "epoch_time_s": 242.4329128265381
    },
    {
      "epoch": 3,
      "train_loss": 0.5250786591560469,
      "val_auc": 0.9199558652695256,
      "val_f1": 0.7073241836813001,
      "val_auc_ecg": 0.9182560414695127,
      "val_delta_meta": -4.192448684214867e-05,
      "lr": 0.0007940987335200904,
      "epoch_time_s": 258.1150484085083
    },
    {
      "epoch": 4,
      "train_loss": 0.49967838706226525,
      "val_auc": 0.9231428401416318,
      "val_f1": 0.7175510691903517,
      "val_auc_ecg": 0.9231773900154863,
      "val_delta_meta": 0.00041108400313183413,
      "lr": 0.0006548539886902864,
      "epoch_time_s": 264.1595754623413
    },
    {
      "epoch": 5,
      "train_loss": 0.4792676235010864,
      "val_auc": 0.925332430024598,
      "val_f1": 0.7301635685726888,
      "val_auc_ecg": 0.9234131356349848,
      "val_delta_meta": -0.00013724046475083185,
      "lr": 0.0005005000000000001,
      "epoch_time_s": 258.8424062728882
    },
    {
      "epoch": 6,
      "train_loss": 0.4556083800595835,
      "val_auc": 0.9293921986857381,
      "val_f1": 0.7375375680053382,
      "val_auc_ecg": 0.9281368679836989,
      "val_delta_meta": 0.0010807536148951247,
      "lr": 0.0003461460113097139,
      "epoch_time_s": 253.95348715782166
    },
    {
      "epoch": 7,
      "train_loss": 0.43647129059931555,
      "val_auc": 0.9289849338860525,
      "val_f1": 0.7382370095843636,
      "val_auc_ecg": 0.9287750486599057,
      "val_delta_meta": -0.00036848443206349835,
      "lr": 0.00020690126647990973,
      "epoch_time_s": 258.53617095947266
    },
    {
      "epoch": 8,
      "train_loss": 0.4159365767459257,
      "val_auc": 0.9327438678806115,
      "val_f1": 0.7393068139915095,
      "val_auc_ecg": 0.9328052849938014,
      "val_delta_meta": -0.0001797823847602409,
      "lr": 9.639601130971382e-05,
      "epoch_time_s": 260.11611008644104
    },
    {
      "epoch": 9,
      "train_loss": 0.3980757959118677,
      "val_auc": 0.9344172310212295,
      "val_f1": 0.7441171364595262,
      "val_auc_ecg": 0.9342303256215809,
      "val_delta_meta": 0.00028502333002877744,
      "lr": 2.5447270110570814e-05,
      "epoch_time_s": 257.90138387680054
    },
    {
      "epoch": 10,
      "train_loss": 0.3867773263826283,
      "val_auc": 0.934269923180157,
      "val_f1": 0.7414735163708948,
      "val_auc_ecg": 0.9341802379473856,
      "val_delta_meta": -0.0001522401436102605,
      "lr": 0.001,
      "epoch_time_s": 261.17722034454346
    }
  ]
}