{
  "metadata": {
    "run_name": "ATLAS_A_v5_demo+anthro_no_q_meta_seed2026",
    "variant": "demo+anthro",
    "seed": 2026,
    "meta_hid": 128,
    "lauc_weight": 0.08,
    "no_aug": false,
    "arch_mode": "no_q_meta",
    "meta_mask_mode": "real",
    "test_fold": 10,
    "val_fold": 9,
    "timestamp": "2026-05-10T01:44:35.298245",
    "git_sha": "b8fda1f7a68a5b217a3f76d88337426561bd26e4",
    "analysis_plan_sha256": "4ad22e907fbd431a0b443255a3449c0560371997d5ee36a61e164de7aea5c3dc",
    "wall_time_s": 2654.0637826919556,
    "train_time_s": 2624.2623538970947,
    "gpu_peak_mem_mb": 0,
    "num_parameters": 3951951,
    "dataset_sizes": {
      "train": 17418,
      "val": 2183,
      "test": 2198
    },
    "train_fold_ids": [
      1,
      2,
      3,
      4,
      5,
      6,
      7,
      8
    ],
    "pos_weights": [
      1.2930489778518677,
      2.9776203632354736,
      3.161012887954712,
      3.4581520557403564,
      7.21991491317749
    ],
    "loss_weights": {
      "fused": 0.52,
      "ecg": 0.3,
      "meta": 0.1,
      "lauc": 0.08
    },
    "hardware": {
      "python_version": "3.11.7 | packaged by Anaconda, Inc. | (main, Dec 15 2023, 18:05:47) [MSC v.1916 64 bit (AMD64)]",
      "torch_version": "2.3.1+cpu",
      "cuda_available": false,
      "numpy_version": "1.26.4",
      "sklearn_version": "1.4.2"
    },
    "best_val_auc": 0.9333458999755478,
    "best_val_epoch": 10
  },
  "test": {
    "macro_auc": 0.929476043378225,
    "macro_auc_ecg": 0.9278943763669611,
    "macro_auc_no_meta": 0.9281936531636239,
    "delta_meta_auc": 0.0012823902146010813,
    "macro_f1_optimal": 0.7512106141686912,
    "macro_f1_fixed_05": 0.7379315787072661,
    "w_fused": 1.0,
    "thresholds": [
      0.7400000095367432,
      0.5899999737739563,
      0.6650000214576721,
      0.7549999952316284,
      0.7099999785423279
    ]
  },
  "per_class": {
    "NORM": {
      "auc": 0.9506762352802687,
      "f1": 0.859746835443038,
      "threshold": 0.7400000095367432
    },
    "MI": {
      "auc": 0.9324812444836718,
      "f1": 0.7387387387387387,
      "threshold": 0.5899999737739563
    },
    "STTC": {
      "auc": 0.9368903203211109,
      "f1": 0.7735321528424977,
      "threshold": 0.6650000214576721
    },
    "CD": {
      "auc": 0.9155642318335167,
      "f1": 0.7418335089567967,
      "threshold": 0.7549999952316284
    },
    "HYP": {
      "auc": 0.9117681849725568,
      "f1": 0.6422018348623854,
      "threshold": 0.7099999785423279
    }
  },
  "subgroups": {
    "sex_male": {
      "n": 1066,
      "macro_auc": 0.9216985101542265,
      "per_class_auc": [
        0.9451485942904231,
        0.9201075409963586,
        0.9223257583802342,
        0.9091013105887248,
        0.9118093465153917
      ]
    },
    "sex_female": {
      "n": 1132,
      "macro_auc": 0.9370730231766535,
      "per_class_auc": [
        0.9570465871337964,
        0.9428980422992399,
        0.9489958266235304,
        0.9240653597041102,
        0.9123593001225899
      ]
    },
    "age_lt45": {
      "n": 345,
      "macro_auc": 0.9231289521036385,
      "per_class_auc": [
        0.8927379893238434,
        0.9855743059335873,
        0.9623824451410659,
        0.8440048323769255,
        0.9309451877427708
      ]
    },
    "age_45_65": {
      "n": 703,
      "macro_auc": 0.9248090868361102,
      "per_class_auc": [
        0.9297772988505747,
        0.9294747565096403,
        0.9445878977569118,
        0.8998317914213624,
        0.9203736896420618
      ]
    },
    "age_gt65": {
      "n": 1150,
      "macro_auc": 0.9194506107668559,
      "per_class_auc": [
        0.9516455556605854,
        0.9078346885740631,
        0.9164205344585092,
        0.9273145285792033,
        0.8940377465619183
      ]
    },
    "meta_complete": {
      "n": 660,
      "macro_auc": 0.9421600686793177,
      "per_class_auc": [
        0.9592655284074183,
        0.9444225463145447,
        0.9386980854197349,
        0.9457562311851736,
        0.9226579520697168
      ]
    },
    "meta_incomplete": {
      "n": 1538,
      "macro_auc": 0.9243694221786194,
      "per_class_auc": [
        0.9482910853338469,
        0.928351943724389,
        0.9356839430500059,
        0.9046761620069164,
        0.904843976777939
      ]
    },
    "fairness_sex_gap": 0.015374513022426983
  },
  "training_history": [
    {
      "epoch": 1,
      "train_loss": 0.646938290399149,
      "val_auc": 0.9037264166363608,
      "val_f1": 0.6576917393015276,
      "val_auc_ecg": 0.9003798894436335,
      "val_delta_meta": 0.0014249497644002185,
      "lr": 0.0009755527298894294,
      "epoch_time_s": 243.07066082954407
    },
    {
      "epoch": 2,
      "train_loss": 0.5557432730810358,
      "val_auc": 0.914580971003006,
      "val_f1": 0.7020077514926032,
      "val_auc_ecg": 0.9151885944184246,
      "val_delta_meta": 6.484487006230832e-05,
      "lr": 0.0009046039886902864,
      "epoch_time_s": 242.96622467041016
    },
    {
      "epoch": 3,
      "train_loss": 0.5233342625132394,
      "val_auc": 0.9123917956173827,
      "val_f1": 0.6878617514977353,
      "val_auc_ecg": 0.9111012564997282,
      "val_delta_meta": 0.00045746436728855144,
      "lr": 0.0007940987335200904,
      "epoch_time_s": 258.1580846309662
    },
    {
      "epoch": 4,
      "train_loss": 0.49855744609045327,
      "val_auc": 0.9257516386845367,
      "val_f1": 0.7248309822044735,
      "val_auc_ecg": 0.9240131550990635,
      "val_delta_meta": 0.0007658275677560056,
      "lr": 0.0006548539886902864,
      "epoch_time_s": 263.98521399497986
    },
    {
      "epoch": 5,
      "train_loss": 0.4797449770870559,
      "val_auc": 0.9201876761772876,
      "val_f1": 0.7155411195027157,
      "val_auc_ecg": 0.9190244877154867,
      "val_delta_meta": -0.0008445406828934132,
      "lr": 0.0005005000000000001,
      "epoch_time_s": 263.8365206718445
    },
    {
      "epoch": 6,
      "train_loss": 0.45826629044812756,
      "val_auc": 0.9278968334778336,
      "val_f1": 0.7353945901237345,
      "val_auc_ecg": 0.926413079838914,
      "val_delta_meta": 0.0002666284633884297,
      "lr": 0.0003461460113097139,
      "epoch_time_s": 264.273241519928
    },
    {
      "epoch": 7,
      "train_loss": 0.4365456791372474,
      "val_auc": 0.9304468990819961,
      "val_f1": 0.7348762592841894,
      "val_auc_ecg": 0.9295626268444963,
      "val_delta_meta": -7.422659457090308e-05,
      "lr": 0.00020690126647990973,
      "epoch_time_s": 281.1093463897705
    },
    {
      "epoch": 8,
      "train_loss": 0.4169561626440888,
      "val_auc": 0.9275545193388126,
      "val_f1": 0.7364546391156368,
      "val_auc_ecg": 0.9262053248279905,
      "val_delta_meta": -1.957196916324566e-05,
      "lr": 9.639601130971382e-05,
      "epoch_time_s": 268.3814914226532
    },
    {
      "epoch": 9,
      "train_loss": 0.39896989248761344,
      "val_auc": 0.9331068906078122,
      "val_f1": 0.7409144726116148,
      "val_auc_ecg": 0.9318427209409407,
      "val_delta_meta": 0.0005238202418521576,
      "lr": 2.5447270110570814e-05,
      "epoch_time_s": 265.13877177238464
    },
    {
      "epoch": 10,
      "train_loss": 0.38685546875546833,
      "val_auc": 0.9333458999755478,
      "val_f1": 0.7396503602296617,
      "val_auc_ecg": 0.9326064327813783,
      "val_delta_meta": 6.0976888991537415e-05,
      "lr": 0.001,
      "epoch_time_s": 264.4217655658722
    }
  ]
}