{
  "metadata": {
    "run_name": "ATLAS_A_v5_demo+anthro_metaH64_seed2027",
    "variant": "demo+anthro",
    "seed": 2027,
    "meta_hid": 64,
    "lauc_weight": 0.08,
    "no_aug": false,
    "arch_mode": "standard",
    "meta_mask_mode": "real",
    "test_fold": 10,
    "val_fold": 9,
    "timestamp": "2026-05-06T04:42:29.798449",
    "git_sha": "b8fda1f7a68a5b217a3f76d88337426561bd26e4",
    "analysis_plan_sha256": "4ad22e907fbd431a0b443255a3449c0560371997d5ee36a61e164de7aea5c3dc",
    "wall_time_s": 2632.2569336891174,
    "train_time_s": 2603.088407278061,
    "gpu_peak_mem_mb": 0,
    "num_parameters": 3935247,
    "dataset_sizes": {
      "train": 17418,
      "val": 2183,
      "test": 2198
    },
    "train_fold_ids": [
      1,
      2,
      3,
      4,
      5,
      6,
      7,
      8
    ],
    "pos_weights": [
      1.2930489778518677,
      2.9776203632354736,
      3.161012887954712,
      3.4581520557403564,
      7.21991491317749
    ],
    "loss_weights": {
      "fused": 0.52,
      "ecg": 0.3,
      "meta": 0.1,
      "lauc": 0.08
    },
    "hardware": {
      "python_version": "3.11.7 | packaged by Anaconda, Inc. | (main, Dec 15 2023, 18:05:47) [MSC v.1916 64 bit (AMD64)]",
      "torch_version": "2.3.1+cpu",
      "cuda_available": false,
      "numpy_version": "1.26.4",
      "sklearn_version": "1.4.2"
    },
    "best_val_auc": 0.9312403401232838,
    "best_val_epoch": 10
  },
  "test": {
    "macro_auc": 0.92818804524758,
    "macro_auc_ecg": 0.92809003904162,
    "macro_auc_no_meta": 0.9282370681665455,
    "delta_meta_auc": -4.9022918965468953e-05,
    "macro_f1_optimal": 0.7460147602003249,
    "macro_f1_fixed_05": 0.7382805435245456,
    "w_fused": 1.0,
    "thresholds": [
      0.6650000214576721,
      0.5600000023841858,
      0.6349999904632568,
      0.7549999952316284,
      0.6800000071525574
    ]
  },
  "per_class": {
    "NORM": {
      "auc": 0.9478300351886185,
      "f1": 0.8663686040735221,
      "threshold": 0.6650000214576721
    },
    "MI": {
      "auc": 0.9271646072374229,
      "f1": 0.7424111014744146,
      "threshold": 0.5600000023841858
    },
    "STTC": {
      "auc": 0.9352376112631435,
      "f1": 0.7670250896057348,
      "threshold": 0.6349999904632568
    },
    "CD": {
      "auc": 0.9165266906106668,
      "f1": 0.7431578947368421,
      "threshold": 0.7549999952316284
    },
    "HYP": {
      "auc": 0.9141812819380482,
      "f1": 0.6111111111111112,
      "threshold": 0.6800000071525574
    }
  },
  "subgroups": {
    "sex_male": {
      "n": 1066,
      "macro_auc": 0.9186968904196151,
      "per_class_auc": [
        0.9415344804530653,
        0.9152263854654357,
        0.9189586209337722,
        0.9057208237986271,
        0.9120441414471753
      ]
    },
    "sex_female": {
      "n": 1132,
      "macro_auc": 0.9372279518533633,
      "per_class_auc": [
        0.9546744437732809,
        0.938224560979052,
        0.9489861548356521,
        0.927444911354599,
        0.9168096883242319
      ]
    },
    "age_lt45": {
      "n": 345,
      "macro_auc": 0.9325209576829039,
      "per_class_auc": [
        0.9012455516014235,
        0.9779531845400109,
        0.9629852905714974,
        0.8715644820295984,
        0.9488562796719897
      ]
    },
    "age_45_65": {
      "n": 703,
      "macro_auc": 0.9259946859118899,
      "per_class_auc": [
        0.9312222439916406,
        0.9281082289803221,
        0.9487089201877934,
        0.9025651808242221,
        0.9193688555754712
      ]
    },
    "age_gt65": {
      "n": 1150,
      "macro_auc": 0.9161084914423571,
      "per_class_auc": [
        0.9469152723949964,
        0.9021812389974012,
        0.9115998593530239,
        0.9241213732234025,
        0.8957247132429613
      ]
    },
    "meta_complete": {
      "n": 660,
      "macro_auc": 0.9323812734928458,
      "per_class_auc": [
        0.9454113924050633,
        0.9229477802595659,
        0.9364241531664212,
        0.9388223880384072,
        0.9183006535947713
      ]
    },
    "meta_incomplete": {
      "n": 1538,
      "macro_auc": 0.9258468600875366,
      "per_class_auc": [
        0.949111586411947,
        0.9269378233604177,
        0.934765003685456,
        0.9078928550495282,
        0.9105270319303338
      ]
    },
    "fairness_sex_gap": 0.018531061433748164
  },
  "training_history": [
    {
      "epoch": 1,
      "train_loss": 0.6414940376347358,
      "val_auc": 0.8881850416117484,
      "val_f1": 0.6611450582147922,
      "val_auc_ecg": 0.8832987334145386,
      "val_delta_meta": 0.0016967436986716766,
      "lr": 0.0009755527298894294,
      "epoch_time_s": 241.93026685714722
    },
    {
      "epoch": 2,
      "train_loss": 0.5611789015454983,
      "val_auc": 0.9126917420383671,
      "val_f1": 0.6994637651804861,
      "val_auc_ecg": 0.9099511331629484,
      "val_delta_meta": 0.00044526864553973144,
      "lr": 0.0009046039886902864,
      "epoch_time_s": 241.91633296012878
    },
    {
      "epoch": 3,
      "train_loss": 0.5279301957252922,
      "val_auc": 0.9197099497880064,
      "val_f1": 0.6973144743749282,
      "val_auc_ecg": 0.91807985350491,
      "val_delta_meta": 0.0007841137088223649,
      "lr": 0.0007940987335200904,
      "epoch_time_s": 257.6726450920105
    },
    {
      "epoch": 4,
      "train_loss": 0.5016381229829351,
      "val_auc": 0.9173041997979589,
      "val_f1": 0.7000484156457021,
      "val_auc_ecg": 0.9154764985584819,
      "val_delta_meta": 0.0015992603993680854,
      "lr": 0.0006548539886902864,
      "epoch_time_s": 264.07322096824646
    },
    {
      "epoch": 5,
      "train_loss": 0.4782834378951186,
      "val_auc": 0.9232093291256362,
      "val_f1": 0.7146538280518767,
      "val_auc_ecg": 0.9220625963833481,
      "val_delta_meta": 0.0006248462898335028,
      "lr": 0.0005005000000000001,
      "epoch_time_s": 263.19134068489075
    },
    {
      "epoch": 6,
      "train_loss": 0.4538880702825861,
      "val_auc": 0.9266016104855149,
      "val_f1": 0.736704748292848,
      "val_auc_ecg": 0.9247678224039282,
      "val_delta_meta": 0.00041842715433715316,
      "lr": 0.0003461460113097139,
      "epoch_time_s": 263.6497492790222
    },
    {
      "epoch": 7,
      "train_loss": 0.4335034403779091,
      "val_auc": 0.9310572593626742,
      "val_f1": 0.7403968700879153,
      "val_auc_ecg": 0.9299810626832731,
      "val_delta_meta": 0.000588878515552782,
      "lr": 0.00020690126647990973,
      "epoch_time_s": 264.65319752693176
    },
    {
      "epoch": 8,
      "train_loss": 0.4110577272439222,
      "val_auc": 0.9297750173501964,
      "val_f1": 0.7397271689892186,
      "val_auc_ecg": 0.9286919026305205,
      "val_delta_meta": 0.000827390993323629,
      "lr": 9.639601130971382e-05,
      "epoch_time_s": 265.11990118026733
    },
    {
      "epoch": 9,
      "train_loss": 0.39094788713739553,
      "val_auc": 0.9310673875324984,
      "val_f1": 0.7355523212285563,
      "val_auc_ecg": 0.9301442313031687,
      "val_delta_meta": 0.00031168348245014244,
      "lr": 2.5447270110570814e-05,
      "epoch_time_s": 265.67032408714294
    },
    {
      "epoch": 10,
      "train_loss": 0.3755849985901369,
      "val_auc": 0.9312403401232838,
      "val_f1": 0.739386258144845,
      "val_auc_ecg": 0.9304571944202721,
      "val_delta_meta": 0.00020592474755209977,
      "lr": 0.001,
      "epoch_time_s": 265.3643584251404
    }
  ]
}