{
  "metadata": {
    "run_name": "ATLAS_A_v5_demo+anthro_no_glu_seed2031",
    "variant": "demo+anthro",
    "seed": 2031,
    "meta_hid": 128,
    "lauc_weight": 0.08,
    "no_aug": false,
    "arch_mode": "no_glu",
    "meta_mask_mode": "real",
    "test_fold": 10,
    "val_fold": 9,
    "timestamp": "2026-05-09T14:41:09.511374",
    "git_sha": "b8fda1f7a68a5b217a3f76d88337426561bd26e4",
    "analysis_plan_sha256": "4ad22e907fbd431a0b443255a3449c0560371997d5ee36a61e164de7aea5c3dc",
    "wall_time_s": 2640.0988445281982,
    "train_time_s": 2610.561901330948,
    "gpu_peak_mem_mb": 0,
    "num_parameters": 3951951,
    "dataset_sizes": {
      "train": 17418,
      "val": 2183,
      "test": 2198
    },
    "train_fold_ids": [
      1,
      2,
      3,
      4,
      5,
      6,
      7,
      8
    ],
    "pos_weights": [
      1.2930489778518677,
      2.9776203632354736,
      3.161012887954712,
      3.4581520557403564,
      7.21991491317749
    ],
    "loss_weights": {
      "fused": 0.52,
      "ecg": 0.3,
      "meta": 0.1,
      "lauc": 0.08
    },
    "hardware": {
      "python_version": "3.11.7 | packaged by Anaconda, Inc. | (main, Dec 15 2023, 18:05:47) [MSC v.1916 64 bit (AMD64)]",
      "torch_version": "2.3.1+cpu",
      "cuda_available": false,
      "numpy_version": "1.26.4",
      "sklearn_version": "1.4.2"
    },
    "best_val_auc": 0.9314931272737228,
    "best_val_epoch": 10
  },
  "test": {
    "macro_auc": 0.9278758499005084,
    "macro_auc_ecg": 0.9277315001910221,
    "macro_auc_no_meta": 0.927621759448917,
    "delta_meta_auc": 0.0002540904515914155,
    "macro_f1_optimal": 0.7472516650515086,
    "macro_f1_fixed_05": 0.7359299724113166,
    "w_fused": 1.0,
    "thresholds": [
      0.4699999988079071,
      0.5299999713897705,
      0.6800000071525574,
      0.6949999928474426,
      0.6499999761581421
    ]
  },
  "per_class": {
    "NORM": {
      "auc": 0.947853578350381,
      "f1": 0.8566019876952201,
      "threshold": 0.4699999988079071
    },
    "MI": {
      "auc": 0.9295255957634598,
      "f1": 0.7377326565143824,
      "threshold": 0.5299999713897705
    },
    "STTC": {
      "auc": 0.9366030419460764,
      "f1": 0.7726027397260274,
      "threshold": 0.6800000071525574
    },
    "CD": {
      "auc": 0.9190681740646678,
      "f1": 0.7460815047021944,
      "threshold": 0.6949999928474426
    },
    "HYP": {
      "auc": 0.9063288593779574,
      "f1": 0.6232394366197183,
      "threshold": 0.6499999761581421
    }
  },
  "subgroups": {
    "sex_male": {
      "n": 1066,
      "macro_auc": 0.9202632027913801,
      "per_class_auc": [
        0.9405225285786053,
        0.9187365391440475,
        0.9203921985062475,
        0.9169076346993967,
        0.9047571130286032
      ]
    },
    "sex_female": {
      "n": 1132,
      "macro_auc": 0.9347911394206461,
      "per_class_auc": [
        0.9554641095338771,
        0.9385955362003267,
        0.9501999642143849,
        0.9212002292104394,
        0.908495857944203
      ]
    },
    "age_lt45": {
      "n": 345,
      "macro_auc": 0.9134986724190046,
      "per_class_auc": [
        0.898020462633452,
        0.9885683179096353,
        0.9649143959488786,
        0.8581999395952884,
        0.8577902460077688
      ]
    },
    "age_45_65": {
      "n": 703,
      "macro_auc": 0.9246675675561942,
      "per_class_auc": [
        0.9250587774294672,
        0.9218097793679189,
        0.9499087115284298,
        0.9050462573591254,
        0.9215143120960296
      ]
    },
    "age_gt65": {
      "n": 1150,
      "macro_auc": 0.917974016945862,
      "per_class_auc": [
        0.950794813624476,
        0.905936792690083,
        0.9126195499296766,
        0.9300134390190626,
        0.8905054894660122
      ]
    },
    "meta_complete": {
      "n": 660,
      "macro_auc": 0.9404414570853372,
      "per_class_auc": [
        0.9552178392699442,
        0.9444371450678112,
        0.9359293078055964,
        0.9441583084846841,
        0.9224646847986507
      ]
    },
    "meta_incomplete": {
      "n": 1538,
      "macro_auc": 0.9225822894658222,
      "per_class_auc": [
        0.9451426509643924,
        0.9238267585596812,
        0.9368235248477326,
        0.9091776566438075,
        0.8979408563134978
      ]
    },
    "fairness_sex_gap": 0.014527936629265992
  },
  "training_history": [
    {
      "epoch": 1,
      "train_loss": 0.6705088811183194,
      "val_auc": 0.8901568257732771,
      "val_f1": 0.6540938823371137,
      "val_auc_ecg": 0.8904995543369324,
      "val_delta_meta": 0.0010255305037176754,
      "lr": 0.0009755527298894294,
      "epoch_time_s": 242.28240513801575
    },
    {
      "epoch": 2,
      "train_loss": 0.5694027874447883,
      "val_auc": 0.911454917274083,
      "val_f1": 0.7030407560649284,
      "val_auc_ecg": 0.9113219655303688,
      "val_delta_meta": -0.00017942177015151106,
      "lr": 0.0009046039886902864,
      "epoch_time_s": 242.9698348045349
    },
    {
      "epoch": 3,
      "train_loss": 0.5285727518414138,
      "val_auc": 0.9163684921796715,
      "val_f1": 0.6951808339788593,
      "val_auc_ecg": 0.9162084373246442,
      "val_delta_meta": 0.0010465818700193807,
      "lr": 0.0007940987335200904,
      "epoch_time_s": 265.0801281929016
    },
    {
      "epoch": 4,
      "train_loss": 0.5034969956503001,
      "val_auc": 0.9165764361803511,
      "val_f1": 0.7165579373729722,
      "val_auc_ecg": 0.9151721839868434,
      "val_delta_meta": 0.0008079459465912819,
      "lr": 0.0006548539886902864,
      "epoch_time_s": 263.6677989959717
    },
    {
      "epoch": 5,
      "train_loss": 0.47717913648950944,
      "val_auc": 0.920470588590787,
      "val_f1": 0.7159051003715753,
      "val_auc_ecg": 0.920430790692253,
      "val_delta_meta": 0.000497450684830647,
      "lr": 0.0005005000000000001,
      "epoch_time_s": 263.3998439311981
    },
    {
      "epoch": 6,
      "train_loss": 0.46078343987464904,
      "val_auc": 0.9263906003606218,
      "val_f1": 0.7163621934638862,
      "val_auc_ecg": 0.9267294424769282,
      "val_delta_meta": 0.00018287998362909175,
      "lr": 0.0003461460113097139,
      "epoch_time_s": 264.4294958114624
    },
    {
      "epoch": 7,
      "train_loss": 0.4380342015979487,
      "val_auc": 0.9279576573749969,
      "val_f1": 0.7291517434800893,
      "val_auc_ecg": 0.9278431925421311,
      "val_delta_meta": 0.000843222616315642,
      "lr": 0.00020690126647990973,
      "epoch_time_s": 263.7783262729645
    },
    {
      "epoch": 8,
      "train_loss": 0.4173194437945655,
      "val_auc": 0.9302816104473142,
      "val_f1": 0.7346812954852961,
      "val_auc_ecg": 0.9307969838539579,
      "val_delta_meta": 3.1551622620140662e-06,
      "lr": 9.639601130971382e-05,
      "epoch_time_s": 263.9604961872101
    },
    {
      "epoch": 9,
      "train_loss": 0.3975770646825843,
      "val_auc": 0.9311035728634129,
      "val_f1": 0.7389485178986682,
      "val_auc_ecg": 0.9309674724579452,
      "val_delta_meta": 0.0007370241610997752,
      "lr": 2.5447270110570814e-05,
      "epoch_time_s": 264.5599191188812
    },
    {
      "epoch": 10,
      "train_loss": 0.38384913826754335,
      "val_auc": 0.9314931272737228,
      "val_f1": 0.7430853546876888,
      "val_auc_ecg": 0.9316384179595832,
      "val_delta_meta": 0.0004958088721780385,
      "lr": 0.001,
      "epoch_time_s": 265.20841240882874
    }
  ]
}