{
  "metadata": {
    "run_name": "ATLAS_A_v5_demo+anthro_lauc0.16_seed2025",
    "variant": "demo+anthro",
    "seed": 2025,
    "meta_hid": 128,
    "lauc_weight": 0.16,
    "no_aug": false,
    "arch_mode": "standard",
    "meta_mask_mode": "real",
    "test_fold": 10,
    "val_fold": 9,
    "timestamp": "2026-05-07T16:05:32.945331",
    "git_sha": "b8fda1f7a68a5b217a3f76d88337426561bd26e4",
    "analysis_plan_sha256": "4ad22e907fbd431a0b443255a3449c0560371997d5ee36a61e164de7aea5c3dc",
    "wall_time_s": 2639.546972990036,
    "train_time_s": 2610.2721247673035,
    "gpu_peak_mem_mb": 0,
    "num_parameters": 3951951,
    "dataset_sizes": {
      "train": 17418,
      "val": 2183,
      "test": 2198
    },
    "train_fold_ids": [
      1,
      2,
      3,
      4,
      5,
      6,
      7,
      8
    ],
    "pos_weights": [
      1.2930489778518677,
      2.9776203632354736,
      3.161012887954712,
      3.4581520557403564,
      7.21991491317749
    ],
    "loss_weights": {
      "fused": 0.43999999999999995,
      "ecg": 0.3,
      "meta": 0.1,
      "lauc": 0.16
    },
    "hardware": {
      "python_version": "3.11.7 | packaged by Anaconda, Inc. | (main, Dec 15 2023, 18:05:47) [MSC v.1916 64 bit (AMD64)]",
      "torch_version": "2.3.1+cpu",
      "cuda_available": false,
      "numpy_version": "1.26.4",
      "sklearn_version": "1.4.2"
    },
    "best_val_auc": 0.9327353389033849,
    "best_val_epoch": 10
  },
  "test": {
    "macro_auc": 0.9298158376296962,
    "macro_auc_ecg": 0.9280392205615347,
    "macro_auc_no_meta": 0.9281512850664647,
    "delta_meta_auc": 0.0016645525632315028,
    "macro_f1_optimal": 0.7534975657109054,
    "macro_f1_fixed_05": 0.7433800432298004,
    "w_fused": 1.0,
    "thresholds": [
      0.6499999761581421,
      0.5450000166893005,
      0.5600000023841858,
      0.6800000071525574,
      0.7099999785423279
    ]
  },
  "per_class": {
    "NORM": {
      "auc": 0.9520837800227865,
      "f1": 0.8649687650168189,
      "threshold": 0.6499999761581421
    },
    "MI": {
      "auc": 0.9316273168578993,
      "f1": 0.7433155080213903,
      "threshold": 0.5450000166893005
    },
    "STTC": {
      "auc": 0.9391690902202887,
      "f1": 0.7824529991047449,
      "threshold": 0.5600000023841858
    },
    "CD": {
      "auc": 0.9176502501800539,
      "f1": 0.7515151515151515,
      "threshold": 0.6800000071525574
    },
    "HYP": {
      "auc": 0.908548750867453,
      "f1": 0.6252354048964218,
      "threshold": 0.7099999785423279
    }
  },
  "subgroups": {
    "sex_male": {
      "n": 1066,
      "macro_auc": 0.9205221452680457,
      "per_class_auc": [
        0.9466050821668781,
        0.9182066128961686,
        0.9225115925099997,
        0.9094653630122738,
        0.9058220757549077
      ]
    },
    "sex_female": {
      "n": 1132,
      "macro_auc": 0.938454729013063,
      "per_class_auc": [
        0.9580989504681365,
        0.9424141615758381,
        0.9532272338203079,
        0.926991265693101,
        0.9115420335079312
      ]
    },
    "age_lt45": {
      "n": 345,
      "macro_auc": 0.9258399382320495,
      "per_class_auc": [
        0.9075289145907474,
        0.9915623298856832,
        0.958765372558476,
        0.8544246451223194,
        0.916918429003021
      ]
    },
    "age_45_65": {
      "n": 703,
      "macro_auc": 0.9283030192904611,
      "per_class_auc": [
        0.9312712251828631,
        0.9261950904392764,
        0.9542905581637976,
        0.9065601345668629,
        0.9231980880995058
      ]
    },
    "age_gt65": {
      "n": 1150,
      "macro_auc": 0.9182987011413399,
      "per_class_auc": [
        0.952701105964647,
        0.9073853634001174,
        0.9173347398030943,
        0.9267332817492199,
        0.8873390147896205
      ]
    },
    "meta_complete": {
      "n": 660,
      "macro_auc": 0.9418049088952023,
      "per_class_auc": [
        0.9614135634383278,
        0.9463933780055183,
        0.942421207658321,
        0.9448003309982737,
        0.913996064375571
      ]
    },
    "meta_incomplete": {
      "n": 1538,
      "macro_auc": 0.9247576614974292,
      "per_class_auc": [
        0.9487334273526957,
        0.9259532553476078,
        0.9371969197346472,
        0.9072738995369557,
        0.9046308055152394
      ]
    },
    "fairness_sex_gap": 0.017932583745017383
  },
  "training_history": [
    {
      "epoch": 1,
      "train_loss": 0.6323886255605505,
      "val_auc": 0.9003219695354112,
      "val_f1": 0.6709943450998959,
      "val_auc_ecg": 0.8971133243985514,
      "val_delta_meta": 0.002231756694056841,
      "lr": 0.0009755527298894294,
      "epoch_time_s": 242.74812531471252
    },
    {
      "epoch": 2,
      "train_loss": 0.548205671124502,
      "val_auc": 0.9142768299802567,
      "val_f1": 0.7043596729344945,
      "val_auc_ecg": 0.9121860365600624,
      "val_delta_meta": 0.001111827630926654,
      "lr": 0.0009046039886902864,
      "epoch_time_s": 242.7843837738037
    },
    {
      "epoch": 3,
      "train_loss": 0.5164818732563509,
      "val_auc": 0.9175666449550104,
      "val_f1": 0.7070845917720406,
      "val_auc_ecg": 0.9154370517185552,
      "val_delta_meta": 0.0014080652374511837,
      "lr": 0.0007940987335200904,
      "epoch_time_s": 258.4225203990936
    },
    {
      "epoch": 4,
      "train_loss": 0.48897627887375855,
      "val_auc": 0.9216455876898844,
      "val_f1": 0.7196251498501198,
      "val_auc_ecg": 0.9196926891833958,
      "val_delta_meta": 0.0009261451300978107,
      "lr": 0.0006548539886902864,
      "epoch_time_s": 263.60271096229553
    },
    {
      "epoch": 5,
      "train_loss": 0.46975868141979255,
      "val_auc": 0.9206678505157224,
      "val_f1": 0.7189254737045596,
      "val_auc_ecg": 0.9185711915349334,
      "val_delta_meta": 0.0009955308824536324,
      "lr": 0.0005005000000000001,
      "epoch_time_s": 267.02159881591797
    },
    {
      "epoch": 6,
      "train_loss": 0.44744606020800565,
      "val_auc": 0.9269662799193756,
      "val_f1": 0.7221872595477553,
      "val_auc_ecg": 0.9262312736686684,
      "val_delta_meta": 0.00015597049299964638,
      "lr": 0.0003461460113097139,
      "epoch_time_s": 265.7404763698578
    },
    {
      "epoch": 7,
      "train_loss": 0.42493708997691443,
      "val_auc": 0.9295985409643972,
      "val_f1": 0.7341729435325244,
      "val_auc_ecg": 0.9281910476250355,
      "val_delta_meta": 0.00019124346194876463,
      "lr": 0.00020690126647990973,
      "epoch_time_s": 265.0620722770691
    },
    {
      "epoch": 8,
      "train_loss": 0.4061201616438157,
      "val_auc": 0.9304167047553248,
      "val_f1": 0.7424964664899135,
      "val_auc_ecg": 0.9290541874589243,
      "val_delta_meta": 7.718933561251529e-05,
      "lr": 9.639601130971382e-05,
      "epoch_time_s": 264.94745445251465
    },
    {
      "epoch": 9,
      "train_loss": 0.3864493466025099,
      "val_auc": 0.9318453060120969,
      "val_f1": 0.7401903980566902,
      "val_auc_ecg": 0.930953870309253,
      "val_delta_meta": 0.00042016931010380176,
      "lr": 2.5447270110570814e-05,
      "epoch_time_s": 264.7277126312256
    },
    {
      "epoch": 10,
      "train_loss": 0.3746412938341088,
      "val_auc": 0.9327353389033849,
      "val_f1": 0.7432260889702486,
      "val_auc_ecg": 0.9316520645678061,
      "val_delta_meta": 0.0005565506884940286,
      "lr": 0.001,
      "epoch_time_s": 265.04355454444885
    }
  ]
}