{
  "metadata": {
    "run_name": "ATLAS_A_v5_demo+anthro_no_glu_seed2028",
    "variant": "demo+anthro",
    "seed": 2028,
    "meta_hid": 128,
    "lauc_weight": 0.08,
    "no_aug": false,
    "arch_mode": "no_glu",
    "meta_mask_mode": "real",
    "test_fold": 10,
    "val_fold": 9,
    "timestamp": "2026-05-09T12:29:06.828710",
    "git_sha": "b8fda1f7a68a5b217a3f76d88337426561bd26e4",
    "analysis_plan_sha256": "4ad22e907fbd431a0b443255a3449c0560371997d5ee36a61e164de7aea5c3dc",
    "wall_time_s": 2616.764489173889,
    "train_time_s": 2587.143350124359,
    "gpu_peak_mem_mb": 0,
    "num_parameters": 3951951,
    "dataset_sizes": {
      "train": 17418,
      "val": 2183,
      "test": 2198
    },
    "train_fold_ids": [
      1,
      2,
      3,
      4,
      5,
      6,
      7,
      8
    ],
    "pos_weights": [
      1.2930489778518677,
      2.9776203632354736,
      3.161012887954712,
      3.4581520557403564,
      7.21991491317749
    ],
    "loss_weights": {
      "fused": 0.52,
      "ecg": 0.3,
      "meta": 0.1,
      "lauc": 0.08
    },
    "hardware": {
      "python_version": "3.11.7 | packaged by Anaconda, Inc. | (main, Dec 15 2023, 18:05:47) [MSC v.1916 64 bit (AMD64)]",
      "torch_version": "2.3.1+cpu",
      "cuda_available": false,
      "numpy_version": "1.26.4",
      "sklearn_version": "1.4.2"
    },
    "best_val_auc": 0.9329560138219639,
    "best_val_epoch": 10
  },
  "test": {
    "macro_auc": 0.9308924088715967,
    "macro_auc_ecg": 0.9293787459837602,
    "macro_auc_no_meta": 0.9287969781184202,
    "delta_meta_auc": 0.0020954307531765304,
    "macro_f1_optimal": 0.7520751055141852,
    "macro_f1_fixed_05": 0.7374609218938051,
    "w_fused": 1.0,
    "thresholds": [
      0.574999988079071,
      0.45500001311302185,
      0.5299999713897705,
      0.7400000095367432,
      0.6650000214576721
    ]
  },
  "per_class": {
    "NORM": {
      "auc": 0.9523873186440821,
      "f1": 0.8667972575905974,
      "threshold": 0.574999988079071
    },
    "MI": {
      "auc": 0.9336518093556928,
      "f1": 0.7536466774716369,
      "threshold": 0.45500001311302185
    },
    "STTC": {
      "auc": 0.9361211925600624,
      "f1": 0.7642980935875217,
      "threshold": 0.5299999713897705
    },
    "CD": {
      "auc": 0.9216908001971115,
      "f1": 0.7565858798735511,
      "threshold": 0.7400000095367432
    },
    "HYP": {
      "auc": 0.9106109236010347,
      "f1": 0.6190476190476191,
      "threshold": 0.6650000214576721
    }
  },
  "subgroups": {
    "sex_male": {
      "n": 1066,
      "macro_auc": 0.9230563865905295,
      "per_class_auc": [
        0.9479133913760015,
        0.9196554020876176,
        0.919069236487204,
        0.9175473268150613,
        0.9110965761867627
      ]
    },
    "sex_female": {
      "n": 1132,
      "macro_auc": 0.9380597673612172,
      "per_class_auc": [
        0.9577513087687507,
        0.9446158188673158,
        0.9497115389265282,
        0.9270867700428901,
        0.9111334002006019
      ]
    },
    "age_lt45": {
      "n": 345,
      "macro_auc": 0.9297520366992996,
      "per_class_auc": [
        0.9013567615658363,
        0.9866630375612412,
        0.9592476489028213,
        0.8804741769858049,
        0.9210185584807942
      ]
    },
    "age_45_65": {
      "n": 703,
      "macro_auc": 0.9300525325707719,
      "per_class_auc": [
        0.9345366379310345,
        0.9328289604452394,
        0.9501173708920188,
        0.9054807961872722,
        0.9272988973982945
      ]
    },
    "age_gt65": {
      "n": 1150,
      "macro_auc": 0.9189599111787878,
      "per_class_auc": [
        0.9534573211078552,
        0.9089110570877693,
        0.912542194092827,
        0.9308575426957265,
        0.889031440909761
      ]
    },
    "meta_complete": {
      "n": 660,
      "macro_auc": 0.9420722065898588,
      "per_class_auc": [
        0.9615561524874889,
        0.9433714360793588,
        0.9361649484536083,
        0.9514773651396041,
        0.9177911307892332
      ]
    },
    "meta_incomplete": {
      "n": 1538,
      "macro_auc": 0.9258961277789102,
      "per_class_auc": [
        0.9482685345642585,
        0.9294917460027176,
        0.9362319121697638,
        0.9095105796846609,
        0.9059778664731495
      ]
    },
    "fairness_sex_gap": 0.015003380770687746
  },
  "training_history": [
    {
      "epoch": 1,
      "train_loss": 0.6640953380033511,
      "val_auc": 0.8990867607348866,
      "val_f1": 0.6531066547295648,
      "val_auc_ecg": 0.8996772615520768,
      "val_delta_meta": 0.002157443954591831,
      "lr": 0.0009755527298894294,
      "epoch_time_s": 242.2481255531311
    },
    {
      "epoch": 2,
      "train_loss": 0.5707564105134492,
      "val_auc": 0.9028397704067809,
      "val_f1": 0.667360773357063,
      "val_auc_ecg": 0.9016712837957697,
      "val_delta_meta": 0.0026527982712581943,
      "lr": 0.0009046039886902864,
      "epoch_time_s": 242.03872394561768
    },
    {
      "epoch": 3,
      "train_loss": 0.534133261989016,
      "val_auc": 0.9138391880185429,
      "val_f1": 0.7063682389630046,
      "val_auc_ecg": 0.9146635001640921,
      "val_delta_meta": -0.0003942469963506001,
      "lr": 0.0007940987335200904,
      "epoch_time_s": 254.92344093322754
    },
    {
      "epoch": 4,
      "train_loss": 0.5050663323850807,
      "val_auc": 0.9216975174327098,
      "val_f1": 0.7221472054802799,
      "val_auc_ecg": 0.920569967665893,
      "val_delta_meta": 0.0018309055113048256,
      "lr": 0.0006548539886902864,
      "epoch_time_s": 261.63187742233276
    },
    {
      "epoch": 5,
      "train_loss": 0.482612407207489,
      "val_auc": 0.9183484334778313,
      "val_f1": 0.7176824909517769,
      "val_auc_ecg": 0.9180377907717299,
      "val_delta_meta": 0.0012360259169372778,
      "lr": 0.0005005000000000001,
      "epoch_time_s": 261.1765730381012
    },
    {
      "epoch": 6,
      "train_loss": 0.46186064558291656,
      "val_auc": 0.9252642590111545,
      "val_f1": 0.7214548339018899,
      "val_auc_ecg": 0.926417733006754,
      "val_delta_meta": -0.0007996977130009242,
      "lr": 0.0003461460113097139,
      "epoch_time_s": 261.42894077301025
    },
    {
      "epoch": 7,
      "train_loss": 0.439076646150799,
      "val_auc": 0.9266186995976978,
      "val_f1": 0.7287429952238993,
      "val_auc_ecg": 0.9264443826269794,
      "val_delta_meta": 0.0005147041329907065,
      "lr": 0.00020690126647990973,
      "epoch_time_s": 262.4951343536377
    },
    {
      "epoch": 8,
      "train_loss": 0.41921209373058527,
      "val_auc": 0.929756774961664,
      "val_f1": 0.7400442839584989,
      "val_auc_ecg": 0.9297600343981598,
      "val_delta_meta": 0.00028284440972936586,
      "lr": 9.639601130971382e-05,
      "epoch_time_s": 262.91160678863525
    },
    {
      "epoch": 9,
      "train_loss": 0.401942554772447,
      "val_auc": 0.9287336249969863,
      "val_f1": 0.738315709226618,
      "val_auc_ecg": 0.9282321206461365,
      "val_delta_meta": 0.0009551229855345733,
      "lr": 2.5447270110570814e-05,
      "epoch_time_s": 263.5143573284149
    },
    {
      "epoch": 10,
      "train_loss": 0.39188952656514053,
      "val_auc": 0.9329560138219639,
      "val_f1": 0.7433854666040433,
      "val_auc_ecg": 0.9319999286826544,
      "val_delta_meta": 0.0009273585424912634,
      "lr": 0.001,
      "epoch_time_s": 265.1748366355896
    }
  ]
}