{
  "metadata": {
    "run_name": "ATLAS_A_v5_demo+anthro_lauc0.04_seed2030",
    "variant": "demo+anthro",
    "seed": 2030,
    "meta_hid": 128,
    "lauc_weight": 0.04,
    "no_aug": false,
    "arch_mode": "standard",
    "meta_mask_mode": "real",
    "test_fold": 10,
    "val_fold": 9,
    "timestamp": "2026-05-07T05:01:01.679518",
    "git_sha": "b8fda1f7a68a5b217a3f76d88337426561bd26e4",
    "analysis_plan_sha256": "4ad22e907fbd431a0b443255a3449c0560371997d5ee36a61e164de7aea5c3dc",
    "wall_time_s": 2640.1366486549377,
    "train_time_s": 2610.9804394245148,
    "gpu_peak_mem_mb": 0,
    "num_parameters": 3951951,
    "dataset_sizes": {
      "train": 17418,
      "val": 2183,
      "test": 2198
    },
    "train_fold_ids": [
      1,
      2,
      3,
      4,
      5,
      6,
      7,
      8
    ],
    "pos_weights": [
      1.2930489778518677,
      2.9776203632354736,
      3.161012887954712,
      3.4581520557403564,
      7.21991491317749
    ],
    "loss_weights": {
      "fused": 0.56,
      "ecg": 0.30000000000000004,
      "meta": 0.10000000000000002,
      "lauc": 0.04000000000000001
    },
    "hardware": {
      "python_version": "3.11.7 | packaged by Anaconda, Inc. | (main, Dec 15 2023, 18:05:47) [MSC v.1916 64 bit (AMD64)]",
      "torch_version": "2.3.1+cpu",
      "cuda_available": false,
      "numpy_version": "1.26.4",
      "sklearn_version": "1.4.2"
    },
    "best_val_auc": 0.932832123257419,
    "best_val_epoch": 9
  },
  "test": {
    "macro_auc": 0.9280006650077175,
    "macro_auc_ecg": 0.9257643138573834,
    "macro_auc_no_meta": 0.9258081606193305,
    "delta_meta_auc": 0.0021925043883870288,
    "macro_f1_optimal": 0.7401501696246963,
    "macro_f1_fixed_05": 0.7355980867865878,
    "w_fused": 1.0,
    "thresholds": [
      0.6200000047683716,
      0.6800000071525574,
      0.5899999737739563,
      0.6800000071525574,
      0.7099999785423279
    ]
  },
  "per_class": {
    "NORM": {
      "auc": 0.9480721934238905,
      "f1": 0.8627069133398247,
      "threshold": 0.6200000047683716
    },
    "MI": {
      "auc": 0.9256288614298324,
      "f1": 0.7181903864278982,
      "threshold": 0.6800000071525574
    },
    "STTC": {
      "auc": 0.93663508893612,
      "f1": 0.775,
      "threshold": 0.5899999737739563
    },
    "CD": {
      "auc": 0.9176111595466433,
      "f1": 0.7436974789915967,
      "threshold": 0.6800000071525574
    },
    "HYP": {
      "auc": 0.9120560217021008,
      "f1": 0.6011560693641619,
      "threshold": 0.7099999785423279
    }
  },
  "subgroups": {
    "sex_male": {
      "n": 1066,
      "macro_auc": 0.9190315509296617,
      "per_class_auc": [
        0.9428789308005624,
        0.9118718064651002,
        0.9204541432161694,
        0.9121853546910755,
        0.907767519475401
      ]
    },
    "sex_female": {
      "n": 1132,
      "macro_auc": 0.93661063013492,
      "per_class_auc": [
        0.9540955652874257,
        0.9373011552652271,
        0.9506980612901198,
        0.9242824150445397,
        0.9166759537872878
      ]
    },
    "age_lt45": {
      "n": 345,
      "macro_auc": 0.9262205551537201,
      "per_class_auc": [
        0.8996886120996441,
        0.9836690255851933,
        0.9590065107306487,
        0.8465720326185442,
        0.9421665947345705
      ]
    },
    "age_45_65": {
      "n": 703,
      "macro_auc": 0.9264731512097015,
      "per_class_auc": [
        0.927728252351097,
        0.9223439674021069,
        0.9529864371413667,
        0.9077656293804318,
        0.9215414697735049
      ]
    },
    "age_gt65": {
      "n": 1150,
      "macro_auc": 0.916212656013774,
      "per_class_auc": [
        0.9479590068374453,
        0.8991969150808954,
        0.9125457102672292,
        0.9281919521378408,
        0.893169695745459
      ]
    },
    "meta_complete": {
      "n": 660,
      "macro_auc": 0.939136502501665,
      "per_class_auc": [
        0.9576004562849574,
        0.9406268704652623,
        0.93660088365243,
        0.9428171947896306,
        0.9180371073160447
      ]
    },
    "meta_incomplete": {
      "n": 1538,
      "macro_auc": 0.9232544273085054,
      "per_class_auc": [
        0.944497352019248,
        0.9194865786155231,
        0.9360694611475346,
        0.9081273078951995,
        0.9080914368650217
      ]
    },
    "fairness_sex_gap": 0.017579079205258252
  },
  "training_history": [
    {
      "epoch": 1,
      "train_loss": 0.648052711497753,
      "val_auc": 0.903500299390952,
      "val_f1": 0.6647303258825218,
      "val_auc_ecg": 0.8993285507793105,
      "val_delta_meta": 0.001611865041929006,
      "lr": 0.0009755527298894294,
      "epoch_time_s": 243.11048579216003
    },
    {
      "epoch": 2,
      "train_loss": 0.5628503113164814,
      "val_auc": 0.9136782799337203,
      "val_f1": 0.7050239072149668,
      "val_auc_ecg": 0.9126916283118225,
      "val_delta_meta": 0.0004025740886482998,
      "lr": 0.0009046039886902864,
      "epoch_time_s": 242.9471311569214
    },
    {
      "epoch": 3,
      "train_loss": 0.5266082520878643,
      "val_auc": 0.9159759666052139,
      "val_f1": 0.7000128580095974,
      "val_auc_ecg": 0.9148690243533719,
      "val_delta_meta": -0.0007602478133986734,
      "lr": 0.0007940987335200904,
      "epoch_time_s": 258.19552516937256
    },
    {
      "epoch": 4,
      "train_loss": 0.5060454509673862,
      "val_auc": 0.9250961259875125,
      "val_f1": 0.7259970308238287,
      "val_auc_ecg": 0.9246620225357185,
      "val_delta_meta": 0.0001322940372940895,
      "lr": 0.0006548539886902864,
      "epoch_time_s": 264.69310092926025
    },
    {
      "epoch": 5,
      "train_loss": 0.47907173491399224,
      "val_auc": 0.9274539606014958,
      "val_f1": 0.7269840993122326,
      "val_auc_ecg": 0.9269278377518997,
      "val_delta_meta": 6.590682612439558e-06,
      "lr": 0.0005005000000000001,
      "epoch_time_s": 264.4353415966034
    },
    {
      "epoch": 6,
      "train_loss": 0.4583894871790475,
      "val_auc": 0.9299871508196415,
      "val_f1": 0.7373581564689828,
      "val_auc_ecg": 0.9291078001747796,
      "val_delta_meta": -0.00016049007934582082,
      "lr": 0.0003461460113097139,
      "epoch_time_s": 265.61912775039673
    },
    {
      "epoch": 7,
      "train_loss": 0.4346221646584502,
      "val_auc": 0.9325201324363859,
      "val_f1": 0.7323072439192314,
      "val_auc_ecg": 0.9319506895070429,
      "val_delta_meta": 0.000684825150072621,
      "lr": 0.00020690126647990973,
      "epoch_time_s": 265.55434346199036
    },
    {
      "epoch": 8,
      "train_loss": 0.4130660037108518,
      "val_auc": 0.9310102315241842,
      "val_f1": 0.7358134978061719,
      "val_auc_ecg": 0.9305456538776861,
      "val_delta_meta": 9.79098588208549e-05,
      "lr": 9.639601130971382e-05,
      "epoch_time_s": 265.91079473495483
    },
    {
      "epoch": 9,
      "train_loss": 0.39274048736882866,
      "val_auc": 0.932832123257419,
      "val_f1": 0.7410195595751036,
      "val_auc_ecg": 0.9325626740342529,
      "val_delta_meta": 0.000313608245338437,
      "lr": 2.5447270110570814e-05,
      "epoch_time_s": 265.45632886886597
    },
    {
      "epoch": 10,
      "train_loss": 0.3813682628607531,
      "val_auc": 0.9314199536989136,
      "val_f1": 0.744859411554099,
      "val_auc_ecg": 0.9314533163734872,
      "val_delta_meta": 4.720003891089952e-05,
      "lr": 0.001,
      "epoch_time_s": 265.52977299690247
    }
  ]
}