{
  "metadata": {
    "run_name": "ATLAS_A_v5_demo+anthro_no_glu_seed2024",
    "variant": "demo+anthro",
    "seed": 2024,
    "meta_hid": 128,
    "lauc_weight": 0.08,
    "no_aug": false,
    "arch_mode": "no_glu",
    "meta_mask_mode": "real",
    "test_fold": 10,
    "val_fold": 9,
    "timestamp": "2026-05-09T09:33:33.912089",
    "git_sha": "b8fda1f7a68a5b217a3f76d88337426561bd26e4",
    "analysis_plan_sha256": "4ad22e907fbd431a0b443255a3449c0560371997d5ee36a61e164de7aea5c3dc",
    "wall_time_s": 2626.650467157364,
    "train_time_s": 2597.3795070648193,
    "gpu_peak_mem_mb": 0,
    "num_parameters": 3951951,
    "dataset_sizes": {
      "train": 17418,
      "val": 2183,
      "test": 2198
    },
    "train_fold_ids": [
      1,
      2,
      3,
      4,
      5,
      6,
      7,
      8
    ],
    "pos_weights": [
      1.2930489778518677,
      2.9776203632354736,
      3.161012887954712,
      3.4581520557403564,
      7.21991491317749
    ],
    "loss_weights": {
      "fused": 0.52,
      "ecg": 0.3,
      "meta": 0.1,
      "lauc": 0.08
    },
    "hardware": {
      "python_version": "3.11.7 | packaged by Anaconda, Inc. | (main, Dec 15 2023, 18:05:47) [MSC v.1916 64 bit (AMD64)]",
      "torch_version": "2.3.1+cpu",
      "cuda_available": false,
      "numpy_version": "1.26.4",
      "sklearn_version": "1.4.2"
    },
    "best_val_auc": 0.9335078650236607,
    "best_val_epoch": 10
  },
  "test": {
    "macro_auc": 0.9285826838186889,
    "macro_auc_ecg": 0.9276003996760579,
    "macro_auc_no_meta": 0.9268854046340389,
    "delta_meta_auc": 0.0016972791846500135,
    "macro_f1_optimal": 0.7454606394067813,
    "macro_f1_fixed_05": 0.7405423622500447,
    "w_fused": 1.0,
    "thresholds": [
      0.6949999928474426,
      0.6200000047683716,
      0.5299999713897705,
      0.8450000286102295,
      0.7099999785423279
    ]
  },
  "per_class": {
    "NORM": {
      "auc": 0.9502432092692791,
      "f1": 0.8618951612903226,
      "threshold": 0.6949999928474426
    },
    "MI": {
      "auc": 0.9293937555163283,
      "f1": 0.7451669595782073,
      "threshold": 0.6200000047683716
    },
    "STTC": {
      "auc": 0.9351975525255889,
      "f1": 0.7664359861591695,
      "threshold": 0.5299999713897705
    },
    "CD": {
      "auc": 0.9164585781433608,
      "f1": 0.7355555555555555,
      "threshold": 0.8450000286102295
    },
    "HYP": {
      "auc": 0.9116203236388872,
      "f1": 0.6182495344506518,
      "threshold": 0.7099999785423279
    }
  },
  "subgroups": {
    "sex_male": {
      "n": 1066,
      "macro_auc": 0.9195021422185006,
      "per_class_auc": [
        0.9435475418604735,
        0.916150110117702,
        0.918215284414711,
        0.9099854379030581,
        0.9096123367965585
      ]
    },
    "sex_female": {
      "n": 1132,
      "macro_auc": 0.9368592988621203,
      "per_class_auc": [
        0.9575027685492802,
        0.9402487953386156,
        0.9487540319265718,
        0.9243171438990084,
        0.9134737545971248
      ]
    },
    "age_lt45": {
      "n": 345,
      "macro_auc": 0.9193809746089613,
      "per_class_auc": [
        0.8885120106761567,
        0.9814915623298857,
        0.9461056185194117,
        0.8520084566596194,
        0.9287872248597324
      ]
    },
    "age_45_65": {
      "n": 703,
      "macro_auc": 0.9259250143484389,
      "per_class_auc": [
        0.9305528343782654,
        0.9246422182468695,
        0.95160406885759,
        0.9050322399775722,
        0.9177937102818967
      ]
    },
    "age_gt65": {
      "n": 1150,
      "macro_auc": 0.9183415391729766,
      "per_class_auc": [
        0.952433279768094,
        0.9055360885237655,
        0.9125351617440226,
        0.9275366611256938,
        0.8936665047033067
      ]
    },
    "meta_complete": {
      "n": 660,
      "macro_auc": 0.9387926915193823,
      "per_class_auc": [
        0.9601578598763616,
        0.938948013839618,
        0.937578792341679,
        0.9372387325048864,
        0.9200400590343664
      ]
    },
    "meta_incomplete": {
      "n": 1538,
      "macro_auc": 0.9240334473852517,
      "per_class_auc": [
        0.9460446817479276,
        0.9253355080307151,
        0.934231582418435,
        0.9080968290252625,
        0.9064586357039186
      ]
    },
    "fairness_sex_gap": 0.017357156643619698
  },
  "training_history": [
    {
      "epoch": 1,
      "train_loss": 0.6578750056957979,
      "val_auc": 0.897980268770216,
      "val_f1": 0.6378330059074949,
      "val_auc_ecg": 0.8966692872734916,
      "val_delta_meta": 0.002780663516547044,
      "lr": 0.0009755527298894294,
      "epoch_time_s": 242.5729627609253
    },
    {
      "epoch": 2,
      "train_loss": 0.5682749830801552,
      "val_auc": 0.9027399733882808,
      "val_f1": 0.6630866693873848,
      "val_auc_ecg": 0.9048346571711543,
      "val_delta_meta": -0.0009729464944372435,
      "lr": 0.0009046039886902864,
      "epoch_time_s": 242.90369176864624
    },
    {
      "epoch": 3,
      "train_loss": 0.5270401130028821,
      "val_auc": 0.9050392178119191,
      "val_f1": 0.6886229180193384,
      "val_auc_ecg": 0.9027913228715917,
      "val_delta_meta": 0.0010418556007897317,
      "lr": 0.0007940987335200904,
      "epoch_time_s": 256.67808771133423
    },
    {
      "epoch": 4,
      "train_loss": 0.5037394382538052,
      "val_auc": 0.9211817165151167,
      "val_f1": 0.7189652026514622,
      "val_auc_ecg": 0.9206720637643334,
      "val_delta_meta": 0.001160468364234446,
      "lr": 0.0006548539886902864,
      "epoch_time_s": 262.61493730545044
    },
    {
      "epoch": 5,
      "train_loss": 0.48512061369528464,
      "val_auc": 0.9270807241969379,
      "val_f1": 0.7300990888587995,
      "val_auc_ecg": 0.9265060763605906,
      "val_delta_meta": 0.0009706528879371845,
      "lr": 0.0005005000000000001,
      "epoch_time_s": 262.91687083244324
    },
    {
      "epoch": 6,
      "train_loss": 0.4563428111852856,
      "val_auc": 0.9253135852256561,
      "val_f1": 0.710653735276862,
      "val_auc_ecg": 0.924558319028599,
      "val_delta_meta": 0.000591678298169529,
      "lr": 0.0003461460113097139,
      "epoch_time_s": 263.1276834011078
    },
    {
      "epoch": 7,
      "train_loss": 0.4393214787638515,
      "val_auc": 0.9296097027580892,
      "val_f1": 0.7429986824658299,
      "val_auc_ecg": 0.9289248866771214,
      "val_delta_meta": 0.001055152811060056,
      "lr": 0.00020690126647990973,
      "epoch_time_s": 263.5608720779419
    },
    {
      "epoch": 8,
      "train_loss": 0.4165194461651898,
      "val_auc": 0.9272509490079275,
      "val_f1": 0.7344436761833995,
      "val_auc_ecg": 0.926864918507983,
      "val_delta_meta": 0.0009418762732669173,
      "lr": 9.639601130971382e-05,
      "epoch_time_s": 263.86632013320923
    },
    {
      "epoch": 9,
      "train_loss": 0.3962825623947546,
      "val_auc": 0.9325755199321153,
      "val_f1": 0.7409277806167508,
      "val_auc_ecg": 0.9320603952917292,
      "val_delta_meta": 0.0008105588201859915,
      "lr": 2.5447270110570814e-05,
      "epoch_time_s": 264.6347744464874
    },
    {
      "epoch": 10,
      "train_loss": 0.38637503106659704,
      "val_auc": 0.9335078650236607,
      "val_f1": 0.7416544087706722,
      "val_auc_ecg": 0.9325697321966746,
      "val_delta_meta": 0.0011056604422856608,
      "lr": 0.001,
      "epoch_time_s": 264.9433603286743
    }
  ]
}