{
  "metadata": {
    "run_name": "ATLAS_A_v5_demo+anthro_concat_seed2031",
    "variant": "demo+anthro",
    "seed": 2031,
    "meta_hid": 128,
    "lauc_weight": 0.08,
    "no_aug": false,
    "arch_mode": "concat",
    "meta_mask_mode": "real",
    "test_fold": 10,
    "val_fold": 9,
    "timestamp": "2026-05-09T00:51:56.893097",
    "git_sha": "b8fda1f7a68a5b217a3f76d88337426561bd26e4",
    "analysis_plan_sha256": "4ad22e907fbd431a0b443255a3449c0560371997d5ee36a61e164de7aea5c3dc",
    "wall_time_s": 2383.2948257923126,
    "train_time_s": 2354.517638206482,
    "gpu_peak_mem_mb": 0,
    "num_parameters": 3951951,
    "dataset_sizes": {
      "train": 17418,
      "val": 2183,
      "test": 2198
    },
    "train_fold_ids": [
      1,
      2,
      3,
      4,
      5,
      6,
      7,
      8
    ],
    "pos_weights": [
      1.2930489778518677,
      2.9776203632354736,
      3.161012887954712,
      3.4581520557403564,
      7.21991491317749
    ],
    "loss_weights": {
      "fused": 0.52,
      "ecg": 0.3,
      "meta": 0.1,
      "lauc": 0.08
    },
    "hardware": {
      "python_version": "3.11.7 | packaged by Anaconda, Inc. | (main, Dec 15 2023, 18:05:47) [MSC v.1916 64 bit (AMD64)]",
      "torch_version": "2.3.1+cpu",
      "cuda_available": false,
      "numpy_version": "1.26.4",
      "sklearn_version": "1.4.2"
    },
    "best_val_auc": 0.9322826648433045,
    "best_val_epoch": 10
  },
  "test": {
    "macro_auc": 0.9289993992515004,
    "macro_auc_ecg": 0.9274572913811394,
    "macro_auc_no_meta": 0.9277071280306378,
    "delta_meta_auc": 0.0012922712208626175,
    "macro_f1_optimal": 0.7433623228115114,
    "macro_f1_fixed_05": 0.7391276706217637,
    "w_fused": 1.0,
    "thresholds": [
      0.6200000047683716,
      0.7099999785423279,
      0.5899999737739563,
      0.7099999785423279,
      0.6800000071525574
    ]
  },
  "per_class": {
    "NORM": {
      "auc": 0.9499817120082737,
      "f1": 0.8662420382165605,
      "threshold": 0.6200000047683716
    },
    "MI": {
      "auc": 0.9297914827890555,
      "f1": 0.7234848484848485,
      "threshold": 0.7099999785423279
    },
    "STTC": {
      "auc": 0.9363913029047162,
      "f1": 0.7682596934174932,
      "threshold": 0.5899999737739563
    },
    "CD": {
      "auc": 0.9165260983283423,
      "f1": 0.7361835245046924,
      "threshold": 0.7099999785423279
    },
    "HYP": {
      "auc": 0.9123064002271151,
      "f1": 0.6226415094339622,
      "threshold": 0.6800000071525574
    }
  },
  "subgroups": {
    "sex_male": {
      "n": 1066,
      "macro_auc": 0.9209402878908468,
      "per_class_auc": [
        0.9445088961412107,
        0.9199325194832976,
        0.9197152313192454,
        0.9088360723944248,
        0.9117087201160557
      ]
    },
    "sex_female": {
      "n": 1132,
      "macro_auc": 0.9365520297383817,
      "per_class_auc": [
        0.9554389409040571,
        0.9383011754269238,
        0.9501999642143848,
        0.9251680008334926,
        0.9136520673130503
      ]
    },
    "age_lt45": {
      "n": 345,
      "macro_auc": 0.9208911971704106,
      "per_class_auc": [
        0.8937388790035588,
        0.979858464888405,
        0.9527369182541596,
        0.8456659619450317,
        0.9324557617608977
      ]
    },
    "age_45_65": {
      "n": 703,
      "macro_auc": 0.9287956476477237,
      "per_class_auc": [
        0.932201867816092,
        0.9303692108924668,
        0.9501043296817945,
        0.9099243061396132,
        0.9213785237086524
      ]
    },
    "age_gt65": {
      "n": 1150,
      "macro_auc": 0.9173778300036346,
      "per_class_auc": [
        0.9503773198474966,
        0.9033313773157852,
        0.9151617440225035,
        0.9228126423036626,
        0.8952060665287247
      ]
    },
    "meta_complete": {
      "n": 660,
      "macro_auc": 0.9411630338189843,
      "per_class_auc": [
        0.9600934648219017,
        0.9443349537949459,
        0.9386863033873343,
        0.944329514488308,
        0.9183709326024316
      ]
    },
    "meta_incomplete": {
      "n": 1538,
      "macro_auc": 0.924292206254408,
      "per_class_auc": [
        0.9470612010539884,
        0.9249282838958272,
        0.9348838111494744,
        0.9062423070160014,
        0.908345428156749
      ]
    },
    "fairness_sex_gap": 0.015611741847534888
  },
  "training_history": [
    {
      "epoch": 1,
      "train_loss": 0.6531599035503668,
      "val_auc": 0.8910218107867731,
      "val_f1": 0.6642708099121342,
      "val_auc_ecg": 0.8913562541547224,
      "val_delta_meta": -0.0007237506545585415,
      "lr": 0.0009755527298894294,
      "epoch_time_s": 237.75489854812622
    },
    {
      "epoch": 2,
      "train_loss": 0.5683817291478498,
      "val_auc": 0.9090958171394738,
      "val_f1": 0.6960982280133261,
      "val_auc_ecg": 0.9102655490175884,
      "val_delta_meta": -0.0007738008058594259,
      "lr": 0.0009046039886902864,
      "epoch_time_s": 233.8921730518341
    },
    {
      "epoch": 3,
      "train_loss": 0.5307842115743444,
      "val_auc": 0.9161908079011107,
      "val_f1": 0.6748483913304857,
      "val_auc_ecg": 0.9164277666811029,
      "val_delta_meta": -3.1093879618304676e-05,
      "lr": 0.0007940987335200904,
      "epoch_time_s": 233.575368642807
    },
    {
      "epoch": 4,
      "train_loss": 0.5043602071770834,
      "val_auc": 0.9159630693156611,
      "val_f1": 0.6968499047420913,
      "val_auc_ecg": 0.915066165555929,
      "val_delta_meta": -0.00012987196572522564,
      "lr": 0.0006548539886902864,
      "epoch_time_s": 233.7798557281494
    },
    {
      "epoch": 5,
      "train_loss": 0.4760770865263195,
      "val_auc": 0.9174563888650701,
      "val_f1": 0.700037891581955,
      "val_auc_ecg": 0.91724803184981,
      "val_delta_meta": -0.0005515572034369143,
      "lr": 0.0005005000000000001,
      "epoch_time_s": 233.92493534088135
    },
    {
      "epoch": 6,
      "train_loss": 0.45888961217272173,
      "val_auc": 0.9262750566200417,
      "val_f1": 0.7102626777719212,
      "val_auc_ecg": 0.9261112515204235,
      "val_delta_meta": 3.470620108392275e-05,
      "lr": 0.0003461460113097139,
      "epoch_time_s": 235.26069402694702
    },
    {
      "epoch": 7,
      "train_loss": 0.4338939070428183,
      "val_auc": 0.9286758779703531,
      "val_f1": 0.726846670504482,
      "val_auc_ecg": 0.9279993145832167,
      "val_delta_meta": 0.00041620570889178143,
      "lr": 0.00020690126647990973,
      "epoch_time_s": 233.90444588661194
    },
    {
      "epoch": 8,
      "train_loss": 0.4101861924206445,
      "val_auc": 0.9297348351475279,
      "val_f1": 0.7313469567691279,
      "val_auc_ecg": 0.9296334354844387,
      "val_delta_meta": -0.00022438164880322908,
      "lr": 9.639601130971382e-05,
      "epoch_time_s": 234.32957577705383
    },
    {
      "epoch": 9,
      "train_loss": 0.3901624186870155,
      "val_auc": 0.9304850870304999,
      "val_f1": 0.7388366353719636,
      "val_auc_ecg": 0.9307221628335556,
      "val_delta_meta": -0.00020077915229477217,
      "lr": 2.5447270110570814e-05,
      "epoch_time_s": 234.36336183547974
    },
    {
      "epoch": 10,
      "train_loss": 0.37398096888984017,
      "val_auc": 0.9322826648433045,
      "val_f1": 0.7403874828282293,
      "val_auc_ecg": 0.9317198710484973,
      "val_delta_meta": 0.0003680690308106582,
      "lr": 0.001,
      "epoch_time_s": 233.78478002548218
    }
  ]
}