{
  "metadata": {
    "run_name": "ATLAS_A_v5_demo+anthro_noaug_seed2028",
    "variant": "demo+anthro",
    "seed": 2028,
    "meta_hid": 128,
    "lauc_weight": 0.08,
    "no_aug": true,
    "arch_mode": "standard",
    "meta_mask_mode": "real",
    "test_fold": 10,
    "val_fold": 9,
    "timestamp": "2026-05-08T01:36:29.915829",
    "git_sha": "b8fda1f7a68a5b217a3f76d88337426561bd26e4",
    "analysis_plan_sha256": "4ad22e907fbd431a0b443255a3449c0560371997d5ee36a61e164de7aea5c3dc",
    "wall_time_s": 2617.797888994217,
    "train_time_s": 2588.5016922950745,
    "gpu_peak_mem_mb": 0,
    "num_parameters": 3951951,
    "dataset_sizes": {
      "train": 17418,
      "val": 2183,
      "test": 2198
    },
    "train_fold_ids": [
      1,
      2,
      3,
      4,
      5,
      6,
      7,
      8
    ],
    "pos_weights": [
      1.2930489778518677,
      2.9776203632354736,
      3.161012887954712,
      3.4581520557403564,
      7.21991491317749
    ],
    "loss_weights": {
      "fused": 0.52,
      "ecg": 0.3,
      "meta": 0.1,
      "lauc": 0.08
    },
    "hardware": {
      "python_version": "3.11.7 | packaged by Anaconda, Inc. | (main, Dec 15 2023, 18:05:47) [MSC v.1916 64 bit (AMD64)]",
      "torch_version": "2.3.1+cpu",
      "cuda_available": false,
      "numpy_version": "1.26.4",
      "sklearn_version": "1.4.2"
    },
    "best_val_auc": 0.9314582155350921,
    "best_val_epoch": 9
  },
  "test": {
    "macro_auc": 0.9273697014217349,
    "macro_auc_ecg": 0.9260848335930337,
    "macro_auc_no_meta": 0.9262192524539217,
    "delta_meta_auc": 0.0011504489678132446,
    "macro_f1_optimal": 0.7417196248094593,
    "macro_f1_fixed_05": 0.7345403785595895,
    "w_fused": 1.0,
    "thresholds": [
      0.5899999737739563,
      0.574999988079071,
      0.5899999737739563,
      0.7400000095367432,
      0.6050000190734863
    ]
  },
  "per_class": {
    "NORM": {
      "auc": 0.9507796570265827,
      "f1": 0.861003861003861,
      "threshold": 0.5899999737739563
    },
    "MI": {
      "auc": 0.9290732568402471,
      "f1": 0.73557278208441,
      "threshold": 0.574999988079071
    },
    "STTC": {
      "auc": 0.9337691723979273,
      "f1": 0.7635075287865367,
      "threshold": 0.5899999737739563
    },
    "CD": {
      "auc": 0.9185043212918389,
      "f1": 0.7457264957264957,
      "threshold": 0.7400000095367432
    },
    "HYP": {
      "auc": 0.9047220995520788,
      "f1": 0.6027874564459931,
      "threshold": 0.6050000190734863
    }
  },
  "subgroups": {
    "sex_male": {
      "n": 1066,
      "macro_auc": 0.9203399172665387,
      "per_class_auc": [
        0.9470532322827105,
        0.9178079527830851,
        0.917427701674277,
        0.9133035157062618,
        0.9061071838863591
      ]
    },
    "sex_female": {
      "n": 1132,
      "macro_auc": 0.934044040452736,
      "per_class_auc": [
        0.9551526477398571,
        0.9386963446843686,
        0.947453176456934,
        0.9251028842313636,
        0.9038151491511571
      ]
    },
    "age_lt45": {
      "n": 345,
      "macro_auc": 0.9308244484021791,
      "per_class_auc": [
        0.9015235765124554,
        0.9853021230266739,
        0.9609356161080298,
        0.8739051646028391,
        0.9324557617608977
      ]
    },
    "age_45_65": {
      "n": 703,
      "macro_auc": 0.9254921149707679,
      "per_class_auc": [
        0.9341366248693835,
        0.9284063804412641,
        0.9496739697443922,
        0.9022567984300534,
        0.9129868013687469
      ]
    },
    "age_gt65": {
      "n": 1150,
      "macro_auc": 0.9142661881506152,
      "per_class_auc": [
        0.9493414626461227,
        0.9018190963198927,
        0.9090436005625879,
        0.9251635450873537,
        0.8859632361371191
      ]
    },
    "meta_complete": {
      "n": 660,
      "macro_auc": 0.940844341101357,
      "per_class_auc": [
        0.9601946570503386,
        0.9388604213200192,
        0.9374963181148748,
        0.9465409253684496,
        0.9211293836531028
      ]
    },
    "meta_incomplete": {
      "n": 1538,
      "macro_auc": 0.9214551545713524,
      "per_class_auc": [
        0.9479701705358582,
        0.9245306289964847,
        0.9316857081894713,
        0.9080874509114354,
        0.8950018142235123
      ]
    },
    "fairness_sex_gap": 0.013704123186197292
  },
  "training_history": [
    {
      "epoch": 1,
      "train_loss": 0.6450949116037527,
      "val_auc": 0.9035694430716985,
      "val_f1": 0.6675760116434667,
      "val_auc_ecg": 0.9001916960284145,
      "val_delta_meta": 0.0014722164843645746,
      "lr": 0.0009755527298894294,
      "epoch_time_s": 241.54407286643982
    },
    {
      "epoch": 2,
      "train_loss": 0.5556297791660378,
      "val_auc": 0.9111748488494712,
      "val_f1": 0.7047134716485438,
      "val_auc_ecg": 0.909586561920754,
      "val_delta_meta": -0.0001682875785226079,
      "lr": 0.0009046039886902864,
      "epoch_time_s": 240.78181433677673
    },
    {
      "epoch": 3,
      "train_loss": 0.5217568843736561,
      "val_auc": 0.9147705992513144,
      "val_f1": 0.6690363579601378,
      "val_auc_ecg": 0.9128897378886801,
      "val_delta_meta": 0.0007310935446085409,
      "lr": 0.0007940987335200904,
      "epoch_time_s": 255.7862594127655
    },
    {
      "epoch": 4,
      "train_loss": 0.4971826562094032,
      "val_auc": 0.9236854599920405,
      "val_f1": 0.7158828134698176,
      "val_auc_ecg": 0.9226779940099356,
      "val_delta_meta": -0.00027480206727714673,
      "lr": 0.0006548539886902864,
      "epoch_time_s": 262.9622049331665
    },
    {
      "epoch": 5,
      "train_loss": 0.471060460477794,
      "val_auc": 0.9282461560665694,
      "val_f1": 0.7278018225151344,
      "val_auc_ecg": 0.9265373421091597,
      "val_delta_meta": 0.0008658505171988962,
      "lr": 0.0005005000000000001,
      "epoch_time_s": 261.99509620666504
    },
    {
      "epoch": 6,
      "train_loss": 0.4460226011385611,
      "val_auc": 0.9277808437039013,
      "val_f1": 0.7224221135978189,
      "val_auc_ecg": 0.9261225809602089,
      "val_delta_meta": 0.0008268248282510271,
      "lr": 0.0003461460113097139,
      "epoch_time_s": 263.1525807380676
    },
    {
      "epoch": 7,
      "train_loss": 0.4213109340689598,
      "val_auc": 0.9300644747862457,
      "val_f1": 0.7333452039178036,
      "val_auc_ecg": 0.9284690451099429,
      "val_delta_meta": 0.00012007427588689445,
      "lr": 0.00020690126647990973,
      "epoch_time_s": 263.5799241065979
    },
    {
      "epoch": 8,
      "train_loss": 0.39700671541034627,
      "val_auc": 0.9305356078482975,
      "val_f1": 0.7341966615784353,
      "val_auc_ecg": 0.9295657950817745,
      "val_delta_meta": -1.9061847584489477e-05,
      "lr": 9.639601130971382e-05,
      "epoch_time_s": 262.47847867012024
    },
    {
      "epoch": 9,
      "train_loss": 0.37389569602428224,
      "val_auc": 0.9314582155350921,
      "val_f1": 0.7421233483054376,
      "val_auc_ecg": 0.9304321178250696,
      "val_delta_meta": 1.624446978443217e-05,
      "lr": 2.5447270110570814e-05,
      "epoch_time_s": 262.67904472351074
    },
    {
      "epoch": 10,
      "train_loss": 0.35843322553219054,
      "val_auc": 0.9313391784057782,
      "val_f1": 0.7449193327165947,
      "val_auc_ecg": 0.930465336000846,
      "val_delta_meta": -7.026930812070731e-05,
      "lr": 0.001,
      "epoch_time_s": 264.1110506057739
    }
  ]
}