{
  "metadata": {
    "run_name": "ATLAS_A_v5_demo+anthro_concat_seed2026",
    "variant": "demo+anthro",
    "seed": 2026,
    "meta_hid": 128,
    "lauc_weight": 0.08,
    "no_aug": false,
    "arch_mode": "concat",
    "meta_mask_mode": "real",
    "test_fold": 10,
    "val_fold": 9,
    "timestamp": "2026-05-08T21:33:10.495364",
    "git_sha": "b8fda1f7a68a5b217a3f76d88337426561bd26e4",
    "analysis_plan_sha256": "4ad22e907fbd431a0b443255a3449c0560371997d5ee36a61e164de7aea5c3dc",
    "wall_time_s": 2384.0494754314423,
    "train_time_s": 2354.977282524109,
    "gpu_peak_mem_mb": 0,
    "num_parameters": 3951951,
    "dataset_sizes": {
      "train": 17418,
      "val": 2183,
      "test": 2198
    },
    "train_fold_ids": [
      1,
      2,
      3,
      4,
      5,
      6,
      7,
      8
    ],
    "pos_weights": [
      1.2930489778518677,
      2.9776203632354736,
      3.161012887954712,
      3.4581520557403564,
      7.21991491317749
    ],
    "loss_weights": {
      "fused": 0.52,
      "ecg": 0.3,
      "meta": 0.1,
      "lauc": 0.08
    },
    "hardware": {
      "python_version": "3.11.7 | packaged by Anaconda, Inc. | (main, Dec 15 2023, 18:05:47) [MSC v.1916 64 bit (AMD64)]",
      "torch_version": "2.3.1+cpu",
      "cuda_available": false,
      "numpy_version": "1.26.4",
      "sklearn_version": "1.4.2"
    },
    "best_val_auc": 0.9339884267505145,
    "best_val_epoch": 10
  },
  "test": {
    "macro_auc": 0.9290937534413823,
    "macro_auc_ecg": 0.9275699609133751,
    "macro_auc_no_meta": 0.9276941305346735,
    "delta_meta_auc": 0.0013996229067088084,
    "macro_f1_optimal": 0.7455734638473676,
    "macro_f1_fixed_05": 0.7363752480540147,
    "w_fused": 1.0,
    "thresholds": [
      0.6349999904632568,
      0.5299999713897705,
      0.5899999737739563,
      0.7549999952316284,
      0.6949999928474426
    ]
  },
  "per_class": {
    "NORM": {
      "auc": 0.9506711903170338,
      "f1": 0.8682018618324351,
      "threshold": 0.6349999904632568
    },
    "MI": {
      "auc": 0.9291692409532215,
      "f1": 0.7373029772329247,
      "threshold": 0.5299999713897705
    },
    "STTC": {
      "auc": 0.9387604910972318,
      "f1": 0.7747589833479404,
      "threshold": 0.5899999737739563
    },
    "CD": {
      "auc": 0.9180115423979379,
      "f1": 0.7417640807651434,
      "threshold": 0.7549999952316284
    },
    "HYP": {
      "auc": 0.9088563024414864,
      "f1": 0.6058394160583942,
      "threshold": 0.6949999928474426
    }
  },
  "subgroups": {
    "sex_male": {
      "n": 1066,
      "macro_auc": 0.9202944712193941,
      "per_class_auc": [
        0.9459256287654549,
        0.9185080388353292,
        0.9216974620367421,
        0.9098294154358227,
        0.905511811023622
      ]
    },
    "sex_female": {
      "n": 1132,
      "macro_auc": 0.9372385184754636,
      "per_class_auc": [
        0.9559297291855432,
        0.9383092401056473,
        0.9532223979263688,
        0.9268697147024605,
        0.9118615104572978
      ]
    },
    "age_lt45": {
      "n": 345,
      "macro_auc": 0.9235252600968813,
      "per_class_auc": [
        0.8924599644128113,
        0.9782253674469243,
        0.9569568362671811,
        0.8668076109936576,
        0.9231765213638325
      ]
    },
    "age_45_65": {
      "n": 703,
      "macro_auc": 0.9278463532499744,
      "per_class_auc": [
        0.9305283437826541,
        0.9283939574637249,
        0.9499869587897757,
        0.9094056630221475,
        0.9209168431915702
      ]
    },
    "age_gt65": {
      "n": 1150,
      "macro_auc": 0.9171812268512749,
      "per_class_auc": [
        0.9519133818571384,
        0.9035426272109984,
        0.918779887482419,
        0.9232939294877254,
        0.8883763082180938
      ]
    },
    "meta_complete": {
      "n": 660,
      "macro_auc": 0.9404094611114019,
      "per_class_auc": [
        0.9622920959670297,
        0.9432546460532271,
        0.9394639175257732,
        0.938208899858755,
        0.9188277461522243
      ]
    },
    "meta_incomplete": {
      "n": 1538,
      "macro_auc": 0.9244374372068499,
      "per_class_auc": [
        0.9470178341893953,
        0.9239224509151379,
        0.938348624742988,
        0.9106078190024032,
        0.902290457184325
      ]
    },
    "fairness_sex_gap": 0.01694404725606946
  },
  "training_history": [
    {
      "epoch": 1,
      "train_loss": 0.6529409730653151,
      "val_auc": 0.899991733903396,
      "val_f1": 0.6564761346431305,
      "val_auc_ecg": 0.8969725508632853,
      "val_delta_meta": 0.002093780789081734,
      "lr": 0.0009755527298894294,
      "epoch_time_s": 234.40039229393005
    },
    {
      "epoch": 2,
      "train_loss": 0.5666283713021409,
      "val_auc": 0.9108141196142807,
      "val_f1": 0.6805419147814231,
      "val_auc_ecg": 0.909286543880183,
      "val_delta_meta": 0.00015850182111609712,
      "lr": 0.0009046039886902864,
      "epoch_time_s": 233.56017804145813
    },
    {
      "epoch": 3,
      "train_loss": 0.5303358973713096,
      "val_auc": 0.9115230163401155,
      "val_f1": 0.679926153451252,
      "val_auc_ecg": 0.9110009593092674,
      "val_delta_meta": 0.00022973181384189356,
      "lr": 0.0007940987335200904,
      "epoch_time_s": 234.1379692554474
    },
    {
      "epoch": 4,
      "train_loss": 0.504732554221372,
      "val_auc": 0.9249931506188928,
      "val_f1": 0.716866303895591,
      "val_auc_ecg": 0.9235562007142282,
      "val_delta_meta": 0.00045701816641408044,
      "lr": 0.0006548539886902864,
      "epoch_time_s": 234.5780417919159
    },
    {
      "epoch": 5,
      "train_loss": 0.48363369123651345,
      "val_auc": 0.9157250178788937,
      "val_f1": 0.7049013002762272,
      "val_auc_ecg": 0.916121627058236,
      "val_delta_meta": -0.0015603933160965866,
      "lr": 0.0005005000000000001,
      "epoch_time_s": 234.9191951751709
    },
    {
      "epoch": 6,
      "train_loss": 0.45897147868751387,
      "val_auc": 0.9273900978024254,
      "val_f1": 0.7325008191798965,
      "val_auc_ecg": 0.9259641716885403,
      "val_delta_meta": 0.00013744153813022297,
      "lr": 0.0003461460113097139,
      "epoch_time_s": 234.98946332931519
    },
    {
      "epoch": 7,
      "train_loss": 0.4379270712170032,
      "val_auc": 0.9301622828961357,
      "val_f1": 0.7388989702698894,
      "val_auc_ecg": 0.929514690438452,
      "val_delta_meta": -0.0002974876160086737,
      "lr": 0.00020690126647990973,
      "epoch_time_s": 234.87846064567566
    },
    {
      "epoch": 8,
      "train_loss": 0.4151655145741384,
      "val_auc": 0.9293923900590239,
      "val_f1": 0.7399207692578432,
      "val_auc_ecg": 0.9288199571934165,
      "val_delta_meta": -0.00037026095225378697,
      "lr": 9.639601130971382e-05,
      "epoch_time_s": 234.67449474334717
    },
    {
      "epoch": 9,
      "train_loss": 0.39385539875664843,
      "val_auc": 0.9336912055694204,
      "val_f1": 0.739925215624627,
      "val_auc_ecg": 0.9330060990631596,
      "val_delta_meta": -0.00012618775970951734,
      "lr": 2.5447270110570814e-05,
      "epoch_time_s": 234.90516591072083
    },
    {
      "epoch": 10,
      "train_loss": 0.3794923827735656,
      "val_auc": 0.9339884267505145,
      "val_f1": 0.746116140712933,
      "val_auc_ecg": 0.9335468179556413,
      "val_delta_meta": -0.0002065802682528206,
      "lr": 0.001,
      "epoch_time_s": 234.6724579334259
    }
  ]
}