{
  "metadata": {
    "run_name": "ATLAS_A_v5_demo+anthro_metaH32_seed2025",
    "variant": "demo+anthro",
    "seed": 2025,
    "meta_hid": 32,
    "lauc_weight": 0.08,
    "no_aug": false,
    "arch_mode": "standard",
    "meta_mask_mode": "real",
    "test_fold": 10,
    "val_fold": 9,
    "timestamp": "2026-05-05T19:54:26.784428",
    "git_sha": "b8fda1f7a68a5b217a3f76d88337426561bd26e4",
    "analysis_plan_sha256": "4ad22e907fbd431a0b443255a3449c0560371997d5ee36a61e164de7aea5c3dc",
    "wall_time_s": 2645.103185415268,
    "train_time_s": 2615.6032168865204,
    "gpu_peak_mem_mb": 0,
    "num_parameters": 3926895,
    "dataset_sizes": {
      "train": 17418,
      "val": 2183,
      "test": 2198
    },
    "train_fold_ids": [
      1,
      2,
      3,
      4,
      5,
      6,
      7,
      8
    ],
    "pos_weights": [
      1.2930489778518677,
      2.9776203632354736,
      3.161012887954712,
      3.4581520557403564,
      7.21991491317749
    ],
    "loss_weights": {
      "fused": 0.52,
      "ecg": 0.3,
      "meta": 0.1,
      "lauc": 0.08
    },
    "hardware": {
      "python_version": "3.11.7 | packaged by Anaconda, Inc. | (main, Dec 15 2023, 18:05:47) [MSC v.1916 64 bit (AMD64)]",
      "torch_version": "2.3.1+cpu",
      "cuda_available": false,
      "numpy_version": "1.26.4",
      "sklearn_version": "1.4.2"
    },
    "best_val_auc": 0.9330533546401412,
    "best_val_epoch": 9
  },
  "test": {
    "macro_auc": 0.9293064587696002,
    "macro_auc_ecg": 0.9273499985961194,
    "macro_auc_no_meta": 0.9277118451782315,
    "delta_meta_auc": 0.0015946135913686987,
    "macro_f1_optimal": 0.746878495772673,
    "macro_f1_fixed_05": 0.734017438942748,
    "w_fused": 1.0,
    "thresholds": [
      0.5450000166893005,
      0.6800000071525574,
      0.6650000214576721,
      0.7699999809265137,
      0.7400000095367432
    ]
  },
  "per_class": {
    "NORM": {
      "auc": 0.9488356645267615,
      "f1": 0.8632521133764296,
      "threshold": 0.5450000166893005
    },
    "MI": {
      "auc": 0.9321789496910856,
      "f1": 0.7298494242692648,
      "threshold": 0.6800000071525574
    },
    "STTC": {
      "auc": 0.9358945745590391,
      "f1": 0.7755474452554745,
      "threshold": 0.6650000214576721
    },
    "CD": {
      "auc": 0.9187874322429019,
      "f1": 0.7515400410677618,
      "threshold": 0.7699999809265137
    },
    "HYP": {
      "auc": 0.9108356728282128,
      "f1": 0.6142034548944337,
      "threshold": 0.7400000095367432
    }
  },
  "subgroups": {
    "sex_male": {
      "n": 1066,
      "macro_auc": 0.920728238158787,
      "per_class_auc": [
        0.9430596364924302,
        0.9212500425399512,
        0.9207240451665427,
        0.9095485749947992,
        0.9090588916002114
      ]
    },
    "sex_female": {
      "n": 1132,
      "macro_auc": 0.93769580497206,
      "per_class_auc": [
        0.955829054666264,
        0.942152059517329,
        0.9483913398811338,
        0.9293832155446352,
        0.912723355250938
      ]
    },
    "age_lt45": {
      "n": 345,
      "macro_auc": 0.927641888478119,
      "per_class_auc": [
        0.891181049822064,
        0.9891126837234622,
        0.9612973233662889,
        0.8717154938085171,
        0.9249028916702633
      ]
    },
    "age_45_65": {
      "n": 703,
      "macro_auc": 0.9255963597993647,
      "per_class_auc": [
        0.9275894723092999,
        0.9321208507255019,
        0.9480046948356807,
        0.8991869918699186,
        0.9210797892564228
      ]
    },
    "age_gt65": {
      "n": 1150,
      "macro_auc": 0.9186943611625822,
      "per_class_auc": [
        0.9500228439991176,
        0.907368597535418,
        0.9133755274261603,
        0.9300319500646036,
        0.8926728867876115
      ]
    },
    "meta_complete": {
      "n": 660,
      "macro_auc": 0.9428312767199497,
      "per_class_auc": [
        0.9593391227553725,
        0.9485247959824231,
        0.9380854197349042,
        0.9469546732105405,
        0.9212523719165086
      ]
    },
    "meta_incomplete": {
      "n": 1538,
      "macro_auc": 0.9241109987731789,
      "per_class_auc": [
        0.9456214211494995,
        0.9268166130435059,
        0.9349565504131591,
        0.9085704237735185,
        0.9045899854862118
      ]
    },
    "fairness_sex_gap": 0.01696756681327294
  },
  "training_history": [
    {
      "epoch": 1,
      "train_loss": 0.6512409262154081,
      "val_auc": 0.8972886420044854,
      "val_f1": 0.6325122416746665,
      "val_auc_ecg": 0.8959744176478154,
      "val_delta_meta": 0.0003750467901242338,
      "lr": 0.0009755527298894294,
      "epoch_time_s": 243.3203730583191
    },
    {
      "epoch": 2,
      "train_loss": 0.5572834226516409,
      "val_auc": 0.9129300123893529,
      "val_f1": 0.7086374321676832,
      "val_auc_ecg": 0.9116803191805614,
      "val_delta_meta": 0.000627691346837489,
      "lr": 0.0009046039886902864,
      "epoch_time_s": 242.42318201065063
    },
    {
      "epoch": 3,
      "train_loss": 0.5236494068158876,
      "val_auc": 0.9154591428347978,
      "val_f1": 0.7124718688367555,
      "val_auc_ecg": 0.9132538963819788,
      "val_delta_meta": 0.0011703570855309264,
      "lr": 0.0007940987335200904,
      "epoch_time_s": 258.3323793411255
    },
    {
      "epoch": 4,
      "train_loss": 0.4989181005079812,
      "val_auc": 0.9245800141270563,
      "val_f1": 0.7233333344881255,
      "val_auc_ecg": 0.9236027355970297,
      "val_delta_meta": 6.126755072721757e-05,
      "lr": 0.0006548539886902864,
      "epoch_time_s": 264.95157647132874
    },
    {
      "epoch": 5,
      "train_loss": 0.47755724656472515,
      "val_auc": 0.9235317282264465,
      "val_f1": 0.7142322954053659,
      "val_auc_ecg": 0.9228702798923376,
      "val_delta_meta": -0.0006088708990412695,
      "lr": 0.0005005000000000001,
      "epoch_time_s": 265.05592131614685
    },
    {
      "epoch": 6,
      "train_loss": 0.4568022330419733,
      "val_auc": 0.9265780730927874,
      "val_f1": 0.7371540889922611,
      "val_auc_ecg": 0.925967509752849,
      "val_delta_meta": 6.698120160864018e-05,
      "lr": 0.0003461460113097139,
      "epoch_time_s": 264.84664964675903
    },
    {
      "epoch": 7,
      "train_loss": 0.43367359083180035,
      "val_auc": 0.9314696531992717,
      "val_f1": 0.7433674801674114,
      "val_auc_ecg": 0.9304552912204336,
      "val_delta_meta": 0.0008587576723416701,
      "lr": 0.00020690126647990973,
      "epoch_time_s": 264.8116829395294
    },
    {
      "epoch": 8,
      "train_loss": 0.41608618850554896,
      "val_auc": 0.932240874580869,
      "val_f1": 0.7413855027632942,
      "val_auc_ecg": 0.9315696218909464,
      "val_delta_meta": 0.0003184843827872541,
      "lr": 9.639601130971382e-05,
      "epoch_time_s": 265.69539308547974
    },
    {
      "epoch": 9,
      "train_loss": 0.3982372317018859,
      "val_auc": 0.9330533546401412,
      "val_f1": 0.7402401452612022,
      "val_auc_ecg": 0.9320811074613052,
      "val_delta_meta": 0.0006405857386947433,
      "lr": 2.5447270110570814e-05,
      "epoch_time_s": 265.5347738265991
    },
    {
      "epoch": 10,
      "train_loss": 0.3845326329316568,
      "val_auc": 0.9326383077518512,
      "val_f1": 0.7465019472932648,
      "val_auc_ecg": 0.9315264618039836,
      "val_delta_meta": 0.0006482869599361285,
      "lr": 0.001,
      "epoch_time_s": 270.876647233963
    }
  ]
}