{
  "metadata": {
    "run_name": "ATLAS_A_v5_demo+anthro_metaH256_seed2033",
    "variant": "demo+anthro",
    "seed": 2033,
    "meta_hid": 256,
    "lauc_weight": 0.08,
    "no_aug": false,
    "arch_mode": "standard",
    "meta_mask_mode": "real",
    "test_fold": 10,
    "val_fold": 9,
    "timestamp": "2026-05-06T16:31:44.575729",
    "git_sha": "b8fda1f7a68a5b217a3f76d88337426561bd26e4",
    "analysis_plan_sha256": "4ad22e907fbd431a0b443255a3449c0560371997d5ee36a61e164de7aea5c3dc",
    "wall_time_s": 2632.0369844436646,
    "train_time_s": 2602.750057220459,
    "gpu_peak_mem_mb": 0,
    "num_parameters": 3985359,
    "dataset_sizes": {
      "train": 17418,
      "val": 2183,
      "test": 2198
    },
    "train_fold_ids": [
      1,
      2,
      3,
      4,
      5,
      6,
      7,
      8
    ],
    "pos_weights": [
      1.2930489778518677,
      2.9776203632354736,
      3.161012887954712,
      3.4581520557403564,
      7.21991491317749
    ],
    "loss_weights": {
      "fused": 0.52,
      "ecg": 0.3,
      "meta": 0.1,
      "lauc": 0.08
    },
    "hardware": {
      "python_version": "3.11.7 | packaged by Anaconda, Inc. | (main, Dec 15 2023, 18:05:47) [MSC v.1916 64 bit (AMD64)]",
      "torch_version": "2.3.1+cpu",
      "cuda_available": false,
      "numpy_version": "1.26.4",
      "sklearn_version": "1.4.2"
    },
    "best_val_auc": 0.9317659490593977,
    "best_val_epoch": 10
  },
  "test": {
    "macro_auc": 0.9296881949712164,
    "macro_auc_ecg": 0.9279684592709924,
    "macro_auc_no_meta": 0.9282618685016837,
    "delta_meta_auc": 0.0014263264695326683,
    "macro_f1_optimal": 0.7501139286588259,
    "macro_f1_fixed_05": 0.7396693447192353,
    "w_fused": 1.0,
    "thresholds": [
      0.5899999737739563,
      0.6050000190734863,
      0.5450000166893005,
      0.6349999904632568,
      0.6949999928474426
    ]
  },
  "per_class": {
    "NORM": {
      "auc": 0.9503882519622805,
      "f1": 0.8579654510556622,
      "threshold": 0.5899999737739563
    },
    "MI": {
      "auc": 0.9298808473080318,
      "f1": 0.7506607929515419,
      "threshold": 0.6050000190734863
    },
    "STTC": {
      "auc": 0.9358556603568433,
      "f1": 0.773851590106007,
      "threshold": 0.5450000166893005
    },
    "CD": {
      "auc": 0.9202266782911944,
      "f1": 0.7544554455445545,
      "threshold": 0.6349999904632568
    },
    "HYP": {
      "auc": 0.9120895369377326,
      "f1": 0.6136363636363636,
      "threshold": 0.6949999928474426
    }
  },
  "subgroups": {
    "sex_male": {
      "n": 1066,
      "macro_auc": 0.9202029473840294,
      "per_class_auc": [
        0.9436306664787328,
        0.9176086227265434,
        0.9213257937772114,
        0.9105731225296443,
        0.9078765314080148
      ]
    },
    "sex_female": {
      "n": 1132,
      "macro_auc": 0.9387609110000117,
      "per_class_auc": [
        0.9580942313500452,
        0.9405754148269118,
        0.9475353866538999,
        0.9312281859382868,
        0.9163713362309149
      ]
    },
    "age_lt45": {
      "n": 345,
      "macro_auc": 0.931564711494703,
      "per_class_auc": [
        0.8987433274021353,
        0.9877517691888948,
        0.9582830962141308,
        0.8555572334642103,
        0.9574881312041433
      ]
    },
    "age_45_65": {
      "n": 703,
      "macro_auc": 0.9253257317741628,
      "per_class_auc": [
        0.9288221656217347,
        0.9256360564500098,
        0.9477308294209703,
        0.9040930754135127,
        0.9203465319645864
      ]
    },
    "age_gt65": {
      "n": 1150,
      "macro_auc": 0.9188719577669563,
      "per_class_auc": [
        0.951838548066925,
        0.9048738368681364,
        0.9143776371308017,
        0.9320163341465854,
        0.8912534326223325
      ]
    },
    "meta_complete": {
      "n": 660,
      "macro_auc": 0.9413665315790076,
      "per_class_auc": [
        0.9576556520459228,
        0.9443057562884131,
        0.9401944035346098,
        0.9465694597023869,
        0.9181073863237051
      ]
    },
    "meta_incomplete": {
      "n": 1538,
      "macro_auc": 0.9250272312974139,
      "per_class_auc": [
        0.9481679234384025,
        0.9244540751121196,
        0.9337248322147652,
        0.9103803997421018,
        0.9084089259796807
      ]
    },
    "fairness_sex_gap": 0.018557963615982276
  },
  "training_history": [
    {
      "epoch": 1,
      "train_loss": 0.642277079820633,
      "val_auc": 0.9015420708089341,
      "val_f1": 0.6380783483048805,
      "val_auc_ecg": 0.9010941268980852,
      "val_delta_meta": -8.66844004190348e-05,
      "lr": 0.0009755527298894294,
      "epoch_time_s": 242.85732173919678
    },
    {
      "epoch": 2,
      "train_loss": 0.5543982050287615,
      "val_auc": 0.9104150763803123,
      "val_f1": 0.7029298768931815,
      "val_auc_ecg": 0.9085866360954317,
      "val_delta_meta": 0.0013865165334501217,
      "lr": 0.0009046039886902864,
      "epoch_time_s": 242.56630635261536
    },
    {
      "epoch": 3,
      "train_loss": 0.5260495701514253,
      "val_auc": 0.9200018781761223,
      "val_f1": 0.7164979189928348,
      "val_auc_ecg": 0.9179026307606828,
      "val_delta_meta": 0.0011438781303125811,
      "lr": 0.0007940987335200904,
      "epoch_time_s": 257.86308121681213
    },
    {
      "epoch": 4,
      "train_loss": 0.49803073980392665,
      "val_auc": 0.9224074743278934,
      "val_f1": 0.7135968062680411,
      "val_auc_ecg": 0.9211041761773592,
      "val_delta_meta": 0.001294396194910008,
      "lr": 0.0006548539886902864,
      "epoch_time_s": 262.8715422153473
    },
    {
      "epoch": 5,
      "train_loss": 0.47545432185907976,
      "val_auc": 0.9247730103020612,
      "val_f1": 0.7015765629159383,
      "val_auc_ecg": 0.9238934930254196,
      "val_delta_meta": 0.0009145196959318147,
      "lr": 0.0005005000000000001,
      "epoch_time_s": 263.4761300086975
    },
    {
      "epoch": 6,
      "train_loss": 0.4571257923447758,
      "val_auc": 0.9213381649292639,
      "val_f1": 0.7209838246801349,
      "val_auc_ecg": 0.9194872816895803,
      "val_delta_meta": 0.0013788876367522018,
      "lr": 0.0003461460113097139,
      "epoch_time_s": 264.0796465873718
    },
    {
      "epoch": 7,
      "train_loss": 0.43362644432334724,
      "val_auc": 0.9280503038999888,
      "val_f1": 0.7212205225623931,
      "val_auc_ecg": 0.9276767030386118,
      "val_delta_meta": 4.601281942129276e-06,
      "lr": 0.00020690126647990973,
      "epoch_time_s": 264.50009965896606
    },
    {
      "epoch": 8,
      "train_loss": 0.4108723999163426,
      "val_auc": 0.9291436261845682,
      "val_f1": 0.7265518835816897,
      "val_auc_ecg": 0.9284671541703775,
      "val_delta_meta": 0.0003604001235827381,
      "lr": 9.639601130971382e-05,
      "epoch_time_s": 265.0271153450012
    },
    {
      "epoch": 9,
      "train_loss": 0.3930690567154403,
      "val_auc": 0.9305654950412183,
      "val_f1": 0.7311202668081711,
      "val_auc_ecg": 0.9295310628628682,
      "val_delta_meta": 0.0008130905759404783,
      "lr": 2.5447270110570814e-05,
      "epoch_time_s": 264.5358805656433
    },
    {
      "epoch": 10,
      "train_loss": 0.38006679336412236,
      "val_auc": 0.9317659490593977,
      "val_f1": 0.7409370030514648,
      "val_auc_ecg": 0.9310766859364215,
      "val_delta_meta": 0.00035924968638012533,
      "lr": 0.001,
      "epoch_time_s": 264.6209738254547
    }
  ]
}