{
  "metadata": {
    "run_name": "ATLAS_A_v5_demo+anthro_metaH32_seed2030",
    "variant": "demo+anthro",
    "seed": 2030,
    "meta_hid": 32,
    "lauc_weight": 0.08,
    "no_aug": false,
    "arch_mode": "standard",
    "meta_mask_mode": "real",
    "test_fold": 10,
    "val_fold": 9,
    "timestamp": "2026-05-05T23:34:15.272195",
    "git_sha": "b8fda1f7a68a5b217a3f76d88337426561bd26e4",
    "analysis_plan_sha256": "4ad22e907fbd431a0b443255a3449c0560371997d5ee36a61e164de7aea5c3dc",
    "wall_time_s": 2627.4637174606323,
    "train_time_s": 2598.1182930469513,
    "gpu_peak_mem_mb": 0,
    "num_parameters": 3926895,
    "dataset_sizes": {
      "train": 17418,
      "val": 2183,
      "test": 2198
    },
    "train_fold_ids": [
      1,
      2,
      3,
      4,
      5,
      6,
      7,
      8
    ],
    "pos_weights": [
      1.2930489778518677,
      2.9776203632354736,
      3.161012887954712,
      3.4581520557403564,
      7.21991491317749
    ],
    "loss_weights": {
      "fused": 0.52,
      "ecg": 0.3,
      "meta": 0.1,
      "lauc": 0.08
    },
    "hardware": {
      "python_version": "3.11.7 | packaged by Anaconda, Inc. | (main, Dec 15 2023, 18:05:47) [MSC v.1916 64 bit (AMD64)]",
      "torch_version": "2.3.1+cpu",
      "cuda_available": false,
      "numpy_version": "1.26.4",
      "sklearn_version": "1.4.2"
    },
    "best_val_auc": 0.93128494949141,
    "best_val_epoch": 9
  },
  "test": {
    "macro_auc": 0.9258708139415758,
    "macro_auc_ecg": 0.9239857267051692,
    "macro_auc_no_meta": 0.9244872820473026,
    "delta_meta_auc": 0.0013835318942732044,
    "macro_f1_optimal": 0.7393273876499548,
    "macro_f1_fixed_05": 0.7338723961757111,
    "w_fused": 1.0,
    "thresholds": [
      0.6949999928474426,
      0.6050000190734863,
      0.7400000095367432,
      0.7699999809265137,
      0.6200000047683716
    ]
  },
  "per_class": {
    "NORM": {
      "auc": 0.9484921866131899,
      "f1": 0.8615384615384616,
      "threshold": 0.6949999928474426
    },
    "MI": {
      "auc": 0.9248896734333627,
      "f1": 0.743859649122807,
      "threshold": 0.6050000190734863
    },
    "STTC": {
      "auc": 0.9362093217826826,
      "f1": 0.7642436149312377,
      "threshold": 0.7400000095367432
    },
    "CD": {
      "auc": 0.9145774894810659,
      "f1": 0.7346491228070176,
      "threshold": 0.7699999809265137
    },
    "HYP": {
      "auc": 0.9051853983975774,
      "f1": 0.5923460898502496,
      "threshold": 0.6200000047683716
    }
  },
  "subgroups": {
    "sex_male": {
      "n": 1066,
      "macro_auc": 0.9178153780658922,
      "per_class_auc": [
        0.9432096222166806,
        0.9152458323002202,
        0.9231266149870802,
        0.9055804035781153,
        0.9019144172473649
      ]
    },
    "sex_female": {
      "n": 1132,
      "macro_auc": 0.9335920364734761,
      "per_class_auc": [
        0.9541112956810632,
        0.9331438133833343,
        0.9466745975327268,
        0.9244647415305006,
        0.9095657342397563
      ]
    },
    "age_lt45": {
      "n": 345,
      "macro_auc": 0.9264277544646575,
      "per_class_auc": [
        0.8942393238434163,
        0.9806750136091453,
        0.9590065107306487,
        0.8629568106312293,
        0.9352611135088477
      ]
    },
    "age_45_65": {
      "n": 703,
      "macro_auc": 0.9241129800878468,
      "per_class_auc": [
        0.9278588688610241,
        0.9228657324587557,
        0.9494392279603547,
        0.9060835435940566,
        0.9143175275650426
      ]
    },
    "age_gt65": {
      "n": 1150,
      "macro_auc": 0.9134474217919898,
      "per_class_auc": [
        0.9488707974918865,
        0.8986604074105121,
        0.9139908579465542,
        0.9207727250850583,
        0.8849423210259378
      ]
    },
    "meta_complete": {
      "n": 660,
      "macro_auc": 0.9387579308328229,
      "per_class_auc": [
        0.9588423609066824,
        0.9395757602300763,
        0.9345390279823269,
        0.9425318514502575,
        0.9183006535947713
      ]
    },
    "meta_incomplete": {
      "n": 1538,
      "macro_auc": 0.9207504448891619,
      "per_class_auc": [
        0.9450559172352062,
        0.9196822163200123,
        0.9370368933545409,
        0.9046667838930895,
        0.8973104136429608
      ]
    },
    "fairness_sex_gap": 0.01577665840758391
  },
  "training_history": [
    {
      "epoch": 1,
      "train_loss": 0.6503588064001241,
      "val_auc": 0.8990791143101496,
      "val_f1": 0.6872436687561189,
      "val_auc_ecg": 0.8996565091348053,
      "val_delta_meta": -7.243926499700404e-05,
      "lr": 0.0009755527298894294,
      "epoch_time_s": 242.6835732460022
    },
    {
      "epoch": 2,
      "train_loss": 0.5662254054065144,
      "val_auc": 0.9038870590848875,
      "val_f1": 0.6888716355624824,
      "val_auc_ecg": 0.9014577545198028,
      "val_delta_meta": 0.0007760584335207987,
      "lr": 0.0009046039886902864,
      "epoch_time_s": 242.3358292579651
    },
    {
      "epoch": 3,
      "train_loss": 0.5243341619815302,
      "val_auc": 0.9201699609320244,
      "val_f1": 0.7166995310887764,
      "val_auc_ecg": 0.9186276591163175,
      "val_delta_meta": -9.49202910467406e-05,
      "lr": 0.0007940987335200904,
      "epoch_time_s": 258.0978021621704
    },
    {
      "epoch": 4,
      "train_loss": 0.5019522332270211,
      "val_auc": 0.9218758612788622,
      "val_f1": 0.7049296580066959,
      "val_auc_ecg": 0.920686894145622,
      "val_delta_meta": 0.00020751888803505203,
      "lr": 0.0006548539886902864,
      "epoch_time_s": 262.7689960002899
    },
    {
      "epoch": 5,
      "train_loss": 0.48132257138917206,
      "val_auc": 0.9251079483379246,
      "val_f1": 0.7236439164849118,
      "val_auc_ecg": 0.9242506670058226,
      "val_delta_meta": 0.0008415683337172908,
      "lr": 0.0005005000000000001,
      "epoch_time_s": 262.89618968963623
    },
    {
      "epoch": 6,
      "train_loss": 0.4648819548000983,
      "val_auc": 0.9294747555302809,
      "val_f1": 0.7354323326298268,
      "val_auc_ecg": 0.9287136582849284,
      "val_delta_meta": 0.0004060569715411688,
      "lr": 0.0003461460113097139,
      "epoch_time_s": 263.48665142059326
    },
    {
      "epoch": 7,
      "train_loss": 0.43894302642673527,
      "val_auc": 0.9302270953245684,
      "val_f1": 0.7301831690120835,
      "val_auc_ecg": 0.9289150282540699,
      "val_delta_meta": 0.0010277573714813082,
      "lr": 0.00020690126647990973,
      "epoch_time_s": 263.0578589439392
    },
    {
      "epoch": 8,
      "train_loss": 0.4196414703349455,
      "val_auc": 0.930977597828934,
      "val_f1": 0.738260034848516,
      "val_auc_ecg": 0.9302031385947179,
      "val_delta_meta": 0.0007863384895833159,
      "lr": 9.639601130971382e-05,
      "epoch_time_s": 264.1559536457062
    },
    {
      "epoch": 9,
      "train_loss": 0.39942806114297397,
      "val_auc": 0.93128494949141,
      "val_f1": 0.734898931181178,
      "val_auc_ecg": 0.9310159123388694,
      "val_delta_meta": 0.00010274292828404974,
      "lr": 2.5447270110570814e-05,
      "epoch_time_s": 263.8764224052429
    },
    {
      "epoch": 10,
      "train_loss": 0.38954106222052093,
      "val_auc": 0.9309638338483166,
      "val_f1": 0.740864775009898,
      "val_auc_ecg": 0.930443442285663,
      "val_delta_meta": 0.0005365085145269122,
      "lr": 0.001,
      "epoch_time_s": 264.5304789543152
    }
  ]
}