{
  "metadata": {
    "run_name": "ATLAS_A_v5_demo+anthro_lauc0.04_seed2026",
    "variant": "demo+anthro",
    "seed": 2026,
    "meta_hid": 128,
    "lauc_weight": 0.04,
    "no_aug": false,
    "arch_mode": "standard",
    "meta_mask_mode": "real",
    "test_fold": 10,
    "val_fold": 9,
    "timestamp": "2026-05-07T02:05:03.786429",
    "git_sha": "b8fda1f7a68a5b217a3f76d88337426561bd26e4",
    "analysis_plan_sha256": "4ad22e907fbd431a0b443255a3449c0560371997d5ee36a61e164de7aea5c3dc",
    "wall_time_s": 2644.1711502075195,
    "train_time_s": 2614.7494101524353,
    "gpu_peak_mem_mb": 0,
    "num_parameters": 3951951,
    "dataset_sizes": {
      "train": 17418,
      "val": 2183,
      "test": 2198
    },
    "train_fold_ids": [
      1,
      2,
      3,
      4,
      5,
      6,
      7,
      8
    ],
    "pos_weights": [
      1.2930489778518677,
      2.9776203632354736,
      3.161012887954712,
      3.4581520557403564,
      7.21991491317749
    ],
    "loss_weights": {
      "fused": 0.56,
      "ecg": 0.30000000000000004,
      "meta": 0.10000000000000002,
      "lauc": 0.04000000000000001
    },
    "hardware": {
      "python_version": "3.11.7 | packaged by Anaconda, Inc. | (main, Dec 15 2023, 18:05:47) [MSC v.1916 64 bit (AMD64)]",
      "torch_version": "2.3.1+cpu",
      "cuda_available": false,
      "numpy_version": "1.26.4",
      "sklearn_version": "1.4.2"
    },
    "best_val_auc": 0.9337771757140448,
    "best_val_epoch": 10
  },
  "test": {
    "macro_auc": 0.9298557734097738,
    "macro_auc_ecg": 0.9286547188064883,
    "macro_auc_no_meta": 0.9284659608133559,
    "delta_meta_auc": 0.0013898125964179053,
    "macro_f1_optimal": 0.747326364743268,
    "macro_f1_fixed_05": 0.7380551310606528,
    "w_fused": 1.0,
    "thresholds": [
      0.6349999904632568,
      0.45500001311302185,
      0.5600000023841858,
      0.6949999928474426,
      0.6650000214576721
    ]
  },
  "per_class": {
    "NORM": {
      "auc": 0.9512639734971264,
      "f1": 0.867683226758485,
      "threshold": 0.6349999904632568
    },
    "MI": {
      "auc": 0.9298168578993821,
      "f1": 0.7483333333333333,
      "threshold": 0.45500001311302185
    },
    "STTC": {
      "auc": 0.9389447612899829,
      "f1": 0.7764084507042254,
      "threshold": 0.5600000023841858
    },
    "CD": {
      "auc": 0.916848299912816,
      "f1": 0.7378238341968912,
      "threshold": 0.6949999928474426
    },
    "HYP": {
      "auc": 0.9124049744495616,
      "f1": 0.6063829787234043,
      "threshold": 0.6650000214576721
    }
  },
  "subgroups": {
    "sex_male": {
      "n": 1066,
      "macro_auc": 0.9222633263407861,
      "per_class_auc": [
        0.9471905686085299,
        0.9181725809352955,
        0.9240071147923967,
        0.9099022259205326,
        0.9120441414471753
      ]
    },
    "sex_female": {
      "n": 1132,
      "macro_auc": 0.9369347627374474,
      "per_class_auc": [
        0.9560429880197322,
        0.9392447428375572,
        0.951563686305232,
        0.9250247443088089,
        0.9127976522159069
      ]
    },
    "age_lt45": {
      "n": 345,
      "macro_auc": 0.9319976703494849,
      "per_class_auc": [
        0.909252669039146,
        0.9790419161676647,
        0.9645526886906197,
        0.8630323165206887,
        0.9441087613293051
      ]
    },
    "age_45_65": {
      "n": 703,
      "macro_auc": 0.9254484665377951,
      "per_class_auc": [
        0.9303242554858935,
        0.9282448817332539,
        0.9514866979655712,
        0.8970843846369498,
        0.9201021128673076
      ]
    },
    "age_gt65": {
      "n": 1150,
      "macro_auc": 0.9186244616599908,
      "per_class_auc": [
        0.9508972177584524,
        0.9034286193310419,
        0.9167229254571027,
        0.9287509857131749,
        0.8933225600401814
      ]
    },
    "meta_complete": {
      "n": 660,
      "macro_auc": 0.9408273295124271,
      "per_class_auc": [
        0.9605442302031204,
        0.9389334150863515,
        0.9388983799705449,
        0.9447717966643363,
        0.9209888256377821
      ]
    },
    "meta_incomplete": {
      "n": 1538,
      "macro_auc": 0.9253524435054382,
      "per_class_auc": [
        0.9481991475809096,
        0.9262658503754331,
        0.9387511153353765,
        0.9067745149756754,
        0.9067715892597968
      ]
    },
    "fairness_sex_gap": 0.014671436396661242
  },
  "training_history": [
    {
      "epoch": 1,
      "train_loss": 0.6536380787508204,
      "val_auc": 0.899505659892273,
      "val_f1": 0.6354688353224622,
      "val_auc_ecg": 0.8942370596191227,
      "val_delta_meta": 0.0015321341332286131,
      "lr": 0.0009755527298894294,
      "epoch_time_s": 243.6780252456665
    },
    {
      "epoch": 2,
      "train_loss": 0.5627757821061196,
      "val_auc": 0.9145962029709066,
      "val_f1": 0.6863227219974581,
      "val_auc_ecg": 0.9141598918201719,
      "val_delta_meta": 0.0004023763609818376,
      "lr": 0.0009046039886902864,
      "epoch_time_s": 243.5432744026184
    },
    {
      "epoch": 3,
      "train_loss": 0.528936879077089,
      "val_auc": 0.9114978657682128,
      "val_f1": 0.6873468747022151,
      "val_auc_ecg": 0.9108981533139293,
      "val_delta_meta": 0.0005722268370405015,
      "lr": 0.0007940987335200904,
      "epoch_time_s": 258.804571390152
    },
    {
      "epoch": 4,
      "train_loss": 0.5028177982623424,
      "val_auc": 0.9247184112669785,
      "val_f1": 0.7172319245715526,
      "val_auc_ecg": 0.9238033597069801,
      "val_delta_meta": 6.985778979262669e-05,
      "lr": 0.0006548539886902864,
      "epoch_time_s": 264.79729676246643
    },
    {
      "epoch": 5,
      "train_loss": 0.4854471846458015,
      "val_auc": 0.9193719801475642,
      "val_f1": 0.7111240671313841,
      "val_auc_ecg": 0.9178937373744833,
      "val_delta_meta": -0.0005414619747785565,
      "lr": 0.0005005000000000001,
      "epoch_time_s": 264.2031717300415
    },
    {
      "epoch": 6,
      "train_loss": 0.46183802482731845,
      "val_auc": 0.9282852763360498,
      "val_f1": 0.7328787367301627,
      "val_auc_ecg": 0.9271482701761589,
      "val_delta_meta": 0.00020556431537666064,
      "lr": 0.0003461460113097139,
      "epoch_time_s": 267.5164883136749
    },
    {
      "epoch": 7,
      "train_loss": 0.4406665773293294,
      "val_auc": 0.9309565776553056,
      "val_f1": 0.7343766913959199,
      "val_auc_ecg": 0.9302981180963894,
      "val_delta_meta": 0.00018804118376836154,
      "lr": 0.00020690126647990973,
      "epoch_time_s": 267.12949323654175
    },
    {
      "epoch": 8,
      "train_loss": 0.41930480859148395,
      "val_auc": 0.9270269736021953,
      "val_f1": 0.7372095497580894,
      "val_auc_ecg": 0.9261739213324901,
      "val_delta_meta": 5.7217122303887535e-05,
      "lr": 9.639601130971382e-05,
      "epoch_time_s": 265.99982595443726
    },
    {
      "epoch": 9,
      "train_loss": 0.4002302417514521,
      "val_auc": 0.9331610585246487,
      "val_f1": 0.7383578706766526,
      "val_auc_ecg": 0.9329070097255572,
      "val_delta_meta": 0.0002837066023558821,
      "lr": 2.5447270110570814e-05,
      "epoch_time_s": 265.4746518135071
    },
    {
      "epoch": 10,
      "train_loss": 0.3877147504769334,
      "val_auc": 0.9337771757140448,
      "val_f1": 0.7439700341566015,
      "val_auc_ecg": 0.9335824766720762,
      "val_delta_meta": 6.677906801155764e-05,
      "lr": 0.001,
      "epoch_time_s": 264.51025795936584
    }
  ]
}