{
  "metadata": {
    "run_name": "ATLAS_A_v5_demo+anthro_lauc0.12_seed2026",
    "variant": "demo+anthro",
    "seed": 2026,
    "meta_hid": 128,
    "lauc_weight": 0.12,
    "no_aug": false,
    "arch_mode": "standard",
    "meta_mask_mode": "real",
    "test_fold": 10,
    "val_fold": 9,
    "timestamp": "2026-05-07T09:25:26.866035",
    "git_sha": "b8fda1f7a68a5b217a3f76d88337426561bd26e4",
    "analysis_plan_sha256": "4ad22e907fbd431a0b443255a3449c0560371997d5ee36a61e164de7aea5c3dc",
    "wall_time_s": 2623.777040243149,
    "train_time_s": 2594.624163389206,
    "gpu_peak_mem_mb": 0,
    "num_parameters": 3951951,
    "dataset_sizes": {
      "train": 17418,
      "val": 2183,
      "test": 2198
    },
    "train_fold_ids": [
      1,
      2,
      3,
      4,
      5,
      6,
      7,
      8
    ],
    "pos_weights": [
      1.2930489778518677,
      2.9776203632354736,
      3.161012887954712,
      3.4581520557403564,
      7.21991491317749
    ],
    "loss_weights": {
      "fused": 0.48,
      "ecg": 0.3,
      "meta": 0.1,
      "lauc": 0.12
    },
    "hardware": {
      "python_version": "3.11.7 | packaged by Anaconda, Inc. | (main, Dec 15 2023, 18:05:47) [MSC v.1916 64 bit (AMD64)]",
      "torch_version": "2.3.1+cpu",
      "cuda_available": false,
      "numpy_version": "1.26.4",
      "sklearn_version": "1.4.2"
    },
    "best_val_auc": 0.9339168982867356,
    "best_val_epoch": 10
  },
  "test": {
    "macro_auc": 0.9288612791034565,
    "macro_auc_ecg": 0.9270618449506512,
    "macro_auc_no_meta": 0.9274383668069138,
    "delta_meta_auc": 0.0014229122965426777,
    "macro_f1_optimal": 0.7417197969842081,
    "macro_f1_fixed_05": 0.7355245972819404,
    "w_fused": 1.0,
    "thresholds": [
      0.7549999952316284,
      0.6050000190734863,
      0.4399999976158142,
      0.8149999976158142,
      0.6949999928474426
    ]
  },
  "per_class": {
    "NORM": {
      "auc": 0.9503945581663239,
      "f1": 0.865055387713998,
      "threshold": 0.7549999952316284
    },
    "MI": {
      "auc": 0.9301577669902913,
      "f1": 0.7294117647058823,
      "threshold": 0.6050000190734863
    },
    "STTC": {
      "auc": 0.936708339199077,
      "f1": 0.7555555555555555,
      "threshold": 0.4399999976158142
    },
    "CD": {
      "auc": 0.9155417251051894,
      "f1": 0.7377584330794341,
      "threshold": 0.8149999976158142
    },
    "HYP": {
      "auc": 0.9115040060564003,
      "f1": 0.620817843866171,
      "threshold": 0.6949999928474426
    }
  },
  "subgroups": {
    "sex_male": {
      "n": 1066,
      "macro_auc": 0.9217111741115793,
      "per_class_auc": [
        0.9457196242767254,
        0.9220327776400294,
        0.9207284697886801,
        0.9087268566673601,
        0.9113481421851023
      ]
    },
    "sex_female": {
      "n": 1132,
      "macro_auc": 0.935890002213528,
      "per_class_auc": [
        0.9558982683982685,
        0.9374382548035243,
        0.9498469439568251,
        0.9239221031794266,
        0.9123444407295962
      ]
    },
    "age_lt45": {
      "n": 345,
      "macro_auc": 0.9231939390644742,
      "per_class_auc": [
        0.896241103202847,
        0.9689711486118672,
        0.9544248854593682,
        0.853518574448807,
        0.9428139835994821
      ]
    },
    "age_45_65": {
      "n": 703,
      "macro_auc": 0.9243583786952542,
      "per_class_auc": [
        0.9285609326018809,
        0.927959153249851,
        0.94915232133542,
        0.8977011494252873,
        0.9184183368638313
      ]
    },
    "age_gt65": {
      "n": 1150,
      "macro_auc": 0.9181775818015174,
      "per_class_auc": [
        0.9516337397989729,
        0.9048771900410764,
        0.9151863572433192,
        0.9265777889666764,
        0.8926128329575419
      ]
    },
    "meta_complete": {
      "n": 660,
      "macro_auc": 0.9394025785564997,
      "per_class_auc": [
        0.9618965263467766,
        0.9419115607527115,
        0.9360589101620029,
        0.9410766004194546,
        0.9160692951015532
      ]
    },
    "meta_incomplete": {
      "n": 1538,
      "macro_auc": 0.9244528926280177,
      "per_class_auc": [
        0.9465754921705462,
        0.9256321543326308,
        0.9365349924351165,
        0.9058249809507064,
        0.9076968432510886
      ]
    },
    "fairness_sex_gap": 0.014178828101948704
  },
  "training_history": [
    {
      "epoch": 1,
      "train_loss": 0.6393698051435138,
      "val_auc": 0.9040961804308211,
      "val_f1": 0.6776204411517646,
      "val_auc_ecg": 0.9017099775270909,
      "val_delta_meta": 0.0015652951507254542,
      "lr": 0.0009755527298894294,
      "epoch_time_s": 242.38880944252014
    },
    {
      "epoch": 2,
      "train_loss": 0.5500590034581105,
      "val_auc": 0.9133738944612727,
      "val_f1": 0.6943099541876888,
      "val_auc_ecg": 0.9125239810447179,
      "val_delta_meta": 0.00013790556192905257,
      "lr": 0.0009046039886902864,
      "epoch_time_s": 242.37247848510742
    },
    {
      "epoch": 3,
      "train_loss": 0.5188861418207851,
      "val_auc": 0.9099542120889421,
      "val_f1": 0.6868805409749417,
      "val_auc_ecg": 0.9097712918347177,
      "val_delta_meta": -0.00011368474587936106,
      "lr": 0.0007940987335200904,
      "epoch_time_s": 257.25875544548035
    },
    {
      "epoch": 4,
      "train_loss": 0.4938048609352987,
      "val_auc": 0.9252926840290943,
      "val_f1": 0.7217832362009917,
      "val_auc_ecg": 0.9232773411029284,
      "val_delta_meta": 0.0009684947307618819,
      "lr": 0.0006548539886902864,
      "epoch_time_s": 264.0819399356842
    },
    {
      "epoch": 5,
      "train_loss": 0.4761851449078376,
      "val_auc": 0.9200385457364684,
      "val_f1": 0.7128343364134366,
      "val_auc_ecg": 0.9187352532639164,
      "val_delta_meta": -0.0003850992505179951,
      "lr": 0.0005005000000000001,
      "epoch_time_s": 262.56645464897156
    },
    {
      "epoch": 6,
      "train_loss": 0.4530232734909845,
      "val_auc": 0.928532864340365,
      "val_f1": 0.7366837043288686,
      "val_auc_ecg": 0.9266451612529917,
      "val_delta_meta": 0.00021445886947879522,
      "lr": 0.0003461460113097139,
      "epoch_time_s": 263.81374311447144
    },
    {
      "epoch": 7,
      "train_loss": 0.43192263365885536,
      "val_auc": 0.9298757924221895,
      "val_f1": 0.7332095319813875,
      "val_auc_ecg": 0.9290439702608602,
      "val_delta_meta": -0.00020401532517733134,
      "lr": 0.00020690126647990973,
      "epoch_time_s": 263.3688795566559
    },
    {
      "epoch": 8,
      "train_loss": 0.41111599772895147,
      "val_auc": 0.9287408924840417,
      "val_f1": 0.73480347291188,
      "val_auc_ecg": 0.9270899809735205,
      "val_delta_meta": 1.0087230434607797e-05,
      "lr": 9.639601130971382e-05,
      "epoch_time_s": 263.85177874565125
    },
    {
      "epoch": 9,
      "train_loss": 0.39140563035776854,
      "val_auc": 0.9330691786989191,
      "val_f1": 0.7405967621855064,
      "val_auc_ecg": 0.932110641166933,
      "val_delta_meta": 0.00026043004719755736,
      "lr": 2.5447270110570814e-05,
      "epoch_time_s": 263.181987285614
    },
    {
      "epoch": 10,
      "train_loss": 0.3791906717720382,
      "val_auc": 0.9339168982867356,
      "val_f1": 0.7415165074881525,
      "val_auc_ecg": 0.9331486208537623,
      "val_delta_meta": 0.00012490884158256055,
      "lr": 0.001,
      "epoch_time_s": 263.2172636985779
    }
  ]
}