{
  "metadata": {
    "run_name": "ATLAS_A_v5_demo+anthro_no_q_meta_seed2024",
    "variant": "demo+anthro",
    "seed": 2024,
    "meta_hid": 128,
    "lauc_weight": 0.08,
    "no_aug": false,
    "arch_mode": "no_q_meta",
    "meta_mask_mode": "real",
    "test_fold": 10,
    "val_fold": 9,
    "timestamp": "2026-05-10T00:16:08.172661",
    "git_sha": "b8fda1f7a68a5b217a3f76d88337426561bd26e4",
    "analysis_plan_sha256": "4ad22e907fbd431a0b443255a3449c0560371997d5ee36a61e164de7aea5c3dc",
    "wall_time_s": 2663.336313724518,
    "train_time_s": 2633.935038805008,
    "gpu_peak_mem_mb": 0,
    "num_parameters": 3951951,
    "dataset_sizes": {
      "train": 17418,
      "val": 2183,
      "test": 2198
    },
    "train_fold_ids": [
      1,
      2,
      3,
      4,
      5,
      6,
      7,
      8
    ],
    "pos_weights": [
      1.2930489778518677,
      2.9776203632354736,
      3.161012887954712,
      3.4581520557403564,
      7.21991491317749
    ],
    "loss_weights": {
      "fused": 0.52,
      "ecg": 0.3,
      "meta": 0.1,
      "lauc": 0.08
    },
    "hardware": {
      "python_version": "3.11.7 | packaged by Anaconda, Inc. | (main, Dec 15 2023, 18:05:47) [MSC v.1916 64 bit (AMD64)]",
      "torch_version": "2.3.1+cpu",
      "cuda_available": false,
      "numpy_version": "1.26.4",
      "sklearn_version": "1.4.2"
    },
    "best_val_auc": 0.9343430315382456,
    "best_val_epoch": 10
  },
  "test": {
    "macro_auc": 0.9281775207914897,
    "macro_auc_ecg": 0.9263721468688676,
    "macro_auc_no_meta": 0.9268179667939276,
    "delta_meta_auc": 0.0013595539975621573,
    "macro_f1_optimal": 0.7484914653629418,
    "macro_f1_fixed_05": 0.7341598587486193,
    "w_fused": 1.0,
    "thresholds": [
      0.6349999904632568,
      0.7400000095367432,
      0.6050000190734863,
      0.6050000190734863,
      0.6949999928474426
    ]
  },
  "per_class": {
    "NORM": {
      "auc": 0.9502633891222185,
      "f1": 0.8658476658476658,
      "threshold": 0.6349999904632568
    },
    "MI": {
      "auc": 0.9279148278905561,
      "f1": 0.7218479307025987,
      "threshold": 0.7400000095367432
    },
    "STTC": {
      "auc": 0.9363294979953463,
      "f1": 0.7739602169981917,
      "threshold": 0.6050000190734863
    },
    "CD": {
      "auc": 0.9136772203479777,
      "f1": 0.7412451361867705,
      "threshold": 0.6050000190734863
    },
    "HYP": {
      "auc": 0.9127026686013501,
      "f1": 0.6395563770794824,
      "threshold": 0.6949999928474426
    }
  },
  "subgroups": {
    "sex_male": {
      "n": 1066,
      "macro_auc": 0.919467429992492,
      "per_class_auc": [
        0.9445052820273732,
        0.9153868218524082,
        0.9214452585749177,
        0.9026055752028292,
        0.9133942123049316
      ]
    },
    "sex_female": {
      "n": 1132,
      "macro_auc": 0.936251497184587,
      "per_class_auc": [
        0.9570591714487062,
        0.9384745660194762,
        0.9481640528659925,
        0.9252895518241332,
        0.9122701437646272
      ]
    },
    "age_lt45": {
      "n": 345,
      "macro_auc": 0.9189844474190322,
      "per_class_auc": [
        0.8819506227758007,
        0.9765922700054437,
        0.9643115505184471,
        0.8484596798550287,
        0.9236081139404402
      ]
    },
    "age_45_65": {
      "n": 703,
      "macro_auc": 0.9243973368604695,
      "per_class_auc": [
        0.9309201933124347,
        0.9251142913933611,
        0.9505607720396454,
        0.8961312026913372,
        0.9192602248655696
      ]
    },
    "age_gt65": {
      "n": 1150,
      "macro_auc": 0.9180031294475827,
      "per_class_auc": [
        0.9528822825093739,
        0.9026238578254674,
        0.9126828410689171,
        0.9249117948679978,
        0.8969148709661569
      ]
    },
    "meta_complete": {
      "n": 660,
      "macro_auc": 0.9401425985014908,
      "per_class_auc": [
        0.9603142478657638,
        0.9376341260456357,
        0.939640648011782,
        0.9411336690873294,
        0.9219903014969428
      ]
    },
    "meta_incomplete": {
      "n": 1538,
      "macro_auc": 0.923397446669169,
      "per_class_auc": [
        0.9469727326502185,
        0.924411545176361,
        0.9345322380416651,
        0.903342125315046,
        0.9077285921625544
      ]
    },
    "fairness_sex_gap": 0.01678406719209502
  },
  "training_history": [
    {
      "epoch": 1,
      "train_loss": 0.6447900746940473,
      "val_auc": 0.9045052863342093,
      "val_f1": 0.6757818954801985,
      "val_auc_ecg": 0.9028060278035355,
      "val_delta_meta": 0.0010549389566225642,
      "lr": 0.0009755527298894294,
      "epoch_time_s": 244.07450413703918
    },
    {
      "epoch": 2,
      "train_loss": 0.560666893655007,
      "val_auc": 0.9092647856278301,
      "val_f1": 0.6658378078277132,
      "val_auc_ecg": 0.9078504880249012,
      "val_delta_meta": 0.0006408561737561991,
      "lr": 0.0009046039886902864,
      "epoch_time_s": 243.36362266540527
    },
    {
      "epoch": 3,
      "train_loss": 0.5240607438284323,
      "val_auc": 0.9056952481848576,
      "val_f1": 0.688138029476649,
      "val_auc_ecg": 0.9035788784622045,
      "val_delta_meta": 9.049240208502951e-06,
      "lr": 0.0007940987335200904,
      "epoch_time_s": 260.7319402694702
    },
    {
      "epoch": 4,
      "train_loss": 0.4992694385554812,
      "val_auc": 0.9229242943443907,
      "val_f1": 0.7183036815150896,
      "val_auc_ecg": 0.9224311972953603,
      "val_delta_meta": 0.0008567351840944593,
      "lr": 0.0006548539886902864,
      "epoch_time_s": 267.0239770412445
    },
    {
      "epoch": 5,
      "train_loss": 0.48096243197764826,
      "val_auc": 0.9284465830083894,
      "val_f1": 0.7324993495360163,
      "val_auc_ecg": 0.9278793002448907,
      "val_delta_meta": 0.00041546227369737565,
      "lr": 0.0005005000000000001,
      "epoch_time_s": 266.49529910087585
    },
    {
      "epoch": 6,
      "train_loss": 0.4543988280613488,
      "val_auc": 0.9272560278695309,
      "val_f1": 0.7194978046282494,
      "val_auc_ecg": 0.9265785726886092,
      "val_delta_meta": 0.0004902207603337816,
      "lr": 0.0003461460113097139,
      "epoch_time_s": 266.7292318344116
    },
    {
      "epoch": 7,
      "train_loss": 0.4364077391974423,
      "val_auc": 0.9301045836277458,
      "val_f1": 0.7383523730935216,
      "val_auc_ecg": 0.9295407735820769,
      "val_delta_meta": 0.0003413260839293386,
      "lr": 0.00020690126647990973,
      "epoch_time_s": 267.06664395332336
    },
    {
      "epoch": 8,
      "train_loss": 0.4159185729989218,
      "val_auc": 0.9276110515259279,
      "val_f1": 0.7342804773870444,
      "val_auc_ecg": 0.9264160361449372,
      "val_delta_meta": 0.00012081188797963271,
      "lr": 9.639601130971382e-05,
      "epoch_time_s": 267.52190470695496
    },
    {
      "epoch": 9,
      "train_loss": 0.3946922816267801,
      "val_auc": 0.9341114005458963,
      "val_f1": 0.7399954874946327,
      "val_auc_ecg": 0.9335759376356766,
      "val_delta_meta": 0.0002584651486110534,
      "lr": 2.5447270110570814e-05,
      "epoch_time_s": 267.4445810317993
    },
    {
      "epoch": 10,
      "train_loss": 0.38486968765565016,
      "val_auc": 0.9343430315382456,
      "val_f1": 0.7425086537266771,
      "val_auc_ecg": 0.9337996588945074,
      "val_delta_meta": 0.0002616639121150177,
      "lr": 0.001,
      "epoch_time_s": 274.8327519893646
    }
  ]
}