{
  "metadata": {
    "run_name": "ATLAS_A_v5_demo+anthro_lauc0.04_seed2029",
    "variant": "demo+anthro",
    "seed": 2029,
    "meta_hid": 128,
    "lauc_weight": 0.04,
    "no_aug": false,
    "arch_mode": "standard",
    "meta_mask_mode": "real",
    "test_fold": 10,
    "val_fold": 9,
    "timestamp": "2026-05-07T04:16:57.715089",
    "git_sha": "b8fda1f7a68a5b217a3f76d88337426561bd26e4",
    "analysis_plan_sha256": "4ad22e907fbd431a0b443255a3449c0560371997d5ee36a61e164de7aea5c3dc",
    "wall_time_s": 2623.1704194545746,
    "train_time_s": 2594.1085839271545,
    "gpu_peak_mem_mb": 0,
    "num_parameters": 3951951,
    "dataset_sizes": {
      "train": 17418,
      "val": 2183,
      "test": 2198
    },
    "train_fold_ids": [
      1,
      2,
      3,
      4,
      5,
      6,
      7,
      8
    ],
    "pos_weights": [
      1.2930489778518677,
      2.9776203632354736,
      3.161012887954712,
      3.4581520557403564,
      7.21991491317749
    ],
    "loss_weights": {
      "fused": 0.56,
      "ecg": 0.30000000000000004,
      "meta": 0.10000000000000002,
      "lauc": 0.04000000000000001
    },
    "hardware": {
      "python_version": "3.11.7 | packaged by Anaconda, Inc. | (main, Dec 15 2023, 18:05:47) [MSC v.1916 64 bit (AMD64)]",
      "torch_version": "2.3.1+cpu",
      "cuda_available": false,
      "numpy_version": "1.26.4",
      "sklearn_version": "1.4.2"
    },
    "best_val_auc": 0.9316345748637499,
    "best_val_epoch": 10
  },
  "test": {
    "macro_auc": 0.9293075715950636,
    "macro_auc_ecg": 0.9276822709677252,
    "macro_auc_no_meta": 0.927682022308371,
    "delta_meta_auc": 0.0016255492866925625,
    "macro_f1_optimal": 0.7524401772585652,
    "macro_f1_fixed_05": 0.7387205108370526,
    "w_fused": 1.0,
    "thresholds": [
      0.5600000023841858,
      0.6200000047683716,
      0.6499999761581421,
      0.6650000214576721,
      0.6499999761581421
    ]
  },
  "per_class": {
    "NORM": {
      "auc": 0.9505866871828504,
      "f1": 0.8668610301263362,
      "threshold": 0.5600000023841858
    },
    "MI": {
      "auc": 0.9319092012356575,
      "f1": 0.74447391688771,
      "threshold": 0.6200000047683716
    },
    "STTC": {
      "auc": 0.9352410448692197,
      "f1": 0.7735004476275739,
      "threshold": 0.6499999761581421
    },
    "CD": {
      "auc": 0.9195739831697055,
      "f1": 0.7591836734693878,
      "threshold": 0.6650000214576721
    },
    "HYP": {
      "auc": 0.9092269415178853,
      "f1": 0.6181818181818182,
      "threshold": 0.6499999761581421
    }
  },
  "subgroups": {
    "sex_male": {
      "n": 1066,
      "macro_auc": 0.9209980121560154,
      "per_class_auc": [
        0.9463195671737268,
        0.9217264899921727,
        0.9196488619871863,
        0.9100894528812149,
        0.9072056887457758
      ]
    },
    "sex_female": {
      "n": 1132,
      "macro_auc": 0.9374524866919435,
      "per_class_auc": [
        0.9552659065740461,
        0.940940341539144,
        0.9486041192144574,
        0.9309026029276423,
        0.9115494632044282
      ]
    },
    "age_lt45": {
      "n": 345,
      "macro_auc": 0.9244175234410488,
      "per_class_auc": [
        0.9044150355871887,
        0.9907457811649428,
        0.965034965034965,
        0.8523104802174569,
        0.9095813552006905
      ]
    },
    "age_45_65": {
      "n": 703,
      "macro_auc": 0.9265547150508802,
      "per_class_auc": [
        0.9298344435736677,
        0.9289281454979129,
        0.948774126238915,
        0.9052705354639753,
        0.9199663244799305
      ]
    },
    "age_gt65": {
      "n": 1150,
      "macro_auc": 0.9181476211691415,
      "per_class_auc": [
        0.9506628698364685,
        0.907075194903177,
        0.9107665260196904,
        0.9298172219363292,
        0.8924162931500419
      ]
    },
    "meta_complete": {
      "n": 660,
      "macro_auc": 0.9404993097147261,
      "per_class_auc": [
        0.9597714895496026,
        0.9472255069417072,
        0.9350456553755523,
        0.9421181036081665,
        0.9183357930986016
      ]
    },
    "meta_incomplete": {
      "n": 1538,
      "macro_auc": 0.9243742527057272,
      "per_class_auc": [
        0.947317932892379,
        0.9255534739514776,
        0.9349347286340536,
        0.9109219858156029,
        0.9031431422351233
      ]
    },
    "fairness_sex_gap": 0.016454474535928076
  },
  "training_history": [
    {
      "epoch": 1,
      "train_loss": 0.648998379926069,
      "val_auc": 0.8947891067483077,
      "val_f1": 0.6834253567632345,
      "val_auc_ecg": 0.8933895593472737,
      "val_delta_meta": -3.6725755876099164e-05,
      "lr": 0.0009755527298894294,
      "epoch_time_s": 242.46767044067383
    },
    {
      "epoch": 2,
      "train_loss": 0.5659597962274464,
      "val_auc": 0.9115939922734263,
      "val_f1": 0.6992397577473135,
      "val_auc_ecg": 0.9107645581183739,
      "val_delta_meta": 0.0006799412238318592,
      "lr": 0.0009046039886902864,
      "epoch_time_s": 242.42504978179932
    },
    {
      "epoch": 3,
      "train_loss": 0.528569447939549,
      "val_auc": 0.9116196847933624,
      "val_f1": 0.6757466671454735,
      "val_auc_ecg": 0.9118768490799581,
      "val_delta_meta": -0.000842585175755417,
      "lr": 0.0007940987335200904,
      "epoch_time_s": 256.8754246234894
    },
    {
      "epoch": 4,
      "train_loss": 0.5042513600730021,
      "val_auc": 0.9213223376875674,
      "val_f1": 0.7170757995289624,
      "val_auc_ecg": 0.9198292726835646,
      "val_delta_meta": 0.0002856205890319208,
      "lr": 0.0006548539886902864,
      "epoch_time_s": 262.5230896472931
    },
    {
      "epoch": 5,
      "train_loss": 0.4825179655070699,
      "val_auc": 0.9230026192926809,
      "val_f1": 0.716004945532043,
      "val_auc_ecg": 0.9226910695202353,
      "val_delta_meta": -0.00018355466094266415,
      "lr": 0.0005005000000000001,
      "epoch_time_s": 262.5433204174042
    },
    {
      "epoch": 6,
      "train_loss": 0.4654878623441819,
      "val_auc": 0.9276970525970929,
      "val_f1": 0.7190951862833782,
      "val_auc_ecg": 0.9270154543715524,
      "val_delta_meta": 0.00034724229048077593,
      "lr": 0.0003461460113097139,
      "epoch_time_s": 262.7529263496399
    },
    {
      "epoch": 7,
      "train_loss": 0.4414712534858546,
      "val_auc": 0.924967967535992,
      "val_f1": 0.7273686645313837,
      "val_auc_ecg": 0.9247117059618886,
      "val_delta_meta": 0.00043245682243353567,
      "lr": 0.00020690126647990973,
      "epoch_time_s": 262.81835985183716
    },
    {
      "epoch": 8,
      "train_loss": 0.42325125517101464,
      "val_auc": 0.929918933251068,
      "val_f1": 0.7304004940907767,
      "val_auc_ecg": 0.9296006736014159,
      "val_delta_meta": 0.00042339169806981936,
      "lr": 9.639601130971382e-05,
      "epoch_time_s": 263.50194549560547
    },
    {
      "epoch": 9,
      "train_loss": 0.4037004570895379,
      "val_auc": 0.9297106735773474,
      "val_f1": 0.737447318680376,
      "val_auc_ecg": 0.9299410567145852,
      "val_delta_meta": -0.00011658740496189868,
      "lr": 2.5447270110570814e-05,
      "epoch_time_s": 263.5813274383545
    },
    {
      "epoch": 10,
      "train_loss": 0.39269359986716457,
      "val_auc": 0.9316345748637499,
      "val_f1": 0.7434541035473646,
      "val_auc_ecg": 0.931741778242066,
      "val_delta_meta": 0.00018171829275581697,
      "lr": 0.001,
      "epoch_time_s": 265.0117943286896
    }
  ]
}