{
  "metadata": {
    "run_name": "ATLAS_A_v5_demo+anthro_lauc0.12_seed2024",
    "variant": "demo+anthro",
    "seed": 2024,
    "meta_hid": 128,
    "lauc_weight": 0.12,
    "no_aug": false,
    "arch_mode": "standard",
    "meta_mask_mode": "real",
    "test_fold": 10,
    "val_fold": 9,
    "timestamp": "2026-05-07T07:57:31.735529",
    "git_sha": "b8fda1f7a68a5b217a3f76d88337426561bd26e4",
    "analysis_plan_sha256": "4ad22e907fbd431a0b443255a3449c0560371997d5ee36a61e164de7aea5c3dc",
    "wall_time_s": 2629.403463602066,
    "train_time_s": 2600.110559940338,
    "gpu_peak_mem_mb": 0,
    "num_parameters": 3951951,
    "dataset_sizes": {
      "train": 17418,
      "val": 2183,
      "test": 2198
    },
    "train_fold_ids": [
      1,
      2,
      3,
      4,
      5,
      6,
      7,
      8
    ],
    "pos_weights": [
      1.2930489778518677,
      2.9776203632354736,
      3.161012887954712,
      3.4581520557403564,
      7.21991491317749
    ],
    "loss_weights": {
      "fused": 0.48,
      "ecg": 0.3,
      "meta": 0.1,
      "lauc": 0.12
    },
    "hardware": {
      "python_version": "3.11.7 | packaged by Anaconda, Inc. | (main, Dec 15 2023, 18:05:47) [MSC v.1916 64 bit (AMD64)]",
      "torch_version": "2.3.1+cpu",
      "cuda_available": false,
      "numpy_version": "1.26.4",
      "sklearn_version": "1.4.2"
    },
    "best_val_auc": 0.9334201698753407,
    "best_val_epoch": 10
  },
  "test": {
    "macro_auc": 0.9289455172709771,
    "macro_auc_ecg": 0.9273731583883604,
    "macro_auc_no_meta": 0.9273154505064956,
    "delta_meta_auc": 0.0016300667644815192,
    "macro_f1_optimal": 0.7485935652622638,
    "macro_f1_fixed_05": 0.7415851801338966,
    "w_fused": 1.0,
    "thresholds": [
      0.5299999713897705,
      0.6650000214576721,
      0.6949999928474426,
      0.6200000047683716,
      0.6499999761581421
    ]
  },
  "per_class": {
    "NORM": {
      "auc": 0.951408595776525,
      "f1": 0.8637015781922525,
      "threshold": 0.5299999713897705
    },
    "MI": {
      "auc": 0.9311275375110327,
      "f1": 0.7428571428571429,
      "threshold": 0.6650000214576721
    },
    "STTC": {
      "auc": 0.9367369525830445,
      "f1": 0.7741330834114339,
      "threshold": 0.6949999928474426
    },
    "CD": {
      "auc": 0.9153699632311133,
      "f1": 0.7452547452547452,
      "threshold": 0.6200000047683716
    },
    "HYP": {
      "auc": 0.9100845372531702,
      "f1": 0.6170212765957447,
      "threshold": 0.6499999761581421
    }
  },
  "subgroups": {
    "sex_male": {
      "n": 1066,
      "macro_auc": 0.920429986138708,
      "per_class_auc": [
        0.945654570227653,
        0.9194657954484683,
        0.9190957842200277,
        0.9065269398793426,
        0.9114068409180482
      ]
    },
    "sex_female": {
      "n": 1132,
      "macro_auc": 0.9369986600354647,
      "per_class_auc": [
        0.9575310832578274,
        0.9405592854694652,
        0.9519457219264267,
        0.9251462952994495,
        0.9098109142241539
      ]
    },
    "age_lt45": {
      "n": 345,
      "macro_auc": 0.9215542532645866,
      "per_class_auc": [
        0.8856205516014236,
        0.9806750136091453,
        0.958403665300217,
        0.8529900332225914,
        0.9300820025895555
      ]
    },
    "age_45_65": {
      "n": 703,
      "macro_auc": 0.9265438438557771,
      "per_class_auc": [
        0.9352631922675025,
        0.9281579208904791,
        0.9528429838288992,
        0.9006167647883376,
        0.9158383575036664
      ]
    },
    "age_gt65": {
      "n": 1150,
      "macro_auc": 0.9180524211688535,
      "per_class_auc": [
        0.9524608501118568,
        0.9071204627378657,
        0.9132032348804501,
        0.9250339677685676,
        0.8924435903455279
      ]
    },
    "meta_complete": {
      "n": 660,
      "macro_auc": 0.9399602044809242,
      "per_class_auc": [
        0.960387842213718,
        0.9432692448064934,
        0.9365419734904271,
        0.9398781583940877,
        0.9197238034998945
      ]
    },
    "meta_incomplete": {
      "n": 1538,
      "macro_auc": 0.9245972934955677,
      "per_class_auc": [
        0.9485113890059793,
        0.9264912590349533,
        0.9368404973425922,
        0.9055600492350976,
        0.9055832728592164
      ]
    },
    "fairness_sex_gap": 0.016568673896756758
  },
  "training_history": [
    {
      "epoch": 1,
      "train_loss": 0.6356460919620794,
      "val_auc": 0.9061219499641343,
      "val_f1": 0.6765276822220542,
      "val_auc_ecg": 0.9032198254986994,
      "val_delta_meta": 0.0012608348023829263,
      "lr": 0.0009755527298894294,
      "epoch_time_s": 242.12102127075195
    },
    {
      "epoch": 2,
      "train_loss": 0.5514595424363372,
      "val_auc": 0.9090298000433602,
      "val_f1": 0.6644812948977351,
      "val_auc_ecg": 0.9074817950042707,
      "val_delta_meta": 5.274911067165711e-06,
      "lr": 0.0009046039886902864,
      "epoch_time_s": 241.52135920524597
    },
    {
      "epoch": 3,
      "train_loss": 0.5168993090270856,
      "val_auc": 0.909645316462999,
      "val_f1": 0.7019017861875202,
      "val_auc_ecg": 0.9066024418148604,
      "val_delta_meta": 8.721218385876472e-05,
      "lr": 0.0007940987335200904,
      "epoch_time_s": 258.0279629230499
    },
    {
      "epoch": 4,
      "train_loss": 0.490824752116422,
      "val_auc": 0.9226461599344271,
      "val_f1": 0.7164460235394243,
      "val_auc_ecg": 0.9212800528562779,
      "val_delta_meta": 0.0015952382480173277,
      "lr": 0.0006548539886902864,
      "epoch_time_s": 263.6399154663086
    },
    {
      "epoch": 5,
      "train_loss": 0.4725047423752076,
      "val_auc": 0.9286619677487522,
      "val_f1": 0.7308502792499941,
      "val_auc_ecg": 0.9275444416965264,
      "val_delta_meta": 0.0008751006881372314,
      "lr": 0.0005005000000000001,
      "epoch_time_s": 263.02637672424316
    },
    {
      "epoch": 6,
      "train_loss": 0.44614263436663043,
      "val_auc": 0.925979476240691,
      "val_f1": 0.7161536902817701,
      "val_auc_ecg": 0.9245596357267797,
      "val_delta_meta": 0.0009250185836028324,
      "lr": 0.0003461460113097139,
      "epoch_time_s": 263.7130262851715
    },
    {
      "epoch": 7,
      "train_loss": 0.42728915755901864,
      "val_auc": 0.9297873424982696,
      "val_f1": 0.7366685653478605,
      "val_auc_ecg": 0.9287782537216849,
      "val_delta_meta": 0.0006088630737350886,
      "lr": 0.00020690126647990973,
      "epoch_time_s": 264.66695642471313
    },
    {
      "epoch": 8,
      "train_loss": 0.405403631788875,
      "val_auc": 0.9293826199388244,
      "val_f1": 0.7340769646189079,
      "val_auc_ecg": 0.927857611735442,
      "val_delta_meta": 0.0008223868348373742,
      "lr": 9.639601130971382e-05,
      "epoch_time_s": 264.90580105781555
    },
    {
      "epoch": 9,
      "train_loss": 0.3838254726261174,
      "val_auc": 0.9332991260140405,
      "val_f1": 0.737973839097991,
      "val_auc_ecg": 0.9321863834110188,
      "val_delta_meta": 0.0007289267830773438,
      "lr": 2.5447270110570814e-05,
      "epoch_time_s": 264.4463837146759
    },
    {
      "epoch": 10,
      "train_loss": 0.37371468467449925,
      "val_auc": 0.9334201698753407,
      "val_f1": 0.7438812654402973,
      "val_auc_ecg": 0.932378680427235,
      "val_delta_meta": 0.0006768124399014752,
      "lr": 0.001,
      "epoch_time_s": 264.1962811946869
    }
  ]
}