{
  "metadata": {
    "run_name": "ATLAS_A_v5_demo+anthro_tf8_vf9_seed2027",
    "variant": "demo+anthro",
    "seed": 2027,
    "meta_hid": 128,
    "lauc_weight": 0.08,
    "no_aug": false,
    "arch_mode": "standard",
    "meta_mask_mode": "real",
    "test_fold": 8,
    "val_fold": 9,
    "timestamp": "2026-05-11T11:49:55.464185",
    "git_sha": "b8fda1f7a68a5b217a3f76d88337426561bd26e4",
    "analysis_plan_sha256": "4ad22e907fbd431a0b443255a3449c0560371997d5ee36a61e164de7aea5c3dc",
    "wall_time_s": 2640.37340259552,
    "train_time_s": 2611.2471730709076,
    "gpu_peak_mem_mb": 0,
    "num_parameters": 3951951,
    "dataset_sizes": {
      "train": 17443,
      "val": 2183,
      "test": 2173
    },
    "train_fold_ids": [
      1,
      2,
      3,
      4,
      5,
      6,
      7,
      10
    ],
    "pos_weights": [
      1.2870067358016968,
      2.9724435806274414,
      3.1600286960601807,
      3.459984540939331,
      7.255087375640869
    ],
    "loss_weights": {
      "fused": 0.52,
      "ecg": 0.3,
      "meta": 0.1,
      "lauc": 0.08
    },
    "hardware": {
      "python_version": "3.11.7 | packaged by Anaconda, Inc. | (main, Dec 15 2023, 18:05:47) [MSC v.1916 64 bit (AMD64)]",
      "torch_version": "2.3.1+cpu",
      "cuda_available": false,
      "numpy_version": "1.26.4",
      "sklearn_version": "1.4.2"
    },
    "best_val_auc": 0.9335531472609322,
    "best_val_epoch": 10
  },
  "test": {
    "macro_auc": 0.9449246664417931,
    "macro_auc_ecg": 0.9445962686249729,
    "macro_auc_no_meta": 0.9438968061887124,
    "delta_meta_auc": 0.001027860253080659,
    "macro_f1_optimal": 0.779234204231305,
    "macro_f1_fixed_05": 0.7586713441933346,
    "w_fused": 1.0,
    "thresholds": [
      0.5600000023841858,
      0.574999988079071,
      0.5600000023841858,
      0.6650000214576721,
      0.6949999928474426
    ]
  },
  "per_class": {
    "NORM": {
      "auc": 0.96204301874786,
      "f1": 0.8750653423941454,
      "threshold": 0.5600000023841858
    },
    "MI": {
      "auc": 0.9507940838761753,
      "f1": 0.7887323943661971,
      "threshold": 0.574999988079071
    },
    "STTC": {
      "auc": 0.9435410671188634,
      "f1": 0.7712532865907099,
      "threshold": 0.5600000023841858
    },
    "CD": {
      "auc": 0.938337613596243,
      "f1": 0.804503582395087,
      "threshold": 0.6650000214576721
    },
    "HYP": {
      "auc": 0.929907548869824,
      "f1": 0.6566164154103853,
      "threshold": 0.6949999928474426
    }
  },
  "subgroups": {
    "sex_male": {
      "n": 1040,
      "macro_auc": 0.9466345065903781,
      "per_class_auc": [
        0.9580903210535854,
        0.9432181112421383,
        0.9425593290905847,
        0.9544971098265895,
        0.9348076617389922
      ]
    },
    "sex_female": {
      "n": 1133,
      "macro_auc": 0.9419905040283549,
      "per_class_auc": [
        0.9641694471085656,
        0.9528905406497198,
        0.9444884905929304,
        0.923114987319849,
        0.9252890544707091
      ]
    },
    "age_lt45": {
      "n": 342,
      "macro_auc": 0.9510280736620299,
      "per_class_auc": [
        0.9381536338058079,
        0.9923574368018813,
        0.9333550594753137,
        0.974376731301939,
        0.9168975069252078
      ]
    },
    "age_45_65": {
      "n": 776,
      "macro_auc": 0.9475702099397184,
      "per_class_auc": [
        0.9652834580216126,
        0.9525876050954297,
        0.9487477022058823,
        0.9287606934665759,
        0.9424715909090909
      ]
    },
    "age_gt65": {
      "n": 1055,
      "macro_auc": 0.9323120669639646,
      "per_class_auc": [
        0.9496401234906195,
        0.9326826375099925,
        0.9302460538532962,
        0.9300501663502239,
        0.9189413536156906
      ]
    },
    "meta_complete": {
      "n": 636,
      "macro_auc": 0.9401071746502625,
      "per_class_auc": [
        0.9511824324324325,
        0.9290649551066218,
        0.9403120553456651,
        0.9557792096709814,
        0.9241972206956113
      ]
    },
    "meta_incomplete": {
      "n": 1537,
      "macro_auc": 0.9458893354893064,
      "per_class_auc": [
        0.9660152241743974,
        0.9556858049200647,
        0.9447781610562627,
        0.9317727765074016,
        0.9311947107884062
      ]
    },
    "fairness_sex_gap": 0.004644002562023131
  },
  "training_history": [
    {
      "epoch": 1,
      "train_loss": 0.6586938236768429,
      "val_auc": 0.9049107082656521,
      "val_f1": 0.684055790620932,
      "val_auc_ecg": 0.9043041165057817,
      "val_delta_meta": -0.00043628548187990557,
      "lr": 0.0009755527298894294,
      "epoch_time_s": 243.09154391288757
    },
    {
      "epoch": 2,
      "train_loss": 0.5652273375363577,
      "val_auc": 0.9150773696188823,
      "val_f1": 0.7039737698509754,
      "val_auc_ecg": 0.9112834384499559,
      "val_delta_meta": 0.0020102522837264214,
      "lr": 0.0009046039886902864,
      "epoch_time_s": 242.84148788452148
    },
    {
      "epoch": 3,
      "train_loss": 0.5318344429735735,
      "val_auc": 0.9104081664716979,
      "val_f1": 0.6976535950652001,
      "val_auc_ecg": 0.9103530320333096,
      "val_delta_meta": -0.0017432467493651016,
      "lr": 0.0007940987335200904,
      "epoch_time_s": 258.47485399246216
    },
    {
      "epoch": 4,
      "train_loss": 0.5052263949052754,
      "val_auc": 0.92381053380635,
      "val_f1": 0.7168377213871475,
      "val_auc_ecg": 0.9227307902172885,
      "val_delta_meta": 0.00020382720687739386,
      "lr": 0.0006548539886902864,
      "epoch_time_s": 264.69782042503357
    },
    {
      "epoch": 5,
      "train_loss": 0.48479188198135015,
      "val_auc": 0.9283153711374738,
      "val_f1": 0.7106220930220115,
      "val_auc_ecg": 0.9267492929108905,
      "val_delta_meta": 0.00150642459258854,
      "lr": 0.0005005000000000001,
      "epoch_time_s": 265.3562502861023
    },
    {
      "epoch": 6,
      "train_loss": 0.46224772171441453,
      "val_auc": 0.9304551714702392,
      "val_f1": 0.7266351063508214,
      "val_auc_ecg": 0.9290737535242497,
      "val_delta_meta": 0.00046549341544799283,
      "lr": 0.0003461460113097139,
      "epoch_time_s": 265.43707060813904
    },
    {
      "epoch": 7,
      "train_loss": 0.4396031303228913,
      "val_auc": 0.9310953819180389,
      "val_f1": 0.7291046270987263,
      "val_auc_ecg": 0.9299527511036831,
      "val_delta_meta": 0.0003223290007392521,
      "lr": 0.00020690126647990973,
      "epoch_time_s": 265.3963212966919
    },
    {
      "epoch": 8,
      "train_loss": 0.42060830154807577,
      "val_auc": 0.9294358500687089,
      "val_f1": 0.729505753855254,
      "val_auc_ecg": 0.928464072751443,
      "val_delta_meta": 0.0006814284814790073,
      "lr": 9.639601130971382e-05,
      "epoch_time_s": 265.82780385017395
    },
    {
      "epoch": 9,
      "train_loss": 0.40269788316427135,
      "val_auc": 0.9263347671789361,
      "val_f1": 0.720896947083861,
      "val_auc_ecg": 0.9259524053438615,
      "val_delta_meta": 0.0002533173055452309,
      "lr": 2.5447270110570814e-05,
      "epoch_time_s": 265.80358600616455
    },
    {
      "epoch": 10,
      "train_loss": 0.3879033061283412,
      "val_auc": 0.9335531472609322,
      "val_f1": 0.7446914632435784,
      "val_auc_ecg": 0.9324826253433193,
      "val_delta_meta": 0.0007882314042358951,
      "lr": 0.001,
      "epoch_time_s": 265.57494592666626
    }
  ]
}