{
  "metadata": {
    "run_name": "ATLAS_A_v5_demo+anthro_no_dropout_seed2025",
    "variant": "demo+anthro",
    "seed": 2025,
    "meta_hid": 128,
    "lauc_weight": 0.08,
    "no_aug": false,
    "arch_mode": "no_dropout",
    "meta_mask_mode": "real",
    "test_fold": 10,
    "val_fold": 9,
    "timestamp": "2026-05-10T08:37:26.523339",
    "git_sha": "b8fda1f7a68a5b217a3f76d88337426561bd26e4",
    "analysis_plan_sha256": "4ad22e907fbd431a0b443255a3449c0560371997d5ee36a61e164de7aea5c3dc",
    "wall_time_s": 2642.235806941986,
    "train_time_s": 2612.3487277030945,
    "gpu_peak_mem_mb": 0,
    "num_parameters": 3951951,
    "dataset_sizes": {
      "train": 17418,
      "val": 2183,
      "test": 2198
    },
    "train_fold_ids": [
      1,
      2,
      3,
      4,
      5,
      6,
      7,
      8
    ],
    "pos_weights": [
      1.2930489778518677,
      2.9776203632354736,
      3.161012887954712,
      3.4581520557403564,
      7.21991491317749
    ],
    "loss_weights": {
      "fused": 0.52,
      "ecg": 0.3,
      "meta": 0.1,
      "lauc": 0.08
    },
    "hardware": {
      "python_version": "3.11.7 | packaged by Anaconda, Inc. | (main, Dec 15 2023, 18:05:47) [MSC v.1916 64 bit (AMD64)]",
      "torch_version": "2.3.1+cpu",
      "cuda_available": false,
      "numpy_version": "1.26.4",
      "sklearn_version": "1.4.2"
    },
    "best_val_auc": 0.9329502242589708,
    "best_val_epoch": 9
  },
  "test": {
    "macro_auc": 0.9304504003522132,
    "macro_auc_ecg": 0.9282862465550246,
    "macro_auc_no_meta": 0.9286789669145927,
    "delta_meta_auc": 0.0017714334376204288,
    "macro_f1_optimal": 0.7518330673185185,
    "macro_f1_fixed_05": 0.7377064898183606,
    "w_fused": 1.0,
    "thresholds": [
      0.5299999713897705,
      0.6650000214576721,
      0.6800000071525574,
      0.7549999952316284,
      0.7099999785423279
    ]
  },
  "per_class": {
    "NORM": {
      "auc": 0.9511445760339022,
      "f1": 0.8615237182558697,
      "threshold": 0.5299999713897705
    },
    "MI": {
      "auc": 0.9329159311562223,
      "f1": 0.7570009033423668,
      "threshold": 0.6650000214576721
    },
    "STTC": {
      "auc": 0.9377086631025835,
      "f1": 0.7705382436260623,
      "threshold": 0.6800000071525574
    },
    "CD": {
      "auc": 0.9183420359349531,
      "f1": 0.7552742616033755,
      "threshold": 0.7549999952316284
    },
    "HYP": {
      "auc": 0.9121407955334049,
      "f1": 0.6148282097649186,
      "threshold": 0.7099999785423279
    }
  },
  "subgroups": {
    "sex_male": {
      "n": 1066,
      "macro_auc": 0.9216608937891658,
      "per_class_auc": [
        0.9466918208989746,
        0.9228592681183729,
        0.9216841881703303,
        0.906911795298523,
        0.9101573964596278
      ]
    },
    "sex_female": {
      "n": 1132,
      "macro_auc": 0.9386259461555003,
      "per_class_auc": [
        0.9562097301922883,
        0.9414584971471199,
        0.9506158510931538,
        0.9301385681293302,
        0.9147070842156099
      ]
    },
    "age_lt45": {
      "n": 345,
      "macro_auc": 0.9325199792194876,
      "per_class_auc": [
        0.9028580960854093,
        0.9912901469787698,
        0.9615384615384616,
        0.867336152219873,
        0.9395770392749245
      ]
    },
    "age_45_65": {
      "n": 703,
      "macro_auc": 0.927610035693015,
      "per_class_auc": [
        0.9295242293625914,
        0.9272013516199563,
        0.952869066249348,
        0.9065881693299692,
        0.9218673619032101
      ]
    },
    "age_gt65": {
      "n": 1150,
      "macro_auc": 0.9187336081526333,
      "per_class_auc": [
        0.9522127170179915,
        0.9091826640959007,
        0.9145956399437413,
        0.9256374278532,
        0.8920395918523332
      ]
    },
    "meta_complete": {
      "n": 660,
      "macro_auc": 0.9411432505519466,
      "per_class_auc": [
        0.9588699587871652,
        0.9468897356165782,
        0.9387923416789397,
        0.944286712987402,
        0.9168775036896479
      ]
    },
    "meta_incomplete": {
      "n": 1538,
      "macro_auc": 0.9260522321262463,
      "per_class_auc": [
        0.9482511878184212,
        0.9276416937972216,
        0.9370514412072779,
        0.9083500380985874,
        0.9089667997097242
      ]
    },
    "fairness_sex_gap": 0.0169650523663345
  },
  "training_history": [
    {
      "epoch": 1,
      "train_loss": 0.6418258645665755,
      "val_auc": 0.8991082323254453,
      "val_f1": 0.6661219555758358,
      "val_auc_ecg": 0.895945260067388,
      "val_delta_meta": 0.0025055587156570525,
      "lr": 0.0009755527298894294,
      "epoch_time_s": 243.79246187210083
    },
    {
      "epoch": 2,
      "train_loss": 0.5582160076416961,
      "val_auc": 0.9130873804764186,
      "val_f1": 0.7092192301456303,
      "val_auc_ecg": 0.9103607398382966,
      "val_delta_meta": 0.0021780368212804824,
      "lr": 0.0009046039886902864,
      "epoch_time_s": 243.02937531471252
    },
    {
      "epoch": 3,
      "train_loss": 0.5202522065114538,
      "val_auc": 0.9192994419048652,
      "val_f1": 0.7152347114851028,
      "val_auc_ecg": 0.9191984238627662,
      "val_delta_meta": 0.0001708545044423193,
      "lr": 0.0007940987335200904,
      "epoch_time_s": 259.4422926902771
    },
    {
      "epoch": 4,
      "train_loss": 0.4977653126650994,
      "val_auc": 0.9231831391779857,
      "val_f1": 0.7257660217955778,
      "val_auc_ecg": 0.9228541006221194,
      "val_delta_meta": 0.00023678114627090352,
      "lr": 0.0006548539886902864,
      "epoch_time_s": 265.5584485530853
    },
    {
      "epoch": 5,
      "train_loss": 0.47773111358695075,
      "val_auc": 0.9236513494574499,
      "val_f1": 0.7313531524522101,
      "val_auc_ecg": 0.9227680111542146,
      "val_delta_meta": -0.0002174459705837073,
      "lr": 0.0005005000000000001,
      "epoch_time_s": 265.2743716239929
    },
    {
      "epoch": 6,
      "train_loss": 0.45590714522458,
      "val_auc": 0.9291342480663909,
      "val_f1": 0.732316552890993,
      "val_auc_ecg": 0.9275996740205631,
      "val_delta_meta": 0.0001527932326231829,
      "lr": 0.0003461460113097139,
      "epoch_time_s": 264.56716108322144
    },
    {
      "epoch": 7,
      "train_loss": 0.4362253674126546,
      "val_auc": 0.9288027126885166,
      "val_f1": 0.7352318420809472,
      "val_auc_ecg": 0.9280215019896769,
      "val_delta_meta": -0.0002973064218610988,
      "lr": 0.00020690126647990973,
      "epoch_time_s": 264.7537417411804
    },
    {
      "epoch": 8,
      "train_loss": 0.4136886234950582,
      "val_auc": 0.929360392053346,
      "val_f1": 0.7378729679368555,
      "val_auc_ecg": 0.9291172199694131,
      "val_delta_meta": -0.0008331125193579147,
      "lr": 9.639601130971382e-05,
      "epoch_time_s": 265.4229702949524
    },
    {
      "epoch": 9,
      "train_loss": 0.3927295615913671,
      "val_auc": 0.9329502242589708,
      "val_f1": 0.7414705415987244,
      "val_auc_ecg": 0.9319273732384594,
      "val_delta_meta": 0.00019359876520375074,
      "lr": 2.5447270110570814e-05,
      "epoch_time_s": 265.3392734527588
    },
    {
      "epoch": 10,
      "train_loss": 0.38434644792604883,
      "val_auc": 0.9324177161867162,
      "val_f1": 0.7404740920967796,
      "val_auc_ecg": 0.9316157919270175,
      "val_delta_meta": -7.462163615767903e-05,
      "lr": 0.001,
      "epoch_time_s": 265.5679154396057
    }
  ]
}