{
  "metadata": {
    "run_name": "ATLAS_A_v5_demo+anthro_noaug_seed2039",
    "variant": "demo+anthro",
    "seed": 2039,
    "meta_hid": 128,
    "lauc_weight": 0.08,
    "no_aug": true,
    "arch_mode": "standard",
    "meta_mask_mode": "real",
    "test_fold": 10,
    "val_fold": 9,
    "timestamp": "2026-05-08T09:39:27.172144",
    "git_sha": "b8fda1f7a68a5b217a3f76d88337426561bd26e4",
    "analysis_plan_sha256": "4ad22e907fbd431a0b443255a3449c0560371997d5ee36a61e164de7aea5c3dc",
    "wall_time_s": 2628.0353298187256,
    "train_time_s": 2599.147469997406,
    "gpu_peak_mem_mb": 0,
    "num_parameters": 3951951,
    "dataset_sizes": {
      "train": 17418,
      "val": 2183,
      "test": 2198
    },
    "train_fold_ids": [
      1,
      2,
      3,
      4,
      5,
      6,
      7,
      8
    ],
    "pos_weights": [
      1.2930489778518677,
      2.9776203632354736,
      3.161012887954712,
      3.4581520557403564,
      7.21991491317749
    ],
    "loss_weights": {
      "fused": 0.52,
      "ecg": 0.3,
      "meta": 0.1,
      "lauc": 0.08
    },
    "hardware": {
      "python_version": "3.11.7 | packaged by Anaconda, Inc. | (main, Dec 15 2023, 18:05:47) [MSC v.1916 64 bit (AMD64)]",
      "torch_version": "2.3.1+cpu",
      "cuda_available": false,
      "numpy_version": "1.26.4",
      "sklearn_version": "1.4.2"
    },
    "best_val_auc": 0.9327815407643015,
    "best_val_epoch": 9
  },
  "test": {
    "macro_auc": 0.9273635986842566,
    "macro_auc_ecg": 0.9263225166329871,
    "macro_auc_no_meta": 0.9259013870957931,
    "delta_meta_auc": 0.0014622115884634912,
    "macro_f1_optimal": 0.7435979327646773,
    "macro_f1_fixed_05": 0.738050565798386,
    "w_fused": 1.0,
    "thresholds": [
      0.6050000190734863,
      0.5899999737739563,
      0.7549999952316284,
      0.6349999904632568,
      0.42500001192092896
    ]
  },
  "per_class": {
    "NORM": {
      "auc": 0.9495276653171391,
      "f1": 0.8643315244203256,
      "threshold": 0.6050000190734863
    },
    "MI": {
      "auc": 0.9314419682259488,
      "f1": 0.7400177462289264,
      "threshold": 0.5899999737739563
    },
    "STTC": {
      "auc": 0.9343105376225941,
      "f1": 0.7621722846441947,
      "threshold": 0.7549999952316284
    },
    "CD": {
      "auc": 0.9152799363178045,
      "f1": 0.7487283825025433,
      "threshold": 0.6349999904632568
    },
    "HYP": {
      "auc": 0.9062578859377958,
      "f1": 0.6027397260273972,
      "threshold": 0.42500001192092896
    }
  },
  "subgroups": {
    "sex_male": {
      "n": 1066,
      "macro_auc": 0.9212352810881803,
      "per_class_auc": [
        0.9440462895700288,
        0.9220473627661178,
        0.9218036529680366,
        0.9075514874141876,
        0.9107276127225311
      ]
    },
    "sex_female": {
      "n": 1132,
      "macro_auc": 0.9332214119726933,
      "per_class_auc": [
        0.955165232054767,
        0.9395592653077685,
        0.944010019972242,
        0.9242780739377312,
        0.9030944685909581
      ]
    },
    "age_lt45": {
      "n": 345,
      "macro_auc": 0.9236283016683888,
      "per_class_auc": [
        0.9028024911032028,
        0.9893848666303756,
        0.9588859416445623,
        0.8613711869525823,
        0.9056970220112214
      ]
    },
    "age_45_65": {
      "n": 703,
      "macro_auc": 0.9252018053052726,
      "per_class_auc": [
        0.9295895376175549,
        0.9267665474060823,
        0.9488132498695879,
        0.8984020185029437,
        0.9224376731301938
      ]
    },
    "age_gt65": {
      "n": 1150,
      "macro_auc": 0.9157464662650868,
      "per_class_auc": [
        0.9487782399092543,
        0.9077307402129264,
        0.9100668073136429,
        0.9265481712938111,
        0.8856083725957995
      ]
    },
    "meta_complete": {
      "n": 660,
      "macro_auc": 0.9385047442197374,
      "per_class_auc": [
        0.9577200471003827,
        0.9418677644929123,
        0.9377201767304859,
        0.9405344480746458,
        0.9146812847002601
      ]
    },
    "meta_incomplete": {
      "n": 1538,
      "macro_auc": 0.922061026683401,
      "per_class_auc": [
        0.9462962095625671,
        0.926116995600278,
        0.9325076618691082,
        0.905039563917707,
        0.900344702467344
      ]
    },
    "fairness_sex_gap": 0.011986130884512947
  },
  "training_history": [
    {
      "epoch": 1,
      "train_loss": 0.6497684916225048,
      "val_auc": 0.904494832778125,
      "val_f1": 0.6828736560690727,
      "val_auc_ecg": 0.9027786970216152,
      "val_delta_meta": 0.0015136137783057224,
      "lr": 0.0009755527298894294,
      "epoch_time_s": 240.68637442588806
    },
    {
      "epoch": 2,
      "train_loss": 0.5571047376055236,
      "val_auc": 0.9102338468459014,
      "val_f1": 0.697246414386485,
      "val_auc_ecg": 0.909795914944865,
      "val_delta_meta": -0.0001024974132805001,
      "lr": 0.0009046039886902864,
      "epoch_time_s": 240.9313337802887
    },
    {
      "epoch": 3,
      "train_loss": 0.5186911349449682,
      "val_auc": 0.9200832233739543,
      "val_f1": 0.7066284098525418,
      "val_auc_ecg": 0.9189322016758403,
      "val_delta_meta": -0.0005450000189703985,
      "lr": 0.0007940987335200904,
      "epoch_time_s": 256.9611201286316
    },
    {
      "epoch": 4,
      "train_loss": 0.4915846685750769,
      "val_auc": 0.925682903648825,
      "val_f1": 0.6955510111237382,
      "val_auc_ecg": 0.9254514654678857,
      "val_delta_meta": 0.0004522583742422315,
      "lr": 0.0006548539886902864,
      "epoch_time_s": 264.0942840576172
    },
    {
      "epoch": 5,
      "train_loss": 0.46652488243689233,
      "val_auc": 0.9238305251126591,
      "val_f1": 0.7333360504463562,
      "val_auc_ecg": 0.9223754655210392,
      "val_delta_meta": 0.0007571565698795135,
      "lr": 0.0005005000000000001,
      "epoch_time_s": 262.0634882450104
    },
    {
      "epoch": 6,
      "train_loss": 0.4435461558333231,
      "val_auc": 0.932133622514866,
      "val_f1": 0.7484241328203258,
      "val_auc_ecg": 0.9309405770781936,
      "val_delta_meta": 0.0008857788500913344,
      "lr": 0.0003461460113097139,
      "epoch_time_s": 264.885666847229
    },
    {
      "epoch": 7,
      "train_loss": 0.42273024585815744,
      "val_auc": 0.9313970911071513,
      "val_f1": 0.7435838451529854,
      "val_auc_ecg": 0.9313125526016964,
      "val_delta_meta": -2.3206290949873143e-05,
      "lr": 0.00020690126647990973,
      "epoch_time_s": 265.4809739589691
    },
    {
      "epoch": 8,
      "train_loss": 0.39503662066722134,
      "val_auc": 0.9320884949716259,
      "val_f1": 0.7380804548794904,
      "val_auc_ecg": 0.9319519078208552,
      "val_delta_meta": -0.00021170322464525437,
      "lr": 9.639601130971382e-05,
      "epoch_time_s": 265.235826253891
    },
    {
      "epoch": 9,
      "train_loss": 0.37476985665089496,
      "val_auc": 0.9327815407643015,
      "val_f1": 0.7486596673663768,
      "val_auc_ecg": 0.9323325654856134,
      "val_delta_meta": 0.0004158594643680624,
      "lr": 2.5447270110570814e-05,
      "epoch_time_s": 265.48980736732483
    },
    {
      "epoch": 10,
      "train_loss": 0.35884912344840686,
      "val_auc": 0.9326034476232488,
      "val_f1": 0.7460876912825523,
      "val_auc_ecg": 0.9327023244769412,
      "val_delta_meta": -0.0005143635587447903,
      "lr": 0.001,
      "epoch_time_s": 265.6129608154297
    }
  ]
}