{
  "metadata": {
    "run_name": "ATLAS_A_v5_demo+anthro_lauc0.12_seed2030",
    "variant": "demo+anthro",
    "seed": 2030,
    "meta_hid": 128,
    "lauc_weight": 0.12,
    "no_aug": false,
    "arch_mode": "standard",
    "meta_mask_mode": "real",
    "test_fold": 10,
    "val_fold": 9,
    "timestamp": "2026-05-07T12:24:55.835081",
    "git_sha": "b8fda1f7a68a5b217a3f76d88337426561bd26e4",
    "analysis_plan_sha256": "4ad22e907fbd431a0b443255a3449c0560371997d5ee36a61e164de7aea5c3dc",
    "wall_time_s": 2623.3219451904297,
    "train_time_s": 2593.760083913803,
    "gpu_peak_mem_mb": 0,
    "num_parameters": 3951951,
    "dataset_sizes": {
      "train": 17418,
      "val": 2183,
      "test": 2198
    },
    "train_fold_ids": [
      1,
      2,
      3,
      4,
      5,
      6,
      7,
      8
    ],
    "pos_weights": [
      1.2930489778518677,
      2.9776203632354736,
      3.161012887954712,
      3.4581520557403564,
      7.21991491317749
    ],
    "loss_weights": {
      "fused": 0.48,
      "ecg": 0.3,
      "meta": 0.1,
      "lauc": 0.12
    },
    "hardware": {
      "python_version": "3.11.7 | packaged by Anaconda, Inc. | (main, Dec 15 2023, 18:05:47) [MSC v.1916 64 bit (AMD64)]",
      "torch_version": "2.3.1+cpu",
      "cuda_available": false,
      "numpy_version": "1.26.4",
      "sklearn_version": "1.4.2"
    },
    "best_val_auc": 0.9330270286942108,
    "best_val_epoch": 9
  },
  "test": {
    "macro_auc": 0.9278295033073201,
    "macro_auc_ecg": 0.9251059212139126,
    "macro_auc_no_meta": 0.925718045573381,
    "delta_meta_auc": 0.0021114577339390594,
    "macro_f1_optimal": 0.7390457714990608,
    "macro_f1_fixed_05": 0.7401992593093112,
    "w_fused": 1.0,
    "thresholds": [
      0.6050000190734863,
      0.6800000071525574,
      0.5450000166893005,
      0.5899999737739563,
      0.5450000166893005
    ]
  },
  "per_class": {
    "NORM": {
      "auc": 0.9491619054826138,
      "f1": 0.8564593301435407,
      "threshold": 0.6050000190734863
    },
    "MI": {
      "auc": 0.9274801412180053,
      "f1": 0.7182835820895522,
      "threshold": 0.6800000071525574
    },
    "STTC": {
      "auc": 0.9367678550377295,
      "f1": 0.7662901824500434,
      "threshold": 0.5450000166893005
    },
    "CD": {
      "auc": 0.9187246503165157,
      "f1": 0.7525150905432596,
      "threshold": 0.5899999737739563
    },
    "HYP": {
      "auc": 0.9070129644817362,
      "f1": 0.6016806722689075,
      "threshold": 0.5450000166893005
    }
  },
  "subgroups": {
    "sex_male": {
      "n": 1066,
      "macro_auc": 0.9199331913910338,
      "per_class_auc": [
        0.9439089532442092,
        0.916680036365581,
        0.9206532512123465,
        0.9137923861035988,
        0.9046313300294333
      ]
    },
    "sex_female": {
      "n": 1132,
      "macro_auc": 0.9356649393932865,
      "per_class_auc": [
        0.9556969193597099,
        0.9367204983971451,
        0.9512541890931248,
        0.9250724964837035,
        0.90958059363275
      ]
    },
    "age_lt45": {
      "n": 345,
      "macro_auc": 0.9267519613301444,
      "per_class_auc": [
        0.8920707295373665,
        0.9842133913990201,
        0.9666023631540873,
        0.8521594684385383,
        0.938713854121709
      ]
    },
    "age_45_65": {
      "n": 703,
      "macro_auc": 0.9257480758957166,
      "per_class_auc": [
        0.9313283699059561,
        0.9231514609421586,
        0.9520996348461137,
        0.9020044855620971,
        0.9201564282222584
      ]
    },
    "age_gt65": {
      "n": 1150,
      "macro_auc": 0.9159627428645019,
      "per_class_auc": [
        0.9497038157355769,
        0.9021007628468436,
        0.9121835443037976,
        0.9308723515321592,
        0.8849532399041323
      ]
    },
    "meta_complete": {
      "n": 660,
      "macro_auc": 0.9384823377583773,
      "per_class_auc": [
        0.9575360612304974,
        0.9436634111446882,
        0.9377790868924889,
        0.9430740037950665,
        0.9103591257291448
      ]
    },
    "meta_incomplete": {
      "n": 1538,
      "macro_auc": 0.9235194478729325,
      "per_class_auc": [
        0.9464106980850928,
        0.921221799994471,
        0.9358633665670947,
        0.9094660336439833,
        0.9046353410740202
      ]
    },
    "fairness_sex_gap": 0.015731748002252743
  },
  "training_history": [
    {
      "epoch": 1,
      "train_loss": 0.6372788660570022,
      "val_auc": 0.9072716676435822,
      "val_f1": 0.6626885436470328,
      "val_auc_ecg": 0.9044401287315447,
      "val_delta_meta": 0.0008881960059321514,
      "lr": 0.0009755527298894294,
      "epoch_time_s": 241.59824967384338
    },
    {
      "epoch": 2,
      "train_loss": 0.5520981969089683,
      "val_auc": 0.9134427068735874,
      "val_f1": 0.6987528618129731,
      "val_auc_ecg": 0.9093573840014877,
      "val_delta_meta": 0.0008229120105779364,
      "lr": 0.0009046039886902864,
      "epoch_time_s": 241.6448962688446
    },
    {
      "epoch": 3,
      "train_loss": 0.5194108206197756,
      "val_auc": 0.9185638932928397,
      "val_f1": 0.7109530589497945,
      "val_auc_ecg": 0.9169708086073104,
      "val_delta_meta": 0.0001823562462006656,
      "lr": 0.0007940987335200904,
      "epoch_time_s": 257.745712518692
    },
    {
      "epoch": 4,
      "train_loss": 0.4976805228158968,
      "val_auc": 0.9224253158863889,
      "val_f1": 0.7284877885600165,
      "val_auc_ecg": 0.9214901301064458,
      "val_delta_meta": 0.0011010292287679802,
      "lr": 0.0006548539886902864,
      "epoch_time_s": 263.11922240257263
    },
    {
      "epoch": 5,
      "train_loss": 0.47200016073130685,
      "val_auc": 0.9268285712567707,
      "val_f1": 0.7241665627691988,
      "val_auc_ecg": 0.925920466115074,
      "val_delta_meta": -4.744396112477123e-05,
      "lr": 0.0005005000000000001,
      "epoch_time_s": 262.852192401886
    },
    {
      "epoch": 6,
      "train_loss": 0.45273742361353075,
      "val_auc": 0.9298103336570348,
      "val_f1": 0.736733606292687,
      "val_auc_ecg": 0.9293184455622472,
      "val_delta_meta": -0.00019077136323275568,
      "lr": 0.0003461460113097139,
      "epoch_time_s": 262.9104790687561
    },
    {
      "epoch": 7,
      "train_loss": 0.4292367411042572,
      "val_auc": 0.9328542876542615,
      "val_f1": 0.7299711859403347,
      "val_auc_ecg": 0.9320440163495516,
      "val_delta_meta": 0.0009656533136231937,
      "lr": 0.00020690126647990973,
      "epoch_time_s": 262.9415726661682
    },
    {
      "epoch": 8,
      "train_loss": 0.40730712050144824,
      "val_auc": 0.9306117559049223,
      "val_f1": 0.7404534151456549,
      "val_auc_ecg": 0.9299330512569197,
      "val_delta_meta": 0.0004736831715561607,
      "lr": 9.639601130971382e-05,
      "epoch_time_s": 263.98234820365906
    },
    {
      "epoch": 9,
      "train_loss": 0.3888268076225158,
      "val_auc": 0.9330270286942108,
      "val_f1": 0.748528748531991,
      "val_auc_ecg": 0.9319055582070821,
      "val_delta_meta": 0.0007940934835138913,
      "lr": 2.5447270110570814e-05,
      "epoch_time_s": 263.6060755252838
    },
    {
      "epoch": 10,
      "train_loss": 0.37758251857866937,
      "val_auc": 0.9328608665025142,
      "val_f1": 0.7445058556901907,
      "val_auc_ecg": 0.9320720212216067,
      "val_delta_meta": 0.0003711306920126667,
      "lr": 0.001,
      "epoch_time_s": 263.7546217441559
    }
  ]
}