{
  "metadata": {
    "run_name": "ATLAS_A_v5_demo+anthro_no_residual_seed2029",
    "variant": "demo+anthro",
    "seed": 2029,
    "meta_hid": 128,
    "lauc_weight": 0.08,
    "no_aug": false,
    "arch_mode": "no_residual",
    "meta_mask_mode": "real",
    "test_fold": 10,
    "val_fold": 9,
    "timestamp": "2026-05-09T20:35:53.521080",
    "git_sha": "b8fda1f7a68a5b217a3f76d88337426561bd26e4",
    "analysis_plan_sha256": "4ad22e907fbd431a0b443255a3449c0560371997d5ee36a61e164de7aea5c3dc",
    "wall_time_s": 2605.311832666397,
    "train_time_s": 2576.114973783493,
    "gpu_peak_mem_mb": 0,
    "num_parameters": 3951951,
    "dataset_sizes": {
      "train": 17418,
      "val": 2183,
      "test": 2198
    },
    "train_fold_ids": [
      1,
      2,
      3,
      4,
      5,
      6,
      7,
      8
    ],
    "pos_weights": [
      1.2930489778518677,
      2.9776203632354736,
      3.161012887954712,
      3.4581520557403564,
      7.21991491317749
    ],
    "loss_weights": {
      "fused": 0.52,
      "ecg": 0.3,
      "meta": 0.1,
      "lauc": 0.08
    },
    "hardware": {
      "python_version": "3.11.7 | packaged by Anaconda, Inc. | (main, Dec 15 2023, 18:05:47) [MSC v.1916 64 bit (AMD64)]",
      "torch_version": "2.3.1+cpu",
      "cuda_available": false,
      "numpy_version": "1.26.4",
      "sklearn_version": "1.4.2"
    },
    "best_val_auc": 0.9329024222742864,
    "best_val_epoch": 10
  },
  "test": {
    "macro_auc": 0.9297009598049197,
    "macro_auc_ecg": 0.9286615757991592,
    "macro_auc_no_meta": 0.9285319164602968,
    "delta_meta_auc": 0.0011690433446229775,
    "macro_f1_optimal": 0.7489453200834315,
    "macro_f1_fixed_05": 0.7422546915814207,
    "w_fused": 1.0,
    "thresholds": [
      0.6499999761581421,
      0.6050000190734863,
      0.6800000071525574,
      0.6499999761581421,
      0.6800000071525574
    ]
  },
  "per_class": {
    "NORM": {
      "auc": 0.9512294995816885,
      "f1": 0.8652411735454998,
      "threshold": 0.6499999761581421
    },
    "MI": {
      "auc": 0.9308467563989409,
      "f1": 0.7467134092900964,
      "threshold": 0.6050000190734863
    },
    "STTC": {
      "auc": 0.9359495122562569,
      "f1": 0.7557932263814616,
      "threshold": 0.6800000071525574
    },
    "CD": {
      "auc": 0.9184427239301013,
      "f1": 0.7598784194528876,
      "threshold": 0.6499999761581421
    },
    "HYP": {
      "auc": 0.9120363068576114,
      "f1": 0.6171003717472119,
      "threshold": 0.6800000071525574
    }
  },
  "subgroups": {
    "sex_male": {
      "n": 1066,
      "macro_auc": 0.9208852260080906,
      "per_class_auc": [
        0.9464496752718717,
        0.9206447598072819,
        0.9187993345368305,
        0.9076034949032661,
        0.9109288655212029
      ]
    },
    "sex_female": {
      "n": 1132,
      "macro_auc": 0.9380154488484616,
      "per_class_auc": [
        0.9559832125239102,
        0.9394503921450029,
        0.9501661129568106,
        0.9306768653735956,
        0.9138006612429882
      ]
    },
    "age_lt45": {
      "n": 345,
      "macro_auc": 0.9284003451180591,
      "per_class_auc": [
        0.8946841637010677,
        0.9880239520958084,
        0.9649143959488787,
        0.8548021745696165,
        0.9395770392749244
      ]
    },
    "age_45_65": {
      "n": 703,
      "macro_auc": 0.9274866927916886,
      "per_class_auc": [
        0.9330263845350053,
        0.9295617173524151,
        0.9488393322900366,
        0.9051163442668909,
        0.9208896855140949
      ]
    },
    "age_gt65": {
      "n": 1150,
      "macro_auc": 0.9180889328021957,
      "per_class_auc": [
        0.9516376784195103,
        0.9053935786738201,
        0.9125527426160338,
        0.9289138829139347,
        0.8919467813876801
      ]
    },
    "meta_complete": {
      "n": 660,
      "macro_auc": 0.9423811818024062,
      "per_class_auc": [
        0.9624944804239034,
        0.946320384239186,
        0.9376966126656848,
        0.9456706281833616,
        0.9197238034998947
      ]
    },
    "meta_incomplete": {
      "n": 1538,
      "macro_auc": 0.9245696220569666,
      "per_class_auc": [
        0.9473109941940442,
        0.9250675694354364,
        0.9349662489816503,
        0.9085094660336441,
        0.906993831640058
      ]
    },
    "fairness_sex_gap": 0.017130222840370912
  },
  "training_history": [
    {
      "epoch": 1,
      "train_loss": 0.6431707106052189,
      "val_auc": 0.8971588682295659,
      "val_f1": 0.6845331062158665,
      "val_auc_ecg": 0.8966567050000537,
      "val_delta_meta": -0.00043360954533711027,
      "lr": 0.0009755527298894294,
      "epoch_time_s": 242.40118885040283
    },
    {
      "epoch": 2,
      "train_loss": 0.5609403723970465,
      "val_auc": 0.9145529659040502,
      "val_f1": 0.7123213057113794,
      "val_auc_ecg": 0.9128436116484746,
      "val_delta_meta": 0.0007042338129056303,
      "lr": 0.0009046039886902864,
      "epoch_time_s": 242.1759798526764
    },
    {
      "epoch": 3,
      "train_loss": 0.523242375774121,
      "val_auc": 0.9108067506515944,
      "val_f1": 0.6868372017388739,
      "val_auc_ecg": 0.9104838092167036,
      "val_delta_meta": -0.0006710830123066724,
      "lr": 0.0007940987335200904,
      "epoch_time_s": 254.85219836235046
    },
    {
      "epoch": 4,
      "train_loss": 0.49935762056516947,
      "val_auc": 0.9206566533968461,
      "val_f1": 0.7187763125457792,
      "val_auc_ecg": 0.9192588016067006,
      "val_delta_meta": -0.00010970322553549572,
      "lr": 0.0006548539886902864,
      "epoch_time_s": 260.5112738609314
    },
    {
      "epoch": 5,
      "train_loss": 0.4770899407633948,
      "val_auc": 0.9247618670432347,
      "val_f1": 0.7224797728949242,
      "val_auc_ecg": 0.9235749858749586,
      "val_delta_meta": -0.00024488145643464243,
      "lr": 0.0005005000000000001,
      "epoch_time_s": 261.17348885536194
    },
    {
      "epoch": 6,
      "train_loss": 0.4581320703576464,
      "val_auc": 0.9291086746002473,
      "val_f1": 0.7284151371657378,
      "val_auc_ecg": 0.9280548265410857,
      "val_delta_meta": 0.0006263424402755957,
      "lr": 0.0003461460113097139,
      "epoch_time_s": 261.0006756782532
    },
    {
      "epoch": 7,
      "train_loss": 0.43588444579631913,
      "val_auc": 0.9266312026825314,
      "val_f1": 0.7328660052628526,
      "val_auc_ecg": 0.9263049240872399,
      "val_delta_meta": 0.00026745030018826554,
      "lr": 0.00020690126647990973,
      "epoch_time_s": 260.90120124816895
    },
    {
      "epoch": 8,
      "train_loss": 0.41697611983762967,
      "val_auc": 0.9316272777526832,
      "val_f1": 0.7326767813130864,
      "val_auc_ecg": 0.9312867175719266,
      "val_delta_meta": 0.00029961570897452106,
      "lr": 9.639601130971382e-05,
      "epoch_time_s": 261.65187978744507
    },
    {
      "epoch": 9,
      "train_loss": 0.3971268488726485,
      "val_auc": 0.9313860722453517,
      "val_f1": 0.7388600484287281,
      "val_auc_ecg": 0.9310356439468361,
      "val_delta_meta": -4.822605652088363e-05,
      "lr": 2.5447270110570814e-05,
      "epoch_time_s": 261.3923273086548
    },
    {
      "epoch": 10,
      "train_loss": 0.38697584167532967,
      "val_auc": 0.9329024222742864,
      "val_f1": 0.7435764941061531,
      "val_auc_ecg": 0.9324672455628642,
      "val_delta_meta": 0.0002682732237830887,
      "lr": 0.001,
      "epoch_time_s": 261.43639183044434
    }
  ]
}