{
  "metadata": {
    "run_name": "ATLAS_A_v5_demo+anthro_concat_seed2027",
    "variant": "demo+anthro",
    "seed": 2027,
    "meta_hid": 128,
    "lauc_weight": 0.08,
    "no_aug": false,
    "arch_mode": "concat",
    "meta_mask_mode": "real",
    "test_fold": 10,
    "val_fold": 9,
    "timestamp": "2026-05-08T22:12:57.160613",
    "git_sha": "b8fda1f7a68a5b217a3f76d88337426561bd26e4",
    "analysis_plan_sha256": "4ad22e907fbd431a0b443255a3449c0560371997d5ee36a61e164de7aea5c3dc",
    "wall_time_s": 2383.00008225441,
    "train_time_s": 2353.6238117218018,
    "gpu_peak_mem_mb": 0,
    "num_parameters": 3951951,
    "dataset_sizes": {
      "train": 17418,
      "val": 2183,
      "test": 2198
    },
    "train_fold_ids": [
      1,
      2,
      3,
      4,
      5,
      6,
      7,
      8
    ],
    "pos_weights": [
      1.2930489778518677,
      2.9776203632354736,
      3.161012887954712,
      3.4581520557403564,
      7.21991491317749
    ],
    "loss_weights": {
      "fused": 0.52,
      "ecg": 0.3,
      "meta": 0.1,
      "lauc": 0.08
    },
    "hardware": {
      "python_version": "3.11.7 | packaged by Anaconda, Inc. | (main, Dec 15 2023, 18:05:47) [MSC v.1916 64 bit (AMD64)]",
      "torch_version": "2.3.1+cpu",
      "cuda_available": false,
      "numpy_version": "1.26.4",
      "sklearn_version": "1.4.2"
    },
    "best_val_auc": 0.9327332393482017,
    "best_val_epoch": 9
  },
  "test": {
    "macro_auc": 0.9287594590793178,
    "macro_auc_ecg": 0.9271072451054833,
    "macro_auc_no_meta": 0.9275811535976729,
    "delta_meta_auc": 0.0011783054816448812,
    "macro_f1_optimal": 0.7432387371986057,
    "macro_f1_fixed_05": 0.7357364247525794,
    "w_fused": 1.0,
    "thresholds": [
      0.6200000047683716,
      0.6349999904632568,
      0.6050000190734863,
      0.6949999928474426,
      0.7250000238418579
    ]
  },
  "per_class": {
    "NORM": {
      "auc": 0.9496361320266878,
      "f1": 0.8607718612603811,
      "threshold": 0.6200000047683716
    },
    "MI": {
      "auc": 0.9264000441306266,
      "f1": 0.7264325323475046,
      "threshold": 0.6349999904632568
    },
    "STTC": {
      "auc": 0.9365755730974674,
      "f1": 0.7690925426774483,
      "threshold": 0.6050000190734863
    },
    "CD": {
      "auc": 0.9192340131154998,
      "f1": 0.7484787018255578,
      "threshold": 0.6949999928474426
    },
    "HYP": {
      "auc": 0.9119515330263075,
      "f1": 0.6114180478821363,
      "threshold": 0.7250000238418579
    }
  },
  "subgroups": {
    "sex_male": {
      "n": 1066,
      "macro_auc": 0.9202264038304107,
      "per_class_auc": [
        0.9423548842941456,
        0.9163737487177244,
        0.9213656153764468,
        0.9110983981693364,
        0.9099393725944
      ]
    },
    "sex_female": {
      "n": 1132,
      "macro_auc": 0.9371327916661158,
      "per_class_auc": [
        0.9576128813047418,
        0.9348091695397085,
        0.9494455647598737,
        0.9287103439893034,
        0.9150859987369515
      ]
    },
    "age_lt45": {
      "n": 345,
      "macro_auc": 0.9358654970271871,
      "per_class_auc": [
        0.9053047153024911,
        0.9863908546543276,
        0.9634675669158428,
        0.8731501057082454,
        0.9510142425550281
      ]
    },
    "age_45_65": {
      "n": 703,
      "macro_auc": 0.927117507098583,
      "per_class_auc": [
        0.9276221264367817,
        0.9246919101570265,
        0.9493609806990089,
        0.9078357162881974,
        0.9260768019119004
      ]
    },
    "age_gt65": {
      "n": 1150,
      "macro_auc": 0.9155029073379278,
      "per_class_auc": [
        0.9495029460881621,
        0.8993310419984912,
        0.9140189873417721,
        0.9248821771951323,
        0.889779384066081
      ]
    },
    "meta_complete": {
      "n": 660,
      "macro_auc": 0.9392553107504711,
      "per_class_auc": [
        0.9606914188990285,
        0.9372545584607074,
        0.9364477172312224,
        0.9453567505100512,
        0.9165261086513459
      ]
    },
    "meta_incomplete": {
      "n": 1538,
      "macro_auc": 0.9245807112980584,
      "per_class_auc": [
        0.9463447804509114,
        0.9223169458402534,
        0.936132501842728,
        0.909836469140144,
        0.9082728592162554
      ]
    },
    "fairness_sex_gap": 0.016906387835705194
  },
  "training_history": [
    {
      "epoch": 1,
      "train_loss": 0.6549798566813863,
      "val_auc": 0.9015417658778453,
      "val_f1": 0.679710147261585,
      "val_auc_ecg": 0.9008026822103016,
      "val_delta_meta": 0.0019093345257011896,
      "lr": 0.0009755527298894294,
      "epoch_time_s": 234.3118679523468
    },
    {
      "epoch": 2,
      "train_loss": 0.5641241956741438,
      "val_auc": 0.9056470720019263,
      "val_f1": 0.6517301407835274,
      "val_auc_ecg": 0.9038937255214897,
      "val_delta_meta": 0.0011756348735060262,
      "lr": 0.0009046039886902864,
      "epoch_time_s": 235.89694166183472
    },
    {
      "epoch": 3,
      "train_loss": 0.5307531435008442,
      "val_auc": 0.9185686537291332,
      "val_f1": 0.7096970191914945,
      "val_auc_ecg": 0.9175481250913631,
      "val_delta_meta": 0.0004830665218200636,
      "lr": 0.0007940987335200904,
      "epoch_time_s": 234.42761397361755
    },
    {
      "epoch": 4,
      "train_loss": 0.504232476555973,
      "val_auc": 0.9208326153383496,
      "val_f1": 0.7096828422716196,
      "val_auc_ecg": 0.9199677401455055,
      "val_delta_meta": 0.00022228278553482195,
      "lr": 0.0006548539886902864,
      "epoch_time_s": 234.20999240875244
    },
    {
      "epoch": 5,
      "train_loss": 0.48041073319015154,
      "val_auc": 0.9232227456513865,
      "val_f1": 0.7273169716820295,
      "val_auc_ecg": 0.9226913847772803,
      "val_delta_meta": 0.00015356035068592178,
      "lr": 0.0005005000000000001,
      "epoch_time_s": 235.57542729377747
    },
    {
      "epoch": 6,
      "train_loss": 0.4606787678572016,
      "val_auc": 0.9236554767323554,
      "val_f1": 0.7108602044241219,
      "val_auc_ecg": 0.9237202308275613,
      "val_delta_meta": -0.0007343771566997725,
      "lr": 0.0003461460113097139,
      "epoch_time_s": 234.10898327827454
    },
    {
      "epoch": 7,
      "train_loss": 0.43801520723815357,
      "val_auc": 0.9297003595400938,
      "val_f1": 0.7393912178321661,
      "val_auc_ecg": 0.9292551714167769,
      "val_delta_meta": -0.00011088956239468928,
      "lr": 0.00020690126647990973,
      "epoch_time_s": 233.70223379135132
    },
    {
      "epoch": 8,
      "train_loss": 0.4153253220363494,
      "val_auc": 0.9301870157908592,
      "val_f1": 0.7410641407557149,
      "val_auc_ecg": 0.929978130731709,
      "val_delta_meta": 0.00011199720746557507,
      "lr": 9.639601130971382e-05,
      "epoch_time_s": 233.58665895462036
    },
    {
      "epoch": 9,
      "train_loss": 0.3914061643935125,
      "val_auc": 0.9327332393482017,
      "val_f1": 0.7437343330794884,
      "val_auc_ecg": 0.9321478427002414,
      "val_delta_meta": 0.00029701981380858555,
      "lr": 2.5447270110570814e-05,
      "epoch_time_s": 233.99130368232727
    },
    {
      "epoch": 10,
      "train_loss": 0.3784276587700625,
      "val_auc": 0.9320782456746933,
      "val_f1": 0.7466680402017767,
      "val_auc_ecg": 0.9321857561677014,
      "val_delta_meta": -0.00028137865208421875,
      "lr": 0.001,
      "epoch_time_s": 234.14825630187988
    }
  ]
}