{
  "metadata": {
    "run_name": "ATLAS_A_v5_demo+anthro_no_dropout_seed2027",
    "variant": "demo+anthro",
    "seed": 2027,
    "meta_hid": 128,
    "lauc_weight": 0.08,
    "no_aug": false,
    "arch_mode": "no_dropout",
    "meta_mask_mode": "real",
    "test_fold": 10,
    "val_fold": 9,
    "timestamp": "2026-05-10T10:05:47.615968",
    "git_sha": "b8fda1f7a68a5b217a3f76d88337426561bd26e4",
    "analysis_plan_sha256": "4ad22e907fbd431a0b443255a3449c0560371997d5ee36a61e164de7aea5c3dc",
    "wall_time_s": 2646.0309686660767,
    "train_time_s": 2616.7096264362335,
    "gpu_peak_mem_mb": 0,
    "num_parameters": 3951951,
    "dataset_sizes": {
      "train": 17418,
      "val": 2183,
      "test": 2198
    },
    "train_fold_ids": [
      1,
      2,
      3,
      4,
      5,
      6,
      7,
      8
    ],
    "pos_weights": [
      1.2930489778518677,
      2.9776203632354736,
      3.161012887954712,
      3.4581520557403564,
      7.21991491317749
    ],
    "loss_weights": {
      "fused": 0.52,
      "ecg": 0.3,
      "meta": 0.1,
      "lauc": 0.08
    },
    "hardware": {
      "python_version": "3.11.7 | packaged by Anaconda, Inc. | (main, Dec 15 2023, 18:05:47) [MSC v.1916 64 bit (AMD64)]",
      "torch_version": "2.3.1+cpu",
      "cuda_available": false,
      "numpy_version": "1.26.4",
      "sklearn_version": "1.4.2"
    },
    "best_val_auc": 0.9337834638065695,
    "best_val_epoch": 10
  },
  "test": {
    "macro_auc": 0.9293590637145407,
    "macro_auc_ecg": 0.9281968810112835,
    "macro_auc_no_meta": 0.9281291422697159,
    "delta_meta_auc": 0.0012299214448248108,
    "macro_f1_optimal": 0.7498915216333163,
    "macro_f1_fixed_05": 0.7368903066783874,
    "w_fused": 1.0,
    "thresholds": [
      0.6200000047683716,
      0.6949999928474426,
      0.6800000071525574,
      0.6949999928474426,
      0.6349999904632568
    ]
  },
  "per_class": {
    "NORM": {
      "auc": 0.9500271166773872,
      "f1": 0.865686274509804,
      "threshold": 0.6200000047683716
    },
    "MI": {
      "auc": 0.9300761253309797,
      "f1": 0.7417582417582418,
      "threshold": 0.6949999928474426
    },
    "STTC": {
      "auc": 0.9354785359561505,
      "f1": 0.7643192488262911,
      "threshold": 0.6800000071525574
    },
    "CD": {
      "auc": 0.9183965259087981,
      "f1": 0.7615148413510747,
      "threshold": 0.6949999928474426
    },
    "HYP": {
      "auc": 0.912817014699388,
      "f1": 0.6161790017211703,
      "threshold": 0.6349999904632568
    }
  },
  "subgroups": {
    "sex_male": {
      "n": 1066,
      "macro_auc": 0.9216496241043884,
      "per_class_auc": [
        0.9459147864239428,
        0.9201415729572315,
        0.9205669710806696,
        0.9106875390056168,
        0.9109372510544809
      ]
    },
    "sex_female": {
      "n": 1132,
      "macro_auc": 0.9371514753086714,
      "per_class_auc": [
        0.9553036595187758,
        0.9388616705981976,
        0.9480963503508442,
        0.9277335949573704,
        0.9157621011181694
      ]
    },
    "age_lt45": {
      "n": 345,
      "macro_auc": 0.9168569953731449,
      "per_class_auc": [
        0.885008896797153,
        0.9801306477953184,
        0.9593682179889077,
        0.8517064331017818,
        0.9080707811825637
      ]
    },
    "age_45_65": {
      "n": 703,
      "macro_auc": 0.927298237467593,
      "per_class_auc": [
        0.9307405956112853,
        0.9324811170741403,
        0.9497261345852894,
        0.9023549201009251,
        0.9211884199663245
      ]
    },
    "age_gt65": {
      "n": 1150,
      "macro_auc": 0.9184678452661046,
      "per_class_auc": [
        0.9513974225667203,
        0.9023589571632157,
        0.9122204641350211,
        0.9292618905701031,
        0.8971004918954627
      ]
    },
    "meta_complete": {
      "n": 660,
      "macro_auc": 0.9395457581951707,
      "per_class_auc": [
        0.9594771121577863,
        0.9415757894275829,
        0.9330191458026509,
        0.9446005906607124,
        0.9190561529271206
      ]
    },
    "meta_incomplete": {
      "n": 1538,
      "macro_auc": 0.9248356588373742,
      "per_class_auc": [
        0.9463066176100695,
        0.9254620345895967,
        0.9364089110447298,
        0.9081179297813726,
        0.9078828011611031
      ]
    },
    "fairness_sex_gap": 0.015501851204282935
  },
  "training_history": [
    {
      "epoch": 1,
      "train_loss": 0.646678225819124,
      "val_auc": 0.8997127807724142,
      "val_f1": 0.688443004780958,
      "val_auc_ecg": 0.8985212961671751,
      "val_delta_meta": 0.0015880088654954827,
      "lr": 0.0009755527298894294,
      "epoch_time_s": 244.07979106903076
    },
    {
      "epoch": 2,
      "train_loss": 0.5513226920311604,
      "val_auc": 0.9107990557495071,
      "val_f1": 0.6949345637313102,
      "val_auc_ecg": 0.9093014767736699,
      "val_delta_meta": -0.0006003816706370291,
      "lr": 0.0009046039886902864,
      "epoch_time_s": 242.9144630432129
    },
    {
      "epoch": 3,
      "train_loss": 0.5212538436465307,
      "val_auc": 0.9206285577584122,
      "val_f1": 0.69529669357806,
      "val_auc_ecg": 0.9187945127447605,
      "val_delta_meta": 0.0019432065686872946,
      "lr": 0.0007940987335200904,
      "epoch_time_s": 259.4133315086365
    },
    {
      "epoch": 4,
      "train_loss": 0.4994753941483454,
      "val_auc": 0.9219293244915742,
      "val_f1": 0.7187578653449042,
      "val_auc_ecg": 0.9226175337460841,
      "val_delta_meta": -0.0009744884108024987,
      "lr": 0.0006548539886902864,
      "epoch_time_s": 265.0784389972687
    },
    {
      "epoch": 5,
      "train_loss": 0.47847895906605853,
      "val_auc": 0.9082352694485584,
      "val_f1": 0.6920335452049817,
      "val_auc_ecg": 0.9067942992271831,
      "val_delta_meta": 0.001188507110055026,
      "lr": 0.0005005000000000001,
      "epoch_time_s": 266.2317998409271
    },
    {
      "epoch": 6,
      "train_loss": 0.4564655402384767,
      "val_auc": 0.9284605743209842,
      "val_f1": 0.7223532977426497,
      "val_auc_ecg": 0.9275213379185294,
      "val_delta_meta": 0.0012121774185711587,
      "lr": 0.0003461460113097139,
      "epoch_time_s": 265.21000957489014
    },
    {
      "epoch": 7,
      "train_loss": 0.43488435846403106,
      "val_auc": 0.930790125639728,
      "val_f1": 0.7277455991890055,
      "val_auc_ecg": 0.9297196796780067,
      "val_delta_meta": 0.0004000242310183699,
      "lr": 0.00020690126647990973,
      "epoch_time_s": 265.7682490348816
    },
    {
      "epoch": 8,
      "train_loss": 0.4144064601408232,
      "val_auc": 0.9317836329960718,
      "val_f1": 0.7405492943731486,
      "val_auc_ecg": 0.9306880763267845,
      "val_delta_meta": 0.0008843599756843679,
      "lr": 9.639601130971382e-05,
      "epoch_time_s": 265.43221068382263
    },
    {
      "epoch": 9,
      "train_loss": 0.39719394098181243,
      "val_auc": 0.9334799530694287,
      "val_f1": 0.7483812147257444,
      "val_auc_ecg": 0.9325343126892696,
      "val_delta_meta": 0.0006270581460025015,
      "lr": 2.5447270110570814e-05,
      "epoch_time_s": 266.26522302627563
    },
    {
      "epoch": 10,
      "train_loss": 0.3825836291280362,
      "val_auc": 0.9337834638065695,
      "val_f1": 0.7427445005372435,
      "val_auc_ecg": 0.9330897996582742,
      "val_delta_meta": 0.0003738210724312241,
      "lr": 0.001,
      "epoch_time_s": 265.8061308860779
    }
  ]
}