{
  "metadata": {
    "run_name": "ATLAS_A_v5_demo+anthro_additive_seed2029",
    "variant": "demo+anthro",
    "seed": 2029,
    "meta_hid": 128,
    "lauc_weight": 0.08,
    "no_aug": false,
    "arch_mode": "additive",
    "meta_mask_mode": "real",
    "test_fold": 10,
    "val_fold": 9,
    "timestamp": "2026-05-09T06:10:10.090620",
    "git_sha": "b8fda1f7a68a5b217a3f76d88337426561bd26e4",
    "analysis_plan_sha256": "4ad22e907fbd431a0b443255a3449c0560371997d5ee36a61e164de7aea5c3dc",
    "wall_time_s": 2383.4622616767883,
    "train_time_s": 2354.6803574562073,
    "gpu_peak_mem_mb": 0,
    "num_parameters": 3951951,
    "dataset_sizes": {
      "train": 17418,
      "val": 2183,
      "test": 2198
    },
    "train_fold_ids": [
      1,
      2,
      3,
      4,
      5,
      6,
      7,
      8
    ],
    "pos_weights": [
      1.2930489778518677,
      2.9776203632354736,
      3.161012887954712,
      3.4581520557403564,
      7.21991491317749
    ],
    "loss_weights": {
      "fused": 0.52,
      "ecg": 0.3,
      "meta": 0.1,
      "lauc": 0.08
    },
    "hardware": {
      "python_version": "3.11.7 | packaged by Anaconda, Inc. | (main, Dec 15 2023, 18:05:47) [MSC v.1916 64 bit (AMD64)]",
      "torch_version": "2.3.1+cpu",
      "cuda_available": false,
      "numpy_version": "1.26.4",
      "sklearn_version": "1.4.2"
    },
    "best_val_auc": 0.9334205915474246,
    "best_val_epoch": 10
  },
  "test": {
    "macro_auc": 0.9304299343547958,
    "macro_auc_ecg": 0.9283899874157342,
    "macro_auc_no_meta": 0.9287095689233634,
    "delta_meta_auc": 0.0017203654314323913,
    "macro_f1_optimal": 0.7516626201720098,
    "macro_f1_fixed_05": 0.7387988511929985,
    "w_fused": 1.0,
    "thresholds": [
      0.4699999988079071,
      0.6349999904632568,
      0.6349999904632568,
      0.6650000214576721,
      0.6949999928474426
    ]
  },
  "per_class": {
    "NORM": {
      "auc": 0.9517600615485513,
      "f1": 0.8612032212221696,
      "threshold": 0.4699999988079071
    },
    "MI": {
      "auc": 0.9317630185348632,
      "f1": 0.7381370826010545,
      "threshold": 0.6349999904632568
    },
    "STTC": {
      "auc": 0.9375083694148104,
      "f1": 0.7686895338610378,
      "threshold": 0.6349999904632568
    },
    "CD": {
      "auc": 0.9207005041507146,
      "f1": 0.7456230690010298,
      "threshold": 0.6650000214576721
    },
    "HYP": {
      "auc": 0.9104177181250395,
      "f1": 0.6446601941747573,
      "threshold": 0.6949999928474426
    }
  },
  "subgroups": {
    "sex_male": {
      "n": 1066,
      "macro_auc": 0.9222805004815043,
      "per_class_auc": [
        0.945997911042202,
        0.9196699872137062,
        0.9212903968001133,
        0.9138339920948617,
        0.9106102152566393
      ]
    },
    "sex_female": {
      "n": 1132,
      "macro_auc": 0.9378397344601584,
      "per_class_auc": [
        0.9575090607067351,
        0.9419827012641384,
        0.9507705996992074,
        0.9284715831148309,
        0.910464727515881
      ]
    },
    "age_lt45": {
      "n": 345,
      "macro_auc": 0.9271036042318943,
      "per_class_auc": [
        0.8972419928825623,
        0.987751769188895,
        0.9603327706775984,
        0.8590305043793415,
        0.9311609840310746
      ]
    },
    "age_45_65": {
      "n": 703,
      "macro_auc": 0.9269584123208123,
      "per_class_auc": [
        0.9333774164054337,
        0.9311021665672828,
        0.9513693270735525,
        0.9015839641155032,
        0.91735918744229
      ]
    },
    "age_gt65": {
      "n": 1150,
      "macro_auc": 0.920135566807035,
      "per_class_auc": [
        0.9525120521788449,
        0.9061815743146953,
        0.91514064697609,
        0.9335046222080715,
        0.8933389383574732
      ]
    },
    "meta_complete": {
      "n": 660,
      "macro_auc": 0.9423051696046482,
      "per_class_auc": [
        0.9622920959670297,
        0.9434882261054905,
        0.9385095729013255,
        0.9513774949708236,
        0.9158584580785718
      ]
    },
    "meta_incomplete": {
      "n": 1538,
      "macro_auc": 0.9255315435041865,
      "per_class_auc": [
        0.9478452739658304,
        0.9271823704910295,
        0.9367871552158901,
        0.9093933532618252,
        0.9064495645863572
      ]
    },
    "fairness_sex_gap": 0.015559233978654108
  },
  "training_history": [
    {
      "epoch": 1,
      "train_loss": 0.6520455486183866,
      "val_auc": 0.8927797217902318,
      "val_f1": 0.6702833952529438,
      "val_auc_ecg": 0.8929536160889372,
      "val_delta_meta": 0.0007209696657886067,
      "lr": 0.0009755527298894294,
      "epoch_time_s": 233.5111846923828
    },
    {
      "epoch": 2,
      "train_loss": 0.5668578928763713,
      "val_auc": 0.9122402960339867,
      "val_f1": 0.697092677111849,
      "val_auc_ecg": 0.9117837225240232,
      "val_delta_meta": 0.00011690622596660649,
      "lr": 0.0009046039886902864,
      "epoch_time_s": 233.62070274353027
    },
    {
      "epoch": 3,
      "train_loss": 0.524281342642023,
      "val_auc": 0.9126136838345763,
      "val_f1": 0.6904422750375907,
      "val_auc_ecg": 0.9119581329176348,
      "val_delta_meta": -0.000705235096067347,
      "lr": 0.0007940987335200904,
      "epoch_time_s": 234.08764958381653
    },
    {
      "epoch": 4,
      "train_loss": 0.5009652319851272,
      "val_auc": 0.9195297888129763,
      "val_f1": 0.7182397921394832,
      "val_auc_ecg": 0.91931568839957,
      "val_delta_meta": 7.116483093927428e-05,
      "lr": 0.0006548539886902864,
      "epoch_time_s": 234.08886075019836
    },
    {
      "epoch": 5,
      "train_loss": 0.47681439644699797,
      "val_auc": 0.9251163693922327,
      "val_f1": 0.7241882488700209,
      "val_auc_ecg": 0.9249779325853318,
      "val_delta_meta": -0.00020112676760142278,
      "lr": 0.0005005000000000001,
      "epoch_time_s": 234.3931691646576
    },
    {
      "epoch": 6,
      "train_loss": 0.45926458934031494,
      "val_auc": 0.9294184471968376,
      "val_f1": 0.7234868961877166,
      "val_auc_ecg": 0.9292961355350885,
      "val_delta_meta": 0.0002872433827247889,
      "lr": 0.0003461460113097139,
      "epoch_time_s": 235.4507303237915
    },
    {
      "epoch": 7,
      "train_loss": 0.43389703885677755,
      "val_auc": 0.9264272170742656,
      "val_f1": 0.7292501327258561,
      "val_auc_ecg": 0.9262924039902289,
      "val_delta_meta": -2.944126642923095e-05,
      "lr": 0.00020690126647990973,
      "epoch_time_s": 235.21582984924316
    },
    {
      "epoch": 8,
      "train_loss": 0.413925442701086,
      "val_auc": 0.9321471517908104,
      "val_f1": 0.7325093518268793,
      "val_auc_ecg": 0.9317332217916068,
      "val_delta_meta": 0.00019929781646066402,
      "lr": 9.639601130971382e-05,
      "epoch_time_s": 234.2147650718689
    },
    {
      "epoch": 9,
      "train_loss": 0.3933452968477109,
      "val_auc": 0.9323925060675021,
      "val_f1": 0.7400006436543333,
      "val_auc_ecg": 0.9320262821253971,
      "val_delta_meta": -2.7448161593612852e-05,
      "lr": 2.5447270110570814e-05,
      "epoch_time_s": 235.47088193893433
    },
    {
      "epoch": 10,
      "train_loss": 0.3828283311577018,
      "val_auc": 0.9334205915474246,
      "val_f1": 0.7416894634842087,
      "val_auc_ecg": 0.9328052127426225,
      "val_delta_meta": 0.0002678334237377067,
      "lr": 0.001,
      "epoch_time_s": 234.26146149635315
    }
  ]
}