{
  "metadata": {
    "run_name": "ATLAS_A_v5_demo+anthro_lauc0_seed2030",
    "variant": "demo+anthro",
    "seed": 2030,
    "meta_hid": 128,
    "lauc_weight": 0.0,
    "no_aug": false,
    "arch_mode": "standard",
    "meta_mask_mode": "real",
    "test_fold": 10,
    "val_fold": 9,
    "timestamp": "2026-05-06T21:39:56.748026",
    "git_sha": "b8fda1f7a68a5b217a3f76d88337426561bd26e4",
    "analysis_plan_sha256": "4ad22e907fbd431a0b443255a3449c0560371997d5ee36a61e164de7aea5c3dc",
    "wall_time_s": 2642.554271221161,
    "train_time_s": 2612.615594148636,
    "gpu_peak_mem_mb": 0,
    "num_parameters": 3951951,
    "dataset_sizes": {
      "train": 17418,
      "val": 2183,
      "test": 2198
    },
    "train_fold_ids": [
      1,
      2,
      3,
      4,
      5,
      6,
      7,
      8
    ],
    "pos_weights": [
      1.2930489778518677,
      2.9776203632354736,
      3.161012887954712,
      3.4581520557403564,
      7.21991491317749
    ],
    "loss_weights": {
      "fused": 0.6000000000000001,
      "ecg": 0.30000000000000004,
      "meta": 0.10000000000000002,
      "lauc": 0.0
    },
    "hardware": {
      "python_version": "3.11.7 | packaged by Anaconda, Inc. | (main, Dec 15 2023, 18:05:47) [MSC v.1916 64 bit (AMD64)]",
      "torch_version": "2.3.1+cpu",
      "cuda_available": false,
      "numpy_version": "1.26.4",
      "sklearn_version": "1.4.2"
    },
    "best_val_auc": 0.9323422786615548,
    "best_val_epoch": 9
  },
  "test": {
    "macro_auc": 0.9265340525695015,
    "macro_auc_ecg": 0.9249564351260012,
    "macro_auc_no_meta": 0.9244963699562538,
    "delta_meta_auc": 0.00203768261324766,
    "macro_f1_optimal": 0.7470999527777147,
    "macro_f1_fixed_05": 0.7339405456992706,
    "w_fused": 1.0,
    "thresholds": [
      0.6949999928474426,
      0.48500001430511475,
      0.6349999904632568,
      0.6650000214576721,
      0.5899999737739563
    ]
  },
  "per_class": {
    "NORM": {
      "auc": 0.9465561819718239,
      "f1": 0.8544366899302094,
      "threshold": 0.6949999928474426
    },
    "MI": {
      "auc": 0.9253056045895853,
      "f1": 0.7408637873754153,
      "threshold": 0.48500001430511475
    },
    "STTC": {
      "auc": 0.9355660929110914,
      "f1": 0.76269621421976,
      "threshold": 0.6349999904632568
    },
    "CD": {
      "auc": 0.9170544141617073,
      "f1": 0.7568134171907757,
      "threshold": 0.6650000214576721
    },
    "HYP": {
      "auc": 0.9081879692132989,
      "f1": 0.6206896551724138,
      "threshold": 0.5899999737739563
    }
  },
  "subgroups": {
    "sex_male": {
      "n": 1066,
      "macro_auc": 0.9183668857144858,
      "per_class_auc": [
        0.9420151575934339,
        0.9120322428520727,
        0.9188435807582033,
        0.9132723112128146,
        0.9056711361559039
      ]
    },
    "sex_female": {
      "n": 1132,
      "macro_auc": 0.9343268660432494,
      "per_class_auc": [
        0.951993984697473,
        0.9362688763886368,
        0.9503643846083167,
        0.9218513952317282,
        0.9111556892900924
      ]
    },
    "age_lt45": {
      "n": 345,
      "macro_auc": 0.9203643078673727,
      "per_class_auc": [
        0.8866214412811388,
        0.9866630375612412,
        0.965034965034965,
        0.8437783147085471,
        0.919723780750971
      ]
    },
    "age_45_65": {
      "n": 703,
      "macro_auc": 0.9251193171468666,
      "per_class_auc": [
        0.9299324059561128,
        0.9209774398727888,
        0.9527386541471049,
        0.903448275862069,
        0.9184998098962576
      ]
    },
    "age_gt65": {
      "n": 1150,
      "macro_auc": 0.9141712055510007,
      "per_class_auc": [
        0.9452531745281532,
        0.8984525106882387,
        0.9091385372714487,
        0.928325231665735,
        0.8896865736014281
      ]
    },
    "meta_complete": {
      "n": 660,
      "macro_auc": 0.937421614372815,
      "per_class_auc": [
        0.9557329997056226,
        0.9404808829325975,
        0.9352459499263623,
        0.9407912570800816,
        0.914856982219411
      ]
    },
    "meta_incomplete": {
      "n": 1538,
      "macro_auc": 0.9219736794274407,
      "per_class_auc": [
        0.9437080750836548,
        0.9188613885598726,
        0.9350268650347209,
        0.9083125256432799,
        0.9039595428156749
      ]
    },
    "fairness_sex_gap": 0.015959980328763668
  },
  "training_history": [
    {
      "epoch": 1,
      "train_loss": 0.6508776443267087,
      "val_auc": 0.9058307603367355,
      "val_f1": 0.6501634220137833,
      "val_auc_ecg": 0.9014986650578394,
      "val_delta_meta": 0.001688373902995144,
      "lr": 0.0009755527298894294,
      "epoch_time_s": 242.25045561790466
    },
    {
      "epoch": 2,
      "train_loss": 0.5660398551083486,
      "val_auc": 0.9113614851179926,
      "val_f1": 0.696665315962306,
      "val_auc_ecg": 0.9090233538338591,
      "val_delta_meta": 0.0006065133236324849,
      "lr": 0.0009046039886902864,
      "epoch_time_s": 242.11265873908997
    },
    {
      "epoch": 3,
      "train_loss": 0.5316610307321636,
      "val_auc": 0.9168389643236996,
      "val_f1": 0.7020214569232912,
      "val_auc_ecg": 0.9145977235944839,
      "val_delta_meta": -0.00023368026456327406,
      "lr": 0.0007940987335200904,
      "epoch_time_s": 258.2125496864319
    },
    {
      "epoch": 4,
      "train_loss": 0.509483905997845,
      "val_auc": 0.9254530751117299,
      "val_f1": 0.730610050806089,
      "val_auc_ecg": 0.9244426837043076,
      "val_delta_meta": 0.0004778447955992027,
      "lr": 0.0006548539886902864,
      "epoch_time_s": 265.85437083244324
    },
    {
      "epoch": 5,
      "train_loss": 0.48145356314991594,
      "val_auc": 0.9255543915838041,
      "val_f1": 0.7233756732929308,
      "val_auc_ecg": 0.9243068334243304,
      "val_delta_meta": -0.0001399397370711597,
      "lr": 0.0005005000000000001,
      "epoch_time_s": 265.1143832206726
    },
    {
      "epoch": 6,
      "train_loss": 0.46229653046765457,
      "val_auc": 0.928186953375963,
      "val_f1": 0.7291636244806015,
      "val_auc_ecg": 0.9271592133700368,
      "val_delta_meta": -9.905640603935506e-05,
      "lr": 0.0003461460113097139,
      "epoch_time_s": 265.17596316337585
    },
    {
      "epoch": 7,
      "train_loss": 0.4378204832930084,
      "val_auc": 0.931433049575463,
      "val_f1": 0.7335328916725358,
      "val_auc_ecg": 0.9302969495660107,
      "val_delta_meta": 0.0009038555310073582,
      "lr": 0.00020690126647990973,
      "epoch_time_s": 266.02787160873413
    },
    {
      "epoch": 8,
      "train_loss": 0.4158408883514754,
      "val_auc": 0.9294331183157848,
      "val_f1": 0.7348744815758071,
      "val_auc_ecg": 0.9287535220250819,
      "val_delta_meta": 0.0003349938131826935,
      "lr": 9.639601130971382e-05,
      "epoch_time_s": 265.7829942703247
    },
    {
      "epoch": 9,
      "train_loss": 0.39588090077452703,
      "val_auc": 0.9323422786615548,
      "val_f1": 0.7454452459124663,
      "val_auc_ecg": 0.9316773554509515,
      "val_delta_meta": 0.0006733201579194326,
      "lr": 2.5447270110570814e-05,
      "epoch_time_s": 266.053640127182
    },
    {
      "epoch": 10,
      "train_loss": 0.3843255965261284,
      "val_auc": 0.9315120621870523,
      "val_f1": 0.7459971453086014,
      "val_auc_ecg": 0.9309038385668102,
      "val_delta_meta": 0.0003247635078520439,
      "lr": 0.001,
      "epoch_time_s": 266.4613342285156
    }
  ]
}