{
  "metadata": {
    "run_name": "ATLAS_A_v5_demo+anthro_lauc0_seed2033",
    "variant": "demo+anthro",
    "seed": 2033,
    "meta_hid": 128,
    "lauc_weight": 0.0,
    "no_aug": false,
    "arch_mode": "standard",
    "meta_mask_mode": "real",
    "test_fold": 10,
    "val_fold": 9,
    "timestamp": "2026-05-06T23:52:32.049451",
    "git_sha": "b8fda1f7a68a5b217a3f76d88337426561bd26e4",
    "analysis_plan_sha256": "4ad22e907fbd431a0b443255a3449c0560371997d5ee36a61e164de7aea5c3dc",
    "wall_time_s": 2648.19455242157,
    "train_time_s": 2618.9997313022614,
    "gpu_peak_mem_mb": 0,
    "num_parameters": 3951951,
    "dataset_sizes": {
      "train": 17418,
      "val": 2183,
      "test": 2198
    },
    "train_fold_ids": [
      1,
      2,
      3,
      4,
      5,
      6,
      7,
      8
    ],
    "pos_weights": [
      1.2930489778518677,
      2.9776203632354736,
      3.161012887954712,
      3.4581520557403564,
      7.21991491317749
    ],
    "loss_weights": {
      "fused": 0.6000000000000001,
      "ecg": 0.30000000000000004,
      "meta": 0.10000000000000002,
      "lauc": 0.0
    },
    "hardware": {
      "python_version": "3.11.7 | packaged by Anaconda, Inc. | (main, Dec 15 2023, 18:05:47) [MSC v.1916 64 bit (AMD64)]",
      "torch_version": "2.3.1+cpu",
      "cuda_available": false,
      "numpy_version": "1.26.4",
      "sklearn_version": "1.4.2"
    },
    "best_val_auc": 0.9320376715227839,
    "best_val_epoch": 9
  },
  "test": {
    "macro_auc": 0.9274203231978368,
    "macro_auc_ecg": 0.9257420397487612,
    "macro_auc_no_meta": 0.9265517698985717,
    "delta_meta_auc": 0.0008685532992651623,
    "macro_f1_optimal": 0.7413380097745077,
    "macro_f1_fixed_05": 0.7368812757949074,
    "w_fused": 1.0,
    "thresholds": [
      0.7250000238418579,
      0.5299999713897705,
      0.5899999737739563,
      0.6050000190734863,
      0.5600000023841858
    ]
  },
  "per_class": {
    "NORM": {
      "auc": 0.9482958534606346,
      "f1": 0.8587229763700351,
      "threshold": 0.7250000238418579
    },
    "MI": {
      "auc": 0.9305075022065312,
      "f1": 0.7315789473684211,
      "threshold": 0.5299999713897705
    },
    "STTC": {
      "auc": 0.937722397526888,
      "f1": 0.7775768535262206,
      "threshold": 0.5899999737739563
    },
    "CD": {
      "auc": 0.9176004984648043,
      "f1": 0.7436893203883496,
      "threshold": 0.6050000190734863
    },
    "HYP": {
      "auc": 0.9029753643303262,
      "f1": 0.5951219512195122,
      "threshold": 0.5600000023841858
    }
  },
  "subgroups": {
    "sex_male": {
      "n": 1066,
      "macro_auc": 0.9183739693783004,
      "per_class_auc": [
        0.9407827447748949,
        0.9179149103744002,
        0.9221576227390181,
        0.9076242978988975,
        0.9033902711042908
      ]
    },
    "sex_female": {
      "n": 1132,
      "macro_auc": 0.9361732331018804,
      "per_class_auc": [
        0.9561751233262861,
        0.9410270368354201,
        0.9505868357295187,
        0.9298563961867717,
        0.9032207734314053
      ]
    },
    "age_lt45": {
      "n": 345,
      "macro_auc": 0.9262536944556266,
      "per_class_auc": [
        0.8911254448398578,
        0.982308111050626,
        0.9621413069688931,
        0.8612956810631229,
        0.9343979283556323
      ]
    },
    "age_45_65": {
      "n": 703,
      "macro_auc": 0.9239873486913719,
      "per_class_auc": [
        0.9264955590386625,
        0.9293008348240906,
        0.9519822639540949,
        0.9008550602747407,
        0.9113030253652707
      ]
    },
    "age_gt65": {
      "n": 1150,
      "macro_auc": 0.9164316230313558,
      "per_class_auc": [
        0.9502709770929829,
        0.9047799480258195,
        0.9159528832630097,
        0.9284066802661148,
        0.8827476265088524
      ]
    },
    "meta_complete": {
      "n": 660,
      "macro_auc": 0.9380760509168482,
      "per_class_auc": [
        0.9571588901972329,
        0.9380282923838303,
        0.9366126656848306,
        0.9499079767730523,
        0.9086724295452948
      ]
    },
    "meta_incomplete": {
      "n": 1538,
      "macro_auc": 0.9230874592154038,
      "per_class_auc": [
        0.945531218071146,
        0.9272397859043034,
        0.9380043255615471,
        0.9056280405603424,
        0.8990339259796807
      ]
    },
    "fairness_sex_gap": 0.017799263723579983
  },
  "training_history": [
    {
      "epoch": 1,
      "train_loss": 0.6597440974974851,
      "val_auc": 0.8965282290533118,
      "val_f1": 0.6606294186633529,
      "val_auc_ecg": 0.8967639279602938,
      "val_delta_meta": 0.0011821867695545052,
      "lr": 0.0009755527298894294,
      "epoch_time_s": 243.06132769584656
    },
    {
      "epoch": 2,
      "train_loss": 0.5709070266386784,
      "val_auc": 0.9047982920849036,
      "val_f1": 0.693901772218702,
      "val_auc_ecg": 0.902825982879817,
      "val_delta_meta": 0.001253214828630611,
      "lr": 0.0009046039886902864,
      "epoch_time_s": 243.22275376319885
    },
    {
      "epoch": 3,
      "train_loss": 0.5324604584536421,
      "val_auc": 0.9129343714059106,
      "val_f1": 0.7069378344715239,
      "val_auc_ecg": 0.9120417967729961,
      "val_delta_meta": 0.0005732857935791813,
      "lr": 0.0007940987335200904,
      "epoch_time_s": 258.9224226474762
    },
    {
      "epoch": 4,
      "train_loss": 0.5112946516330089,
      "val_auc": 0.9229130974635471,
      "val_f1": 0.6994979127040614,
      "val_auc_ecg": 0.9208505240825821,
      "val_delta_meta": 0.0010767700687823734,
      "lr": 0.0006548539886902864,
      "epoch_time_s": 266.51630997657776
    },
    {
      "epoch": 5,
      "train_loss": 0.4849488134777874,
      "val_auc": 0.9283342133673337,
      "val_f1": 0.7318263637158842,
      "val_auc_ecg": 0.92701826753622,
      "val_delta_meta": 0.0006581982278700549,
      "lr": 0.0005005000000000001,
      "epoch_time_s": 265.92921113967896
    },
    {
      "epoch": 6,
      "train_loss": 0.46398657932194,
      "val_auc": 0.9293421187331511,
      "val_f1": 0.7324020548796659,
      "val_auc_ecg": 0.9280333433570686,
      "val_delta_meta": 0.0014258470817081204,
      "lr": 0.0003461460113097139,
      "epoch_time_s": 265.3762888908386
    },
    {
      "epoch": 7,
      "train_loss": 0.4439120837307851,
      "val_auc": 0.9288174433068928,
      "val_f1": 0.7335982508189642,
      "val_auc_ecg": 0.9280598039243472,
      "val_delta_meta": 0.0003119625196500442,
      "lr": 0.00020690126647990973,
      "epoch_time_s": 265.36843609809875
    },
    {
      "epoch": 8,
      "train_loss": 0.4224536901767101,
      "val_auc": 0.9313100237622832,
      "val_f1": 0.7373220069076257,
      "val_auc_ecg": 0.9306090570867213,
      "val_delta_meta": 0.0006683870953798632,
      "lr": 9.639601130971382e-05,
      "epoch_time_s": 267.1729600429535
    },
    {
      "epoch": 9,
      "train_loss": 0.40466401877753233,
      "val_auc": 0.9320376715227839,
      "val_f1": 0.7423968115053231,
      "val_auc_ecg": 0.9310409308216275,
      "val_delta_meta": 0.00032073693825496186,
      "lr": 2.5447270110570814e-05,
      "epoch_time_s": 266.9466152191162
    },
    {
      "epoch": 10,
      "train_loss": 0.3893097504016456,
      "val_auc": 0.93196927117688,
      "val_f1": 0.7448411985932492,
      "val_auc_ecg": 0.9307501054439126,
      "val_delta_meta": 0.0006883384515807833,
      "lr": 0.001,
      "epoch_time_s": 266.9567470550537
    }
  ]
}