{
  "metadata": {
    "run_name": "ATLAS_A_v5_demo+anthro_metaH256_seed2028",
    "variant": "demo+anthro",
    "seed": 2028,
    "meta_hid": 256,
    "lauc_weight": 0.08,
    "no_aug": false,
    "arch_mode": "standard",
    "meta_mask_mode": "real",
    "test_fold": 10,
    "val_fold": 9,
    "timestamp": "2026-05-06T12:51:31.160271",
    "git_sha": "b8fda1f7a68a5b217a3f76d88337426561bd26e4",
    "analysis_plan_sha256": "4ad22e907fbd431a0b443255a3449c0560371997d5ee36a61e164de7aea5c3dc",
    "wall_time_s": 2641.4048931598663,
    "train_time_s": 2611.8760285377502,
    "gpu_peak_mem_mb": 0,
    "num_parameters": 3985359,
    "dataset_sizes": {
      "train": 17418,
      "val": 2183,
      "test": 2198
    },
    "train_fold_ids": [
      1,
      2,
      3,
      4,
      5,
      6,
      7,
      8
    ],
    "pos_weights": [
      1.2930489778518677,
      2.9776203632354736,
      3.161012887954712,
      3.4581520557403564,
      7.21991491317749
    ],
    "loss_weights": {
      "fused": 0.52,
      "ecg": 0.3,
      "meta": 0.1,
      "lauc": 0.08
    },
    "hardware": {
      "python_version": "3.11.7 | packaged by Anaconda, Inc. | (main, Dec 15 2023, 18:05:47) [MSC v.1916 64 bit (AMD64)]",
      "torch_version": "2.3.1+cpu",
      "cuda_available": false,
      "numpy_version": "1.26.4",
      "sklearn_version": "1.4.2"
    },
    "best_val_auc": 0.9327796658259497,
    "best_val_epoch": 9
  },
  "test": {
    "macro_auc": 0.9283103307293767,
    "macro_auc_ecg": 0.927217677902024,
    "macro_auc_no_meta": 0.9269533706399299,
    "delta_meta_auc": 0.001356960089446857,
    "macro_f1_optimal": 0.7396958636668591,
    "macro_f1_fixed_05": 0.7378131276606064,
    "w_fused": 1.0,
    "thresholds": [
      0.4099999964237213,
      0.7850000262260437,
      0.6650000214576721,
      0.6949999928474426,
      0.7400000095367432
    ]
  },
  "per_class": {
    "NORM": {
      "auc": 0.9485220359789961,
      "f1": 0.8599905078310394,
      "threshold": 0.4099999964237213
    },
    "MI": {
      "auc": 0.9305372903795235,
      "f1": 0.7320261437908496,
      "threshold": 0.7850000262260437
    },
    "STTC": {
      "auc": 0.9349840966811908,
      "f1": 0.7655677655677655,
      "threshold": 0.6650000214576721
    },
    "CD": {
      "auc": 0.9152550604601797,
      "f1": 0.740894901144641,
      "threshold": 0.6949999928474426
    },
    "HYP": {
      "auc": 0.9122531701469938,
      "f1": 0.6,
      "threshold": 0.7400000095367432
    }
  },
  "subgroups": {
    "sex_male": {
      "n": 1066,
      "macro_auc": 0.921469691478546,
      "per_class_auc": [
        0.9441366424159628,
        0.9242497168054685,
        0.9202262751761,
        0.9092157270646973,
        0.9095200959305006
      ]
    },
    "sex_female": {
      "n": 1132,
      "macro_auc": 0.9351898761038541,
      "per_class_auc": [
        0.9533908436524715,
        0.9358817718099155,
        0.9470082742145299,
        0.9234011703623956,
        0.9162673204799583
      ]
    },
    "age_lt45": {
      "n": 345,
      "macro_auc": 0.924922741388251,
      "per_class_auc": [
        0.8899577402135231,
        0.9847577572128471,
        0.9604533397636845,
        0.8660525520990638,
        0.9233923176521364
      ]
    },
    "age_45_65": {
      "n": 703,
      "macro_auc": 0.9250492254923867,
      "per_class_auc": [
        0.9310997910135842,
        0.9293877956668655,
        0.9495696400625978,
        0.8918278665545275,
        0.9233610341643583
      ]
    },
    "age_gt65": {
      "n": 1150,
      "macro_auc": 0.9174603987565149,
      "per_class_auc": [
        0.9487349150833412,
        0.9058596697124653,
        0.9111884669479605,
        0.9273774661340421,
        0.8941414759047656
      ]
    },
    "meta_complete": {
      "n": 660,
      "macro_auc": 0.938858754173997,
      "per_class_auc": [
        0.9559077862820136,
        0.9390940013722827,
        0.9363652430044181,
        0.9460843760254526,
        0.9168423641858178
      ]
    },
    "meta_incomplete": {
      "n": 1538,
      "macro_auc": 0.9238175262411484,
      "per_class_auc": [
        0.9455294833965623,
        0.9263551632405259,
        0.9343479652403306,
        0.9036750483558994,
        0.9091799709724238
      ]
    },
    "fairness_sex_gap": 0.013720184625308107
  },
  "training_history": [
    {
      "epoch": 1,
      "train_loss": 0.6472907226566874,
      "val_auc": 0.900359434366821,
      "val_f1": 0.6926954444937926,
      "val_auc_ecg": 0.8973185218922662,
      "val_delta_meta": 0.0016200136117813235,
      "lr": 0.0009755527298894294,
      "epoch_time_s": 242.60266304016113
    },
    {
      "epoch": 2,
      "train_loss": 0.5566269077292276,
      "val_auc": 0.9058687603717501,
      "val_f1": 0.6978423379122548,
      "val_auc_ecg": 0.9046567608259697,
      "val_delta_meta": 4.139993909180184e-05,
      "lr": 0.0009046039886902864,
      "epoch_time_s": 242.40656661987305
    },
    {
      "epoch": 3,
      "train_loss": 0.5226510346482653,
      "val_auc": 0.9149364009967277,
      "val_f1": 0.7106800129270732,
      "val_auc_ecg": 0.912722387233241,
      "val_delta_meta": 0.0015811682759784285,
      "lr": 0.0007940987335200904,
      "epoch_time_s": 258.244597196579
    },
    {
      "epoch": 4,
      "train_loss": 0.4971716298422682,
      "val_auc": 0.9174379071034764,
      "val_f1": 0.7035648315726274,
      "val_auc_ecg": 0.9148363265635672,
      "val_delta_meta": 0.0004273071342897339,
      "lr": 0.0006548539886902864,
      "epoch_time_s": 267.76430439949036
    },
    {
      "epoch": 5,
      "train_loss": 0.47781408587726976,
      "val_auc": 0.9250906816078434,
      "val_f1": 0.7248528687391833,
      "val_auc_ecg": 0.9244152786318931,
      "val_delta_meta": 0.0005821803349700394,
      "lr": 0.0005005000000000001,
      "epoch_time_s": 264.28558588027954
    },
    {
      "epoch": 6,
      "train_loss": 0.4590875156428836,
      "val_auc": 0.9264945873116615,
      "val_f1": 0.7321896473727358,
      "val_auc_ecg": 0.9255626885546766,
      "val_delta_meta": 0.00037998117913562446,
      "lr": 0.0003461460113097139,
      "epoch_time_s": 264.74464559555054
    },
    {
      "epoch": 7,
      "train_loss": 0.43533879567723754,
      "val_auc": 0.9302385357279036,
      "val_f1": 0.732621423281643,
      "val_auc_ecg": 0.9292652937148855,
      "val_delta_meta": 0.0007870630739724715,
      "lr": 0.00020690126647990973,
      "epoch_time_s": 265.0486960411072
    },
    {
      "epoch": 8,
      "train_loss": 0.4159340752100726,
      "val_auc": 0.9309914728286636,
      "val_f1": 0.7314052049723107,
      "val_auc_ecg": 0.9309475251486561,
      "val_delta_meta": 0.0004794848774504201,
      "lr": 9.639601130971382e-05,
      "epoch_time_s": 265.1804950237274
    },
    {
      "epoch": 9,
      "train_loss": 0.39834928605534614,
      "val_auc": 0.9327796658259497,
      "val_f1": 0.7393114670261908,
      "val_auc_ecg": 0.9324940558933121,
      "val_delta_meta": 0.0005905266195407322,
      "lr": 2.5447270110570814e-05,
      "epoch_time_s": 265.4683482646942
    },
    {
      "epoch": 10,
      "train_loss": 0.38368841065179315,
      "val_auc": 0.9323940717589757,
      "val_f1": 0.7353012724372932,
      "val_auc_ecg": 0.9322313706222604,
      "val_delta_meta": 0.00037980285387484436,
      "lr": 0.001,
      "epoch_time_s": 266.0315029621124
    }
  ]
}