{
  "metadata": {
    "run_name": "ATLAS_A_v5_demo+anthro_lauc0_seed2029",
    "variant": "demo+anthro",
    "seed": 2029,
    "meta_hid": 128,
    "lauc_weight": 0.0,
    "no_aug": false,
    "arch_mode": "standard",
    "meta_mask_mode": "real",
    "test_fold": 10,
    "val_fold": 9,
    "timestamp": "2026-05-06T20:55:50.468571",
    "git_sha": "b8fda1f7a68a5b217a3f76d88337426561bd26e4",
    "analysis_plan_sha256": "4ad22e907fbd431a0b443255a3449c0560371997d5ee36a61e164de7aea5c3dc",
    "wall_time_s": 2622.216917037964,
    "train_time_s": 2593.0366377830505,
    "gpu_peak_mem_mb": 0,
    "num_parameters": 3951951,
    "dataset_sizes": {
      "train": 17418,
      "val": 2183,
      "test": 2198
    },
    "train_fold_ids": [
      1,
      2,
      3,
      4,
      5,
      6,
      7,
      8
    ],
    "pos_weights": [
      1.2930489778518677,
      2.9776203632354736,
      3.161012887954712,
      3.4581520557403564,
      7.21991491317749
    ],
    "loss_weights": {
      "fused": 0.6000000000000001,
      "ecg": 0.30000000000000004,
      "meta": 0.10000000000000002,
      "lauc": 0.0
    },
    "hardware": {
      "python_version": "3.11.7 | packaged by Anaconda, Inc. | (main, Dec 15 2023, 18:05:47) [MSC v.1916 64 bit (AMD64)]",
      "torch_version": "2.3.1+cpu",
      "cuda_available": false,
      "numpy_version": "1.26.4",
      "sklearn_version": "1.4.2"
    },
    "best_val_auc": 0.9326106573922516,
    "best_val_epoch": 10
  },
  "test": {
    "macro_auc": 0.9292849935507619,
    "macro_auc_ecg": 0.9278514022903994,
    "macro_auc_no_meta": 0.928324048668199,
    "delta_meta_auc": 0.0009609448825629308,
    "macro_f1_optimal": 0.7468003983312835,
    "macro_f1_fixed_05": 0.7336238930086623,
    "w_fused": 1.0,
    "thresholds": [
      0.5299999713897705,
      0.6650000214576721,
      0.6349999904632568,
      0.7099999785423279,
      0.6200000047683716
    ]
  },
  "per_class": {
    "NORM": {
      "auc": 0.9505080698391076,
      "f1": 0.8647058823529412,
      "threshold": 0.5299999713897705
    },
    "MI": {
      "auc": 0.9319792586054721,
      "f1": 0.7382671480144405,
      "threshold": 0.6650000214576721
    },
    "STTC": {
      "auc": 0.9379822070533136,
      "f1": 0.7674624226348364,
      "threshold": 0.6349999904632568
    },
    "CD": {
      "auc": 0.9193998521663318,
      "f1": 0.7547169811320755,
      "threshold": 0.7099999785423279
    },
    "HYP": {
      "auc": 0.9065555800895841,
      "f1": 0.6088495575221239,
      "threshold": 0.6200000047683716
    }
  },
  "subgroups": {
    "sex_male": {
      "n": 1066,
      "macro_auc": 0.9208595259480064,
      "per_class_auc": [
        0.9457160101628882,
        0.9222029374443942,
        0.9218080775901737,
        0.9098554191803621,
        0.9047151853622131
      ]
    },
    "sex_female": {
      "n": 1132,
      "macro_auc": 0.9371882070699289,
      "per_class_auc": [
        0.9554735477700593,
        0.9405270267545718,
        0.9513847582294825,
        0.9300821337408185,
        0.9084735688547123
      ]
    },
    "age_lt45": {
      "n": 345,
      "macro_auc": 0.9202488689381543,
      "per_class_auc": [
        0.8894572953736655,
        0.987751769188895,
        0.9631058596575838,
        0.8593325279371792,
        0.9015968925334484
      ]
    },
    "age_45_65": {
      "n": 703,
      "macro_auc": 0.9265186208197976,
      "per_class_auc": [
        0.9320222701149427,
        0.9310027827469688,
        0.9506651017214398,
        0.9042052144659378,
        0.9146977350496985
      ]
    },
    "age_gt65": {
      "n": 1150,
      "macro_auc": 0.9190940384851037,
      "per_class_auc": [
        0.9515904149730599,
        0.9072478833095816,
        0.9160161744022504,
        0.9307872007226712,
        0.8898285190179561
      ]
    },
    "meta_complete": {
      "n": 660,
      "macro_auc": 0.9421947707537871,
      "per_class_auc": [
        0.9619885192817191,
        0.9455320515627965,
        0.9366362297496318,
        0.9484812600761867,
        0.9183357930986016
      ]
    },
    "meta_incomplete": {
      "n": 1538,
      "macro_auc": 0.9240401560407923,
      "per_class_auc": [
        0.9464540649496858,
        0.9268102335531422,
        0.9385135004073399,
        0.9092620596682492,
        0.8991609216255443
      ]
    },
    "fairness_sex_gap": 0.01632868112192254
  },
  "training_history": [
    {
      "epoch": 1,
      "train_loss": 0.653095087436361,
      "val_auc": 0.8961100129763434,
      "val_f1": 0.6867569235694708,
      "val_auc_ecg": 0.8950838731005192,
      "val_delta_meta": -0.0007696133690876517,
      "lr": 0.0009755527298894294,
      "epoch_time_s": 242.13629174232483
    },
    {
      "epoch": 2,
      "train_loss": 0.5719046553887358,
      "val_auc": 0.9150661312339331,
      "val_f1": 0.7037465091105789,
      "val_auc_ecg": 0.9139665267607701,
      "val_delta_meta": 0.00035836982384740423,
      "lr": 0.0009046039886902864,
      "epoch_time_s": 242.41307020187378
    },
    {
      "epoch": 3,
      "train_loss": 0.5335955163754454,
      "val_auc": 0.9121608674682136,
      "val_f1": 0.6839104545012997,
      "val_auc_ecg": 0.912082489378865,
      "val_delta_meta": -0.000956670016339034,
      "lr": 0.0007940987335200904,
      "epoch_time_s": 257.4853262901306
    },
    {
      "epoch": 4,
      "train_loss": 0.5087185346752132,
      "val_auc": 0.9195574822491773,
      "val_f1": 0.7191519649595776,
      "val_auc_ecg": 0.9181414956633992,
      "val_delta_meta": 9.237991402211154e-05,
      "lr": 0.0006548539886902864,
      "epoch_time_s": 262.77949023246765
    },
    {
      "epoch": 5,
      "train_loss": 0.4879566418468405,
      "val_auc": 0.9241040033234322,
      "val_f1": 0.7234506664602411,
      "val_auc_ecg": 0.9225033249180518,
      "val_delta_meta": -0.00025553752698836973,
      "lr": 0.0005005000000000001,
      "epoch_time_s": 263.19283533096313
    },
    {
      "epoch": 6,
      "train_loss": 0.4687562397313774,
      "val_auc": 0.9281054548967834,
      "val_f1": 0.722514206228638,
      "val_auc_ecg": 0.9270719333638034,
      "val_delta_meta": 0.0002577030175660022,
      "lr": 0.0003461460113097139,
      "epoch_time_s": 262.3224563598633
    },
    {
      "epoch": 7,
      "train_loss": 0.44593498097100387,
      "val_auc": 0.9260698351309067,
      "val_f1": 0.7269721930839916,
      "val_auc_ecg": 0.9251114258784296,
      "val_delta_meta": 0.00018659024314371386,
      "lr": 0.00020690126647990973,
      "epoch_time_s": 262.55277585983276
    },
    {
      "epoch": 8,
      "train_loss": 0.4265485354793181,
      "val_auc": 0.9309084355224071,
      "val_f1": 0.7274111643956643,
      "val_auc_ecg": 0.9301769071655874,
      "val_delta_meta": 0.0001020948148813261,
      "lr": 9.639601130971382e-05,
      "epoch_time_s": 263.43913078308105
    },
    {
      "epoch": 9,
      "train_loss": 0.4064109838883811,
      "val_auc": 0.9309333805807668,
      "val_f1": 0.7376004409167891,
      "val_auc_ecg": 0.9307694175957518,
      "val_delta_meta": -0.0006067821431091636,
      "lr": 2.5447270110570814e-05,
      "epoch_time_s": 263.2694990634918
    },
    {
      "epoch": 10,
      "train_loss": 0.3960846514056582,
      "val_auc": 0.9326106573922516,
      "val_f1": 0.7412283497261485,
      "val_auc_ecg": 0.9319137838717175,
      "val_delta_meta": 0.00010605421600862197,
      "lr": 0.001,
      "epoch_time_s": 262.68449234962463
    }
  ]
}