{
  "metadata": {
    "run_name": "ATLAS_A_v5_demo+anthro_trainmask_seed2025",
    "variant": "demo+anthro",
    "seed": 2025,
    "meta_hid": 128,
    "lauc_weight": 0.08,
    "no_aug": false,
    "arch_mode": "standard",
    "meta_mask_mode": "trainmask",
    "test_fold": 10,
    "val_fold": 9,
    "timestamp": "2026-05-10T15:55:00.718304",
    "git_sha": "b8fda1f7a68a5b217a3f76d88337426561bd26e4",
    "analysis_plan_sha256": "4ad22e907fbd431a0b443255a3449c0560371997d5ee36a61e164de7aea5c3dc",
    "wall_time_s": 2623.634400844574,
    "train_time_s": 2593.8757066726685,
    "gpu_peak_mem_mb": 0,
    "num_parameters": 3951951,
    "dataset_sizes": {
      "train": 17418,
      "val": 2183,
      "test": 2198
    },
    "train_fold_ids": [
      1,
      2,
      3,
      4,
      5,
      6,
      7,
      8
    ],
    "pos_weights": [
      1.2930489778518677,
      2.9776203632354736,
      3.161012887954712,
      3.4581520557403564,
      7.21991491317749
    ],
    "loss_weights": {
      "fused": 0.52,
      "ecg": 0.3,
      "meta": 0.1,
      "lauc": 0.08
    },
    "hardware": {
      "python_version": "3.11.7 | packaged by Anaconda, Inc. | (main, Dec 15 2023, 18:05:47) [MSC v.1916 64 bit (AMD64)]",
      "torch_version": "2.3.1+cpu",
      "cuda_available": false,
      "numpy_version": "1.26.4",
      "sklearn_version": "1.4.2"
    },
    "best_val_auc": 0.4841294672032392,
    "best_val_epoch": 8
  },
  "test": {
    "macro_auc": 0.48031287884303786,
    "macro_auc_ecg": 0.9254653349415249,
    "macro_auc_no_meta": 0.9253160202003844,
    "delta_meta_auc": -0.44500314135734653,
    "macro_f1_optimal": 0.22438081302143828,
    "macro_f1_fixed_05": 0.22413910765580294,
    "w_fused": 1.0,
    "thresholds": [
      0.05000000074505806,
      0.05000000074505806,
      0.05000000074505806,
      0.05000000074505806,
      0.05000000074505806
    ]
  },
  "per_class": {
    "NORM": {
      "auc": 0.48117429927562727,
      "f1": 0.3731513083048919,
      "threshold": 0.05000000074505806
    },
    "MI": {
      "auc": 0.4271778464254193,
      "f1": 0.23071672354948805,
      "threshold": 0.05000000074505806
    },
    "STTC": {
      "auc": 0.4998992808884341,
      "f1": 0.011235955056179775,
      "threshold": 0.05000000074505806
    },
    "CD": {
      "auc": 0.4996138319244911,
      "f1": 0.36665409279517164,
      "threshold": 0.05000000074505806
    },
    "HYP": {
      "auc": 0.4936991357012176,
      "f1": 0.14014598540145987,
      "threshold": 0.05000000074505806
    }
  },
  "subgroups": {
    "sex_male": {
      "n": 1066,
      "macro_auc": 0.48802931123025284,
      "per_class_auc": [
        0.5651751218859891,
        0.41480584766321976,
        0.5004203391030405,
        0.5,
        0.4597452474990147
      ]
    },
    "sex_female": {
      "n": 1132,
      "macro_auc": 0.4703290131439499,
      "per_class_auc": [
        0.39944975083056483,
        0.42656908405411403,
        0.49994196927272994,
        0.5002561253017068,
        0.5254281362606338
      ]
    },
    "age_lt45": {
      "n": 345,
      "macro_auc": 0.5109536079872333,
      "per_class_auc": [
        0.5109541814946619,
        0.5002721829069134,
        0.5082589823969134,
        0.5,
        0.535282693137678
      ]
    },
    "age_45_65": {
      "n": 703,
      "macro_auc": 0.508258993870253,
      "per_class_auc": [
        0.5055430381400209,
        0.5174729179089643,
        0.5010693792383933,
        0.4877978693580039,
        0.5294117647058824
      ]
    },
    "age_gt65": {
      "n": 1150,
      "macro_auc": 0.4845677329474472,
      "per_class_auc": [
        0.4461531493209818,
        0.45146617486796875,
        0.5013888888888889,
        0.5,
        0.5238304516593966
      ]
    },
    "meta_complete": {
      "n": 660,
      "macro_auc": 0.49101345059442736,
      "per_class_auc": [
        0.5376113114512805,
        0.4264587804201522,
        0.4982798232695139,
        0.5009487666034156,
        0.4917685712277743
      ]
    },
    "meta_incomplete": {
      "n": 1538,
      "macro_auc": 0.4754924831334554,
      "per_class_auc": [
        0.4582810762614987,
        0.4435447000257306,
        0.5,
        0.4998429165934002,
        0.47579372278664733
      ]
    },
    "fairness_sex_gap": 0.017700298086302912
  },
  "training_history": [
    {
      "epoch": 1,
      "train_loss": 0.593923337853283,
      "val_auc": 0.4840247551613544,
      "val_f1": 0.22764864741568483,
      "val_auc_ecg": 0.895019246308172,
      "val_delta_meta": -0.4130957906574961,
      "lr": 0.0009755527298894294,
      "epoch_time_s": 246.42930340766907
    },
    {
      "epoch": 2,
      "train_loss": 0.5113680078348982,
      "val_auc": 0.4840247551613544,
      "val_f1": 0.22764864741568483,
      "val_auc_ecg": 0.9120074749233742,
      "val_delta_meta": -0.42869653221628995,
      "lr": 0.0009046039886902864,
      "epoch_time_s": 243.46334099769592
    },
    {
      "epoch": 3,
      "train_loss": 0.4775641876623171,
      "val_auc": 0.4840247551613544,
      "val_f1": 0.22764864741568483,
      "val_auc_ecg": 0.9155792782301697,
      "val_delta_meta": -0.4326286790064792,
      "lr": 0.0007940987335200904,
      "epoch_time_s": 256.22918367385864
    },
    {
      "epoch": 4,
      "train_loss": 0.45019238823597585,
      "val_auc": 0.4840247551613544,
      "val_f1": 0.22764864741568483,
      "val_auc_ecg": 0.9179064270956863,
      "val_delta_meta": -0.43461613860120635,
      "lr": 0.0006548539886902864,
      "epoch_time_s": 263.12709736824036
    },
    {
      "epoch": 5,
      "train_loss": 0.4316264151706608,
      "val_auc": 0.4840247551613544,
      "val_f1": 0.22764864741568483,
      "val_auc_ecg": 0.9209800386235191,
      "val_delta_meta": -0.4379218160130996,
      "lr": 0.0005005000000000001,
      "epoch_time_s": 262.25980591773987
    },
    {
      "epoch": 6,
      "train_loss": 0.4072885936279909,
      "val_auc": 0.4840247551613544,
      "val_f1": 0.22764864741568483,
      "val_auc_ecg": 0.9259804559558095,
      "val_delta_meta": -0.44250518520621845,
      "lr": 0.0003461460113097139,
      "epoch_time_s": 262.3427596092224
    },
    {
      "epoch": 7,
      "train_loss": 0.3847214870770043,
      "val_auc": 0.4840247551613544,
      "val_f1": 0.22764864741568483,
      "val_auc_ecg": 0.927985705391482,
      "val_delta_meta": -0.4443022111598301,
      "lr": 0.00020690126647990973,
      "epoch_time_s": 264.2222135066986
    },
    {
      "epoch": 8,
      "train_loss": 0.36641209530174185,
      "val_auc": 0.4841294672032392,
      "val_f1": 0.2278341904452387,
      "val_auc_ecg": 0.9292861884201976,
      "val_delta_meta": -0.4451323047658338,
      "lr": 9.639601130971382e-05,
      "epoch_time_s": 263.7501230239868
    },
    {
      "epoch": 9,
      "train_loss": 0.34498636793652804,
      "val_auc": 0.4840247551613544,
      "val_f1": 0.22764864741568483,
      "val_auc_ecg": 0.9316025104569231,
      "val_delta_meta": -0.4477548937877211,
      "lr": 2.5447270110570814e-05,
      "epoch_time_s": 263.9123523235321
    },
    {
      "epoch": 10,
      "train_loss": 0.3335638598564568,
      "val_auc": 0.4840247551613544,
      "val_f1": 0.22764864741568483,
      "val_auc_ecg": 0.9317438825817239,
      "val_delta_meta": -0.4477556172875424,
      "lr": 0.001,
      "epoch_time_s": 263.16486525535583
    }
  ]
}