{
  "metadata": {
    "run_name": "ATLAS_A_v5_demo+anthro_metaH64_seed2028",
    "variant": "demo+anthro",
    "seed": 2028,
    "meta_hid": 64,
    "lauc_weight": 0.08,
    "no_aug": false,
    "arch_mode": "standard",
    "meta_mask_mode": "real",
    "test_fold": 10,
    "val_fold": 9,
    "timestamp": "2026-05-06T05:26:39.805885",
    "git_sha": "b8fda1f7a68a5b217a3f76d88337426561bd26e4",
    "analysis_plan_sha256": "4ad22e907fbd431a0b443255a3449c0560371997d5ee36a61e164de7aea5c3dc",
    "wall_time_s": 2645.940912246704,
    "train_time_s": 2616.6957714557648,
    "gpu_peak_mem_mb": 0,
    "num_parameters": 3935247,
    "dataset_sizes": {
      "train": 17418,
      "val": 2183,
      "test": 2198
    },
    "train_fold_ids": [
      1,
      2,
      3,
      4,
      5,
      6,
      7,
      8
    ],
    "pos_weights": [
      1.2930489778518677,
      2.9776203632354736,
      3.161012887954712,
      3.4581520557403564,
      7.21991491317749
    ],
    "loss_weights": {
      "fused": 0.52,
      "ecg": 0.3,
      "meta": 0.1,
      "lauc": 0.08
    },
    "hardware": {
      "python_version": "3.11.7 | packaged by Anaconda, Inc. | (main, Dec 15 2023, 18:05:47) [MSC v.1916 64 bit (AMD64)]",
      "torch_version": "2.3.1+cpu",
      "cuda_available": false,
      "numpy_version": "1.26.4",
      "sklearn_version": "1.4.2"
    },
    "best_val_auc": 0.9324231044260471,
    "best_val_epoch": 10
  },
  "test": {
    "macro_auc": 0.9300053309678148,
    "macro_auc_ecg": 0.9287668838394192,
    "macro_auc_no_meta": 0.9287346632724389,
    "delta_meta_auc": 0.001270667695375871,
    "macro_f1_optimal": 0.751124414399469,
    "macro_f1_fixed_05": 0.7382871619552319,
    "w_fused": 1.0,
    "thresholds": [
      0.5,
      0.7400000095367432,
      0.6349999904632568,
      0.6349999904632568,
      0.6949999928474426
    ]
  },
  "per_class": {
    "NORM": {
      "auc": 0.9508847604273084,
      "f1": 0.8597590361445783,
      "threshold": 0.5
    },
    "MI": {
      "auc": 0.9312819947043248,
      "f1": 0.736346516007533,
      "threshold": 0.7400000095367432
    },
    "STTC": {
      "auc": 0.9367644214316534,
      "f1": 0.782608695652174,
      "threshold": 0.6349999904632568
    },
    "CD": {
      "auc": 0.9157667923884614,
      "f1": 0.7507568113017155,
      "threshold": 0.6349999904632568
    },
    "HYP": {
      "auc": 0.9153286858873257,
      "f1": 0.6261510128913443,
      "threshold": 0.6949999928474426
    }
  },
  "subgroups": {
    "sex_male": {
      "n": 1066,
      "macro_auc": 0.9239048347701037,
      "per_class_auc": [
        0.9462328284416303,
        0.9225967358487814,
        0.9250159286396941,
        0.9111608071562305,
        0.914517873764182
      ]
    },
    "sex_female": {
      "n": 1132,
      "macro_auc": 0.9361695194421094,
      "per_class_auc": [
        0.9567697322057787,
        0.9388616705981975,
        0.9462248593963837,
        0.922003333970029,
        0.9169880010401575
      ]
    },
    "age_lt45": {
      "n": 345,
      "macro_auc": 0.9213275258633379,
      "per_class_auc": [
        0.8891236654804271,
        0.979858464888405,
        0.9639498432601881,
        0.855708245243129,
        0.9179974104445404
      ]
    },
    "age_45_65": {
      "n": 703,
      "macro_auc": 0.9291498399693193,
      "per_class_auc": [
        0.9314508228840125,
        0.9334128403895846,
        0.9495435576421493,
        0.9024950939164563,
        0.9288468850143935
      ]
    },
    "age_gt65": {
      "n": 1150,
      "macro_auc": 0.9188820134709734,
      "per_class_auc": [
        0.9524135866654063,
        0.9050783804174699,
        0.9145007032348804,
        0.925300526824356,
        0.8971168702127543
      ]
    },
    "meta_complete": {
      "n": 660,
      "macro_auc": 0.9418425491537888,
      "per_class_auc": [
        0.9618229319988225,
        0.9409334442838582,
        0.9375670103092784,
        0.9405915167425204,
        0.9282978424344648
      ]
    },
    "meta_incomplete": {
      "n": 1538,
      "macro_auc": 0.9246172936685207,
      "per_class_auc": [
        0.9464783503938579,
        0.9265890778871979,
        0.9363749660550102,
        0.9061649375769297,
        0.9074791364296082
      ]
    },
    "fairness_sex_gap": 0.012264684672005699
  },
  "training_history": [
    {
      "epoch": 1,
      "train_loss": 0.6459240291096748,
      "val_auc": 0.8982974167607287,
      "val_f1": 0.6949997069599959,
      "val_auc_ecg": 0.8963291251094294,
      "val_delta_meta": 0.0013547694065950688,
      "lr": 0.0009755527298894294,
      "epoch_time_s": 242.1119990348816
    },
    {
      "epoch": 2,
      "train_loss": 0.5583428580826576,
      "val_auc": 0.904343401393076,
      "val_f1": 0.6939907551632866,
      "val_auc_ecg": 0.9039579829643823,
      "val_delta_meta": -0.0008377017126086628,
      "lr": 0.0009046039886902864,
      "epoch_time_s": 241.33162999153137
    },
    {
      "epoch": 3,
      "train_loss": 0.5263453491784017,
      "val_auc": 0.9154946865070768,
      "val_f1": 0.6974282513054529,
      "val_auc_ecg": 0.9137642537241668,
      "val_delta_meta": 0.0006753058583852667,
      "lr": 0.0007940987335200904,
      "epoch_time_s": 258.7430555820465
    },
    {
      "epoch": 4,
      "train_loss": 0.5003958820203028,
      "val_auc": 0.9227500621639664,
      "val_f1": 0.70889415767238,
      "val_auc_ecg": 0.9211274914880503,
      "val_delta_meta": 0.0007115993512798457,
      "lr": 0.0006548539886902864,
      "epoch_time_s": 265.5744688510895
    },
    {
      "epoch": 5,
      "train_loss": 0.4784647421005669,
      "val_auc": 0.929053883747641,
      "val_f1": 0.7304135663780632,
      "val_auc_ecg": 0.9274081339621839,
      "val_delta_meta": 0.0008223969709322265,
      "lr": 0.0005005000000000001,
      "epoch_time_s": 265.4076886177063
    },
    {
      "epoch": 6,
      "train_loss": 0.45769606992739054,
      "val_auc": 0.9265648472456107,
      "val_f1": 0.7297398648139476,
      "val_auc_ecg": 0.9251990802653625,
      "val_delta_meta": -0.0005579833496921482,
      "lr": 0.0003461460113097139,
      "epoch_time_s": 265.88326930999756
    },
    {
      "epoch": 7,
      "train_loss": 0.43738279230550886,
      "val_auc": 0.9302065116852803,
      "val_f1": 0.7345337452184688,
      "val_auc_ecg": 0.9285854656028848,
      "val_delta_meta": 0.001364546336011685,
      "lr": 0.00020690126647990973,
      "epoch_time_s": 266.00420022010803
    },
    {
      "epoch": 8,
      "train_loss": 0.4154372283078115,
      "val_auc": 0.9300076029293465,
      "val_f1": 0.7310657607203744,
      "val_auc_ecg": 0.927876575433146,
      "val_delta_meta": 0.00034390991147081884,
      "lr": 9.639601130971382e-05,
      "epoch_time_s": 266.8065526485443
    },
    {
      "epoch": 9,
      "train_loss": 0.398992235972247,
      "val_auc": 0.93210913601937,
      "val_f1": 0.7409227302328737,
      "val_auc_ecg": 0.9306789630893186,
      "val_delta_meta": 0.0008990816517788769,
      "lr": 2.5447270110570814e-05,
      "epoch_time_s": 267.26148533821106
    },
    {
      "epoch": 10,
      "train_loss": 0.3839811829798812,
      "val_auc": 0.9324231044260471,
      "val_f1": 0.7424215928229978,
      "val_auc_ecg": 0.931236630960292,
      "val_delta_meta": 0.00040797296471895006,
      "lr": 0.001,
      "epoch_time_s": 267.1399691104889
    }
  ]
}