{
  "metadata": {
    "run_name": "ATLAS_A_v5_demo+anthro_no_residual_seed2032",
    "variant": "demo+anthro",
    "seed": 2032,
    "meta_hid": 128,
    "lauc_weight": 0.08,
    "no_aug": false,
    "arch_mode": "no_residual",
    "meta_mask_mode": "real",
    "test_fold": 10,
    "val_fold": 9,
    "timestamp": "2026-05-09T22:47:46.443766",
    "git_sha": "b8fda1f7a68a5b217a3f76d88337426561bd26e4",
    "analysis_plan_sha256": "4ad22e907fbd431a0b443255a3449c0560371997d5ee36a61e164de7aea5c3dc",
    "wall_time_s": 2647.647809267044,
    "train_time_s": 2618.049248456955,
    "gpu_peak_mem_mb": 0,
    "num_parameters": 3951951,
    "dataset_sizes": {
      "train": 17418,
      "val": 2183,
      "test": 2198
    },
    "train_fold_ids": [
      1,
      2,
      3,
      4,
      5,
      6,
      7,
      8
    ],
    "pos_weights": [
      1.2930489778518677,
      2.9776203632354736,
      3.161012887954712,
      3.4581520557403564,
      7.21991491317749
    ],
    "loss_weights": {
      "fused": 0.52,
      "ecg": 0.3,
      "meta": 0.1,
      "lauc": 0.08
    },
    "hardware": {
      "python_version": "3.11.7 | packaged by Anaconda, Inc. | (main, Dec 15 2023, 18:05:47) [MSC v.1916 64 bit (AMD64)]",
      "torch_version": "2.3.1+cpu",
      "cuda_available": false,
      "numpy_version": "1.26.4",
      "sklearn_version": "1.4.2"
    },
    "best_val_auc": 0.9316846886301885,
    "best_val_epoch": 10
  },
  "test": {
    "macro_auc": 0.9289089914254985,
    "macro_auc_ecg": 0.9285165751943779,
    "macro_auc_no_meta": 0.9283973447344553,
    "delta_meta_auc": 0.0005116466910431994,
    "macro_f1_optimal": 0.7515809601781064,
    "macro_f1_fixed_05": 0.7448234037953168,
    "w_fused": 1.0,
    "thresholds": [
      0.7400000095367432,
      0.5600000023841858,
      0.7099999785423279,
      0.6949999928474426,
      0.6200000047683716
    ]
  },
  "per_class": {
    "NORM": {
      "auc": 0.950282728147952,
      "f1": 0.8651399491094147,
      "threshold": 0.7400000095367432
    },
    "MI": {
      "auc": 0.9337444836716681,
      "f1": 0.7491349480968859,
      "threshold": 0.5600000023841858
    },
    "STTC": {
      "auc": 0.9369567033719156,
      "f1": 0.7746741154562383,
      "threshold": 0.7099999785423279
    },
    "CD": {
      "auc": 0.9172913270914673,
      "f1": 0.7502507522567703,
      "threshold": 0.6949999928474426
    },
    "HYP": {
      "auc": 0.9062697148444894,
      "f1": 0.6187050359712231,
      "threshold": 0.6200000047683716
    }
  },
  "subgroups": {
    "sex_male": {
      "n": 1066,
      "macro_auc": 0.9201036478631828,
      "per_class_auc": [
        0.9444582985474876,
        0.9200297536572204,
        0.9192948922162046,
        0.9105107135427501,
        0.9062245813522511
      ]
    },
    "sex_female": {
      "n": 1132,
      "macro_auc": 0.936966767612258,
      "per_class_auc": [
        0.9563953488372093,
        0.9449263089981652,
        0.952260055032473,
        0.9250594731632776,
        0.9061926520301645
      ]
    },
    "age_lt45": {
      "n": 345,
      "macro_auc": 0.9159785227937682,
      "per_class_auc": [
        0.8841192170818506,
        0.9806750136091453,
        0.9663612249819147,
        0.8585774690425854,
        0.8901596892533449
      ]
    },
    "age_45_65": {
      "n": 703,
      "macro_auc": 0.925767328837247,
      "per_class_auc": [
        0.9340876436781609,
        0.9338849135360763,
        0.949869587897757,
        0.8957807681525092,
        0.9152137309217315
      ]
    },
    "age_gt65": {
      "n": 1150,
      "macro_auc": 0.9186442619085472,
      "per_class_auc": [
        0.949459621262249,
        0.9094140330287535,
        0.9137271448663853,
        0.9303170201659331,
        0.8903034902194149
      ]
    },
    "meta_complete": {
      "n": 660,
      "macro_auc": 0.942461268905509,
      "per_class_auc": [
        0.9601946570503386,
        0.9450648914582693,
        0.9389101620029455,
        0.9490804810888702,
        0.9190561529271207
      ]
    },
    "meta_incomplete": {
      "n": 1538,
      "macro_auc": 0.9229964121644587,
      "per_class_auc": [
        0.9465789615197138,
        0.9288559234631276,
        0.9358997361989371,
        0.9053255963894263,
        0.8983218432510884
      ]
    },
    "fairness_sex_gap": 0.016863119749075173
  },
  "training_history": [
    {
      "epoch": 1,
      "train_loss": 0.6411671794335777,
      "val_auc": 0.9070453163895783,
      "val_f1": 0.6935233958357814,
      "val_auc_ecg": 0.9043335535850094,
      "val_delta_meta": 0.0010957952399123227,
      "lr": 0.0009755527298894294,
      "epoch_time_s": 242.46100640296936
    },
    {
      "epoch": 2,
      "train_loss": 0.5540885263626728,
      "val_auc": 0.910426405577921,
      "val_f1": 0.6846950719960904,
      "val_auc_ecg": 0.9083580279299589,
      "val_delta_meta": 0.001895504348378263,
      "lr": 0.0009046039886902864,
      "epoch_time_s": 242.52703094482422
    },
    {
      "epoch": 3,
      "train_loss": 0.5249804009538178,
      "val_auc": 0.9156172420653037,
      "val_f1": 0.7002746201698232,
      "val_auc_ecg": 0.9142018437449245,
      "val_delta_meta": -0.0007784579649121603,
      "lr": 0.0007940987335200904,
      "epoch_time_s": 256.12969064712524
    },
    {
      "epoch": 4,
      "train_loss": 0.49923785246840313,
      "val_auc": 0.9201831488813557,
      "val_f1": 0.7161376856864583,
      "val_auc_ecg": 0.919091768069147,
      "val_delta_meta": -0.0009311913678851091,
      "lr": 0.0006548539886902864,
      "epoch_time_s": 264.02595496177673
    },
    {
      "epoch": 5,
      "train_loss": 0.4756806393282129,
      "val_auc": 0.9271861530757365,
      "val_f1": 0.7153100186968057,
      "val_auc_ecg": 0.9251256931352234,
      "val_delta_meta": 0.0007507490711162745,
      "lr": 0.0005005000000000001,
      "epoch_time_s": 264.0291941165924
    },
    {
      "epoch": 6,
      "train_loss": 0.45254704933100887,
      "val_auc": 0.9269913458581754,
      "val_f1": 0.7282756947653553,
      "val_auc_ecg": 0.9268417187822164,
      "val_delta_meta": 0.0002225949918563952,
      "lr": 0.0003461460113097139,
      "epoch_time_s": 263.95072627067566
    },
    {
      "epoch": 7,
      "train_loss": 0.4330521017313004,
      "val_auc": 0.9272664110162449,
      "val_f1": 0.7325795588548105,
      "val_auc_ecg": 0.9261942124559426,
      "val_delta_meta": 1.8785992320635714e-05,
      "lr": 0.00020690126647990973,
      "epoch_time_s": 263.9850537776947
    },
    {
      "epoch": 8,
      "train_loss": 0.40848674227338316,
      "val_auc": 0.9304121688763404,
      "val_f1": 0.7418425054908532,
      "val_auc_ecg": 0.9293845910935898,
      "val_delta_meta": 0.0002002162892802417,
      "lr": 9.639601130971382e-05,
      "epoch_time_s": 264.242308139801
    },
    {
      "epoch": 9,
      "train_loss": 0.3915063753313974,
      "val_auc": 0.928738335283646,
      "val_f1": 0.74434929270816,
      "val_auc_ecg": 0.9278870277114748,
      "val_delta_meta": -0.000201164153784128,
      "lr": 2.5447270110570814e-05,
      "epoch_time_s": 275.40936160087585
    },
    {
      "epoch": 10,
      "train_loss": 0.3770777861732955,
      "val_auc": 0.9316846886301885,
      "val_f1": 0.7443588537788643,
      "val_auc_ecg": 0.9311158462510996,
      "val_delta_meta": 5.420460243099612e-06,
      "lr": 0.001,
      "epoch_time_s": 271.43109798431396
    }
  ]
}