{
  "metadata": {
    "run_name": "ATLAS_A_v5_demo+anthro_tf3_vf4_seed2028",
    "variant": "demo+anthro",
    "seed": 2028,
    "meta_hid": 128,
    "lauc_weight": 0.08,
    "no_aug": false,
    "arch_mode": "standard",
    "meta_mask_mode": "real",
    "test_fold": 3,
    "val_fold": 4,
    "timestamp": "2026-05-11T05:12:18.878871",
    "git_sha": "b8fda1f7a68a5b217a3f76d88337426561bd26e4",
    "analysis_plan_sha256": "4ad22e907fbd431a0b443255a3449c0560371997d5ee36a61e164de7aea5c3dc",
    "wall_time_s": 2640.18372631073,
    "train_time_s": 2610.4395155906677,
    "gpu_peak_mem_mb": 0,
    "num_parameters": 3951951,
    "dataset_sizes": {
      "train": 17433,
      "val": 2174,
      "test": 2192
    },
    "train_fold_ids": [
      1,
      2,
      5,
      6,
      7,
      8,
      9,
      10
    ],
    "pos_weights": [
      1.2950236797332764,
      2.9710705280303955,
      3.1576437950134277,
      3.4505999088287354,
      7.207627296447754
    ],
    "loss_weights": {
      "fused": 0.52,
      "ecg": 0.3,
      "meta": 0.1,
      "lauc": 0.08
    },
    "hardware": {
      "python_version": "3.11.7 | packaged by Anaconda, Inc. | (main, Dec 15 2023, 18:05:47) [MSC v.1916 64 bit (AMD64)]",
      "torch_version": "2.3.1+cpu",
      "cuda_available": false,
      "numpy_version": "1.26.4",
      "sklearn_version": "1.4.2"
    },
    "best_val_auc": 0.9447340105689239,
    "best_val_epoch": 10
  },
  "test": {
    "macro_auc": 0.9401562312483678,
    "macro_auc_ecg": 0.9390122599197968,
    "macro_auc_no_meta": 0.9386681584102968,
    "delta_meta_auc": 0.001488072838070953,
    "macro_f1_optimal": 0.7609360142263399,
    "macro_f1_fixed_05": 0.7447118069329031,
    "w_fused": 1.0,
    "thresholds": [
      0.48500001430511475,
      0.6800000071525574,
      0.5899999737739563,
      0.5600000023841858,
      0.8450000286102295
    ]
  },
  "per_class": {
    "NORM": {
      "auc": 0.9614061944679466,
      "f1": 0.8860759493670886,
      "threshold": 0.48500001430511475
    },
    "MI": {
      "auc": 0.9472383085664335,
      "f1": 0.7717996289424861,
      "threshold": 0.6800000071525574
    },
    "STTC": {
      "auc": 0.931790471889817,
      "f1": 0.733102253032929,
      "threshold": 0.5899999737739563
    },
    "CD": {
      "auc": 0.9271173682911112,
      "f1": 0.7470355731225297,
      "threshold": 0.5600000023841858
    },
    "HYP": {
      "auc": 0.9332288130265309,
      "f1": 0.6666666666666666,
      "threshold": 0.8450000286102295
    }
  },
  "subgroups": {
    "sex_male": {
      "n": 1056,
      "macro_auc": 0.9414346242379918,
      "per_class_auc": [
        0.961693989659243,
        0.9410361094328799,
        0.9369645042839657,
        0.934031885527576,
        0.9334466322862948
      ]
    },
    "sex_female": {
      "n": 1136,
      "macro_auc": 0.93720060674655,
      "per_class_auc": [
        0.9601360342087925,
        0.9485570890840653,
        0.9272076953382646,
        0.9182929529352228,
        0.931809262166405
      ]
    },
    "age_lt45": {
      "n": 363,
      "macro_auc": 0.9287680196984163,
      "per_class_auc": [
        0.9261691072272082,
        0.9776167471819646,
        0.9399546827794563,
        0.8750356226845255,
        0.9250639386189259
      ]
    },
    "age_45_65": {
      "n": 782,
      "macro_auc": 0.948230331100507,
      "per_class_auc": [
        0.9617420659941152,
        0.9596712661218412,
        0.9436574401779723,
        0.9366828025477707,
        0.9393980806608357
      ]
    },
    "age_gt65": {
      "n": 1047,
      "macro_auc": 0.9303030800285603,
      "per_class_auc": [
        0.9589594164011404,
        0.9223315355894032,
        0.9114316191830748,
        0.9294174944634865,
        0.9293753345056962
      ]
    },
    "meta_complete": {
      "n": 657,
      "macro_auc": 0.9391584451015558,
      "per_class_auc": [
        0.9627905251247426,
        0.9501052631578948,
        0.9255881667831353,
        0.9519744016529875,
        0.9053338687890183
      ]
    },
    "meta_incomplete": {
      "n": 1535,
      "macro_auc": 0.940864599302218,
      "per_class_auc": [
        0.9612336533686476,
        0.9460626572788887,
        0.9343233830845772,
        0.9175098188358998,
        0.9451934839430769
      ]
    },
    "fairness_sex_gap": 0.0042340174914418105
  },
  "training_history": [
    {
      "epoch": 1,
      "train_loss": 0.6475021429018143,
      "val_auc": 0.9033506665633195,
      "val_f1": 0.6912774819233156,
      "val_auc_ecg": 0.9004869092791008,
      "val_delta_meta": 0.0025597648834247977,
      "lr": 0.0009755527298894294,
      "epoch_time_s": 242.91632771492004
    },
    {
      "epoch": 2,
      "train_loss": 0.5699694020485659,
      "val_auc": 0.921050935859198,
      "val_f1": 0.7120899013031812,
      "val_auc_ecg": 0.9185167384107992,
      "val_delta_meta": 0.0024902889982636456,
      "lr": 0.0009046039886902864,
      "epoch_time_s": 242.7993040084839
    },
    {
      "epoch": 3,
      "train_loss": 0.5347425044676579,
      "val_auc": 0.9265597022579689,
      "val_f1": 0.7188597355376494,
      "val_auc_ecg": 0.9245301966777919,
      "val_delta_meta": 0.0016934391863845377,
      "lr": 0.0007940987335200904,
      "epoch_time_s": 258.89048743247986
    },
    {
      "epoch": 4,
      "train_loss": 0.5134658578885805,
      "val_auc": 0.9336438493850949,
      "val_f1": 0.7303087802211509,
      "val_auc_ecg": 0.9322627977120721,
      "val_delta_meta": 0.0012058561939748413,
      "lr": 0.0006548539886902864,
      "epoch_time_s": 264.86086082458496
    },
    {
      "epoch": 5,
      "train_loss": 0.4924505842388223,
      "val_auc": 0.9346249002936317,
      "val_f1": 0.7333746076576984,
      "val_auc_ecg": 0.9325207526747936,
      "val_delta_meta": 0.001956616962673574,
      "lr": 0.0005005000000000001,
      "epoch_time_s": 265.09006571769714
    },
    {
      "epoch": 6,
      "train_loss": 0.4687772840808291,
      "val_auc": 0.9379022142070929,
      "val_f1": 0.7511248397295096,
      "val_auc_ecg": 0.9368651048393849,
      "val_delta_meta": 0.0009435155226263925,
      "lr": 0.0003461460113097139,
      "epoch_time_s": 264.53133511543274
    },
    {
      "epoch": 7,
      "train_loss": 0.44713734492249446,
      "val_auc": 0.9416624410419931,
      "val_f1": 0.7448811781151649,
      "val_auc_ecg": 0.9396845901259141,
      "val_delta_meta": 0.0018271077111897682,
      "lr": 0.00020690126647990973,
      "epoch_time_s": 265.3679039478302
    },
    {
      "epoch": 8,
      "train_loss": 0.42398217853603015,
      "val_auc": 0.941261556074716,
      "val_f1": 0.7388486264375597,
      "val_auc_ecg": 0.9398321789727768,
      "val_delta_meta": 0.0011337194276512808,
      "lr": 9.639601130971382e-05,
      "epoch_time_s": 265.26913690567017
    },
    {
      "epoch": 9,
      "train_loss": 0.4096958438737677,
      "val_auc": 0.9440246545959944,
      "val_f1": 0.7709960782946345,
      "val_auc_ecg": 0.9426069951569337,
      "val_delta_meta": 0.0011343578746296767,
      "lr": 2.5447270110570814e-05,
      "epoch_time_s": 265.2432277202606
    },
    {
      "epoch": 10,
      "train_loss": 0.394731724426287,
      "val_auc": 0.9447340105689239,
      "val_f1": 0.7565139192530449,
      "val_auc_ecg": 0.9432773716526255,
      "val_delta_meta": 0.001487920954671318,
      "lr": 0.001,
      "epoch_time_s": 265.34653425216675
    }
  ]
}