{
  "metadata": {
    "run_name": "ATLAS_A_v5_demo+anthro_lauc0.16_seed2031",
    "variant": "demo+anthro",
    "seed": 2031,
    "meta_hid": 128,
    "lauc_weight": 0.16,
    "no_aug": false,
    "arch_mode": "standard",
    "meta_mask_mode": "real",
    "test_fold": 10,
    "val_fold": 9,
    "timestamp": "2026-05-07T20:28:45.599613",
    "git_sha": "b8fda1f7a68a5b217a3f76d88337426561bd26e4",
    "analysis_plan_sha256": "4ad22e907fbd431a0b443255a3449c0560371997d5ee36a61e164de7aea5c3dc",
    "wall_time_s": 2620.5571246147156,
    "train_time_s": 2591.028331756592,
    "gpu_peak_mem_mb": 0,
    "num_parameters": 3951951,
    "dataset_sizes": {
      "train": 17418,
      "val": 2183,
      "test": 2198
    },
    "train_fold_ids": [
      1,
      2,
      3,
      4,
      5,
      6,
      7,
      8
    ],
    "pos_weights": [
      1.2930489778518677,
      2.9776203632354736,
      3.161012887954712,
      3.4581520557403564,
      7.21991491317749
    ],
    "loss_weights": {
      "fused": 0.43999999999999995,
      "ecg": 0.3,
      "meta": 0.1,
      "lauc": 0.16
    },
    "hardware": {
      "python_version": "3.11.7 | packaged by Anaconda, Inc. | (main, Dec 15 2023, 18:05:47) [MSC v.1916 64 bit (AMD64)]",
      "torch_version": "2.3.1+cpu",
      "cuda_available": false,
      "numpy_version": "1.26.4",
      "sklearn_version": "1.4.2"
    },
    "best_val_auc": 0.9323358858989245,
    "best_val_epoch": 10
  },
  "test": {
    "macro_auc": 0.9291844579171092,
    "macro_auc_ecg": 0.9280128664857072,
    "macro_auc_no_meta": 0.928346726426882,
    "delta_meta_auc": 0.0008377314902272559,
    "macro_f1_optimal": 0.7496600372775492,
    "macro_f1_fixed_05": 0.740608415774089,
    "w_fused": 1.0,
    "thresholds": [
      0.4399999976158142,
      0.6499999761581421,
      0.7099999785423279,
      0.6650000214576721,
      0.7250000238418579
    ]
  },
  "per_class": {
    "NORM": {
      "auc": 0.9508292658317252,
      "f1": 0.8574091332712023,
      "threshold": 0.4399999976158142
    },
    "MI": {
      "auc": 0.9289761694616063,
      "f1": 0.7381590705987489,
      "threshold": 0.6499999761581421
    },
    "STTC": {
      "auc": 0.9368971875332629,
      "f1": 0.7728557964184731,
      "threshold": 0.7099999785423279
    },
    "CD": {
      "auc": 0.9178990087563019,
      "f1": 0.7464788732394366,
      "threshold": 0.6650000214576721
    },
    "HYP": {
      "auc": 0.9113206580026496,
      "f1": 0.6333973128598849,
      "threshold": 0.7250000238418579
    }
  },
  "subgroups": {
    "sex_male": {
      "n": 1066,
      "macro_auc": 0.9200528715812466,
      "per_class_auc": [
        0.9442306093757342,
        0.9189650394527661,
        0.9205072386818165,
        0.9072342417308092,
        0.909327228665107
      ]
    },
    "sex_female": {
      "n": 1132,
      "macro_auc": 0.9378438060684415,
      "per_class_auc": [
        0.9580501862478608,
        0.9373455109982055,
        0.9509737072446527,
        0.9294353088263384,
        0.9134143170251495
      ]
    },
    "age_lt45": {
      "n": 345,
      "macro_auc": 0.9134047110782172,
      "per_class_auc": [
        0.8900133451957296,
        0.9828524768644529,
        0.960212201591512,
        0.8545756569012384,
        0.8793698748381528
      ]
    },
    "age_45_65": {
      "n": 703,
      "macro_auc": 0.9273845062980038,
      "per_class_auc": [
        0.9317773641588296,
        0.92346203538064,
        0.9504303599374022,
        0.9065881693299691,
        0.9246646026831785
      ]
    },
    "age_gt65": {
      "n": 1150,
      "macro_auc": 0.9188845495807747,
      "per_class_auc": [
        0.9523269370135804,
        0.905460642132618,
        0.9145428973277074,
        0.925444912979575,
        0.8966473584503928
      ]
    },
    "meta_complete": {
      "n": 660,
      "macro_auc": 0.9424254705924142,
      "per_class_auc": [
        0.9639755666764793,
        0.9421013445451758,
        0.9362002945508101,
        0.9463839865317943,
        0.9234661606578115
      ]
    },
    "meta_incomplete": {
      "n": 1538,
      "macro_auc": 0.9237390219851795,
      "per_class_auc": [
        0.9467107967880766,
        0.9244732135832109,
        0.9367459362998022,
        0.9073090674638062,
        0.9034560957910015
      ]
    },
    "fairness_sex_gap": 0.01779093448719493
  },
  "training_history": [
    {
      "epoch": 1,
      "train_loss": 0.6432993166490433,
      "val_auc": 0.8914131050863944,
      "val_f1": 0.6547962122848464,
      "val_auc_ecg": 0.8871415074583984,
      "val_delta_meta": -0.002019946446008114,
      "lr": 0.0009755527298894294,
      "epoch_time_s": 240.91983032226562
    },
    {
      "epoch": 2,
      "train_loss": 0.5514443108794886,
      "val_auc": 0.9122533577440624,
      "val_f1": 0.70386519812858,
      "val_auc_ecg": 0.9124232340737821,
      "val_delta_meta": -0.001735015742657553,
      "lr": 0.0009046039886902864,
      "epoch_time_s": 241.28771877288818
    },
    {
      "epoch": 3,
      "train_loss": 0.5164346844231317,
      "val_auc": 0.9191798442310974,
      "val_f1": 0.6920113770615238,
      "val_auc_ecg": 0.917491668551459,
      "val_delta_meta": 0.0007657536433417489,
      "lr": 0.0007940987335200904,
      "epoch_time_s": 257.0805621147156
    },
    {
      "epoch": 4,
      "train_loss": 0.4906174564580305,
      "val_auc": 0.9175125939365877,
      "val_f1": 0.7062987156115891,
      "val_auc_ecg": 0.916276884634858,
      "val_delta_meta": 0.0004453795570424912,
      "lr": 0.0006548539886902864,
      "epoch_time_s": 263.1083629131317
    },
    {
      "epoch": 5,
      "train_loss": 0.466306673386775,
      "val_auc": 0.9180203706464877,
      "val_f1": 0.7118758322489767,
      "val_auc_ecg": 0.9172101197810558,
      "val_delta_meta": -0.00022030497026448437,
      "lr": 0.0005005000000000001,
      "epoch_time_s": 263.22388887405396
    },
    {
      "epoch": 6,
      "train_loss": 0.44973562567605885,
      "val_auc": 0.9263661525025336,
      "val_f1": 0.7217207234623078,
      "val_auc_ecg": 0.9263212786388813,
      "val_delta_meta": 0.00013267499474634015,
      "lr": 0.0003461460113097139,
      "epoch_time_s": 262.5780785083771
    },
    {
      "epoch": 7,
      "train_loss": 0.42724017172778417,
      "val_auc": 0.9287654338124428,
      "val_f1": 0.724578352906853,
      "val_auc_ecg": 0.9282931044679629,
      "val_delta_meta": 0.0004110085174352518,
      "lr": 0.00020690126647990973,
      "epoch_time_s": 263.4114046096802
    },
    {
      "epoch": 8,
      "train_loss": 0.4079827904154401,
      "val_auc": 0.9302643289349619,
      "val_f1": 0.7268930565540196,
      "val_auc_ecg": 0.9305240885519949,
      "val_delta_meta": -0.00048212050235552084,
      "lr": 9.639601130971382e-05,
      "epoch_time_s": 263.46024918556213
    },
    {
      "epoch": 9,
      "train_loss": 0.39040942733440925,
      "val_auc": 0.9315394303546501,
      "val_f1": 0.737033088256004,
      "val_auc_ecg": 0.931198191791152,
      "val_delta_meta": 0.0001387995193743441,
      "lr": 2.5447270110570814e-05,
      "epoch_time_s": 263.22863578796387
    },
    {
      "epoch": 10,
      "train_loss": 0.3765864610945413,
      "val_auc": 0.9323358858989245,
      "val_f1": 0.7416899238759294,
      "val_auc_ecg": 0.9317610580234295,
      "val_delta_meta": 0.0003371745973158591,
      "lr": 0.001,
      "epoch_time_s": 263.54751229286194
    }
  ]
}