{
  "metadata": {
    "run_name": "ATLAS_A_v5_demo+anthro_no_dropout_seed2029",
    "variant": "demo+anthro",
    "seed": 2029,
    "meta_hid": 128,
    "lauc_weight": 0.08,
    "no_aug": false,
    "arch_mode": "no_dropout",
    "meta_mask_mode": "real",
    "test_fold": 10,
    "val_fold": 9,
    "timestamp": "2026-05-10T11:32:11.092718",
    "git_sha": "b8fda1f7a68a5b217a3f76d88337426561bd26e4",
    "analysis_plan_sha256": "4ad22e907fbd431a0b443255a3449c0560371997d5ee36a61e164de7aea5c3dc",
    "wall_time_s": 2579.108627796173,
    "train_time_s": 2549.7916221618652,
    "gpu_peak_mem_mb": 0,
    "num_parameters": 3951951,
    "dataset_sizes": {
      "train": 17418,
      "val": 2183,
      "test": 2198
    },
    "train_fold_ids": [
      1,
      2,
      3,
      4,
      5,
      6,
      7,
      8
    ],
    "pos_weights": [
      1.2930489778518677,
      2.9776203632354736,
      3.161012887954712,
      3.4581520557403564,
      7.21991491317749
    ],
    "loss_weights": {
      "fused": 0.52,
      "ecg": 0.3,
      "meta": 0.1,
      "lauc": 0.08
    },
    "hardware": {
      "python_version": "3.11.7 | packaged by Anaconda, Inc. | (main, Dec 15 2023, 18:05:47) [MSC v.1916 64 bit (AMD64)]",
      "torch_version": "2.3.1+cpu",
      "cuda_available": false,
      "numpy_version": "1.26.4",
      "sklearn_version": "1.4.2"
    },
    "best_val_auc": 0.9341053188457342,
    "best_val_epoch": 10
  },
  "test": {
    "macro_auc": 0.9293926063901751,
    "macro_auc_ecg": 0.9285359845909985,
    "macro_auc_no_meta": 0.9289505765228421,
    "delta_meta_auc": 0.00044202986733299365,
    "macro_f1_optimal": 0.7481130304024277,
    "macro_f1_fixed_05": 0.7391101702509992,
    "w_fused": 1.0,
    "thresholds": [
      0.6349999904632568,
      0.5450000166893005,
      0.7250000238418579,
      0.7099999785423279,
      0.6200000047683716
    ]
  },
  "per_class": {
    "NORM": {
      "auc": 0.9497782318244689,
      "f1": 0.8679980516317584,
      "threshold": 0.6349999904632568
    },
    "MI": {
      "auc": 0.9312599293909973,
      "f1": 0.7406764960971379,
      "threshold": 0.5450000166893005
    },
    "STTC": {
      "auc": 0.9362001654998128,
      "f1": 0.7619047619047619,
      "threshold": 0.7250000238418579
    },
    "CD": {
      "auc": 0.9200916379212313,
      "f1": 0.754601226993865,
      "threshold": 0.7099999785423279
    },
    "HYP": {
      "auc": 0.9096330673143651,
      "f1": 0.6153846153846154,
      "threshold": 0.6200000047683716
    }
  },
  "subgroups": {
    "sex_male": {
      "n": 1066,
      "macro_auc": 0.9203073501111543,
      "per_class_auc": [
        0.9439197955857214,
        0.9185323473788097,
        0.91833032459028,
        0.9134647389224049,
        0.9072895440785558
      ]
    },
    "sex_female": {
      "n": 1132,
      "macro_auc": 0.9381873305104014,
      "per_class_auc": [
        0.956499169435216,
        0.9417810842960544,
        0.9519360501385483,
        0.9282718922016356,
        0.9124484564805527
      ]
    },
    "age_lt45": {
      "n": 345,
      "macro_auc": 0.9088025175409786,
      "per_class_auc": [
        0.8798932384341637,
        0.9904735982580294,
        0.9649143959488787,
        0.8492147387496225,
        0.8595166163141994
      ]
    },
    "age_45_65": {
      "n": 703,
      "macro_auc": 0.9267861562172565,
      "per_class_auc": [
        0.9286670585161965,
        0.9300586364539855,
        0.9459963484611372,
        0.9011494252873564,
        0.9280593123676063
      ]
    },
    "age_gt65": {
      "n": 1150,
      "macro_auc": 0.9203885445358836,
      "per_class_auc": [
        0.9527838169959352,
        0.9047531226423003,
        0.9147116736990155,
        0.9341932331021922,
        0.895500876239975
      ]
    },
    "meta_complete": {
      "n": 660,
      "macro_auc": 0.9440145895768906,
      "per_class_auc": [
        0.9626324698263173,
        0.9440137812230835,
        0.9389572901325478,
        0.9529183490034384,
        0.9215510576990653
      ]
    },
    "meta_incomplete": {
      "n": 1538,
      "macro_auc": 0.9233559592663727,
      "per_class_auc": [
        0.9455815236340739,
        0.9265125240028325,
        0.9347043876323855,
        0.9079585018463162,
        0.9020228592162555
      ]
    },
    "fairness_sex_gap": 0.017879980399247097
  },
  "training_history": [
    {
      "epoch": 1,
      "train_loss": 0.6439988769522501,
      "val_auc": 0.8941408434584256,
      "val_f1": 0.6788532381788597,
      "val_auc_ecg": 0.8932137596024315,
      "val_delta_meta": -0.0001282199649327298,
      "lr": 0.0009755527298894294,
      "epoch_time_s": 240.0686104297638
    },
    {
      "epoch": 2,
      "train_loss": 0.5599894614394652,
      "val_auc": 0.9156619641700617,
      "val_f1": 0.7076560122091756,
      "val_auc_ecg": 0.9148636653720145,
      "val_delta_meta": 1.3192604723544221e-05,
      "lr": 0.0009046039886902864,
      "epoch_time_s": 238.35417222976685
    },
    {
      "epoch": 3,
      "train_loss": 0.5230077596979403,
      "val_auc": 0.9219178731578846,
      "val_f1": 0.7243436319216554,
      "val_auc_ecg": 0.9212838967342487,
      "val_delta_meta": -0.00024078511723490958,
      "lr": 0.0007940987335200904,
      "epoch_time_s": 253.93586111068726
    },
    {
      "epoch": 4,
      "train_loss": 0.4956190192918165,
      "val_auc": 0.9248645798696529,
      "val_f1": 0.719079544881769,
      "val_auc_ecg": 0.9240980906690096,
      "val_delta_meta": -0.0007327400621808255,
      "lr": 0.0006548539886902864,
      "epoch_time_s": 258.03720355033875
    },
    {
      "epoch": 5,
      "train_loss": 0.4759291482081107,
      "val_auc": 0.9281081808556289,
      "val_f1": 0.7214831615644687,
      "val_auc_ecg": 0.9268019597114738,
      "val_delta_meta": 0.0004542322795557663,
      "lr": 0.0005005000000000001,
      "epoch_time_s": 258.83133339881897
    },
    {
      "epoch": 6,
      "train_loss": 0.45818197634241997,
      "val_auc": 0.929687197946073,
      "val_f1": 0.7299336843578168,
      "val_auc_ecg": 0.9295772872743473,
      "val_delta_meta": -0.0006523508535501987,
      "lr": 0.0003461460113097139,
      "epoch_time_s": 255.3663501739502
    },
    {
      "epoch": 7,
      "train_loss": 0.43787332652905664,
      "val_auc": 0.9332892636551531,
      "val_f1": 0.7364869383062236,
      "val_auc_ecg": 0.932407115696458,
      "val_delta_meta": -2.1238764505326913e-05,
      "lr": 0.00020690126647990973,
      "epoch_time_s": 259.031934261322
    },
    {
      "epoch": 8,
      "train_loss": 0.4196936597517871,
      "val_auc": 0.9335356325808624,
      "val_f1": 0.7334005535697595,
      "val_auc_ecg": 0.9327837094523191,
      "val_delta_meta": 0.00037258479727830807,
      "lr": 9.639601130971382e-05,
      "epoch_time_s": 258.9358732700348
    },
    {
      "epoch": 9,
      "train_loss": 0.402341015568567,
      "val_auc": 0.9338909712899148,
      "val_f1": 0.748835198814918,
      "val_auc_ecg": 0.9332008958692484,
      "val_delta_meta": 0.0005253344532133442,
      "lr": 2.5447270110570814e-05,
      "epoch_time_s": 257.8318018913269
    },
    {
      "epoch": 10,
      "train_loss": 0.3884247033967884,
      "val_auc": 0.9341053188457342,
      "val_f1": 0.746821926425501,
      "val_auc_ecg": 0.9336300223803908,
      "val_delta_meta": 0.0001407900250836036,
      "lr": 0.001,
      "epoch_time_s": 258.6036868095398
    }
  ]
}