{
  "metadata": {
    "run_name": "ATLAS_A_v5_demo+anthro_metaH32_seed2024",
    "variant": "demo+anthro",
    "seed": 2024,
    "meta_hid": 32,
    "lauc_weight": 0.08,
    "no_aug": false,
    "arch_mode": "standard",
    "meta_mask_mode": "real",
    "test_fold": 10,
    "val_fold": 9,
    "timestamp": "2026-05-05T19:10:17.819301",
    "git_sha": "b8fda1f7a68a5b217a3f76d88337426561bd26e4",
    "analysis_plan_sha256": "4ad22e907fbd431a0b443255a3449c0560371997d5ee36a61e164de7aea5c3dc",
    "wall_time_s": 2760.1109914779663,
    "train_time_s": 2729.628623485565,
    "gpu_peak_mem_mb": 0,
    "num_parameters": 3926895,
    "dataset_sizes": {
      "train": 17418,
      "val": 2183,
      "test": 2198
    },
    "train_fold_ids": [
      1,
      2,
      3,
      4,
      5,
      6,
      7,
      8
    ],
    "pos_weights": [
      1.2930489778518677,
      2.9776203632354736,
      3.161012887954712,
      3.4581520557403564,
      7.21991491317749
    ],
    "loss_weights": {
      "fused": 0.52,
      "ecg": 0.3,
      "meta": 0.1,
      "lauc": 0.08
    },
    "hardware": {
      "python_version": "3.11.7 | packaged by Anaconda, Inc. | (main, Dec 15 2023, 18:05:47) [MSC v.1916 64 bit (AMD64)]",
      "torch_version": "2.3.1+cpu",
      "cuda_available": false,
      "numpy_version": "1.26.4",
      "sklearn_version": "1.4.2"
    },
    "best_val_auc": 0.9340493132726904,
    "best_val_epoch": 10
  },
  "test": {
    "macro_auc": 0.9287062587311828,
    "macro_auc_ecg": 0.926861035597154,
    "macro_auc_no_meta": 0.9274266793718265,
    "delta_meta_auc": 0.0012795793593562976,
    "macro_f1_optimal": 0.7436262897345544,
    "macro_f1_fixed_05": 0.7355992958666214,
    "w_fused": 1.0,
    "thresholds": [
      0.6050000190734863,
      0.6499999761581421,
      0.6650000214576721,
      0.7549999952316284,
      0.6800000071525574
    ]
  },
  "per_class": {
    "NORM": {
      "auc": 0.9497563703171179,
      "f1": 0.8600682593856656,
      "threshold": 0.6050000190734863
    },
    "MI": {
      "auc": 0.9294858781994704,
      "f1": 0.7314487632508834,
      "threshold": 0.6499999761581421
    },
    "STTC": {
      "auc": 0.9364748539859016,
      "f1": 0.7690875232774674,
      "threshold": 0.6650000214576721
    },
    "CD": {
      "auc": 0.9169193737917439,
      "f1": 0.751578947368421,
      "threshold": 0.7549999952316284
    },
    "HYP": {
      "auc": 0.9108948173616807,
      "f1": 0.6059479553903345,
      "threshold": 0.6800000071525574
    }
  },
  "subgroups": {
    "sex_male": {
      "n": 1066,
      "macro_auc": 0.9188294455853286,
      "per_class_auc": [
        0.943764388690715,
        0.9154597474828503,
        0.9207682913879155,
        0.9061524859579779,
        0.9080023144071847
      ]
    },
    "sex_female": {
      "n": 1132,
      "macro_auc": 0.9379508549917628,
      "per_class_auc": [
        0.9563575958924795,
        0.9412528478396742,
        0.9494310570780563,
        0.9286669329212176,
        0.9140458412273857
      ]
    },
    "age_lt45": {
      "n": 345,
      "macro_auc": 0.9272125618772995,
      "per_class_auc": [
        0.8957962633451959,
        0.9882961350027218,
        0.965758379551483,
        0.8524614919963757,
        0.9337505394907208
      ]
    },
    "age_45_65": {
      "n": 703,
      "macro_auc": 0.9269178711698232,
      "per_class_auc": [
        0.930887539184953,
        0.9267417014510038,
        0.9514866979655712,
        0.9058873002523129,
        0.9195861169952745
      ]
    },
    "age_gt65": {
      "n": 1150,
      "macro_auc": 0.9172897472550673,
      "per_class_auc": [
        0.9502394681286825,
        0.9049677257104535,
        0.912204641350211,
        0.9260965017826137,
        0.8929403993033755
      ]
    },
    "meta_complete": {
      "n": 660,
      "macro_auc": 0.9413573719762193,
      "per_class_auc": [
        0.9606362231380631,
        0.9492255361392138,
        0.9358703976435935,
        0.9456706281833616,
        0.9153840747768642
      ]
    },
    "meta_incomplete": {
      "n": 1538,
      "macro_auc": 0.92385248969083,
      "per_class_auc": [
        0.9463187603321555,
        0.9228102930950522,
        0.9363361717810451,
        0.9058554598206436,
        0.9079417634252539
      ]
    },
    "fairness_sex_gap": 0.019121409406434142
  },
  "training_history": [
    {
      "epoch": 1,
      "train_loss": 0.6468573504631673,
      "val_auc": 0.8973011744911485,
      "val_f1": 0.6781267029956803,
      "val_auc_ecg": 0.8926100743342881,
      "val_delta_meta": 0.0012309369974968787,
      "lr": 0.0009755527298894294,
      "epoch_time_s": 365.4745559692383
    },
    {
      "epoch": 2,
      "train_loss": 0.5552121072187336,
      "val_auc": 0.9125834755464197,
      "val_f1": 0.7093327986969447,
      "val_auc_ecg": 0.9101294419377511,
      "val_delta_meta": 0.000244298330458248,
      "lr": 0.0009046039886902864,
      "epoch_time_s": 242.8516881465912
    },
    {
      "epoch": 3,
      "train_loss": 0.5282693816981184,
      "val_auc": 0.9204362091247029,
      "val_f1": 0.70412925099197,
      "val_auc_ecg": 0.9188488832091393,
      "val_delta_meta": 0.0004384765848055583,
      "lr": 0.0007940987335200904,
      "epoch_time_s": 257.9485287666321
    },
    {
      "epoch": 4,
      "train_loss": 0.5011397334960622,
      "val_auc": 0.9219244891050439,
      "val_f1": 0.7210114438876888,
      "val_auc_ecg": 0.9202186944935328,
      "val_delta_meta": 0.00032142491246600624,
      "lr": 0.0006548539886902864,
      "epoch_time_s": 263.79484248161316
    },
    {
      "epoch": 5,
      "train_loss": 0.4760843156674586,
      "val_auc": 0.9244196461229459,
      "val_f1": 0.7215200104482857,
      "val_auc_ecg": 0.9237351752345372,
      "val_delta_meta": -0.0002582155056548574,
      "lr": 0.0005005000000000001,
      "epoch_time_s": 263.62085938453674
    },
    {
      "epoch": 6,
      "train_loss": 0.45611279814615163,
      "val_auc": 0.9277239838242306,
      "val_f1": 0.7232515428525348,
      "val_auc_ecg": 0.9269490260671358,
      "val_delta_meta": 0.00011217096231830315,
      "lr": 0.0003461460113097139,
      "epoch_time_s": 264.4899899959564
    },
    {
      "epoch": 7,
      "train_loss": 0.4345682544719189,
      "val_auc": 0.9321991594047508,
      "val_f1": 0.7287489888303148,
      "val_auc_ecg": 0.9313540751876559,
      "val_delta_meta": 0.0003659563705784574,
      "lr": 0.00020690126647990973,
      "epoch_time_s": 264.8697018623352
    },
    {
      "epoch": 8,
      "train_loss": 0.4130765926400456,
      "val_auc": 0.9327210515259241,
      "val_f1": 0.7337180422416831,
      "val_auc_ecg": 0.9320835587993844,
      "val_delta_meta": 3.639726365511908e-05,
      "lr": 9.639601130971382e-05,
      "epoch_time_s": 265.06443428993225
    },
    {
      "epoch": 9,
      "train_loss": 0.3950296618522854,
      "val_auc": 0.9336427734369283,
      "val_f1": 0.7349499434734313,
      "val_auc_ecg": 0.9330912796294586,
      "val_delta_meta": 6.105136954903667e-05,
      "lr": 2.5447270110570814e-05,
      "epoch_time_s": 264.5827741622925
    },
    {
      "epoch": 10,
      "train_loss": 0.3839397821404518,
      "val_auc": 0.9340493132726904,
      "val_f1": 0.7391317343298749,
      "val_auc_ecg": 0.9335621597357007,
      "val_delta_meta": 0.00010486356790995188,
      "lr": 0.001,
      "epoch_time_s": 264.9208960533142
    }
  ]
}