{
  "metadata": {
    "run_name": "ATLAS_A_v5_demo+anthro_lauc0_seed2031",
    "variant": "demo+anthro",
    "seed": 2031,
    "meta_hid": 128,
    "lauc_weight": 0.0,
    "no_aug": false,
    "arch_mode": "standard",
    "meta_mask_mode": "real",
    "test_fold": 10,
    "val_fold": 9,
    "timestamp": "2026-05-06T22:24:04.387491",
    "git_sha": "b8fda1f7a68a5b217a3f76d88337426561bd26e4",
    "analysis_plan_sha256": "4ad22e907fbd431a0b443255a3449c0560371997d5ee36a61e164de7aea5c3dc",
    "wall_time_s": 2643.9857647418976,
    "train_time_s": 2614.847205400467,
    "gpu_peak_mem_mb": 0,
    "num_parameters": 3951951,
    "dataset_sizes": {
      "train": 17418,
      "val": 2183,
      "test": 2198
    },
    "train_fold_ids": [
      1,
      2,
      3,
      4,
      5,
      6,
      7,
      8
    ],
    "pos_weights": [
      1.2930489778518677,
      2.9776203632354736,
      3.161012887954712,
      3.4581520557403564,
      7.21991491317749
    ],
    "loss_weights": {
      "fused": 0.6000000000000001,
      "ecg": 0.30000000000000004,
      "meta": 0.10000000000000002,
      "lauc": 0.0
    },
    "hardware": {
      "python_version": "3.11.7 | packaged by Anaconda, Inc. | (main, Dec 15 2023, 18:05:47) [MSC v.1916 64 bit (AMD64)]",
      "torch_version": "2.3.1+cpu",
      "cuda_available": false,
      "numpy_version": "1.26.4",
      "sklearn_version": "1.4.2"
    },
    "best_val_auc": 0.9328435688118205,
    "best_val_epoch": 10
  },
  "test": {
    "macro_auc": 0.9310505802197169,
    "macro_auc_ecg": 0.9293819342442774,
    "macro_auc_no_meta": 0.929710102530396,
    "delta_meta_auc": 0.0013404776893208847,
    "macro_f1_optimal": 0.7479094180896796,
    "macro_f1_fixed_05": 0.7414024428346855,
    "w_fused": 1.0,
    "thresholds": [
      0.6949999928474426,
      0.6650000214576721,
      0.6949999928474426,
      0.7099999785423279,
      0.6800000071525574
    ]
  },
  "per_class": {
    "NORM": {
      "auc": 0.9509183935155406,
      "f1": 0.8692111959287532,
      "threshold": 0.6949999928474426
    },
    "MI": {
      "auc": 0.9319836716681376,
      "f1": 0.722735674676525,
      "threshold": 0.6650000214576721
    },
    "STTC": {
      "auc": 0.9394929937268017,
      "f1": 0.7784090909090909,
      "threshold": 0.6949999928474426
    },
    "CD": {
      "auc": 0.919013684090823,
      "f1": 0.7398963730569948,
      "threshold": 0.7099999785423279
    },
    "HYP": {
      "auc": 0.9138441580972809,
      "f1": 0.6292947558770343,
      "threshold": 0.6800000071525574
    }
  },
  "subgroups": {
    "sex_male": {
      "n": 1066,
      "macro_auc": 0.9212630387450437,
      "per_class_auc": [
        0.9443462610185296,
        0.9182698151092182,
        0.9234761601359243,
        0.9088412731433325,
        0.9113816843182142
      ]
    },
    "sex_female": {
      "n": 1132,
      "macro_auc": 0.9402491268827843,
      "per_class_auc": [
        0.9579243430987617,
        0.9433174055928546,
        0.9535270592445366,
        0.9296002708850649,
        0.916876555592704
      ]
    },
    "age_lt45": {
      "n": 345,
      "macro_auc": 0.9212447239630371,
      "per_class_auc": [
        0.8884008007117437,
        0.9855743059335874,
        0.9588859416445624,
        0.8484596798550287,
        0.9249028916702633
      ]
    },
    "age_45_65": {
      "n": 703,
      "macro_auc": 0.9278228275375053,
      "per_class_auc": [
        0.9319406347962383,
        0.927623732856291,
        0.9513823682837766,
        0.9090972806279787,
        0.9190701211232415
      ]
    },
    "age_gt65": {
      "n": 1150,
      "macro_auc": 0.9216611926493448,
      "per_class_auc": [
        0.9535282162775309,
        0.9094442115852125,
        0.9189908579465542,
        0.9292804016156441,
        0.8970622758217821
      ]
    },
    "meta_complete": {
      "n": 660,
      "macro_auc": 0.9440716489551649,
      "per_class_auc": [
        0.9613537680306152,
        0.9439261887034847,
        0.9408541973490427,
        0.951776975645946,
        0.9224471150467355
      ]
    },
    "meta_incomplete": {
      "n": 1538,
      "macro_auc": 0.9256100280916577,
      "per_class_auc": [
        0.9475330325407605,
        0.9278160665338314,
        0.9386468557240951,
        0.9063618779672937,
        0.9076923076923077
      ]
    },
    "fairness_sex_gap": 0.01898608813774061
  },
  "training_history": [
    {
      "epoch": 1,
      "train_loss": 0.6601105477284948,
      "val_auc": 0.8980386122171596,
      "val_f1": 0.6591835295801676,
      "val_auc_ecg": 0.894984302108889,
      "val_delta_meta": -0.0001684623275635122,
      "lr": 0.0009755527298894294,
      "epoch_time_s": 242.73472261428833
    },
    {
      "epoch": 2,
      "train_loss": 0.5676913452257804,
      "val_auc": 0.9115109653675606,
      "val_f1": 0.7008900772230491,
      "val_auc_ecg": 0.9123928634611514,
      "val_delta_meta": -0.0014612055598111073,
      "lr": 0.0009046039886902864,
      "epoch_time_s": 242.2072994709015
    },
    {
      "epoch": 3,
      "train_loss": 0.5315710178209008,
      "val_auc": 0.9186360508144521,
      "val_f1": 0.6824787576496527,
      "val_auc_ecg": 0.9168303814323998,
      "val_delta_meta": 0.0011219567031174327,
      "lr": 0.0007940987335200904,
      "epoch_time_s": 258.5337131023407
    },
    {
      "epoch": 4,
      "train_loss": 0.5070115311430134,
      "val_auc": 0.9188722182843078,
      "val_f1": 0.7101434024331525,
      "val_auc_ecg": 0.917391534471838,
      "val_delta_meta": 0.00014794846162557995,
      "lr": 0.0006548539886902864,
      "epoch_time_s": 265.2230758666992
    },
    {
      "epoch": 5,
      "train_loss": 0.4825120253573864,
      "val_auc": 0.9199673791405312,
      "val_f1": 0.7103931767032534,
      "val_auc_ecg": 0.9176763462438412,
      "val_delta_meta": 0.000351326827925158,
      "lr": 0.0005005000000000001,
      "epoch_time_s": 264.8374037742615
    },
    {
      "epoch": 6,
      "train_loss": 0.4660846815196746,
      "val_auc": 0.9273550602862455,
      "val_f1": 0.7135398261545596,
      "val_auc_ecg": 0.9268354648765337,
      "val_delta_meta": -7.862100977951147e-05,
      "lr": 0.0003461460113097139,
      "epoch_time_s": 265.0856647491455
    },
    {
      "epoch": 7,
      "train_loss": 0.44241782733059803,
      "val_auc": 0.9297075750379833,
      "val_f1": 0.7222747970337141,
      "val_auc_ecg": 0.9288827928392536,
      "val_delta_meta": 0.0002765649816256488,
      "lr": 0.00020690126647990973,
      "epoch_time_s": 266.46755862236023
    },
    {
      "epoch": 8,
      "train_loss": 0.42221874154488975,
      "val_auc": 0.9316927197148317,
      "val_f1": 0.7288433848246132,
      "val_auc_ecg": 0.9306963744283927,
      "val_delta_meta": 0.0002547647932333863,
      "lr": 9.639601130971382e-05,
      "epoch_time_s": 266.48169112205505
    },
    {
      "epoch": 9,
      "train_loss": 0.40452028983229893,
      "val_auc": 0.9318568739340118,
      "val_f1": 0.7364578552902042,
      "val_auc_ecg": 0.9305043211372954,
      "val_delta_meta": 0.0006151955283257848,
      "lr": 2.5447270110570814e-05,
      "epoch_time_s": 266.01626658439636
    },
    {
      "epoch": 10,
      "train_loss": 0.3897240857738967,
      "val_auc": 0.9328435688118205,
      "val_f1": 0.7359505627175327,
      "val_auc_ecg": 0.9315372556142497,
      "val_delta_meta": 0.0005668329953580908,
      "lr": 0.001,
      "epoch_time_s": 266.22788548469543
    }
  ]
}