{
  "metadata": {
    "run_name": "ATLAS_A_v5_demo+anthro_no_q_meta_seed2027",
    "variant": "demo+anthro",
    "seed": 2027,
    "meta_hid": 128,
    "lauc_weight": 0.08,
    "no_aug": false,
    "arch_mode": "no_q_meta",
    "meta_mask_mode": "real",
    "test_fold": 10,
    "val_fold": 9,
    "timestamp": "2026-05-10T02:42:59.779313",
    "git_sha": "b8fda1f7a68a5b217a3f76d88337426561bd26e4",
    "analysis_plan_sha256": "4ad22e907fbd431a0b443255a3449c0560371997d5ee36a61e164de7aea5c3dc",
    "wall_time_s": 3500.820317029953,
    "train_time_s": 3443.1775171756744,
    "gpu_peak_mem_mb": 0,
    "num_parameters": 3951951,
    "dataset_sizes": {
      "train": 17418,
      "val": 2183,
      "test": 2198
    },
    "train_fold_ids": [
      1,
      2,
      3,
      4,
      5,
      6,
      7,
      8
    ],
    "pos_weights": [
      1.2930489778518677,
      2.9776203632354736,
      3.161012887954712,
      3.4581520557403564,
      7.21991491317749
    ],
    "loss_weights": {
      "fused": 0.52,
      "ecg": 0.3,
      "meta": 0.1,
      "lauc": 0.08
    },
    "hardware": {
      "python_version": "3.11.7 | packaged by Anaconda, Inc. | (main, Dec 15 2023, 18:05:47) [MSC v.1916 64 bit (AMD64)]",
      "torch_version": "2.3.1+cpu",
      "cuda_available": false,
      "numpy_version": "1.26.4",
      "sklearn_version": "1.4.2"
    },
    "best_val_auc": 0.9331455085352826,
    "best_val_epoch": 9
  },
  "test": {
    "macro_auc": 0.9288798702231216,
    "macro_auc_ecg": 0.9271655055686523,
    "macro_auc_no_meta": 0.9274797332000807,
    "delta_meta_auc": 0.0014001370230408705,
    "macro_f1_optimal": 0.7441755195742389,
    "macro_f1_fixed_05": 0.7381218360228515,
    "w_fused": 1.0,
    "thresholds": [
      0.6200000047683716,
      0.6499999761581421,
      0.7099999785423279,
      0.7400000095367432,
      0.6050000190734863
    ]
  },
  "per_class": {
    "NORM": {
      "auc": 0.9494797381664081,
      "f1": 0.8603625673689368,
      "threshold": 0.6200000047683716
    },
    "MI": {
      "auc": 0.9294009267431598,
      "f1": 0.7443946188340808,
      "threshold": 0.6499999761581421
    },
    "STTC": {
      "auc": 0.9350544856057511,
      "f1": 0.7630057803468208,
      "threshold": 0.7099999785423279
    },
    "CD": {
      "auc": 0.918830076570259,
      "f1": 0.7481559536354057,
      "threshold": 0.7400000095367432
    },
    "HYP": {
      "auc": 0.9116341240300295,
      "f1": 0.6049586776859505,
      "threshold": 0.6050000190734863
    }
  },
  "subgroups": {
    "sex_male": {
      "n": 1066,
      "macro_auc": 0.920685972733281,
      "per_class_auc": [
        0.9451269096073986,
        0.920827073883387,
        0.9191842766627729,
        0.9078323278552111,
        0.9104592756576354
      ]
    },
    "sex_female": {
      "n": 1132,
      "macro_auc": 0.9369418504506928,
      "per_class_auc": [
        0.9548065790798349,
        0.9370511502248029,
        0.948565432062944,
        0.9302253902655021,
        0.9140607006203797
      ]
    },
    "age_lt45": {
      "n": 345,
      "macro_auc": 0.9277810750219077,
      "per_class_auc": [
        0.9030249110320284,
        0.9833968426782798,
        0.9626235833132384,
        0.8489882210812443,
        0.9408718170047475
      ]
    },
    "age_45_65": {
      "n": 703,
      "macro_auc": 0.9263799560093979,
      "per_class_auc": [
        0.9285119514106581,
        0.9258845160007951,
        0.9494261867501304,
        0.9079478553406225,
        0.920129270544783
      ]
    },
    "age_gt65": {
      "n": 1150,
      "macro_auc": 0.9171707596299161,
      "per_class_auc": [
        0.9487782399092541,
        0.9047531226423002,
        0.9103902953586498,
        0.9279216908729438,
        0.8940104493664323
      ]
    },
    "meta_complete": {
      "n": 660,
      "macro_auc": 0.9398831536039725,
      "per_class_auc": [
        0.9588883573741536,
        0.9418677644929123,
        0.934880706921944,
        0.9459702386897034,
        0.9178087005411484
      ]
    },
    "meta_incomplete": {
      "n": 1538,
      "macro_auc": 0.9245999796274973,
      "per_class_auc": [
        0.9467350822322487,
        0.9247666701399446,
        0.9347577297590876,
        0.9087532969931422,
        0.9079871190130625
      ]
    },
    "fairness_sex_gap": 0.01625587771741177
  },
  "training_history": [
    {
      "epoch": 1,
      "train_loss": 0.6503210122432184,
      "val_auc": 0.8998465412124637,
      "val_f1": 0.6814361528967294,
      "val_auc_ecg": 0.8974016072867954,
      "val_delta_meta": 0.002183714673089643,
      "lr": 0.0009755527298894294,
      "epoch_time_s": 242.97386956214905
    },
    {
      "epoch": 2,
      "train_loss": 0.5582264963093154,
      "val_auc": 0.9058158713224899,
      "val_f1": 0.6704553848275442,
      "val_auc_ecg": 0.9056809590499189,
      "val_delta_meta": 0.0004894287763083094,
      "lr": 0.0009046039886902864,
      "epoch_time_s": 242.90936255455017
    },
    {
      "epoch": 3,
      "train_loss": 0.5244545930022494,
      "val_auc": 0.9183291403377831,
      "val_f1": 0.7085577467997946,
      "val_auc_ecg": 0.9169778960025393,
      "val_delta_meta": -7.67092569975425e-06,
      "lr": 0.0007940987335200904,
      "epoch_time_s": 258.79984402656555
    },
    {
      "epoch": 4,
      "train_loss": 0.49691121162624535,
      "val_auc": 0.9204923216366552,
      "val_f1": 0.7090967417123129,
      "val_auc_ecg": 0.9204126770054195,
      "val_delta_meta": -0.00031483374322560653,
      "lr": 0.0006548539886902864,
      "epoch_time_s": 345.06351590156555
    },
    {
      "epoch": 5,
      "train_loss": 0.4770089966441513,
      "val_auc": 0.9220126402219074,
      "val_f1": 0.7247761976912647,
      "val_auc_ecg": 0.920747736785815,
      "val_delta_meta": 0.0003642870982216717,
      "lr": 0.0005005000000000001,
      "epoch_time_s": 510.99955439567566
    },
    {
      "epoch": 6,
      "train_loss": 0.456446360502768,
      "val_auc": 0.9262041136975536,
      "val_f1": 0.7112822635769754,
      "val_auc_ecg": 0.9256469066455384,
      "val_delta_meta": -0.00018297955974500013,
      "lr": 0.0003461460113097139,
      "epoch_time_s": 554.4956111907959
    },
    {
      "epoch": 7,
      "train_loss": 0.43640600300710136,
      "val_auc": 0.9303608169949295,
      "val_f1": 0.742441910972208,
      "val_auc_ecg": 0.9293323129335335,
      "val_delta_meta": 0.00042962756091002863,
      "lr": 0.00020690126647990973,
      "epoch_time_s": 472.00377106666565
    },
    {
      "epoch": 8,
      "train_loss": 0.4157245071929529,
      "val_auc": 0.9302218246201026,
      "val_f1": 0.7330390548976566,
      "val_auc_ecg": 0.9292068445332259,
      "val_delta_meta": 0.0004973605996676511,
      "lr": 9.639601130971382e-05,
      "epoch_time_s": 265.7425436973572
    },
    {
      "epoch": 9,
      "train_loss": 0.39339278775070785,
      "val_auc": 0.9331455085352826,
      "val_f1": 0.7422971843833899,
      "val_auc_ecg": 0.9322445624941951,
      "val_delta_meta": 0.00044184934573043844,
      "lr": 2.5447270110570814e-05,
      "epoch_time_s": 266.3562059402466
    },
    {
      "epoch": 10,
      "train_loss": 0.3811575057856533,
      "val_auc": 0.9327281599946936,
      "val_f1": 0.7418203164196908,
      "val_auc_ecg": 0.9320051852953603,
      "val_delta_meta": 0.0002618795790558792,
      "lr": 0.001,
      "epoch_time_s": 273.6960997581482
    }
  ]
}