{
  "metadata": {
    "run_name": "ATLAS_A_v5_demo+anthro_metaH256_seed2031",
    "variant": "demo+anthro",
    "seed": 2031,
    "meta_hid": 256,
    "lauc_weight": 0.08,
    "no_aug": false,
    "arch_mode": "standard",
    "meta_mask_mode": "real",
    "test_fold": 10,
    "val_fold": 9,
    "timestamp": "2026-05-06T15:03:43.242070",
    "git_sha": "b8fda1f7a68a5b217a3f76d88337426561bd26e4",
    "analysis_plan_sha256": "4ad22e907fbd431a0b443255a3449c0560371997d5ee36a61e164de7aea5c3dc",
    "wall_time_s": 2661.4001982212067,
    "train_time_s": 2632.0650866031647,
    "gpu_peak_mem_mb": 0,
    "num_parameters": 3985359,
    "dataset_sizes": {
      "train": 17418,
      "val": 2183,
      "test": 2198
    },
    "train_fold_ids": [
      1,
      2,
      3,
      4,
      5,
      6,
      7,
      8
    ],
    "pos_weights": [
      1.2930489778518677,
      2.9776203632354736,
      3.161012887954712,
      3.4581520557403564,
      7.21991491317749
    ],
    "loss_weights": {
      "fused": 0.52,
      "ecg": 0.3,
      "meta": 0.1,
      "lauc": 0.08
    },
    "hardware": {
      "python_version": "3.11.7 | packaged by Anaconda, Inc. | (main, Dec 15 2023, 18:05:47) [MSC v.1916 64 bit (AMD64)]",
      "torch_version": "2.3.1+cpu",
      "cuda_available": false,
      "numpy_version": "1.26.4",
      "sklearn_version": "1.4.2"
    },
    "best_val_auc": 0.9317398130703385,
    "best_val_epoch": 10
  },
  "test": {
    "macro_auc": 0.9294842448701767,
    "macro_auc_ecg": 0.927210900679311,
    "macro_auc_no_meta": 0.9274328929466478,
    "delta_meta_auc": 0.002051351923528899,
    "macro_f1_optimal": 0.7431967336508107,
    "macro_f1_fixed_05": 0.736674367379098,
    "w_fused": 1.0,
    "thresholds": [
      0.5450000166893005,
      0.7099999785423279,
      0.6949999928474426,
      0.6499999761581421,
      0.7549999952316284
    ]
  },
  "per_class": {
    "NORM": {
      "auc": 0.9512866758316831,
      "f1": 0.8694404591104734,
      "threshold": 0.5450000166893005
    },
    "MI": {
      "auc": 0.9287389673433364,
      "f1": 0.7252336448598131,
      "threshold": 0.7099999785423279
    },
    "STTC": {
      "auc": 0.9374683106772559,
      "f1": 0.7666034155597723,
      "threshold": 0.6949999928474426
    },
    "CD": {
      "auc": 0.9183444050642506,
      "f1": 0.744138634046891,
      "threshold": 0.6499999761581421
    },
    "HYP": {
      "auc": 0.9115828654343574,
      "f1": 0.6105675146771037,
      "threshold": 0.7549999952316284
    }
  },
  "subgroups": {
    "sex_male": {
      "n": 1066,
      "macro_auc": 0.9212033459009051,
      "per_class_auc": [
        0.9448124817035487,
        0.9178128144917812,
        0.9223921277122934,
        0.9088880798835031,
        0.9121112257133992
      ]
    },
    "sex_female": {
      "n": 1132,
      "macro_auc": 0.9373391206890224,
      "per_class_auc": [
        0.9582137823416892,
        0.9375229339301197,
        0.9498904670022777,
        0.9294743787876156,
        0.9115940413834095
      ]
    },
    "age_lt45": {
      "n": 345,
      "macro_auc": 0.9203585006198367,
      "per_class_auc": [
        0.8935164590747331,
        0.9697876973326075,
        0.9535809018567639,
        0.8492147387496226,
        0.9356927060854554
      ]
    },
    "age_45_65": {
      "n": 703,
      "macro_auc": 0.9269093240112601,
      "per_class_auc": [
        0.9297772988505747,
        0.9261950904392765,
        0.9521126760563381,
        0.9044855620970003,
        0.9219759926131117
      ]
    },
    "age_gt65": {
      "n": 1150,
      "macro_auc": 0.919114496682441,
      "per_class_auc": [
        0.9540244824652614,
        0.9044848688071088,
        0.9159634317862168,
        0.9286288128126052,
        0.8924708875410139
      ]
    },
    "meta_complete": {
      "n": 660,
      "macro_auc": 0.9404258441855717,
      "per_class_auc": [
        0.9613261701501324,
        0.9395173652170105,
        0.9375552282768778,
        0.9443580488222453,
        0.9193724084615926
      ]
    },
    "meta_incomplete": {
      "n": 1538,
      "macro_auc": 0.9249275947044524,
      "per_class_auc": [
        0.9478938448541744,
        0.9243349912919957,
        0.9374272607363153,
        0.9082375007326651,
        0.9067443759071118
      ]
    },
    "fairness_sex_gap": 0.01613577478811723
  },
  "training_history": [
    {
      "epoch": 1,
      "train_loss": 0.6438907763826738,
      "val_auc": 0.904046063798057,
      "val_f1": 0.6466903204025523,
      "val_auc_ecg": 0.9037014033355535,
      "val_delta_meta": -0.00019978797276765103,
      "lr": 0.0009755527298894294,
      "epoch_time_s": 250.7257673740387
    },
    {
      "epoch": 2,
      "train_loss": 0.5617680551262076,
      "val_auc": 0.9129873302280535,
      "val_f1": 0.7084885297855241,
      "val_auc_ecg": 0.9111432093406503,
      "val_delta_meta": 0.0012071307100344209,
      "lr": 0.0009046039886902864,
      "epoch_time_s": 244.19719672203064
    },
    {
      "epoch": 3,
      "train_loss": 0.528377825787308,
      "val_auc": 0.9113395609692398,
      "val_f1": 0.7031334684856417,
      "val_auc_ecg": 0.910270811552645,
      "val_delta_meta": 0.001643629308064276,
      "lr": 0.0007940987335200904,
      "epoch_time_s": 258.81932044029236
    },
    {
      "epoch": 4,
      "train_loss": 0.5011269545883213,
      "val_auc": 0.9188873877250284,
      "val_f1": 0.7107424948453465,
      "val_auc_ecg": 0.9176952443470745,
      "val_delta_meta": -0.0006029673134785307,
      "lr": 0.0006548539886902864,
      "epoch_time_s": 266.01955699920654
    },
    {
      "epoch": 5,
      "train_loss": 0.47947373570652185,
      "val_auc": 0.9242380635304033,
      "val_f1": 0.728360315106581,
      "val_auc_ecg": 0.9235767312691678,
      "val_delta_meta": 0.0002248157793804939,
      "lr": 0.0005005000000000001,
      "epoch_time_s": 265.93940472602844
    },
    {
      "epoch": 6,
      "train_loss": 0.46076697630619784,
      "val_auc": 0.9257727881311238,
      "val_f1": 0.7356809254470764,
      "val_auc_ecg": 0.9251256324135971,
      "val_delta_meta": 0.0008022830451407392,
      "lr": 0.0003461460113097139,
      "epoch_time_s": 265.59979939460754
    },
    {
      "epoch": 7,
      "train_loss": 0.4355542124958213,
      "val_auc": 0.9261332380218393,
      "val_f1": 0.7240715780854967,
      "val_auc_ecg": 0.9255712993952049,
      "val_delta_meta": 0.000108638647294379,
      "lr": 0.00020690126647990973,
      "epoch_time_s": 265.5286555290222
    },
    {
      "epoch": 8,
      "train_loss": 0.41464973983414677,
      "val_auc": 0.9305249189395376,
      "val_f1": 0.7371766753388176,
      "val_auc_ecg": 0.9296568347329266,
      "val_delta_meta": 0.0003138225905718883,
      "lr": 9.639601130971382e-05,
      "epoch_time_s": 272.55454874038696
    },
    {
      "epoch": 9,
      "train_loss": 0.3980655804960006,
      "val_auc": 0.9214907364652698,
      "val_f1": 0.7188531694974812,
      "val_auc_ecg": 0.9207561764917982,
      "val_delta_meta": 0.0003287908736301359,
      "lr": 2.5447270110570814e-05,
      "epoch_time_s": 266.5320153236389
    },
    {
      "epoch": 10,
      "train_loss": 0.3847968281955894,
      "val_auc": 0.9317398130703385,
      "val_f1": 0.7371562941496277,
      "val_auc_ecg": 0.9312958720488581,
      "val_delta_meta": 0.0001637752572897222,
      "lr": 0.001,
      "epoch_time_s": 266.6740427017212
    }
  ]
}