{
  "metadata": {
    "run_name": "ATLAS_A_v5_demo+anthro_trainmask_seed2027",
    "variant": "demo+anthro",
    "seed": 2027,
    "meta_hid": 128,
    "lauc_weight": 0.08,
    "no_aug": false,
    "arch_mode": "standard",
    "meta_mask_mode": "trainmask",
    "test_fold": 10,
    "val_fold": 9,
    "timestamp": "2026-05-10T17:22:10.967339",
    "git_sha": "b8fda1f7a68a5b217a3f76d88337426561bd26e4",
    "analysis_plan_sha256": "4ad22e907fbd431a0b443255a3449c0560371997d5ee36a61e164de7aea5c3dc",
    "wall_time_s": 2619.3201439380646,
    "train_time_s": 2589.1214690208435,
    "gpu_peak_mem_mb": 0,
    "num_parameters": 3951951,
    "dataset_sizes": {
      "train": 17418,
      "val": 2183,
      "test": 2198
    },
    "train_fold_ids": [
      1,
      2,
      3,
      4,
      5,
      6,
      7,
      8
    ],
    "pos_weights": [
      1.2930489778518677,
      2.9776203632354736,
      3.161012887954712,
      3.4581520557403564,
      7.21991491317749
    ],
    "loss_weights": {
      "fused": 0.52,
      "ecg": 0.3,
      "meta": 0.1,
      "lauc": 0.08
    },
    "hardware": {
      "python_version": "3.11.7 | packaged by Anaconda, Inc. | (main, Dec 15 2023, 18:05:47) [MSC v.1916 64 bit (AMD64)]",
      "torch_version": "2.3.1+cpu",
      "cuda_available": false,
      "numpy_version": "1.26.4",
      "sklearn_version": "1.4.2"
    },
    "best_val_auc": 0.49422535449654054,
    "best_val_epoch": 1
  },
  "test": {
    "macro_auc": 0.4975615658785534,
    "macro_auc_ecg": 0.8929764638480455,
    "macro_auc_no_meta": 0.8928905026909824,
    "delta_meta_auc": -0.395328936812429,
    "macro_f1_optimal": 0.25065533627780573,
    "macro_f1_fixed_05": 0.25065533627780573,
    "w_fused": 1.0,
    "thresholds": [
      0.05000000074505806,
      0.05000000074505806,
      0.05000000074505806,
      0.05000000074505806,
      0.05000000074505806
    ]
  },
  "per_class": {
    "NORM": {
      "auc": 0.5149494873056113,
      "f1": 0.2353870458135861,
      "threshold": 0.05000000074505806
    },
    "MI": {
      "auc": 0.4755941085613416,
      "f1": 0.30356027482823233,
      "threshold": 0.05000000074505806
    },
    "STTC": {
      "auc": 0.5333237192363202,
      "f1": 0.3897569444444444,
      "threshold": 0.05000000074505806
    },
    "CD": {
      "auc": 0.5125208483378189,
      "f1": 0.2724890829694323,
      "threshold": 0.05000000074505806
    },
    "HYP": {
      "auc": 0.45141966595167493,
      "f1": 0.052083333333333336,
      "threshold": 0.05000000074505806
    }
  },
  "subgroups": {
    "sex_male": {
      "n": 1066,
      "macro_auc": 0.47042260533826397,
      "per_class_auc": [
        0.5056578952123835,
        0.43807155462858977,
        0.5107385579271531,
        0.4705949656750572,
        0.42705005324813633
      ]
    },
    "sex_female": {
      "n": 1132,
      "macro_auc": 0.5177763871459296,
      "per_class_auc": [
        0.5175283776301218,
        0.4975967257404383,
        0.5518867240203689,
        0.5475025612530171,
        0.47436754708570156
      ]
    },
    "age_lt45": {
      "n": 345,
      "macro_auc": 0.5311336063307378,
      "per_class_auc": [
        0.5106761565836299,
        0.6415351115949918,
        0.5510007234145166,
        0.5312216852914527,
        0.421234354769098
      ]
    },
    "age_45_65": {
      "n": 703,
      "macro_auc": 0.5139688886582359,
      "per_class_auc": [
        0.48177083333333337,
        0.4986024150268336,
        0.5647104851330204,
        0.5453462293243622,
        0.4794144804736299
      ]
    },
    "age_gt65": {
      "n": 1150,
      "macro_auc": 0.4953116618206824,
      "per_class_auc": [
        0.5062230204493179,
        0.4481180316874842,
        0.48362869198312236,
        0.5427049820627969,
        0.49588358292069074
      ]
    },
    "meta_complete": {
      "n": 660,
      "macro_auc": 0.4739629648868554,
      "per_class_auc": [
        0.5028885781571976,
        0.47910918407567993,
        0.46276288659793813,
        0.44945856101353954,
        0.47559561458992194
      ]
    },
    "meta_incomplete": {
      "n": 1538,
      "macro_auc": 0.5082605606126016,
      "per_class_auc": [
        0.5218811851990626,
        0.47787699066680567,
        0.5718178996780074,
        0.5305644452259539,
        0.43916228229317844
      ]
    },
    "fairness_sex_gap": 0.047353781807665585
  },
  "training_history": [
    {
      "epoch": 1,
      "train_loss": 0.6009880280275958,
      "val_auc": 0.49422535449654054,
      "val_f1": 0.24816379518380677,
      "val_auc_ecg": 0.9006022226019441,
      "val_delta_meta": -0.40785977842962123,
      "lr": 0.0009755527298894294,
      "epoch_time_s": 245.4000220298767
    },
    {
      "epoch": 2,
      "train_loss": 0.5078474092374154,
      "val_auc": 0.49417477315441827,
      "val_f1": 0.24816379518380677,
      "val_auc_ecg": 0.9072159976711507,
      "val_delta_meta": -0.4150929439772757,
      "lr": 0.0009046039886902864,
      "epoch_time_s": 245.1059217453003
    },
    {
      "epoch": 3,
      "train_loss": 0.4735084692819403,
      "val_auc": 0.49417477315441827,
      "val_f1": 0.24816379518380677,
      "val_auc_ecg": 0.918915438700379,
      "val_delta_meta": -0.42519261186289803,
      "lr": 0.0007940987335200904,
      "epoch_time_s": 256.5774209499359
    },
    {
      "epoch": 4,
      "train_loss": 0.45109313174125254,
      "val_auc": 0.49417477315441827,
      "val_f1": 0.24816379518380677,
      "val_auc_ecg": 0.9209616306755756,
      "val_delta_meta": -0.4274528057186414,
      "lr": 0.0006548539886902864,
      "epoch_time_s": 262.0575478076935
    },
    {
      "epoch": 5,
      "train_loss": 0.4289512164002165,
      "val_auc": 0.49417477315441827,
      "val_f1": 0.24816379518380677,
      "val_auc_ecg": 0.9201684994487641,
      "val_delta_meta": -0.42667278485952453,
      "lr": 0.0005005000000000001,
      "epoch_time_s": 262.6208825111389
    },
    {
      "epoch": 6,
      "train_loss": 0.4093388156059685,
      "val_auc": 0.49417477315441827,
      "val_f1": 0.24816379518380677,
      "val_auc_ecg": 0.9246050136023177,
      "val_delta_meta": -0.4304433079911929,
      "lr": 0.0003461460113097139,
      "epoch_time_s": 262.2462978363037
    },
    {
      "epoch": 7,
      "train_loss": 0.389450766925418,
      "val_auc": 0.49417477315441827,
      "val_f1": 0.24816379518380677,
      "val_auc_ecg": 0.9303798982912056,
      "val_delta_meta": -0.4364013063885087,
      "lr": 0.00020690126647990973,
      "epoch_time_s": 262.604300737381
    },
    {
      "epoch": 8,
      "train_loss": 0.3679519421190297,
      "val_auc": 0.49417477315441827,
      "val_f1": 0.24816379518380677,
      "val_auc_ecg": 0.929200882590415,
      "val_delta_meta": -0.43518713072407234,
      "lr": 9.639601130971382e-05,
      "epoch_time_s": 262.74624466896057
    },
    {
      "epoch": 9,
      "train_loss": 0.34669615169730755,
      "val_auc": 0.49422535449654054,
      "val_f1": 0.24819782057198103,
      "val_auc_ecg": 0.933268441570396,
      "val_delta_meta": -0.4390857928139093,
      "lr": 2.5447270110570814e-05,
      "epoch_time_s": 262.7978427410126
    },
    {
      "epoch": 10,
      "train_loss": 0.3349625486846364,
      "val_auc": 0.49422535449654054,
      "val_f1": 0.24819782057198103,
      "val_auc_ecg": 0.9330316219841712,
      "val_delta_meta": -0.4389273319254327,
      "lr": 0.001,
      "epoch_time_s": 262.94014382362366
    }
  ]
}