{
  "metadata": {
    "run_name": "ATLAS_A_v5_demo+anthro_metaH64_seed2031",
    "variant": "demo+anthro",
    "seed": 2031,
    "meta_hid": 64,
    "lauc_weight": 0.08,
    "no_aug": false,
    "arch_mode": "standard",
    "meta_mask_mode": "real",
    "test_fold": 10,
    "val_fold": 9,
    "timestamp": "2026-05-06T07:38:38.137482",
    "git_sha": "b8fda1f7a68a5b217a3f76d88337426561bd26e4",
    "analysis_plan_sha256": "4ad22e907fbd431a0b443255a3449c0560371997d5ee36a61e164de7aea5c3dc",
    "wall_time_s": 2638.9744408130646,
    "train_time_s": 2609.7051618099213,
    "gpu_peak_mem_mb": 0,
    "num_parameters": 3935247,
    "dataset_sizes": {
      "train": 17418,
      "val": 2183,
      "test": 2198
    },
    "train_fold_ids": [
      1,
      2,
      3,
      4,
      5,
      6,
      7,
      8
    ],
    "pos_weights": [
      1.2930489778518677,
      2.9776203632354736,
      3.161012887954712,
      3.4581520557403564,
      7.21991491317749
    ],
    "loss_weights": {
      "fused": 0.52,
      "ecg": 0.3,
      "meta": 0.1,
      "lauc": 0.08
    },
    "hardware": {
      "python_version": "3.11.7 | packaged by Anaconda, Inc. | (main, Dec 15 2023, 18:05:47) [MSC v.1916 64 bit (AMD64)]",
      "torch_version": "2.3.1+cpu",
      "cuda_available": false,
      "numpy_version": "1.26.4",
      "sklearn_version": "1.4.2"
    },
    "best_val_auc": 0.9329695349120701,
    "best_val_epoch": 10
  },
  "test": {
    "macro_auc": 0.9263115606912768,
    "macro_auc_ecg": 0.9278155620697122,
    "macro_auc_no_meta": 0.9277596599255995,
    "delta_meta_auc": -0.0014480992343226529,
    "macro_f1_optimal": 0.7446941737471577,
    "macro_f1_fixed_05": 0.7402562589860398,
    "w_fused": 1.0,
    "thresholds": [
      0.6650000214576721,
      0.574999988079071,
      0.5,
      0.7250000238418579,
      0.7099999785423279
    ]
  },
  "per_class": {
    "NORM": {
      "auc": 0.9465637494166762,
      "f1": 0.8617332035053554,
      "threshold": 0.6650000214576721
    },
    "MI": {
      "auc": 0.9275253751103265,
      "f1": 0.7390917186108638,
      "threshold": 0.574999988079071
    },
    "STTC": {
      "auc": 0.9369326681293827,
      "f1": 0.7659574468085106,
      "threshold": 0.5
    },
    "CD": {
      "auc": 0.9159065710170198,
      "f1": 0.7537473233404711,
      "threshold": 0.7250000238418579
    },
    "HYP": {
      "auc": 0.9046294397829789,
      "f1": 0.6029411764705882,
      "threshold": 0.7099999785423279
    }
  },
  "subgroups": {
    "sex_male": {
      "n": 1066,
      "macro_auc": 0.9192281993299908,
      "per_class_auc": [
        0.9406779354736116,
        0.9215028513921504,
        0.9225868110863332,
        0.9069013938007072,
        0.9044720048971515
      ]
    },
    "sex_female": {
      "n": 1132,
      "macro_auc": 0.9333326150782696,
      "per_class_auc": [
        0.9536865750528543,
        0.932643803302486,
        0.9494842519113871,
        0.9258148257479727,
        0.9050336193766485
      ]
    },
    "age_lt45": {
      "n": 345,
      "macro_auc": 0.9086689225020572,
      "per_class_auc": [
        0.8690502669039146,
        0.9896570495372891,
        0.9619001687967206,
        0.8472515856236785,
        0.8754855416486836
      ]
    },
    "age_45_65": {
      "n": 703,
      "macro_auc": 0.9185441592001841,
      "per_class_auc": [
        0.9203239289446186,
        0.9118465513814351,
        0.9500521648408973,
        0.9059573871600786,
        0.9045407636738906
      ]
    },
    "age_gt65": {
      "n": 1150,
      "macro_auc": 0.9182284886850768,
      "per_class_auc": [
        0.9515864763525222,
        0.9075463157012323,
        0.9147960618846696,
        0.9243823789655288,
        0.8928312105214311
      ]
    },
    "meta_complete": {
      "n": 660,
      "macro_auc": 0.9403718995085469,
      "per_class_auc": [
        0.9613997644980865,
        0.9465831617979824,
        0.9366951399116348,
        0.9422893096117904,
        0.9148921217232413
      ]
    },
    "meta_incomplete": {
      "n": 1538,
      "macro_auc": 0.9206604922131147,
      "per_class_auc": [
        0.9420462568324495,
        0.9212494444527141,
        0.93659803313031,
        0.9064158021217984,
        0.8969929245283018
      ]
    },
    "fairness_sex_gap": 0.014104415748278809
  },
  "training_history": [
    {
      "epoch": 1,
      "train_loss": 0.6439091870544154,
      "val_auc": 0.8992548606875997,
      "val_f1": 0.6765331824940477,
      "val_auc_ecg": 0.8982979088958511,
      "val_delta_meta": -0.0012095060772733257,
      "lr": 0.0009755527298894294,
      "epoch_time_s": 242.8190462589264
    },
    {
      "epoch": 2,
      "train_loss": 0.5570109872096175,
      "val_auc": 0.9145763340464527,
      "val_f1": 0.7030455262679585,
      "val_auc_ecg": 0.9133199505897653,
      "val_delta_meta": 0.0019781511121355067,
      "lr": 0.0009046039886902864,
      "epoch_time_s": 242.77928757667542
    },
    {
      "epoch": 3,
      "train_loss": 0.5267977064355798,
      "val_auc": 0.9209922849460852,
      "val_f1": 0.7115833140949338,
      "val_auc_ecg": 0.9191891226334097,
      "val_delta_meta": 0.0002561514023250444,
      "lr": 0.0007940987335200904,
      "epoch_time_s": 258.34101009368896
    },
    {
      "epoch": 4,
      "train_loss": 0.5027000159298608,
      "val_auc": 0.9189657801994942,
      "val_f1": 0.7123379573678912,
      "val_auc_ecg": 0.9171279877549979,
      "val_delta_meta": 0.0005783116936117771,
      "lr": 0.0006548539886902864,
      "epoch_time_s": 263.14754700660706
    },
    {
      "epoch": 5,
      "train_loss": 0.47936374818513156,
      "val_auc": 0.9271646817171956,
      "val_f1": 0.7395853783522146,
      "val_auc_ecg": 0.9262624468285845,
      "val_delta_meta": 7.633760983283278e-05,
      "lr": 0.0005005000000000001,
      "epoch_time_s": 263.4792811870575
    },
    {
      "epoch": 6,
      "train_loss": 0.46080018659250455,
      "val_auc": 0.9256115015465894,
      "val_f1": 0.7316236687367882,
      "val_auc_ecg": 0.9250707068150872,
      "val_delta_meta": -1.4670493282964436e-05,
      "lr": 0.0003461460113097139,
      "epoch_time_s": 262.97788524627686
    },
    {
      "epoch": 7,
      "train_loss": 0.4374456327169313,
      "val_auc": 0.9262287225291763,
      "val_f1": 0.7372010562142688,
      "val_auc_ecg": 0.9260843004412326,
      "val_delta_meta": -0.0009771296904794724,
      "lr": 0.00020690126647990973,
      "epoch_time_s": 271.6698365211487
    },
    {
      "epoch": 8,
      "train_loss": 0.4166838606563183,
      "val_auc": 0.9301071422144471,
      "val_f1": 0.7388417820161525,
      "val_auc_ecg": 0.9305036010663562,
      "val_delta_meta": -0.0010963448109906349,
      "lr": 9.639601130971382e-05,
      "epoch_time_s": 267.1482799053192
    },
    {
      "epoch": 9,
      "train_loss": 0.39998835934958327,
      "val_auc": 0.9322952292124411,
      "val_f1": 0.7436777921700067,
      "val_auc_ecg": 0.931940270590203,
      "val_delta_meta": -8.764632431956798e-05,
      "lr": 2.5447270110570814e-05,
      "epoch_time_s": 264.4791679382324
    },
    {
      "epoch": 10,
      "train_loss": 0.3867796432534489,
      "val_auc": 0.9329695349120701,
      "val_f1": 0.747617551171553,
      "val_auc_ecg": 0.9332923116782753,
      "val_delta_meta": -0.0007495291841138618,
      "lr": 0.001,
      "epoch_time_s": 264.27280139923096
    }
  ]
}