{
  "metadata": {
    "run_name": "ATLAS_A_v5_demo+anthro_tf7_vf8_seed2024",
    "variant": "demo+anthro",
    "seed": 2024,
    "meta_hid": 128,
    "lauc_weight": 0.08,
    "no_aug": false,
    "arch_mode": "standard",
    "meta_mask_mode": "real",
    "test_fold": 7,
    "val_fold": 8,
    "timestamp": "2026-05-11T05:56:34.986518",
    "git_sha": "b8fda1f7a68a5b217a3f76d88337426561bd26e4",
    "analysis_plan_sha256": "4ad22e907fbd431a0b443255a3449c0560371997d5ee36a61e164de7aea5c3dc",
    "wall_time_s": 2652.3978362083435,
    "train_time_s": 2622.535797595978,
    "gpu_peak_mem_mb": 0,
    "num_parameters": 3951951,
    "dataset_sizes": {
      "train": 17450,
      "val": 2173,
      "test": 2176
    },
    "train_fold_ids": [
      1,
      2,
      3,
      4,
      5,
      6,
      9,
      10
    ],
    "pos_weights": [
      1.2924330234527588,
      2.9831089973449707,
      3.1537728309631348,
      3.4424643516540527,
      7.242796421051025
    ],
    "loss_weights": {
      "fused": 0.52,
      "ecg": 0.3,
      "meta": 0.1,
      "lauc": 0.08
    },
    "hardware": {
      "python_version": "3.11.7 | packaged by Anaconda, Inc. | (main, Dec 15 2023, 18:05:47) [MSC v.1916 64 bit (AMD64)]",
      "torch_version": "2.3.1+cpu",
      "cuda_available": false,
      "numpy_version": "1.26.4",
      "sklearn_version": "1.4.2"
    },
    "best_val_auc": 0.944227579192534,
    "best_val_epoch": 10
  },
  "test": {
    "macro_auc": 0.9423331137666523,
    "macro_auc_ecg": 0.9410173545368956,
    "macro_auc_no_meta": 0.9402138726090211,
    "delta_meta_auc": 0.00211924115763118,
    "macro_f1_optimal": 0.7659550258786533,
    "macro_f1_fixed_05": 0.7551228559005281,
    "w_fused": 1.0,
    "thresholds": [
      0.5600000023841858,
      0.6800000071525574,
      0.6800000071525574,
      0.6949999928474426,
      0.8149999976158142
    ]
  },
  "per_class": {
    "NORM": {
      "auc": 0.9644569249970081,
      "f1": 0.8785140562248996,
      "threshold": 0.5600000023841858
    },
    "MI": {
      "auc": 0.9425774348652577,
      "f1": 0.7775800711743772,
      "threshold": 0.6800000071525574
    },
    "STTC": {
      "auc": 0.9276697788926049,
      "f1": 0.7358997314234557,
      "threshold": 0.6800000071525574
    },
    "CD": {
      "auc": 0.9422924336285365,
      "f1": 0.7834602829162133,
      "threshold": 0.6949999928474426
    },
    "HYP": {
      "auc": 0.9346689964498542,
      "f1": 0.654320987654321,
      "threshold": 0.8149999976158142
    }
  },
  "subgroups": {
    "sex_male": {
      "n": 1039,
      "macro_auc": 0.9398359450255173,
      "per_class_auc": [
        0.9641787837016615,
        0.9371369459696031,
        0.9287888189581301,
        0.9261236129192238,
        0.9429515635789681
      ]
    },
    "sex_female": {
      "n": 1137,
      "macro_auc": 0.9430347859143147,
      "per_class_auc": [
        0.964244941660593,
        0.9446847181008902,
        0.9266057466513048,
        0.9528203114775552,
        0.9268182116812299
      ]
    },
    "age_lt45": {
      "n": 351,
      "macro_auc": 0.9602226445494348,
      "per_class_auc": [
        0.9577529232333504,
        0.9805045871559632,
        0.9657314200042836,
        0.947377938517179,
        0.9497463538363982
      ]
    },
    "age_45_65": {
      "n": 758,
      "macro_auc": 0.9494473266723329,
      "per_class_auc": [
        0.9616819616819617,
        0.9620672779486042,
        0.9318435217224146,
        0.9406991045668242,
        0.9509447674418605
      ]
    },
    "age_gt65": {
      "n": 1067,
      "macro_auc": 0.9246093694063118,
      "per_class_auc": [
        0.9573055413511253,
        0.9100685099094691,
        0.905944299834975,
        0.936670562264641,
        0.9130579336713489
      ]
    },
    "meta_complete": {
      "n": 657,
      "macro_auc": 0.9317322364057862,
      "per_class_auc": [
        0.9494031068105142,
        0.9349428019610756,
        0.9298949355455652,
        0.9166926029671129,
        0.9277277347446637
      ]
    },
    "meta_incomplete": {
      "n": 1519,
      "macro_auc": 0.9462258380328755,
      "per_class_auc": [
        0.9698169012586044,
        0.9443085537781919,
        0.9264983101674406,
        0.953838422883649,
        0.9366670020764918
      ]
    },
    "fairness_sex_gap": 0.003198840888797405
  },
  "training_history": [
    {
      "epoch": 1,
      "train_loss": 0.6513123637808985,
      "val_auc": 0.9152762202947506,
      "val_f1": 0.7009319495087831,
      "val_auc_ecg": 0.9115602882942142,
      "val_delta_meta": 0.0030885151333410743,
      "lr": 0.0009755527298894294,
      "epoch_time_s": 243.4864912033081
    },
    {
      "epoch": 2,
      "train_loss": 0.5674895344527213,
      "val_auc": 0.9151581185681987,
      "val_f1": 0.6776150027731935,
      "val_auc_ecg": 0.9100192496986645,
      "val_delta_meta": 0.0030557204106187452,
      "lr": 0.0009046039886902864,
      "epoch_time_s": 243.08629965782166
    },
    {
      "epoch": 3,
      "train_loss": 0.5356401181046343,
      "val_auc": 0.9317769959708334,
      "val_f1": 0.7236967402187566,
      "val_auc_ecg": 0.9286227657706055,
      "val_delta_meta": 0.0017508456786614612,
      "lr": 0.0007940987335200904,
      "epoch_time_s": 259.0918426513672
    },
    {
      "epoch": 4,
      "train_loss": 0.5077978371482192,
      "val_auc": 0.9363172853498274,
      "val_f1": 0.7406793668449165,
      "val_auc_ecg": 0.9349548008793581,
      "val_delta_meta": 0.002091648582833616,
      "lr": 0.0006548539886902864,
      "epoch_time_s": 265.1604309082031
    },
    {
      "epoch": 5,
      "train_loss": 0.48919619652596147,
      "val_auc": 0.939289405938698,
      "val_f1": 0.7302266528440072,
      "val_auc_ecg": 0.9367864429180897,
      "val_delta_meta": 0.0021771481565129314,
      "lr": 0.0005005000000000001,
      "epoch_time_s": 269.16668725013733
    },
    {
      "epoch": 6,
      "train_loss": 0.4665798950162563,
      "val_auc": 0.9403508977728944,
      "val_f1": 0.7355022710595609,
      "val_auc_ecg": 0.9385422639695437,
      "val_delta_meta": 0.0020473414101138676,
      "lr": 0.0003461460113097139,
      "epoch_time_s": 268.56435322761536
    },
    {
      "epoch": 7,
      "train_loss": 0.4442413289905031,
      "val_auc": 0.9426089265606258,
      "val_f1": 0.7324059219457418,
      "val_auc_ecg": 0.9409668041437419,
      "val_delta_meta": 0.0018744519348572464,
      "lr": 0.00020690126647990973,
      "epoch_time_s": 266.47758316993713
    },
    {
      "epoch": 8,
      "train_loss": 0.42339213227941874,
      "val_auc": 0.9440742192537586,
      "val_f1": 0.762192884695871,
      "val_auc_ecg": 0.9422620753836979,
      "val_delta_meta": 0.001507395023178204,
      "lr": 9.639601130971382e-05,
      "epoch_time_s": 266.0161621570587
    },
    {
      "epoch": 9,
      "train_loss": 0.40203909068317206,
      "val_auc": 0.9432805205891736,
      "val_f1": 0.7515948260708967,
      "val_auc_ecg": 0.941442936538779,
      "val_delta_meta": 0.0016907548495092017,
      "lr": 2.5447270110570814e-05,
      "epoch_time_s": 266.0862579345703
    },
    {
      "epoch": 10,
      "train_loss": 0.3894990873915372,
      "val_auc": 0.944227579192534,
      "val_f1": 0.758219648159406,
      "val_auc_ecg": 0.9425561544167337,
      "val_delta_meta": 0.001815318378811992,
      "lr": 0.001,
      "epoch_time_s": 265.87116169929504
    }
  ]
}