{
  "metadata": {
    "run_name": "ATLAS_A_v5_demo+anthro_lauc0.04_seed2027",
    "variant": "demo+anthro",
    "seed": 2027,
    "meta_hid": 128,
    "lauc_weight": 0.04,
    "no_aug": false,
    "arch_mode": "standard",
    "meta_mask_mode": "real",
    "test_fold": 10,
    "val_fold": 9,
    "timestamp": "2026-05-07T02:49:01.432330",
    "git_sha": "b8fda1f7a68a5b217a3f76d88337426561bd26e4",
    "analysis_plan_sha256": "4ad22e907fbd431a0b443255a3449c0560371997d5ee36a61e164de7aea5c3dc",
    "wall_time_s": 2634.074949502945,
    "train_time_s": 2604.4304704666138,
    "gpu_peak_mem_mb": 0,
    "num_parameters": 3951951,
    "dataset_sizes": {
      "train": 17418,
      "val": 2183,
      "test": 2198
    },
    "train_fold_ids": [
      1,
      2,
      3,
      4,
      5,
      6,
      7,
      8
    ],
    "pos_weights": [
      1.2930489778518677,
      2.9776203632354736,
      3.161012887954712,
      3.4581520557403564,
      7.21991491317749
    ],
    "loss_weights": {
      "fused": 0.56,
      "ecg": 0.30000000000000004,
      "meta": 0.10000000000000002,
      "lauc": 0.04000000000000001
    },
    "hardware": {
      "python_version": "3.11.7 | packaged by Anaconda, Inc. | (main, Dec 15 2023, 18:05:47) [MSC v.1916 64 bit (AMD64)]",
      "torch_version": "2.3.1+cpu",
      "cuda_available": false,
      "numpy_version": "1.26.4",
      "sklearn_version": "1.4.2"
    },
    "best_val_auc": 0.9332975429826298,
    "best_val_epoch": 9
  },
  "test": {
    "macro_auc": 0.930110713689222,
    "macro_auc_ecg": 0.9287856946443969,
    "macro_auc_no_meta": 0.9289593970966245,
    "delta_meta_auc": 0.0011513165925975954,
    "macro_f1_optimal": 0.748578289588506,
    "macro_f1_fixed_05": 0.7374693459357194,
    "w_fused": 1.0,
    "thresholds": [
      0.5149999856948853,
      0.6499999761581421,
      0.5899999737739563,
      0.7400000095367432,
      0.6949999928474426
    ]
  },
  "per_class": {
    "NORM": {
      "auc": 0.9497050798575638,
      "f1": 0.8626692456479691,
      "threshold": 0.5149999856948853
    },
    "MI": {
      "auc": 0.9301522506619595,
      "f1": 0.75,
      "threshold": 0.6499999761581421
    },
    "STTC": {
      "auc": 0.9372004894033192,
      "f1": 0.7684021543985637,
      "threshold": 0.5899999737739563
    },
    "CD": {
      "auc": 0.9217571358174443,
      "f1": 0.7383966244725738,
      "threshold": 0.7400000095367432
    },
    "HYP": {
      "auc": 0.911738612705823,
      "f1": 0.6234234234234234,
      "threshold": 0.6949999928474426
    }
  },
  "subgroups": {
    "sex_male": {
      "n": 1066,
      "macro_auc": 0.9223888190491512,
      "per_class_auc": [
        0.9445992489871446,
        0.9177058569004662,
        0.9221001026512337,
        0.9125598086124402,
        0.9149790780944714
      ]
    },
    "sex_female": {
      "n": 1132,
      "macro_auc": 0.9373677411833448,
      "per_class_auc": [
        0.9554955703211517,
        0.9410754249077602,
        0.9498517798507643,
        0.9314148535310561,
        0.909001077305992
      ]
    },
    "age_lt45": {
      "n": 345,
      "macro_auc": 0.9304573359286138,
      "per_class_auc": [
        0.8989657473309608,
        0.9820359281437125,
        0.9634675669158428,
        0.8742826940501359,
        0.9335347432024169
      ]
    },
    "age_45_65": {
      "n": 703,
      "macro_auc": 0.9297379894052875,
      "per_class_auc": [
        0.9328467868338557,
        0.9283939574637249,
        0.9510432968179447,
        0.911578357162882,
        0.924827548748031
      ]
    },
    "age_gt65": {
      "n": 1150,
      "macro_auc": 0.9176698942436549,
      "per_class_auc": [
        0.9480850426946467,
        0.9048134797552184,
        0.9139908579465542,
        0.9285251509575765,
        0.8929349398642784
      ]
    },
    "meta_complete": {
      "n": 660,
      "macro_auc": 0.9418205949133711,
      "per_class_auc": [
        0.9575820576979688,
        0.9428750784682988,
        0.9366833578792342,
        0.9490234124209955,
        0.9229390681003584
      ]
    },
    "meta_incomplete": {
      "n": 1538,
      "macro_auc": 0.9255575904734614,
      "per_class_auc": [
        0.9477758869824815,
        0.9259596348379716,
        0.9370587151336462,
        0.9116417560518142,
        0.9053519593613933
      ]
    },
    "fairness_sex_gap": 0.014978922134193606
  },
  "training_history": [
    {
      "epoch": 1,
      "train_loss": 0.6552086752489072,
      "val_auc": 0.8994794432925619,
      "val_f1": 0.6836047859024785,
      "val_auc_ecg": 0.8975865111895732,
      "val_delta_meta": 0.0015854124184609963,
      "lr": 0.0009755527298894294,
      "epoch_time_s": 242.37125968933105
    },
    {
      "epoch": 2,
      "train_loss": 0.5641182793389766,
      "val_auc": 0.9070305651722006,
      "val_f1": 0.6708067842033992,
      "val_auc_ecg": 0.9054475629564873,
      "val_delta_meta": 0.000624740040458982,
      "lr": 0.0009046039886902864,
      "epoch_time_s": 243.22302532196045
    },
    {
      "epoch": 3,
      "train_loss": 0.528078267224338,
      "val_auc": 0.91975466130389,
      "val_f1": 0.706537649888961,
      "val_auc_ecg": 0.9188693829985987,
      "val_delta_meta": -0.00022880743986397611,
      "lr": 0.0007940987335200904,
      "epoch_time_s": 258.3294711112976
    },
    {
      "epoch": 4,
      "train_loss": 0.5028050211591458,
      "val_auc": 0.9203968885058286,
      "val_f1": 0.710435932713849,
      "val_auc_ecg": 0.9212536287921154,
      "val_delta_meta": -0.001997072799762023,
      "lr": 0.0006548539886902864,
      "epoch_time_s": 263.64729356765747
    },
    {
      "epoch": 5,
      "train_loss": 0.4818091534693307,
      "val_auc": 0.9228609566674175,
      "val_f1": 0.7216598083648974,
      "val_auc_ecg": 0.9207361704831822,
      "val_delta_meta": 0.00010623457629344024,
      "lr": 0.0005005000000000001,
      "epoch_time_s": 263.7905213832855
    },
    {
      "epoch": 6,
      "train_loss": 0.4627320682236908,
      "val_auc": 0.9264032059755337,
      "val_f1": 0.7121728502215084,
      "val_auc_ecg": 0.9260319803771166,
      "val_delta_meta": -0.0006024343806213528,
      "lr": 0.0003461460113097139,
      "epoch_time_s": 264.8794195652008
    },
    {
      "epoch": 7,
      "train_loss": 0.44106561415786044,
      "val_auc": 0.9302332485405366,
      "val_f1": 0.7396714528929048,
      "val_auc_ecg": 0.9298131560982249,
      "val_delta_meta": -1.160513206965863e-05,
      "lr": 0.00020690126647990973,
      "epoch_time_s": 264.02408838272095
    },
    {
      "epoch": 8,
      "train_loss": 0.4201522794611957,
      "val_auc": 0.9306764418757245,
      "val_f1": 0.7352249713209636,
      "val_auc_ecg": 0.9303281028274372,
      "val_delta_meta": -0.00020087480709773953,
      "lr": 9.639601130971382e-05,
      "epoch_time_s": 264.64768052101135
    },
    {
      "epoch": 9,
      "train_loss": 0.3973687087997384,
      "val_auc": 0.9332975429826298,
      "val_f1": 0.7411035398388665,
      "val_auc_ecg": 0.9327851707238064,
      "val_delta_meta": -0.00025763217444074726,
      "lr": 2.5447270110570814e-05,
      "epoch_time_s": 264.71842861175537
    },
    {
      "epoch": 10,
      "train_loss": 0.38474640334964894,
      "val_auc": 0.9328014847165914,
      "val_f1": 0.7421930620795492,
      "val_auc_ecg": 0.9326729384194964,
      "val_delta_meta": -0.000682244751712191,
      "lr": 0.001,
      "epoch_time_s": 265.039263010025
    }
  ]
}