{
  "metadata": {
    "run_name": "ATLAS_A_v5_demo+anthro_no_dropout_seed2031",
    "variant": "demo+anthro",
    "seed": 2031,
    "meta_hid": 128,
    "lauc_weight": 0.08,
    "no_aug": false,
    "arch_mode": "no_dropout",
    "meta_mask_mode": "real",
    "test_fold": 10,
    "val_fold": 9,
    "timestamp": "2026-05-10T12:58:52.602486",
    "git_sha": "b8fda1f7a68a5b217a3f76d88337426561bd26e4",
    "analysis_plan_sha256": "4ad22e907fbd431a0b443255a3449c0560371997d5ee36a61e164de7aea5c3dc",
    "wall_time_s": 2609.233103990555,
    "train_time_s": 2580.449151277542,
    "gpu_peak_mem_mb": 0,
    "num_parameters": 3951951,
    "dataset_sizes": {
      "train": 17418,
      "val": 2183,
      "test": 2198
    },
    "train_fold_ids": [
      1,
      2,
      3,
      4,
      5,
      6,
      7,
      8
    ],
    "pos_weights": [
      1.2930489778518677,
      2.9776203632354736,
      3.161012887954712,
      3.4581520557403564,
      7.21991491317749
    ],
    "loss_weights": {
      "fused": 0.52,
      "ecg": 0.3,
      "meta": 0.1,
      "lauc": 0.08
    },
    "hardware": {
      "python_version": "3.11.7 | packaged by Anaconda, Inc. | (main, Dec 15 2023, 18:05:47) [MSC v.1916 64 bit (AMD64)]",
      "torch_version": "2.3.1+cpu",
      "cuda_available": false,
      "numpy_version": "1.26.4",
      "sklearn_version": "1.4.2"
    },
    "best_val_auc": 0.9323658463562283,
    "best_val_epoch": 10
  },
  "test": {
    "macro_auc": 0.9297939092452037,
    "macro_auc_ecg": 0.92788033947801,
    "macro_auc_no_meta": 0.9280363764772318,
    "delta_meta_auc": 0.0017575327679718589,
    "macro_f1_optimal": 0.7436106384077144,
    "macro_f1_fixed_05": 0.7413696627815252,
    "w_fused": 1.0,
    "thresholds": [
      0.6650000214576721,
      0.7400000095367432,
      0.5149999856948853,
      0.7400000095367432,
      0.6949999928474426
    ]
  },
  "per_class": {
    "NORM": {
      "auc": 0.9490277935432878,
      "f1": 0.8651911468812877,
      "threshold": 0.6650000214576721
    },
    "MI": {
      "auc": 0.932508826125331,
      "f1": 0.730804810360777,
      "threshold": 0.7400000095367432
    },
    "STTC": {
      "auc": 0.9369074883514914,
      "f1": 0.7693646649260226,
      "threshold": 0.5149999856948853
    },
    "CD": {
      "auc": 0.9180790625829196,
      "f1": 0.7555555555555555,
      "threshold": 0.7400000095367432
    },
    "HYP": {
      "auc": 0.9124463756229891,
      "f1": 0.5971370143149284,
      "threshold": 0.6949999928474426
    }
  },
  "subgroups": {
    "sex_male": {
      "n": 1066,
      "macro_auc": 0.9196439747756644,
      "per_class_auc": [
        0.9412507725168328,
        0.9193248058962804,
        0.9190028671551449,
        0.9123413771583107,
        0.906300051151753
      ]
    },
    "sex_female": {
      "n": 1132,
      "macro_auc": 0.9394501724880204,
      "per_class_auc": [
        0.9579809725158561,
        0.9437730599407246,
        0.9515540145173537,
        0.9255283126986056,
        0.9184145027675619
      ]
    },
    "age_lt45": {
      "n": 345,
      "macro_auc": 0.9276831385074076,
      "per_class_auc": [
        0.895017793594306,
        0.9842133913990202,
        0.9641909814323608,
        0.8571428571428571,
        0.9378506689684938
      ]
    },
    "age_45_65": {
      "n": 703,
      "macro_auc": 0.9273969244760009,
      "per_class_auc": [
        0.9273364028213167,
        0.9263441661697476,
        0.9516823161189358,
        0.9105691056910569,
        0.9210526315789473
      ]
    },
    "age_gt65": {
      "n": 1150,
      "macro_auc": 0.9191121051867455,
      "per_class_auc": [
        0.9513324353278508,
        0.9111275044010394,
        0.9127707454289733,
        0.9248562617313751,
        0.895473579044489
      ]
    },
    "meta_complete": {
      "n": 660,
      "macro_auc": 0.9406607712520371,
      "per_class_auc": [
        0.9597438916691199,
        0.948086833384429,
        0.9366126656848307,
        0.9422465081108844,
        0.9166139574109213
      ]
    },
    "meta_incomplete": {
      "n": 1538,
      "macro_auc": 0.925302664199538,
      "per_class_auc": [
        0.945219843983368,
        0.9266911497330184,
        0.9366780463203631,
        0.9086173143426528,
        0.9093069666182874
      ]
    },
    "fairness_sex_gap": 0.019806197712356033
  },
  "training_history": [
    {
      "epoch": 1,
      "train_loss": 0.6558759607306314,
      "val_auc": 0.8961471382061482,
      "val_f1": 0.6532005279856878,
      "val_auc_ecg": 0.8926965010565819,
      "val_delta_meta": 0.0007230797253476862,
      "lr": 0.0009755527298894294,
      "epoch_time_s": 237.9322829246521
    },
    {
      "epoch": 2,
      "train_loss": 0.5555085061886988,
      "val_auc": 0.9115980212708967,
      "val_f1": 0.6836621008460819,
      "val_auc_ecg": 0.9102982439149898,
      "val_delta_meta": 0.0010644534865414945,
      "lr": 0.0009046039886902864,
      "epoch_time_s": 238.92075848579407
    },
    {
      "epoch": 3,
      "train_loss": 0.5208846793809069,
      "val_auc": 0.920587020451971,
      "val_f1": 0.7214118107102494,
      "val_auc_ecg": 0.9185368977840083,
      "val_delta_meta": 0.0005966447412983911,
      "lr": 0.0007940987335200904,
      "epoch_time_s": 254.32614302635193
    },
    {
      "epoch": 4,
      "train_loss": 0.5008602966956043,
      "val_auc": 0.91856006701808,
      "val_f1": 0.7123620874534151,
      "val_auc_ecg": 0.9160056339296269,
      "val_delta_meta": 0.0010863697755714163,
      "lr": 0.0006548539886902864,
      "epoch_time_s": 261.43243646621704
    },
    {
      "epoch": 5,
      "train_loss": 0.48065616018181545,
      "val_auc": 0.9258720268177705,
      "val_f1": 0.706566747851592,
      "val_auc_ecg": 0.9253592384981119,
      "val_delta_meta": -0.00046808606321580015,
      "lr": 0.0005005000000000001,
      "epoch_time_s": 260.27156257629395
    },
    {
      "epoch": 6,
      "train_loss": 0.4568907218788742,
      "val_auc": 0.9298882959263359,
      "val_f1": 0.7349582069132342,
      "val_auc_ecg": 0.9284105416943161,
      "val_delta_meta": 0.0009455942686475982,
      "lr": 0.0003461460113097139,
      "epoch_time_s": 262.03856682777405
    },
    {
      "epoch": 7,
      "train_loss": 0.4347019135951996,
      "val_auc": 0.9306085287353039,
      "val_f1": 0.736647798766913,
      "val_auc_ecg": 0.9295267374755406,
      "val_delta_meta": 0.0005861200695622681,
      "lr": 0.00020690126647990973,
      "epoch_time_s": 267.7594428062439
    },
    {
      "epoch": 8,
      "train_loss": 0.41733066363072174,
      "val_auc": 0.930356988333287,
      "val_f1": 0.7329910844859979,
      "val_auc_ecg": 0.9296562195573745,
      "val_delta_meta": 0.000102237831475116,
      "lr": 9.639601130971382e-05,
      "epoch_time_s": 262.6048774719238
    },
    {
      "epoch": 9,
      "train_loss": 0.3971082865098201,
      "val_auc": 0.9317763018144449,
      "val_f1": 0.7410298137516597,
      "val_auc_ecg": 0.9313067917727498,
      "val_delta_meta": 0.0001476497074494043,
      "lr": 2.5447270110570814e-05,
      "epoch_time_s": 263.44003772735596
    },
    {
      "epoch": 10,
      "train_loss": 0.3863980109265091,
      "val_auc": 0.9323658463562283,
      "val_f1": 0.7414525912738469,
      "val_auc_ecg": 0.9311071885684445,
      "val_delta_meta": 0.0009558714972862647,
      "lr": 0.001,
      "epoch_time_s": 262.360271692276
    }
  ]
}