{
  "metadata": {
    "run_name": "ATLAS_A_v5_demo+anthro_lauc0_seed2024",
    "variant": "demo+anthro",
    "seed": 2024,
    "meta_hid": 128,
    "lauc_weight": 0.0,
    "no_aug": false,
    "arch_mode": "standard",
    "meta_mask_mode": "real",
    "test_fold": 10,
    "val_fold": 9,
    "timestamp": "2026-05-06T17:15:50.102484",
    "git_sha": "b8fda1f7a68a5b217a3f76d88337426561bd26e4",
    "analysis_plan_sha256": "4ad22e907fbd431a0b443255a3449c0560371997d5ee36a61e164de7aea5c3dc",
    "wall_time_s": 2641.618733406067,
    "train_time_s": 2612.332145214081,
    "gpu_peak_mem_mb": 0,
    "num_parameters": 3951951,
    "dataset_sizes": {
      "train": 17418,
      "val": 2183,
      "test": 2198
    },
    "train_fold_ids": [
      1,
      2,
      3,
      4,
      5,
      6,
      7,
      8
    ],
    "pos_weights": [
      1.2930489778518677,
      2.9776203632354736,
      3.161012887954712,
      3.4581520557403564,
      7.21991491317749
    ],
    "loss_weights": {
      "fused": 0.6000000000000001,
      "ecg": 0.30000000000000004,
      "meta": 0.10000000000000002,
      "lauc": 0.0
    },
    "hardware": {
      "python_version": "3.11.7 | packaged by Anaconda, Inc. | (main, Dec 15 2023, 18:05:47) [MSC v.1916 64 bit (AMD64)]",
      "torch_version": "2.3.1+cpu",
      "cuda_available": false,
      "numpy_version": "1.26.4",
      "sklearn_version": "1.4.2"
    },
    "best_val_auc": 0.933017249364873,
    "best_val_epoch": 10
  },
  "test": {
    "macro_auc": 0.9278823776045984,
    "macro_auc_ecg": 0.9269280970279448,
    "macro_auc_no_meta": 0.9262610517271346,
    "delta_meta_auc": 0.001621325877463775,
    "macro_f1_optimal": 0.7432450456416204,
    "macro_f1_fixed_05": 0.7391386336198058,
    "w_fused": 1.0,
    "thresholds": [
      0.5,
      0.6800000071525574,
      0.6499999761581421,
      0.6200000047683716,
      0.7250000238418579
    ]
  },
  "per_class": {
    "NORM": {
      "auc": 0.9496672426333026,
      "f1": 0.8651252408477842,
      "threshold": 0.5
    },
    "MI": {
      "auc": 0.9300231685789939,
      "f1": 0.7223264540337712,
      "threshold": 0.6800000071525574
    },
    "STTC": {
      "auc": 0.9346115504219329,
      "f1": 0.7666666666666667,
      "threshold": 0.6499999761581421
    },
    "CD": {
      "auc": 0.9140041601910466,
      "f1": 0.7416829745596869,
      "threshold": 0.6200000047683716
    },
    "HYP": {
      "auc": 0.9111057661977162,
      "f1": 0.6204238921001927,
      "threshold": 0.7250000238418579
    }
  },
  "subgroups": {
    "sex_male": {
      "n": 1066,
      "macro_auc": 0.9192375345088971,
      "per_class_auc": [
        0.9438511274228115,
        0.9167821322482,
        0.9195116987009309,
        0.9061368837112543,
        0.9099058304612881
      ]
    },
    "sex_female": {
      "n": 1132,
      "macro_auc": 0.9359841646490906,
      "per_class_auc": [
        0.9564362478606664,
        0.9406076735418053,
        0.9470904844114959,
        0.9229887652155793,
        0.9127976522159069
      ]
    },
    "age_lt45": {
      "n": 345,
      "macro_auc": 0.917648484074521,
      "per_class_auc": [
        0.8860653914590748,
        0.9904735982580294,
        0.962020737882807,
        0.8360012080942314,
        0.9136814846784636
      ]
    },
    "age_45_65": {
      "n": 703,
      "macro_auc": 0.9238983947918877,
      "per_class_auc": [
        0.9304140543364682,
        0.9233005366726297,
        0.9513171622326552,
        0.8971825063078217,
        0.9172777144098636
      ]
    },
    "age_gt65": {
      "n": 1150,
      "macro_auc": 0.9177177300362672,
      "per_class_auc": [
        0.9508341998298516,
        0.9068153240003353,
        0.9090189873417721,
        0.9268887745317632,
        0.8950313644776136
      ]
    },
    "meta_complete": {
      "n": 660,
      "macro_auc": 0.941770329837657,
      "per_class_auc": [
        0.9590999411245216,
        0.9433860348326253,
        0.9361531664212077,
        0.9483100540725629,
        0.9219024527373674
      ]
    },
    "meta_incomplete": {
      "n": 1538,
      "macro_auc": 0.9221510636987599,
      "per_class_auc": [
        0.946389881990088,
        0.9248708684825532,
        0.9335720797610274,
        0.9009061602485201,
        0.905016328011611
      ]
    },
    "fairness_sex_gap": 0.016746630140193508
  },
  "training_history": [
    {
      "epoch": 1,
      "train_loss": 0.6530990691359984,
      "val_auc": 0.9050333541780718,
      "val_f1": 0.6789359956835084,
      "val_auc_ecg": 0.9028024716841963,
      "val_delta_meta": 0.0017359718021795478,
      "lr": 0.0009755527298894294,
      "epoch_time_s": 243.3949646949768
    },
    {
      "epoch": 2,
      "train_loss": 0.5664320187284312,
      "val_auc": 0.9094901495072556,
      "val_f1": 0.6544623658575204,
      "val_auc_ecg": 0.9067376630623265,
      "val_delta_meta": 0.00019841263151931798,
      "lr": 0.0009046039886902864,
      "epoch_time_s": 242.57773423194885
    },
    {
      "epoch": 3,
      "train_loss": 0.5312493552855395,
      "val_auc": 0.9056473786183747,
      "val_f1": 0.6971965414744645,
      "val_auc_ecg": 0.9039502875669598,
      "val_delta_meta": 0.00034393115188269263,
      "lr": 0.0007940987335200904,
      "epoch_time_s": 258.24709939956665
    },
    {
      "epoch": 4,
      "train_loss": 0.5067881475347992,
      "val_auc": 0.9202626427673227,
      "val_f1": 0.715718019493383,
      "val_auc_ecg": 0.919514558497372,
      "val_delta_meta": 0.0008312321632534259,
      "lr": 0.0006548539886902864,
      "epoch_time_s": 264.7621808052063
    },
    {
      "epoch": 5,
      "train_loss": 0.48684149346220384,
      "val_auc": 0.9271448239414413,
      "val_f1": 0.734784158283933,
      "val_auc_ecg": 0.9266442976194226,
      "val_delta_meta": 0.0003469386029241184,
      "lr": 0.0005005000000000001,
      "epoch_time_s": 265.2543206214905
    },
    {
      "epoch": 6,
      "train_loss": 0.46080823767622675,
      "val_auc": 0.9260353622018176,
      "val_f1": 0.7112956471144004,
      "val_auc_ecg": 0.9251623136195908,
      "val_delta_meta": 0.0011049215333354123,
      "lr": 0.0003461460113097139,
      "epoch_time_s": 265.1168110370636
    },
    {
      "epoch": 7,
      "train_loss": 0.4407015731575292,
      "val_auc": 0.9300550622761049,
      "val_f1": 0.7394649282711007,
      "val_auc_ecg": 0.92959835441652,
      "val_delta_meta": 0.0006694046934153652,
      "lr": 0.00020690126647990973,
      "epoch_time_s": 265.8398928642273
    },
    {
      "epoch": 8,
      "train_loss": 0.4195536684279048,
      "val_auc": 0.9282253375548362,
      "val_f1": 0.737682911623877,
      "val_auc_ecg": 0.9278045569851792,
      "val_delta_meta": 0.0003345421937507309,
      "lr": 9.639601130971382e-05,
      "epoch_time_s": 266.2429130077362
    },
    {
      "epoch": 9,
      "train_loss": 0.3978219704070223,
      "val_auc": 0.9320691915677429,
      "val_f1": 0.7395822570148897,
      "val_auc_ecg": 0.931993793019493,
      "val_delta_meta": 0.00035983426598618085,
      "lr": 2.5447270110570814e-05,
      "epoch_time_s": 266.1454315185547
    },
    {
      "epoch": 10,
      "train_loss": 0.3870888401062117,
      "val_auc": 0.933017249364873,
      "val_f1": 0.7430212963389818,
      "val_auc_ecg": 0.9328118000934179,
      "val_delta_meta": 0.0004391915267573099,
      "lr": 0.001,
      "epoch_time_s": 265.82191371917725
    }
  ]
}