{
  "metadata": {
    "run_name": "ATLAS_A_v5_demo+anthro_noaug_seed2043",
    "variant": "demo+anthro",
    "seed": 2043,
    "meta_hid": 128,
    "lauc_weight": 0.08,
    "no_aug": true,
    "arch_mode": "standard",
    "meta_mask_mode": "real",
    "test_fold": 10,
    "val_fold": 9,
    "timestamp": "2026-05-08T12:34:41.327804",
    "git_sha": "b8fda1f7a68a5b217a3f76d88337426561bd26e4",
    "analysis_plan_sha256": "4ad22e907fbd431a0b443255a3449c0560371997d5ee36a61e164de7aea5c3dc",
    "wall_time_s": 2624.9803788661957,
    "train_time_s": 2595.966541290283,
    "gpu_peak_mem_mb": 0,
    "num_parameters": 3951951,
    "dataset_sizes": {
      "train": 17418,
      "val": 2183,
      "test": 2198
    },
    "train_fold_ids": [
      1,
      2,
      3,
      4,
      5,
      6,
      7,
      8
    ],
    "pos_weights": [
      1.2930489778518677,
      2.9776203632354736,
      3.161012887954712,
      3.4581520557403564,
      7.21991491317749
    ],
    "loss_weights": {
      "fused": 0.52,
      "ecg": 0.3,
      "meta": 0.1,
      "lauc": 0.08
    },
    "hardware": {
      "python_version": "3.11.7 | packaged by Anaconda, Inc. | (main, Dec 15 2023, 18:05:47) [MSC v.1916 64 bit (AMD64)]",
      "torch_version": "2.3.1+cpu",
      "cuda_available": false,
      "numpy_version": "1.26.4",
      "sklearn_version": "1.4.2"
    },
    "best_val_auc": 0.9308902869040722,
    "best_val_epoch": 9
  },
  "test": {
    "macro_auc": 0.9274085227248448,
    "macro_auc_ecg": 0.9247692396545828,
    "macro_auc_no_meta": 0.9254237587201631,
    "delta_meta_auc": 0.001984764004681616,
    "macro_f1_optimal": 0.7488263316159149,
    "macro_f1_fixed_05": 0.7387289439136154,
    "w_fused": 1.0,
    "thresholds": [
      0.5600000023841858,
      0.6050000190734863,
      0.7099999785423279,
      0.7400000095367432,
      0.5899999737739563
    ]
  },
  "per_class": {
    "NORM": {
      "auc": 0.949859792063432,
      "f1": 0.8622179548727796,
      "threshold": 0.5600000023841858
    },
    "MI": {
      "auc": 0.9289552074139453,
      "f1": 0.7456140350877193,
      "threshold": 0.6050000190734863
    },
    "STTC": {
      "auc": 0.9343013813397244,
      "f1": 0.755859375,
      "threshold": 0.7099999785423279
    },
    "CD": {
      "auc": 0.9112038493612827,
      "f1": 0.7478991596638656,
      "threshold": 0.7400000095367432
    },
    "HYP": {
      "auc": 0.9127223834458393,
      "f1": 0.6325411334552102,
      "threshold": 0.5899999737739563
    }
  },
  "subgroups": {
    "sex_male": {
      "n": 1066,
      "macro_auc": 0.9202877094886341,
      "per_class_auc": [
        0.9452787023885678,
        0.9169814623047416,
        0.9188170330253795,
        0.9063969211566465,
        0.9139644285678348
      ]
    },
    "sex_female": {
      "n": 1132,
      "macro_auc": 0.9341335288318966,
      "per_class_auc": [
        0.9545894996476392,
        0.9390632875662817,
        0.9474773559266297,
        0.9173713730052615,
        0.9121661280136706
      ]
    },
    "age_lt45": {
      "n": 345,
      "macro_auc": 0.9180974914178911,
      "per_class_auc": [
        0.8880115658362989,
        0.9825802939575394,
        0.959488787074994,
        0.8391724554515252,
        0.921234354769098
      ]
    },
    "age_45_65": {
      "n": 703,
      "macro_auc": 0.92330744387116,
      "per_class_auc": [
        0.9285119514106583,
        0.9240956072351421,
        0.9494653103808033,
        0.8903700588730026,
        0.9240942914561947
      ]
    },
    "age_gt65": {
      "n": 1150,
      "macro_auc": 0.9170630066463371,
      "per_class_auc": [
        0.9516652487632731,
        0.9051722692597871,
        0.9098488045007032,
        0.9244490187294758,
        0.894179691978446
      ]
    },
    "meta_complete": {
      "n": 660,
      "macro_auc": 0.9365109274094687,
      "per_class_auc": [
        0.9586491757433029,
        0.935196134250135,
        0.9360589101620029,
        0.936967656332482,
        0.915682760559421
      ]
    },
    "meta_incomplete": {
      "n": 1538,
      "macro_auc": 0.9234167654928115,
      "per_class_auc": [
        0.9467836531205929,
        0.926148893052097,
        0.9333805330333242,
        0.9013141081999883,
        0.9094566400580552
      ]
    },
    "fairness_sex_gap": 0.013845819343262455
  },
  "training_history": [
    {
      "epoch": 1,
      "train_loss": 0.637122574804026,
      "val_auc": 0.9047719138476683,
      "val_f1": 0.700815564856296,
      "val_auc_ecg": 0.8997516083738546,
      "val_delta_meta": 0.0003254741322364918,
      "lr": 0.0009755527298894294,
      "epoch_time_s": 241.5404176712036
    },
    {
      "epoch": 2,
      "train_loss": 0.5503564364592963,
      "val_auc": 0.9167675393605629,
      "val_f1": 0.7098910409017962,
      "val_auc_ecg": 0.9141320546878102,
      "val_delta_meta": 0.0011131768361518635,
      "lr": 0.0009046039886902864,
      "epoch_time_s": 240.9458179473877
    },
    {
      "epoch": 3,
      "train_loss": 0.5197299771899477,
      "val_auc": 0.9240697875756501,
      "val_f1": 0.6968830099172616,
      "val_auc_ecg": 0.9220869910347073,
      "val_delta_meta": 0.000617941921469356,
      "lr": 0.0007940987335200904,
      "epoch_time_s": 256.968962430954
    },
    {
      "epoch": 4,
      "train_loss": 0.4929658107527899,
      "val_auc": 0.9154025899089875,
      "val_f1": 0.7109219398030998,
      "val_auc_ecg": 0.914577710329703,
      "val_delta_meta": -0.0015100823767201232,
      "lr": 0.0006548539886902864,
      "epoch_time_s": 261.7528133392334
    },
    {
      "epoch": 5,
      "train_loss": 0.4696314150040303,
      "val_auc": 0.9270514172365492,
      "val_f1": 0.7083762187264038,
      "val_auc_ecg": 0.9264865932636213,
      "val_delta_meta": -0.00014199457851038488,
      "lr": 0.0005005000000000001,
      "epoch_time_s": 261.7715609073639
    },
    {
      "epoch": 6,
      "train_loss": 0.44552739191492763,
      "val_auc": 0.9280324556580121,
      "val_f1": 0.7363148588790803,
      "val_auc_ecg": 0.9285083063875165,
      "val_delta_meta": -0.000774635164523807,
      "lr": 0.0003461460113097139,
      "epoch_time_s": 262.0094323158264
    },
    {
      "epoch": 7,
      "train_loss": 0.4169575161069905,
      "val_auc": 0.9292314701631289,
      "val_f1": 0.7361047829044971,
      "val_auc_ecg": 0.9284129513524843,
      "val_delta_meta": 0.0002468246176045019,
      "lr": 0.00020690126647990973,
      "epoch_time_s": 262.3648579120636
    },
    {
      "epoch": 8,
      "train_loss": 0.3924789068622327,
      "val_auc": 0.9290970971798547,
      "val_f1": 0.736800477835983,
      "val_auc_ecg": 0.928342765876619,
      "val_delta_meta": 0.00040735348725917664,
      "lr": 9.639601130971382e-05,
      "epoch_time_s": 263.10128688812256
    },
    {
      "epoch": 9,
      "train_loss": 0.36909734431756747,
      "val_auc": 0.9308902869040722,
      "val_f1": 0.7418113928058798,
      "val_auc_ecg": 0.9306019917890946,
      "val_delta_meta": 0.00012744106073703243,
      "lr": 2.5447270110570814e-05,
      "epoch_time_s": 263.5305697917938
    },
    {
      "epoch": 10,
      "train_loss": 0.3533648577578571,
      "val_auc": 0.9307066200259788,
      "val_f1": 0.7393226527528658,
      "val_auc_ecg": 0.9311803248096824,
      "val_delta_meta": -0.0005703257425002661,
      "lr": 0.001,
      "epoch_time_s": 273.39315128326416
    }
  ]
}