{
  "metadata": {
    "run_name": "ATLAS_A_v5_demo+anthro_noaug_seed2030",
    "variant": "demo+anthro",
    "seed": 2030,
    "meta_hid": 128,
    "lauc_weight": 0.08,
    "no_aug": true,
    "arch_mode": "standard",
    "meta_mask_mode": "real",
    "test_fold": 10,
    "val_fold": 9,
    "timestamp": "2026-05-08T03:03:32.621809",
    "git_sha": "b8fda1f7a68a5b217a3f76d88337426561bd26e4",
    "analysis_plan_sha256": "4ad22e907fbd431a0b443255a3449c0560371997d5ee36a61e164de7aea5c3dc",
    "wall_time_s": 2612.4492218494415,
    "train_time_s": 2582.8764894008636,
    "gpu_peak_mem_mb": 0,
    "num_parameters": 3951951,
    "dataset_sizes": {
      "train": 17418,
      "val": 2183,
      "test": 2198
    },
    "train_fold_ids": [
      1,
      2,
      3,
      4,
      5,
      6,
      7,
      8
    ],
    "pos_weights": [
      1.2930489778518677,
      2.9776203632354736,
      3.161012887954712,
      3.4581520557403564,
      7.21991491317749
    ],
    "loss_weights": {
      "fused": 0.52,
      "ecg": 0.3,
      "meta": 0.1,
      "lauc": 0.08
    },
    "hardware": {
      "python_version": "3.11.7 | packaged by Anaconda, Inc. | (main, Dec 15 2023, 18:05:47) [MSC v.1916 64 bit (AMD64)]",
      "torch_version": "2.3.1+cpu",
      "cuda_available": false,
      "numpy_version": "1.26.4",
      "sklearn_version": "1.4.2"
    },
    "best_val_auc": 0.9324042816287769,
    "best_val_epoch": 9
  },
  "test": {
    "macro_auc": 0.9269078636899964,
    "macro_auc_ecg": 0.9252599712621944,
    "macro_auc_no_meta": 0.9251830572779614,
    "delta_meta_auc": 0.0017248064120350959,
    "macro_f1_optimal": 0.7460441709854837,
    "macro_f1_fixed_05": 0.7393763255661582,
    "w_fused": 1.0,
    "thresholds": [
      0.6200000047683716,
      0.6200000047683716,
      0.6499999761581421,
      0.7549999952316284,
      0.7699999809265137
    ]
  },
  "per_class": {
    "NORM": {
      "auc": 0.9474466179827715,
      "f1": 0.8655834564254062,
      "threshold": 0.6200000047683716
    },
    "MI": {
      "auc": 0.9304876434245366,
      "f1": 0.7389705882352942,
      "threshold": 0.6200000047683716
    },
    "STTC": {
      "auc": 0.9357011480834183,
      "f1": 0.7635075287865367,
      "threshold": 0.6499999761581421
    },
    "CD": {
      "auc": 0.9131299514802318,
      "f1": 0.7491926803013994,
      "threshold": 0.7549999952316284
    },
    "HYP": {
      "auc": 0.9077739574790235,
      "f1": 0.6129666011787819,
      "threshold": 0.7699999809265137
    }
  },
  "subgroups": {
    "sex_male": {
      "n": 1066,
      "macro_auc": 0.9188514571733691,
      "per_class_auc": [
        0.9424054818878685,
        0.9171467604004103,
        0.9206532512123464,
        0.9040201789057625,
        0.910031613460458
      ]
    },
    "sex_female": {
      "n": 1132,
      "macro_auc": 0.9349696729283847,
      "per_class_auc": [
        0.953095112252089,
        0.941595596685417,
        0.9486911653053625,
        0.9247686190071019,
        0.9066978713919536
      ]
    },
    "age_lt45": {
      "n": 345,
      "macro_auc": 0.9199487617489666,
      "per_class_auc": [
        0.8902913701067614,
        0.9893848666303756,
        0.9579213889558718,
        0.8318483841739656,
        0.9302977988778593
      ]
    },
    "age_45_65": {
      "n": 703,
      "macro_auc": 0.9209252113500597,
      "per_class_auc": [
        0.92683026384535,
        0.9264187040349832,
        0.9479394887845591,
        0.8942528735632185,
        0.9091847265221877
      ]
    },
    "age_gt65": {
      "n": 1150,
      "macro_auc": 0.9172709096487038,
      "per_class_auc": [
        0.9471555282477865,
        0.9059870902841815,
        0.913832630098453,
        0.9269739253412511,
        0.8924053742718474
      ]
    },
    "meta_complete": {
      "n": 660,
      "macro_auc": 0.9404614166844893,
      "per_class_auc": [
        0.9599002796585223,
        0.9408896480240587,
        0.9359999999999999,
        0.9442296443195274,
        0.9212875114203387
      ]
    },
    "meta_incomplete": {
      "n": 1538,
      "macro_auc": 0.9211522449276373,
      "per_class_auc": [
        0.943026347972252,
        0.926642240306896,
        0.9349323039919307,
        0.901119512338081,
        0.9000408200290275
      ]
    },
    "fairness_sex_gap": 0.016118215755015597
  },
  "training_history": [
    {
      "epoch": 1,
      "train_loss": 0.6380200780312949,
      "val_auc": 0.9044058101260953,
      "val_f1": 0.6637945926492818,
      "val_auc_ecg": 0.9023152969958093,
      "val_delta_meta": 0.001041226599946543,
      "lr": 0.0009755527298894294,
      "epoch_time_s": 240.85383439064026
    },
    {
      "epoch": 2,
      "train_loss": 0.5552021314791583,
      "val_auc": 0.9165109393544018,
      "val_f1": 0.688429320771119,
      "val_auc_ecg": 0.9147888771230173,
      "val_delta_meta": 0.0008136522272074176,
      "lr": 0.0009046039886902864,
      "epoch_time_s": 239.97740507125854
    },
    {
      "epoch": 3,
      "train_loss": 0.5186611562693885,
      "val_auc": 0.9201396067416778,
      "val_f1": 0.7135699391217034,
      "val_auc_ecg": 0.9178855573182771,
      "val_delta_meta": 6.35064305369859e-05,
      "lr": 0.0007940987335200904,
      "epoch_time_s": 255.41914248466492
    },
    {
      "epoch": 4,
      "train_loss": 0.4902800972855419,
      "val_auc": 0.9208194521897358,
      "val_f1": 0.7226855966755523,
      "val_auc_ecg": 0.9187987681159614,
      "val_delta_meta": 0.0016417545216036444,
      "lr": 0.0006548539886902864,
      "epoch_time_s": 262.4566168785095
    },
    {
      "epoch": 5,
      "train_loss": 0.46874646648354484,
      "val_auc": 0.9235461131420442,
      "val_f1": 0.724883383152906,
      "val_auc_ecg": 0.9218730532984653,
      "val_delta_meta": -0.00029584715261887773,
      "lr": 0.0005005000000000001,
      "epoch_time_s": 261.9345004558563
    },
    {
      "epoch": 6,
      "train_loss": 0.4454077653381803,
      "val_auc": 0.9255975548098443,
      "val_f1": 0.7205188555123017,
      "val_auc_ecg": 0.9241157787148365,
      "val_delta_meta": -0.00015345682723222343,
      "lr": 0.0003461460113097139,
      "epoch_time_s": 262.10522627830505
    },
    {
      "epoch": 7,
      "train_loss": 0.4185971819479531,
      "val_auc": 0.9286710485882714,
      "val_f1": 0.7285551054983641,
      "val_auc_ecg": 0.927971666905619,
      "val_delta_meta": -0.000373538815644725,
      "lr": 0.00020690126647990973,
      "epoch_time_s": 261.47463178634644
    },
    {
      "epoch": 8,
      "train_loss": 0.39331426915772466,
      "val_auc": 0.9306534452620168,
      "val_f1": 0.7335671746163206,
      "val_auc_ecg": 0.9296095766170749,
      "val_delta_meta": -0.00021576580204318851,
      "lr": 9.639601130971382e-05,
      "epoch_time_s": 263.3460638523102
    },
    {
      "epoch": 9,
      "train_loss": 0.3692683367554201,
      "val_auc": 0.9324042816287769,
      "val_f1": 0.7461093663587911,
      "val_auc_ecg": 0.9314335432588647,
      "val_delta_meta": -4.142239272264536e-05,
      "lr": 2.5447270110570814e-05,
      "epoch_time_s": 262.62277126312256
    },
    {
      "epoch": 10,
      "train_loss": 0.3547029512737869,
      "val_auc": 0.9310121340964674,
      "val_f1": 0.7434005319633564,
      "val_auc_ecg": 0.930055345578296,
      "val_delta_meta": 0.00011853253844229528,
      "lr": 0.001,
      "epoch_time_s": 262.3660295009613
    }
  ]
}