{
  "metadata": {
    "run_name": "ATLAS_A_v5_demo+anthro_lauc0.16_seed2026",
    "variant": "demo+anthro",
    "seed": 2026,
    "meta_hid": 128,
    "lauc_weight": 0.16,
    "no_aug": false,
    "arch_mode": "standard",
    "meta_mask_mode": "real",
    "test_fold": 10,
    "val_fold": 9,
    "timestamp": "2026-05-07T16:49:19.908421",
    "git_sha": "b8fda1f7a68a5b217a3f76d88337426561bd26e4",
    "analysis_plan_sha256": "4ad22e907fbd431a0b443255a3449c0560371997d5ee36a61e164de7aea5c3dc",
    "wall_time_s": 2623.3650035858154,
    "train_time_s": 2593.678492307663,
    "gpu_peak_mem_mb": 0,
    "num_parameters": 3951951,
    "dataset_sizes": {
      "train": 17418,
      "val": 2183,
      "test": 2198
    },
    "train_fold_ids": [
      1,
      2,
      3,
      4,
      5,
      6,
      7,
      8
    ],
    "pos_weights": [
      1.2930489778518677,
      2.9776203632354736,
      3.161012887954712,
      3.4581520557403564,
      7.21991491317749
    ],
    "loss_weights": {
      "fused": 0.43999999999999995,
      "ecg": 0.3,
      "meta": 0.1,
      "lauc": 0.16
    },
    "hardware": {
      "python_version": "3.11.7 | packaged by Anaconda, Inc. | (main, Dec 15 2023, 18:05:47) [MSC v.1916 64 bit (AMD64)]",
      "torch_version": "2.3.1+cpu",
      "cuda_available": false,
      "numpy_version": "1.26.4",
      "sklearn_version": "1.4.2"
    },
    "best_val_auc": 0.9322625640545926,
    "best_val_epoch": 10
  },
  "test": {
    "macro_auc": 0.9291633954707372,
    "macro_auc_ecg": 0.927958947107925,
    "macro_auc_no_meta": 0.9276531002521564,
    "delta_meta_auc": 0.001510295218580815,
    "macro_f1_optimal": 0.7459864898660129,
    "macro_f1_fixed_05": 0.7351746146292257,
    "w_fused": 1.0,
    "thresholds": [
      0.7850000262260437,
      0.5149999856948853,
      0.7250000238418579,
      0.7699999809265137,
      0.7099999785423279
    ]
  },
  "per_class": {
    "NORM": {
      "auc": 0.9501742614384032,
      "f1": 0.8613659531090724,
      "threshold": 0.7850000262260437
    },
    "MI": {
      "auc": 0.9292630185348633,
      "f1": 0.7362068965517241,
      "threshold": 0.5149999856948853
    },
    "STTC": {
      "auc": 0.9363832911572053,
      "f1": 0.7729007633587787,
      "threshold": 0.7250000238418579
    },
    "CD": {
      "auc": 0.9189971001857398,
      "f1": 0.7568710359408034,
      "threshold": 0.7699999809265137
    },
    "HYP": {
      "auc": 0.9109993060374739,
      "f1": 0.6025878003696857,
      "threshold": 0.7099999785423279
    }
  },
  "subgroups": {
    "sex_male": {
      "n": 1066,
      "macro_auc": 0.9212843495021206,
      "per_class_auc": [
        0.9451558225180977,
        0.9185955495918596,
        0.9210116456054653,
        0.912398585396297,
        0.909260144398883
      ]
    },
    "sex_female": {
      "n": 1132,
      "macro_auc": 0.9367764240597263,
      "per_class_auc": [
        0.9563922027584819,
        0.9382487550152221,
        0.9493778622447253,
        0.9270433589748042,
        0.9128199413053977
      ]
    },
    "age_lt45": {
      "n": 345,
      "macro_auc": 0.934095545893206,
      "per_class_auc": [
        0.9043038256227759,
        0.9896570495372891,
        0.9652761032071376,
        0.8645424343098762,
        0.9466983167889512
      ]
    },
    "age_45_65": {
      "n": 703,
      "macro_auc": 0.9232782319922,
      "per_class_auc": [
        0.927058842737722,
        0.9207662492546214,
        0.9479916536254565,
        0.9029436501261564,
        0.9176307642170441
      ]
    },
    "age_gt65": {
      "n": 1150,
      "macro_auc": 0.9180494942829833,
      "per_class_auc": [
        0.9509799287897407,
        0.9049911979210328,
        0.9138220815752462,
        0.9293100192885095,
        0.8911442438403878
      ]
    },
    "meta_complete": {
      "n": 660,
      "macro_auc": 0.9403580849904237,
      "per_class_auc": [
        0.9586215778628201,
        0.9421451408049752,
        0.9404300441826215,
        0.9453852848439884,
        0.9152083772577131
      ]
    },
    "meta_incomplete": {
      "n": 1538,
      "macro_auc": 0.9245433887622324,
      "per_class_auc": [
        0.9474116053199001,
        0.9245667794418796,
        0.9339163789424682,
        0.9093112947658403,
        0.907510885341074
      ]
    },
    "fairness_sex_gap": 0.015492074557605706
  },
  "training_history": [
    {
      "epoch": 1,
      "train_loss": 0.6369944800477509,
      "val_auc": 0.9022564250205585,
      "val_f1": 0.6647708784151208,
      "val_auc_ecg": 0.8991891890186974,
      "val_delta_meta": 0.0012026450748109374,
      "lr": 0.0009755527298894294,
      "epoch_time_s": 242.696715593338
    },
    {
      "epoch": 2,
      "train_loss": 0.5473605437016268,
      "val_auc": 0.9143516717524232,
      "val_f1": 0.6879813489261128,
      "val_auc_ecg": 0.9143194158326539,
      "val_delta_meta": 0.00018589770031018915,
      "lr": 0.0009046039886902864,
      "epoch_time_s": 242.41338682174683
    },
    {
      "epoch": 3,
      "train_loss": 0.51537268167242,
      "val_auc": 0.9108057071262732,
      "val_f1": 0.6892057393868104,
      "val_auc_ecg": 0.9098206921987773,
      "val_delta_meta": 0.0005317735172456484,
      "lr": 0.0007940987335200904,
      "epoch_time_s": 257.6423325538635
    },
    {
      "epoch": 4,
      "train_loss": 0.49271063930397735,
      "val_auc": 0.92318252363478,
      "val_f1": 0.7177891731613988,
      "val_auc_ecg": 0.9219965597086249,
      "val_delta_meta": 0.00033219021720165554,
      "lr": 0.0006548539886902864,
      "epoch_time_s": 262.70786356925964
    },
    {
      "epoch": 5,
      "train_loss": 0.4739684425909585,
      "val_auc": 0.918906744859578,
      "val_f1": 0.709891917213268,
      "val_auc_ecg": 0.9184725610029723,
      "val_delta_meta": -0.0015102917657463522,
      "lr": 0.0005005000000000001,
      "epoch_time_s": 263.57105708122253
    },
    {
      "epoch": 6,
      "train_loss": 0.45050930823754826,
      "val_auc": 0.9266676979913558,
      "val_f1": 0.7336338082856942,
      "val_auc_ecg": 0.9246633164332273,
      "val_delta_meta": 0.00036634182849881736,
      "lr": 0.0003461460113097139,
      "epoch_time_s": 263.1831319332123
    },
    {
      "epoch": 7,
      "train_loss": 0.42998046615254987,
      "val_auc": 0.9288891845450167,
      "val_f1": 0.7307103838687337,
      "val_auc_ecg": 0.928076150773388,
      "val_delta_meta": -0.00021066447872897243,
      "lr": 0.00020690126647990973,
      "epoch_time_s": 262.8042514324188
    },
    {
      "epoch": 8,
      "train_loss": 0.4114767310542798,
      "val_auc": 0.9266963449568622,
      "val_f1": 0.7328737594310234,
      "val_auc_ecg": 0.925482033552744,
      "val_delta_meta": -8.49701000606995e-05,
      "lr": 9.639601130971382e-05,
      "epoch_time_s": 263.1451139450073
    },
    {
      "epoch": 9,
      "train_loss": 0.39190082621136935,
      "val_auc": 0.9313455106498953,
      "val_f1": 0.7368525343433294,
      "val_auc_ecg": 0.9306364186326725,
      "val_delta_meta": 0.0003986236889410577,
      "lr": 2.5447270110570814e-05,
      "epoch_time_s": 263.2629382610321
    },
    {
      "epoch": 10,
      "train_loss": 0.38048598162077985,
      "val_auc": 0.9322625640545926,
      "val_f1": 0.7389281356343018,
      "val_auc_ecg": 0.9317300043284578,
      "val_delta_meta": 0.00016460129603201867,
      "lr": 0.001,
      "epoch_time_s": 263.33173990249634
    }
  ]
}