{
  "metadata": {
    "run_name": "ATLAS_A_v5_demo+anthro_meta_only_seed2026",
    "variant": "demo+anthro",
    "seed": 2026,
    "meta_hid": 128,
    "lauc_weight": 0.08,
    "no_aug": false,
    "arch_mode": "meta_only",
    "meta_mask_mode": "real",
    "test_fold": 10,
    "val_fold": 9,
    "timestamp": "2026-05-08T14:43:39.179079",
    "git_sha": "b8fda1f7a68a5b217a3f76d88337426561bd26e4",
    "analysis_plan_sha256": "4ad22e907fbd431a0b443255a3449c0560371997d5ee36a61e164de7aea5c3dc",
    "wall_time_s": 2488.392460823059,
    "train_time_s": 2459.1688108444214,
    "gpu_peak_mem_mb": 0,
    "num_parameters": 3951951,
    "dataset_sizes": {
      "train": 17418,
      "val": 2183,
      "test": 2198
    },
    "train_fold_ids": [
      1,
      2,
      3,
      4,
      5,
      6,
      7,
      8
    ],
    "pos_weights": [
      1.2930489778518677,
      2.9776203632354736,
      3.161012887954712,
      3.4581520557403564,
      7.21991491317749
    ],
    "loss_weights": {
      "fused": 0.52,
      "ecg": 0.3,
      "meta": 0.1,
      "lauc": 0.08
    },
    "hardware": {
      "python_version": "3.11.7 | packaged by Anaconda, Inc. | (main, Dec 15 2023, 18:05:47) [MSC v.1916 64 bit (AMD64)]",
      "torch_version": "2.3.1+cpu",
      "cuda_available": false,
      "numpy_version": "1.26.4",
      "sklearn_version": "1.4.2"
    },
    "best_val_auc": 0.6934099351795078,
    "best_val_epoch": 10
  },
  "test": {
    "macro_auc": 0.6960053894840319,
    "macro_auc_ecg": 0.9277238422259192,
    "macro_auc_no_meta": 0.5,
    "delta_meta_auc": 0.1960053894840319,
    "macro_f1_optimal": 0.4617175542002519,
    "macro_f1_fixed_05": 0.46464520408608695,
    "w_fused": 1.0,
    "thresholds": [
      0.3199999928474426,
      0.4399999976158142,
      0.4099999964237213,
      0.48500001430511475,
      0.5
    ]
  },
  "per_class": {
    "NORM": {
      "auc": 0.7760645923459499,
      "f1": 0.6922155688622754,
      "threshold": 0.3199999928474426
    },
    "MI": {
      "auc": 0.7011573256840247,
      "f1": 0.481421647819063,
      "threshold": 0.4399999976158142
    },
    "STTC": {
      "auc": 0.6848333041476817,
      "f1": 0.4462890625,
      "threshold": 0.4099999964237213
    },
    "CD": {
      "auc": 0.6487641437019066,
      "f1": 0.4105716041794714,
      "threshold": 0.48500001430511475
    },
    "HYP": {
      "auc": 0.6692075815405968,
      "f1": 0.27808988764044945,
      "threshold": 0.5
    }
  },
  "subgroups": {
    "sex_male": {
      "n": 1066,
      "macro_auc": 0.700805543204576,
      "per_class_auc": [
        0.7826905631873592,
        0.7174909693760969,
        0.676029167109129,
        0.6454987518202622,
        0.6823182645300327
      ]
    },
    "sex_female": {
      "n": 1132,
      "macro_auc": 0.6981997448777442,
      "per_class_auc": [
        0.7879023834692439,
        0.6900300409282445,
        0.6882806946278054,
        0.6685130840959211,
        0.6562725212675061
      ]
    },
    "age_lt45": {
      "n": 345,
      "macro_auc": 0.6409053663263691,
      "per_class_auc": [
        0.6249721975088968,
        0.675830157866086,
        0.6599348926935134,
        0.5921926910299004,
        0.6515968925334484
      ]
    },
    "age_45_65": {
      "n": 703,
      "macro_auc": 0.6336530868746727,
      "per_class_auc": [
        0.6405719370428423,
        0.662082587954681,
        0.6692292644757434,
        0.5622091393327727,
        0.6341725055673239
      ]
    },
    "age_gt65": {
      "n": 1150,
      "macro_auc": 0.6165129627239493,
      "per_class_auc": [
        0.6935497211456659,
        0.6034001173610529,
        0.582220464135021,
        0.6174192640748735,
        0.5859752469031331
      ]
    },
    "meta_complete": {
      "n": 660,
      "macro_auc": 0.6963208300354287,
      "per_class_auc": [
        0.7629526052399176,
        0.7073679907735879,
        0.6782150220913107,
        0.6615613987530496,
        0.6715071333192776
      ]
    },
    "meta_incomplete": {
      "n": 1538,
      "macro_auc": 0.6876893182833788,
      "per_class_auc": [
        0.7809184061116057,
        0.6831115751599657,
        0.6873496721883849,
        0.6424687884649201,
        0.6445981494920174
      ]
    },
    "fairness_sex_gap": 0.002605798326831832
  },
  "training_history": [
    {
      "epoch": 1,
      "train_loss": 0.8317876766581054,
      "val_auc": 0.6841050258356483,
      "val_f1": 0.45888743142321886,
      "val_auc_ecg": 0.8995868929725279,
      "val_delta_meta": 0.18410502583564825,
      "lr": 0.0009755527298894294,
      "epoch_time_s": 242.5180962085724
    },
    {
      "epoch": 2,
      "train_loss": 0.7930977762292285,
      "val_auc": 0.688975526159912,
      "val_f1": 0.46071195272423815,
      "val_auc_ecg": 0.9146365175261455,
      "val_delta_meta": 0.18897552615991198,
      "lr": 0.0009046039886902864,
      "epoch_time_s": 242.86324882507324
    },
    {
      "epoch": 3,
      "train_loss": 0.7803147859529618,
      "val_auc": 0.6860687752527951,
      "val_f1": 0.4564455948296403,
      "val_auc_ecg": 0.912507969443363,
      "val_delta_meta": 0.18606877525279508,
      "lr": 0.0007940987335200904,
      "epoch_time_s": 244.40788674354553
    },
    {
      "epoch": 4,
      "train_loss": 0.7704203233806365,
      "val_auc": 0.6898280909974494,
      "val_f1": 0.4608240169736691,
      "val_auc_ecg": 0.9239611499221534,
      "val_delta_meta": 0.18982809099744935,
      "lr": 0.0006548539886902864,
      "epoch_time_s": 245.96998691558838
    },
    {
      "epoch": 5,
      "train_loss": 0.7610373514507889,
      "val_auc": 0.6923839703150678,
      "val_f1": 0.4684001422670045,
      "val_auc_ecg": 0.91826121939483,
      "val_delta_meta": 0.19238397031506782,
      "lr": 0.0005005000000000001,
      "epoch_time_s": 245.50952863693237
    },
    {
      "epoch": 6,
      "train_loss": 0.7518845398491676,
      "val_auc": 0.6875671939695118,
      "val_f1": 0.46063552819559356,
      "val_auc_ecg": 0.9265641162797122,
      "val_delta_meta": 0.18756719396951183,
      "lr": 0.0003461460113097139,
      "epoch_time_s": 245.88164377212524
    },
    {
      "epoch": 7,
      "train_loss": 0.7438153362055437,
      "val_auc": 0.6895446952812805,
      "val_f1": 0.4596630432907097,
      "val_auc_ecg": 0.9288184011519949,
      "val_delta_meta": 0.18954469528128048,
      "lr": 0.00020690126647990973,
      "epoch_time_s": 246.02313899993896
    },
    {
      "epoch": 8,
      "train_loss": 0.7345102030202884,
      "val_auc": 0.6910220104742254,
      "val_f1": 0.4623889635884065,
      "val_auc_ecg": 0.927388638311783,
      "val_delta_meta": 0.1910220104742254,
      "lr": 9.639601130971382e-05,
      "epoch_time_s": 245.9675009250641
    },
    {
      "epoch": 9,
      "train_loss": 0.7258825903638787,
      "val_auc": 0.6932669804046784,
      "val_f1": 0.4614026711751221,
      "val_auc_ecg": 0.9314398752294366,
      "val_delta_meta": 0.19326698040467838,
      "lr": 2.5447270110570814e-05,
      "epoch_time_s": 245.93370008468628
    },
    {
      "epoch": 10,
      "train_loss": 0.7195591459580518,
      "val_auc": 0.6934099351795078,
      "val_f1": 0.46272894013214466,
      "val_auc_ecg": 0.9324392527713083,
      "val_delta_meta": 0.19340993517950777,
      "lr": 0.001,
      "epoch_time_s": 246.30511450767517
    }
  ]
}