{
  "metadata": {
    "run_name": "ATLAS_A_v5_demo+anthro_noaug_seed2026",
    "variant": "demo+anthro",
    "seed": 2026,
    "meta_hid": 128,
    "lauc_weight": 0.08,
    "no_aug": true,
    "arch_mode": "standard",
    "meta_mask_mode": "real",
    "test_fold": 10,
    "val_fold": 9,
    "timestamp": "2026-05-08T00:08:59.696885",
    "git_sha": "b8fda1f7a68a5b217a3f76d88337426561bd26e4",
    "analysis_plan_sha256": "4ad22e907fbd431a0b443255a3449c0560371997d5ee36a61e164de7aea5c3dc",
    "wall_time_s": 2626.451421737671,
    "train_time_s": 2597.2996559143066,
    "gpu_peak_mem_mb": 0,
    "num_parameters": 3951951,
    "dataset_sizes": {
      "train": 17418,
      "val": 2183,
      "test": 2198
    },
    "train_fold_ids": [
      1,
      2,
      3,
      4,
      5,
      6,
      7,
      8
    ],
    "pos_weights": [
      1.2930489778518677,
      2.9776203632354736,
      3.161012887954712,
      3.4581520557403564,
      7.21991491317749
    ],
    "loss_weights": {
      "fused": 0.52,
      "ecg": 0.3,
      "meta": 0.1,
      "lauc": 0.08
    },
    "hardware": {
      "python_version": "3.11.7 | packaged by Anaconda, Inc. | (main, Dec 15 2023, 18:05:47) [MSC v.1916 64 bit (AMD64)]",
      "torch_version": "2.3.1+cpu",
      "cuda_available": false,
      "numpy_version": "1.26.4",
      "sklearn_version": "1.4.2"
    },
    "best_val_auc": 0.9313597103334781,
    "best_val_epoch": 10
  },
  "test": {
    "macro_auc": 0.9294201150558814,
    "macro_auc_ecg": 0.9278940237932822,
    "macro_auc_no_meta": 0.9280522414137435,
    "delta_meta_auc": 0.0013678736421378623,
    "macro_f1_optimal": 0.7436559543056402,
    "macro_f1_fixed_05": 0.7359102107013538,
    "w_fused": 1.0,
    "thresholds": [
      0.574999988079071,
      0.6499999761581421,
      0.6050000190734863,
      0.7699999809265137,
      0.6650000214576721
    ]
  },
  "per_class": {
    "NORM": {
      "auc": 0.9512126830375723,
      "f1": 0.8655256723716381,
      "threshold": 0.574999988079071
    },
    "MI": {
      "auc": 0.9289849955869374,
      "f1": 0.7269439421338155,
      "threshold": 0.6499999761581421
    },
    "STTC": {
      "auc": 0.9373778923839183,
      "f1": 0.7674208144796381,
      "threshold": 0.6050000190734863
    },
    "CD": {
      "auc": 0.9171693169326408,
      "f1": 0.7465825446898002,
      "threshold": 0.7699999809265137
    },
    "HYP": {
      "auc": 0.9123556873383383,
      "f1": 0.6118067978533095,
      "threshold": 0.6650000214576721
    }
  },
  "subgroups": {
    "sex_male": {
      "n": 1066,
      "macro_auc": 0.9235522256698868,
      "per_class_auc": [
        0.9475049965123802,
        0.9177787825309083,
        0.9252504336129694,
        0.9099334304139797,
        0.9172934852791963
      ]
    },
    "sex_female": {
      "n": 1132,
      "macro_auc": 0.9348713621228072,
      "per_class_auc": [
        0.9552596144165911,
        0.9386681183088368,
        0.9468390179266587,
        0.9250942020177465,
        0.908495857944203
      ]
    },
    "age_lt45": {
      "n": 345,
      "macro_auc": 0.9223140130989919,
      "per_class_auc": [
        0.8916258896797153,
        0.9893848666303756,
        0.9612973233662889,
        0.8499697976442163,
        0.9192921881743634
      ]
    },
    "age_45_65": {
      "n": 703,
      "macro_auc": 0.9252598050589829,
      "per_class_auc": [
        0.9316875653082549,
        0.9274622341482807,
        0.949282733437663,
        0.901892346509672,
        0.9159741458910433
      ]
    },
    "age_gt65": {
      "n": 1150,
      "macro_auc": 0.9195596196411941,
      "per_class_auc": [
        0.952890159750449,
        0.9029893536759158,
        0.9152637130801687,
        0.9292322728972378,
        0.8974225988021991
      ]
    },
    "meta_complete": {
      "n": 660,
      "macro_auc": 0.9397108128487872,
      "per_class_auc": [
        0.9586767736237857,
        0.9383932612154922,
        0.9373313696612666,
        0.9434449501362514,
        0.9207077096071403
      ]
    },
    "meta_incomplete": {
      "n": 1538,
      "macro_auc": 0.9251952261592541,
      "per_class_auc": [
        0.9487681208443702,
        0.9249431693733426,
        0.9370150715754355,
        0.9077615614559522,
        0.9074882075471697
      ]
    },
    "fairness_sex_gap": 0.011319136452920375
  },
  "training_history": [
    {
      "epoch": 1,
      "train_loss": 0.645499043125625,
      "val_auc": 0.9010755417917136,
      "val_f1": 0.6486951302101291,
      "val_auc_ecg": 0.8981896707442054,
      "val_delta_meta": 0.001355445519884757,
      "lr": 0.0009755527298894294,
      "epoch_time_s": 242.16738271713257
    },
    {
      "epoch": 2,
      "train_loss": 0.5521797229937457,
      "val_auc": 0.9149434002168046,
      "val_f1": 0.7058791903765127,
      "val_auc_ecg": 0.9146337531583351,
      "val_delta_meta": -0.0004362107198595533,
      "lr": 0.0009046039886902864,
      "epoch_time_s": 242.43883681297302
    },
    {
      "epoch": 3,
      "train_loss": 0.5192202715698732,
      "val_auc": 0.9157981850010037,
      "val_f1": 0.7065693985302668,
      "val_auc_ecg": 0.9144985958989741,
      "val_delta_meta": 6.140306793467332e-05,
      "lr": 0.0007940987335200904,
      "epoch_time_s": 257.2232129573822
    },
    {
      "epoch": 4,
      "train_loss": 0.4939635201878504,
      "val_auc": 0.921139841891667,
      "val_f1": 0.7041334320463711,
      "val_auc_ecg": 0.9200887040826522,
      "val_delta_meta": 0.0002918436222764109,
      "lr": 0.0006548539886902864,
      "epoch_time_s": 263.633061170578
    },
    {
      "epoch": 5,
      "train_loss": 0.4679755373832283,
      "val_auc": 0.9253155400924724,
      "val_f1": 0.7078368860120895,
      "val_auc_ecg": 0.9243912201118235,
      "val_delta_meta": 0.0007906868261031708,
      "lr": 0.0005005000000000001,
      "epoch_time_s": 263.25723147392273
    },
    {
      "epoch": 6,
      "train_loss": 0.4451834038856926,
      "val_auc": 0.9255437309232153,
      "val_f1": 0.7252342587968904,
      "val_auc_ecg": 0.9245818906460304,
      "val_delta_meta": 0.0012173451367072374,
      "lr": 0.0003461460113097139,
      "epoch_time_s": 263.29401755332947
    },
    {
      "epoch": 7,
      "train_loss": 0.4203600884850966,
      "val_auc": 0.930500153498599,
      "val_f1": 0.7442145400814378,
      "val_auc_ecg": 0.9304097924030442,
      "val_delta_meta": 3.87478754424464e-05,
      "lr": 0.00020690126647990973,
      "epoch_time_s": 263.3736264705658
    },
    {
      "epoch": 8,
      "train_loss": 0.39311088509515885,
      "val_auc": 0.9308961611623312,
      "val_f1": 0.737971963372843,
      "val_auc_ecg": 0.9308680877051027,
      "val_delta_meta": -0.00027649910324445415,
      "lr": 9.639601130971382e-05,
      "epoch_time_s": 264.0500741004944
    },
    {
      "epoch": 9,
      "train_loss": 0.3721737295662591,
      "val_auc": 0.9303824864229073,
      "val_f1": 0.7347268661488374,
      "val_auc_ecg": 0.9303223325137097,
      "val_delta_meta": -0.00034360248379683433,
      "lr": 2.5447270110570814e-05,
      "epoch_time_s": 263.40081667900085
    },
    {
      "epoch": 10,
      "train_loss": 0.35425941624225826,
      "val_auc": 0.9313597103334781,
      "val_f1": 0.7414150104225904,
      "val_auc_ecg": 0.9315167780782365,
      "val_delta_meta": -0.00014244093994308926,
      "lr": 0.001,
      "epoch_time_s": 263.95065331459045
    }
  ]
}