{
  "metadata": {
    "run_name": "ATLAS_A_v5_demo+anthro_concat_seed2025",
    "variant": "demo+anthro",
    "seed": 2025,
    "meta_hid": 128,
    "lauc_weight": 0.08,
    "no_aug": false,
    "arch_mode": "concat",
    "meta_mask_mode": "real",
    "test_fold": 10,
    "val_fold": 9,
    "timestamp": "2026-05-08T20:53:22.817715",
    "git_sha": "b8fda1f7a68a5b217a3f76d88337426561bd26e4",
    "analysis_plan_sha256": "4ad22e907fbd431a0b443255a3449c0560371997d5ee36a61e164de7aea5c3dc",
    "wall_time_s": 2384.9504640102386,
    "train_time_s": 2355.546329021454,
    "gpu_peak_mem_mb": 0,
    "num_parameters": 3951951,
    "dataset_sizes": {
      "train": 17418,
      "val": 2183,
      "test": 2198
    },
    "train_fold_ids": [
      1,
      2,
      3,
      4,
      5,
      6,
      7,
      8
    ],
    "pos_weights": [
      1.2930489778518677,
      2.9776203632354736,
      3.161012887954712,
      3.4581520557403564,
      7.21991491317749
    ],
    "loss_weights": {
      "fused": 0.52,
      "ecg": 0.3,
      "meta": 0.1,
      "lauc": 0.08
    },
    "hardware": {
      "python_version": "3.11.7 | packaged by Anaconda, Inc. | (main, Dec 15 2023, 18:05:47) [MSC v.1916 64 bit (AMD64)]",
      "torch_version": "2.3.1+cpu",
      "cuda_available": false,
      "numpy_version": "1.26.4",
      "sklearn_version": "1.4.2"
    },
    "best_val_auc": 0.9335036118081922,
    "best_val_epoch": 10
  },
  "test": {
    "macro_auc": 0.9300108251523275,
    "macro_auc_ecg": 0.9278278164097964,
    "macro_auc_no_meta": 0.9285128650009853,
    "delta_meta_auc": 0.0014979601513421814,
    "macro_f1_optimal": 0.7505958867792974,
    "macro_f1_fixed_05": 0.743679055202356,
    "w_fused": 1.0,
    "thresholds": [
      0.6800000071525574,
      0.6050000190734863,
      0.6800000071525574,
      0.7699999809265137,
      0.6949999928474426
    ]
  },
  "per_class": {
    "NORM": {
      "auc": 0.9511462576883136,
      "f1": 0.8686274509803922,
      "threshold": 0.6800000071525574
    },
    "MI": {
      "auc": 0.9337963371579875,
      "f1": 0.752548656163114,
      "threshold": 0.6050000190734863
    },
    "STTC": {
      "auc": 0.9382259930847173,
      "f1": 0.7776726584673604,
      "threshold": 0.6800000071525574
    },
    "CD": {
      "auc": 0.9185339354080588,
      "f1": 0.7454350161117078,
      "threshold": 0.7699999809265137
    },
    "HYP": {
      "auc": 0.9083516024225602,
      "f1": 0.6086956521739131,
      "threshold": 0.6949999928474426
    }
  },
  "subgroups": {
    "sex_male": {
      "n": 1066,
      "macro_auc": 0.9213104527005062,
      "per_class_auc": [
        0.9459726122453405,
        0.9210507124834094,
        0.9226177834412942,
        0.910812356979405,
        0.9060987983530813
      ]
    },
    "sex_female": {
      "n": 1132,
      "macro_auc": 0.9382448489634619,
      "per_class_auc": [
        0.9569679351656095,
        0.9444545252928486,
        0.951592701668867,
        0.9274991751897064,
        0.9107099075002786
      ]
    },
    "age_lt45": {
      "n": 345,
      "macro_auc": 0.9277022221927014,
      "per_class_auc": [
        0.8992437722419929,
        0.9880239520958083,
        0.9641909814323607,
        0.8565388100271821,
        0.9305135951661632
      ]
    },
    "age_45_65": {
      "n": 703,
      "macro_auc": 0.9264068180657196,
      "per_class_auc": [
        0.9300058777429467,
        0.9279839992049296,
        0.9505086071987481,
        0.9064479955144379,
        0.9170876106675356
      ]
    },
    "age_gt65": {
      "n": 1150,
      "macro_auc": 0.9189792634431224,
      "per_class_auc": [
        0.9517203894507987,
        0.9120160952301114,
        0.9160407876230662,
        0.927184951260417,
        0.8879340936512183
      ]
    },
    "meta_complete": {
      "n": 660,
      "macro_auc": 0.9406427534272274,
      "per_class_auc": [
        0.9589435531351191,
        0.9488605673075519,
        0.9397113402061855,
        0.9453567505100511,
        0.9103415559772297
      ]
    },
    "meta_incomplete": {
      "n": 1538,
      "macro_auc": 0.9257619121530002,
      "per_class_auc": [
        0.9487004685356052,
        0.9283455642340253,
        0.9371629747449277,
        0.9087814313346229,
        0.90581912191582
      ]
    },
    "fairness_sex_gap": 0.016934396262955786
  },
  "training_history": [
    {
      "epoch": 1,
      "train_loss": 0.6466630510233958,
      "val_auc": 0.9025243731992809,
      "val_f1": 0.671862123682682,
      "val_auc_ecg": 0.8995686927329052,
      "val_delta_meta": 0.003987733889830536,
      "lr": 0.0009755527298894294,
      "epoch_time_s": 234.50753045082092
    },
    {
      "epoch": 2,
      "train_loss": 0.5670454914416742,
      "val_auc": 0.9091586468575924,
      "val_f1": 0.6765845776066106,
      "val_auc_ecg": 0.9081364159034419,
      "val_delta_meta": -7.836903734792511e-05,
      "lr": 0.0009046039886902864,
      "epoch_time_s": 234.85426568984985
    },
    {
      "epoch": 3,
      "train_loss": 0.5353770293227029,
      "val_auc": 0.9178594326406222,
      "val_f1": 0.7108173371126967,
      "val_auc_ecg": 0.9161808039447095,
      "val_delta_meta": 0.0015587822514122607,
      "lr": 0.0007940987335200904,
      "epoch_time_s": 234.38068509101868
    },
    {
      "epoch": 4,
      "train_loss": 0.5052779324010972,
      "val_auc": 0.9185386919208411,
      "val_f1": 0.7028335975828496,
      "val_auc_ecg": 0.9168639101404201,
      "val_delta_meta": 0.0011269383206270467,
      "lr": 0.0006548539886902864,
      "epoch_time_s": 234.1632797718048
    },
    {
      "epoch": 5,
      "train_loss": 0.4844790583630221,
      "val_auc": 0.9212328048249884,
      "val_f1": 0.7239419785168594,
      "val_auc_ecg": 0.9196021101760351,
      "val_delta_meta": 0.000868997840333452,
      "lr": 0.0005005000000000001,
      "epoch_time_s": 234.28775572776794
    },
    {
      "epoch": 6,
      "train_loss": 0.45829060646372105,
      "val_auc": 0.9257994055593161,
      "val_f1": 0.7028327742583518,
      "val_auc_ecg": 0.9249593859950158,
      "val_delta_meta": 0.0003094437293497121,
      "lr": 0.0003461460113097139,
      "epoch_time_s": 234.32719016075134
    },
    {
      "epoch": 7,
      "train_loss": 0.43690984626428797,
      "val_auc": 0.9299925172427816,
      "val_f1": 0.7312996399074295,
      "val_auc_ecg": 0.9297404493475486,
      "val_delta_meta": 0.0001979621049787994,
      "lr": 0.00020690126647990973,
      "epoch_time_s": 234.4780993461609
    },
    {
      "epoch": 8,
      "train_loss": 0.4178244194032949,
      "val_auc": 0.9305695049321745,
      "val_f1": 0.7431810770120116,
      "val_auc_ecg": 0.9301031476145527,
      "val_delta_meta": -9.636190587458682e-05,
      "lr": 9.639601130971382e-05,
      "epoch_time_s": 233.92354583740234
    },
    {
      "epoch": 9,
      "train_loss": 0.3970514511569924,
      "val_auc": 0.9329260285889525,
      "val_f1": 0.7353303249181421,
      "val_auc_ecg": 0.9325918491646952,
      "val_delta_meta": 0.0004878816517160933,
      "lr": 2.5447270110570814e-05,
      "epoch_time_s": 234.23432993888855
    },
    {
      "epoch": 10,
      "train_loss": 0.3834420927894225,
      "val_auc": 0.9335036118081922,
      "val_f1": 0.7433700411606999,
      "val_auc_ecg": 0.9329571664473034,
      "val_delta_meta": 0.0003440677976149775,
      "lr": 0.001,
      "epoch_time_s": 234.83764839172363
    }
  ]
}