{
  "metadata": {
    "run_name": "ATLAS_A_v5_demo+anthro_metaH32_seed2027",
    "variant": "demo+anthro",
    "seed": 2027,
    "meta_hid": 32,
    "lauc_weight": 0.08,
    "no_aug": false,
    "arch_mode": "standard",
    "meta_mask_mode": "real",
    "test_fold": 10,
    "val_fold": 9,
    "timestamp": "2026-05-05T21:22:25.438089",
    "git_sha": "b8fda1f7a68a5b217a3f76d88337426561bd26e4",
    "analysis_plan_sha256": "4ad22e907fbd431a0b443255a3449c0560371997d5ee36a61e164de7aea5c3dc",
    "wall_time_s": 2637.4937098026276,
    "train_time_s": 2608.298271179199,
    "gpu_peak_mem_mb": 0,
    "num_parameters": 3926895,
    "dataset_sizes": {
      "train": 17418,
      "val": 2183,
      "test": 2198
    },
    "train_fold_ids": [
      1,
      2,
      3,
      4,
      5,
      6,
      7,
      8
    ],
    "pos_weights": [
      1.2930489778518677,
      2.9776203632354736,
      3.161012887954712,
      3.4581520557403564,
      7.21991491317749
    ],
    "loss_weights": {
      "fused": 0.52,
      "ecg": 0.3,
      "meta": 0.1,
      "lauc": 0.08
    },
    "hardware": {
      "python_version": "3.11.7 | packaged by Anaconda, Inc. | (main, Dec 15 2023, 18:05:47) [MSC v.1916 64 bit (AMD64)]",
      "torch_version": "2.3.1+cpu",
      "cuda_available": false,
      "numpy_version": "1.26.4",
      "sklearn_version": "1.4.2"
    },
    "best_val_auc": 0.9320175415299137,
    "best_val_epoch": 10
  },
  "test": {
    "macro_auc": 0.9293935324482974,
    "macro_auc_ecg": 0.9276190885812774,
    "macro_auc_no_meta": 0.9281007311150417,
    "delta_meta_auc": 0.001292801333255711,
    "macro_f1_optimal": 0.7512462368802095,
    "macro_f1_fixed_05": 0.7417547871345174,
    "w_fused": 1.0,
    "thresholds": [
      0.6800000071525574,
      0.5899999737739563,
      0.5899999737739563,
      0.6349999904632568,
      0.5899999737739563
    ]
  },
  "per_class": {
    "NORM": {
      "auc": 0.9506413409512278,
      "f1": 0.8661728395061729,
      "threshold": 0.6800000071525574
    },
    "MI": {
      "auc": 0.9270278022947926,
      "f1": 0.7385964912280701,
      "threshold": 0.5899999737739563
    },
    "STTC": {
      "auc": 0.9381836452764454,
      "f1": 0.7760652765185857,
      "threshold": 0.5899999737739563
    },
    "CD": {
      "auc": 0.9205630946514538,
      "f1": 0.7667009249743063,
      "threshold": 0.6349999904632568
    },
    "HYP": {
      "auc": 0.9105517790675668,
      "f1": 0.6086956521739131,
      "threshold": 0.5899999737739563
    }
  },
  "subgroups": {
    "sex_male": {
      "n": 1066,
      "macro_auc": 0.9221370532882375,
      "per_class_auc": [
        0.9454286881128181,
        0.9143561396088269,
        0.9235823510672188,
        0.9168504264614105,
        0.9104676611909135
      ]
    },
    "sex_female": {
      "n": 1132,
      "macro_auc": 0.936764189227824,
      "per_class_auc": [
        0.9571566998892581,
        0.9375995483779915,
        0.950707733077998,
        0.9263097119241523,
        0.9120472528697202
      ]
    },
    "age_lt45": {
      "n": 345,
      "macro_auc": 0.9353439468681664,
      "per_class_auc": [
        0.9071396797153025,
        0.9902014153511159,
        0.9571979744393537,
        0.86771368166717,
        0.9544669831678895
      ]
    },
    "age_45_65": {
      "n": 703,
      "macro_auc": 0.9252272342816086,
      "per_class_auc": [
        0.9295160658307211,
        0.9238347247068177,
        0.9523213354199269,
        0.9033221194280909,
        0.9171419260224865
      ]
    },
    "age_gt65": {
      "n": 1150,
      "macro_auc": 0.9178842855472984,
      "per_class_auc": [
        0.9506530232851247,
        0.9012423505742309,
        0.915516877637131,
        0.931187039306354,
        0.8908221369336515
      ]
    },
    "meta_complete": {
      "n": 660,
      "macro_auc": 0.9387414087955968,
      "per_class_auc": [
        0.9619425228142479,
        0.9412108205959212,
        0.9399823269513992,
        0.9413191422579219,
        0.9092522313584933
      ]
    },
    "meta_incomplete": {
      "n": 1538,
      "macro_auc": 0.9254769444411599,
      "per_class_auc": [
        0.9467611023510045,
        0.9215960634291461,
        0.9367992784265042,
        0.9125584666783894,
        0.9096698113207548
      ]
    },
    "fairness_sex_gap": 0.014627135939586533
  },
  "training_history": [
    {
      "epoch": 1,
      "train_loss": 0.643897479881934,
      "val_auc": 0.9036347325388805,
      "val_f1": 0.6758537084437684,
      "val_auc_ecg": 0.902720226722321,
      "val_delta_meta": 0.0020627556871252173,
      "lr": 0.0009755527298894294,
      "epoch_time_s": 242.66015553474426
    },
    {
      "epoch": 2,
      "train_loss": 0.5590448096257831,
      "val_auc": 0.9156627395785982,
      "val_f1": 0.7002712278278684,
      "val_auc_ecg": 0.9133177474591457,
      "val_delta_meta": 0.0026877685842064958,
      "lr": 0.0009046039886902864,
      "epoch_time_s": 242.63930130004883
    },
    {
      "epoch": 3,
      "train_loss": 0.5215585047498755,
      "val_auc": 0.9190498849794204,
      "val_f1": 0.7148095120118374,
      "val_auc_ecg": 0.9171378350021374,
      "val_delta_meta": 0.0008140722235845388,
      "lr": 0.0007940987335200904,
      "epoch_time_s": 258.68077325820923
    },
    {
      "epoch": 4,
      "train_loss": 0.4966352297078579,
      "val_auc": 0.9230585777918698,
      "val_f1": 0.7229535444347459,
      "val_auc_ecg": 0.9216216118436277,
      "val_delta_meta": 0.0005040291825123555,
      "lr": 0.0006548539886902864,
      "epoch_time_s": 264.91778802871704
    },
    {
      "epoch": 5,
      "train_loss": 0.4727547762590811,
      "val_auc": 0.9222020370856285,
      "val_f1": 0.7343514529688798,
      "val_auc_ecg": 0.9200176979004754,
      "val_delta_meta": 0.0009215367635451166,
      "lr": 0.0005005000000000001,
      "epoch_time_s": 264.6677634716034
    },
    {
      "epoch": 6,
      "train_loss": 0.4549942182291538,
      "val_auc": 0.9279432817020844,
      "val_f1": 0.7279506118734929,
      "val_auc_ecg": 0.9267370617390618,
      "val_delta_meta": 0.00032867515300594174,
      "lr": 0.0003461460113097139,
      "epoch_time_s": 264.7265763282776
    },
    {
      "epoch": 7,
      "train_loss": 0.43417936765819515,
      "val_auc": 0.9277580214456078,
      "val_f1": 0.7300350785786006,
      "val_auc_ecg": 0.9269052655710996,
      "val_delta_meta": 0.0006534733338492416,
      "lr": 0.00020690126647990973,
      "epoch_time_s": 264.557181596756
    },
    {
      "epoch": 8,
      "train_loss": 0.412508842376394,
      "val_auc": 0.93111390660552,
      "val_f1": 0.7328098291297298,
      "val_auc_ecg": 0.9306449042803786,
      "val_delta_meta": 0.0004812730123232578,
      "lr": 9.639601130971382e-05,
      "epoch_time_s": 265.8766129016876
    },
    {
      "epoch": 9,
      "train_loss": 0.3935557218319779,
      "val_auc": 0.9309993562815677,
      "val_f1": 0.7386121608436714,
      "val_auc_ecg": 0.9306076580728992,
      "val_delta_meta": 8.961359165782223e-05,
      "lr": 2.5447270110570814e-05,
      "epoch_time_s": 265.1037292480469
    },
    {
      "epoch": 10,
      "train_loss": 0.37994575880536247,
      "val_auc": 0.9320175415299137,
      "val_f1": 0.7440218443403297,
      "val_auc_ecg": 0.931738441710033,
      "val_delta_meta": 0.00021961727800778874,
      "lr": 0.001,
      "epoch_time_s": 265.6340217590332
    }
  ]
}