{
  "metadata": {
    "run_name": "ATLAS_A_v5_demo+anthro_metaH64_seed2024",
    "variant": "demo+anthro",
    "seed": 2024,
    "meta_hid": 64,
    "lauc_weight": 0.08,
    "no_aug": false,
    "arch_mode": "standard",
    "meta_mask_mode": "real",
    "test_fold": 10,
    "val_fold": 9,
    "timestamp": "2026-05-06T02:30:43.917093",
    "git_sha": "b8fda1f7a68a5b217a3f76d88337426561bd26e4",
    "analysis_plan_sha256": "4ad22e907fbd431a0b443255a3449c0560371997d5ee36a61e164de7aea5c3dc",
    "wall_time_s": 2640.679849624634,
    "train_time_s": 2611.098228931427,
    "gpu_peak_mem_mb": 0,
    "num_parameters": 3935247,
    "dataset_sizes": {
      "train": 17418,
      "val": 2183,
      "test": 2198
    },
    "train_fold_ids": [
      1,
      2,
      3,
      4,
      5,
      6,
      7,
      8
    ],
    "pos_weights": [
      1.2930489778518677,
      2.9776203632354736,
      3.161012887954712,
      3.4581520557403564,
      7.21991491317749
    ],
    "loss_weights": {
      "fused": 0.52,
      "ecg": 0.3,
      "meta": 0.1,
      "lauc": 0.08
    },
    "hardware": {
      "python_version": "3.11.7 | packaged by Anaconda, Inc. | (main, Dec 15 2023, 18:05:47) [MSC v.1916 64 bit (AMD64)]",
      "torch_version": "2.3.1+cpu",
      "cuda_available": false,
      "numpy_version": "1.26.4",
      "sklearn_version": "1.4.2"
    },
    "best_val_auc": 0.9325632683055776,
    "best_val_epoch": 10
  },
  "test": {
    "macro_auc": 0.929914431431049,
    "macro_auc_ecg": 0.9287241638625229,
    "macro_auc_no_meta": 0.9282949955523666,
    "delta_meta_auc": 0.001619435878682407,
    "macro_f1_optimal": 0.7542744533953154,
    "macro_f1_fixed_05": 0.7362406989863246,
    "w_fused": 1.0,
    "thresholds": [
      0.7099999785423279,
      0.5899999737739563,
      0.5899999737739563,
      0.6650000214576721,
      0.6949999928474426
    ]
  },
  "per_class": {
    "NORM": {
      "auc": 0.9515389239934248,
      "f1": 0.8672032193158954,
      "threshold": 0.7099999785423279
    },
    "MI": {
      "auc": 0.9301147396293028,
      "f1": 0.7463706233988044,
      "threshold": 0.5899999737739563
    },
    "STTC": {
      "auc": 0.9375598735059522,
      "f1": 0.7730061349693251,
      "threshold": 0.5899999737739563
    },
    "CD": {
      "auc": 0.9166623232629544,
      "f1": 0.7492447129909365,
      "threshold": 0.6650000214576721
    },
    "HYP": {
      "auc": 0.9136962967636111,
      "f1": 0.6355475763016158,
      "threshold": 0.6949999928474426
    }
  },
  "subgroups": {
    "sex_male": {
      "n": 1066,
      "macro_auc": 0.920954546182313,
      "per_class_auc": [
        0.94471490062994,
        0.9172488562830293,
        0.9222239920710771,
        0.9066205533596838,
        0.9139644285678348
      ]
    },
    "sex_female": {
      "n": 1132,
      "macro_auc": 0.9386075936760658,
      "per_class_auc": [
        0.9595194050135911,
        0.9407649347769108,
        0.9507270766537548,
        0.9281590234246123,
        0.9138675285114604
      ]
    },
    "age_lt45": {
      "n": 345,
      "macro_auc": 0.9209836971092186,
      "per_class_auc": [
        0.8971863879003559,
        0.9814915623298857,
        0.9574391126115265,
        0.8387194201147689,
        0.9300820025895554
      ]
    },
    "age_45_65": {
      "n": 703,
      "macro_auc": 0.9265487564751729,
      "per_class_auc": [
        0.9316630747126438,
        0.9256484794275491,
        0.9515779864371413,
        0.8997056349873844,
        0.9241486068111455
      ]
    },
    "age_gt65": {
      "n": 1150,
      "macro_auc": 0.9204161111354277,
      "per_class_auc": [
        0.9528980369915241,
        0.9074356609942157,
        0.9155590717299578,
        0.9296987512448678,
        0.8964890347165734
      ]
    },
    "meta_complete": {
      "n": 660,
      "macro_auc": 0.9436619307912422,
      "per_class_auc": [
        0.9635340005887548,
        0.947561278266836,
        0.9352459499263623,
        0.9482387182377195,
        0.9237297069365381
      ]
    },
    "meta_incomplete": {
      "n": 1538,
      "macro_auc": 0.92458194363249,
      "per_class_auc": [
        0.9477255814195535,
        0.9240223962641705,
        0.938389843659076,
        0.9048074556004924,
        0.9079644412191583
      ]
    },
    "fairness_sex_gap": 0.01765304749375285
  },
  "training_history": [
    {
      "epoch": 1,
      "train_loss": 0.6541846480391441,
      "val_auc": 0.90079461592942,
      "val_f1": 0.6845181231188839,
      "val_auc_ecg": 0.8968428204646248,
      "val_delta_meta": 0.0016058739687663248,
      "lr": 0.0009755527298894294,
      "epoch_time_s": 242.7048053741455
    },
    {
      "epoch": 2,
      "train_loss": 0.5557357668876648,
      "val_auc": 0.9135665831579771,
      "val_f1": 0.7105596176855605,
      "val_auc_ecg": 0.9099124049174044,
      "val_delta_meta": 0.002229514117463083,
      "lr": 0.0009046039886902864,
      "epoch_time_s": 242.1552174091339
    },
    {
      "epoch": 3,
      "train_loss": 0.5216280221392255,
      "val_auc": 0.9185281612097412,
      "val_f1": 0.7024274366541752,
      "val_auc_ecg": 0.9177767367973082,
      "val_delta_meta": 0.00013832592925899778,
      "lr": 0.0007940987335200904,
      "epoch_time_s": 257.77956795692444
    },
    {
      "epoch": 4,
      "train_loss": 0.5003014352890329,
      "val_auc": 0.9129865178707703,
      "val_f1": 0.7059924435431402,
      "val_auc_ecg": 0.9109012797608855,
      "val_delta_meta": 0.00046578033295663346,
      "lr": 0.0006548539886902864,
      "epoch_time_s": 264.71514225006104
    },
    {
      "epoch": 5,
      "train_loss": 0.4812718541797148,
      "val_auc": 0.9252867717341122,
      "val_f1": 0.7212059561689999,
      "val_auc_ecg": 0.9239868146854056,
      "val_delta_meta": 0.0011015476599484098,
      "lr": 0.0005005000000000001,
      "epoch_time_s": 265.0144131183624
    },
    {
      "epoch": 6,
      "train_loss": 0.4597368950964114,
      "val_auc": 0.927655577246062,
      "val_f1": 0.7326510234291972,
      "val_auc_ecg": 0.9260841577703468,
      "val_delta_meta": 0.001176408467610357,
      "lr": 0.0003461460113097139,
      "epoch_time_s": 264.22432374954224
    },
    {
      "epoch": 7,
      "train_loss": 0.43837110107644983,
      "val_auc": 0.9300072291844584,
      "val_f1": 0.7342764812942042,
      "val_auc_ecg": 0.9298471302901117,
      "val_delta_meta": 0.00017640177174238492,
      "lr": 0.00020690126647990973,
      "epoch_time_s": 264.64704966545105
    },
    {
      "epoch": 8,
      "train_loss": 0.41359154535542936,
      "val_auc": 0.9299341531244995,
      "val_f1": 0.7296698589051362,
      "val_auc_ecg": 0.9292317833574616,
      "val_delta_meta": 0.00028272809836926704,
      "lr": 9.639601130971382e-05,
      "epoch_time_s": 264.9313988685608
    },
    {
      "epoch": 9,
      "train_loss": 0.3968032750241253,
      "val_auc": 0.9320476381405054,
      "val_f1": 0.7386091273271497,
      "val_auc_ecg": 0.9312534341118555,
      "val_delta_meta": 0.000538270732378443,
      "lr": 2.5447270110570814e-05,
      "epoch_time_s": 265.5597689151764
    },
    {
      "epoch": 10,
      "train_loss": 0.3856284600879074,
      "val_auc": 0.9325632683055776,
      "val_f1": 0.7390777639612048,
      "val_auc_ecg": 0.9319192857569798,
      "val_delta_meta": 0.0003843821326398045,
      "lr": 0.001,
      "epoch_time_s": 269.76584362983704
    }
  ]
}