{
  "metadata": {
    "run_name": "ATLAS_A_v5_demo+anthro_lauc0.04_seed2032",
    "variant": "demo+anthro",
    "seed": 2032,
    "meta_hid": 128,
    "lauc_weight": 0.04,
    "no_aug": false,
    "arch_mode": "standard",
    "meta_mask_mode": "real",
    "test_fold": 10,
    "val_fold": 9,
    "timestamp": "2026-05-07T06:29:28.789643",
    "git_sha": "b8fda1f7a68a5b217a3f76d88337426561bd26e4",
    "analysis_plan_sha256": "4ad22e907fbd431a0b443255a3449c0560371997d5ee36a61e164de7aea5c3dc",
    "wall_time_s": 2650.6000502109528,
    "train_time_s": 2621.4587326049805,
    "gpu_peak_mem_mb": 0,
    "num_parameters": 3951951,
    "dataset_sizes": {
      "train": 17418,
      "val": 2183,
      "test": 2198
    },
    "train_fold_ids": [
      1,
      2,
      3,
      4,
      5,
      6,
      7,
      8
    ],
    "pos_weights": [
      1.2930489778518677,
      2.9776203632354736,
      3.161012887954712,
      3.4581520557403564,
      7.21991491317749
    ],
    "loss_weights": {
      "fused": 0.56,
      "ecg": 0.30000000000000004,
      "meta": 0.10000000000000002,
      "lauc": 0.04000000000000001
    },
    "hardware": {
      "python_version": "3.11.7 | packaged by Anaconda, Inc. | (main, Dec 15 2023, 18:05:47) [MSC v.1916 64 bit (AMD64)]",
      "torch_version": "2.3.1+cpu",
      "cuda_available": false,
      "numpy_version": "1.26.4",
      "sklearn_version": "1.4.2"
    },
    "best_val_auc": 0.9335000859650414,
    "best_val_epoch": 10
  },
  "test": {
    "macro_auc": 0.9275111582821086,
    "macro_auc_ecg": 0.9264679061650354,
    "macro_auc_no_meta": 0.9260846648154863,
    "delta_meta_auc": 0.0014264934666222695,
    "macro_f1_optimal": 0.7464384141865453,
    "macro_f1_fixed_05": 0.7409572768324356,
    "w_fused": 1.0,
    "thresholds": [
      0.574999988079071,
      0.6349999904632568,
      0.5899999737739563,
      0.7250000238418579,
      0.7549999952316284
    ]
  },
  "per_class": {
    "NORM": {
      "auc": 0.9493712714568592,
      "f1": 0.8693126815101646,
      "threshold": 0.574999988079071
    },
    "MI": {
      "auc": 0.930159973521624,
      "f1": 0.7410071942446043,
      "threshold": 0.6349999904632568
    },
    "STTC": {
      "auc": 0.9366110536935874,
      "f1": 0.773286467486819,
      "threshold": 0.5899999737739563
    },
    "CD": {
      "auc": 0.9168648838178993,
      "f1": 0.7523124357656732,
      "threshold": 0.7250000238418579
    },
    "HYP": {
      "auc": 0.9045486089205729,
      "f1": 0.5962732919254659,
      "threshold": 0.7549999952316284
    }
  },
  "subgroups": {
    "sex_male": {
      "n": 1066,
      "macro_auc": 0.9196065377830692,
      "per_class_auc": [
        0.9445811784179577,
        0.9170592496438799,
        0.921582421861173,
        0.9100946536301227,
        0.9047151853622131
      ]
    },
    "sex_female": {
      "n": 1132,
      "macro_auc": 0.9348398569364699,
      "per_class_auc": [
        0.9544038810027182,
        0.9408778402790379,
        0.9491022162901923,
        0.9248337356092309,
        0.9049816115011702
      ]
    },
    "age_lt45": {
      "n": 345,
      "macro_auc": 0.9181279065570456,
      "per_class_auc": [
        0.8893460854092526,
        0.9855743059335873,
        0.9644321196045335,
        0.8471005738447599,
        0.9041864479930946
      ]
    },
    "age_45_65": {
      "n": 703,
      "macro_auc": 0.9235583973110023,
      "per_class_auc": [
        0.929230342215256,
        0.9248534088650368,
        0.9520996348461137,
        0.895444350995234,
        0.9161642496333713
      ]
    },
    "age_gt65": {
      "n": 1150,
      "macro_auc": 0.9174337627647979,
      "per_class_auc": [
        0.9512241232630684,
        0.9070835778355268,
        0.9116174402250352,
        0.9320829739105323,
        0.8851606985898269
      ]
    },
    "meta_complete": {
      "n": 660,
      "macro_auc": 0.9427755858841979,
      "per_class_auc": [
        0.9597898881365912,
        0.9442765587818801,
        0.9408659793814432,
        0.95173417414504,
        0.9172113289760349
      ]
    },
    "meta_incomplete": {
      "n": 1538,
      "macro_auc": 0.920921134606926,
      "per_class_auc": [
        0.9454132601994528,
        0.9240245227609584,
        0.934411005935524,
        0.9035507883476936,
        0.8972060957910015
      ]
    },
    "fairness_sex_gap": 0.015233319153400648
  },
  "training_history": [
    {
      "epoch": 1,
      "train_loss": 0.6450330266165077,
      "val_auc": 0.9058058405166858,
      "val_f1": 0.695027205327398,
      "val_auc_ecg": 0.905017391352312,
      "val_delta_meta": 0.001259125912967285,
      "lr": 0.0009755527298894294,
      "epoch_time_s": 248.06933903694153
    },
    {
      "epoch": 2,
      "train_loss": 0.5592165193973331,
      "val_auc": 0.9103696606598305,
      "val_f1": 0.6899444808762936,
      "val_auc_ecg": 0.9084786436464366,
      "val_delta_meta": 0.0020885012520880375,
      "lr": 0.0009046039886902864,
      "epoch_time_s": 242.5266239643097
    },
    {
      "epoch": 3,
      "train_loss": 0.5303970197472003,
      "val_auc": 0.9147370752675039,
      "val_f1": 0.704168192237054,
      "val_auc_ecg": 0.914471809181275,
      "val_delta_meta": -0.0015070865974532444,
      "lr": 0.0007940987335200904,
      "epoch_time_s": 257.9980878829956
    },
    {
      "epoch": 4,
      "train_loss": 0.504486668164577,
      "val_auc": 0.9211897973095853,
      "val_f1": 0.7179881372680403,
      "val_auc_ecg": 0.919705226332411,
      "val_delta_meta": -0.0008419791110144681,
      "lr": 0.0006548539886902864,
      "epoch_time_s": 270.05746722221375
    },
    {
      "epoch": 5,
      "train_loss": 0.48090824971505264,
      "val_auc": 0.9280983531165109,
      "val_f1": 0.7161491483523721,
      "val_auc_ecg": 0.9270605918890265,
      "val_delta_meta": 0.00047950780888750266,
      "lr": 0.0005005000000000001,
      "epoch_time_s": 264.6973366737366
    },
    {
      "epoch": 6,
      "train_loss": 0.45896264440422757,
      "val_auc": 0.9267722623325984,
      "val_f1": 0.7216197035971483,
      "val_auc_ecg": 0.9274067527550504,
      "val_delta_meta": -0.000895619224553168,
      "lr": 0.0003461460113097139,
      "epoch_time_s": 264.9226462841034
    },
    {
      "epoch": 7,
      "train_loss": 0.4388436036919235,
      "val_auc": 0.9296916499709313,
      "val_f1": 0.7389895869371619,
      "val_auc_ecg": 0.9294243252034743,
      "val_delta_meta": -0.0002250820523093111,
      "lr": 0.00020690126647990973,
      "epoch_time_s": 265.20634150505066
    },
    {
      "epoch": 8,
      "train_loss": 0.4143190562998483,
      "val_auc": 0.9311378456763475,
      "val_f1": 0.7424578158530387,
      "val_auc_ecg": 0.930131032917625,
      "val_delta_meta": 0.0003262242266597326,
      "lr": 9.639601130971382e-05,
      "epoch_time_s": 265.4979364871979
    },
    {
      "epoch": 9,
      "train_loss": 0.3961879820451824,
      "val_auc": 0.9308315936302499,
      "val_f1": 0.7441277092541813,
      "val_auc_ecg": 0.9303415402201052,
      "val_delta_meta": 3.939929002627629e-05,
      "lr": 2.5447270110570814e-05,
      "epoch_time_s": 266.35011053085327
    },
    {
      "epoch": 10,
      "train_loss": 0.381936773903873,
      "val_auc": 0.9335000859650414,
      "val_f1": 0.7432238161170285,
      "val_auc_ecg": 0.9333453401100755,
      "val_delta_meta": -0.0001262050592671926,
      "lr": 0.001,
      "epoch_time_s": 266.7412073612213
    }
  ]
}