{
  "metadata": {
    "run_name": "ATLAS_A_v5_demo+anthro_lauc0.04_seed2033",
    "variant": "demo+anthro",
    "seed": 2033,
    "meta_hid": 128,
    "lauc_weight": 0.04,
    "no_aug": false,
    "arch_mode": "standard",
    "meta_mask_mode": "real",
    "test_fold": 10,
    "val_fold": 9,
    "timestamp": "2026-05-07T07:13:38.747726",
    "git_sha": "b8fda1f7a68a5b217a3f76d88337426561bd26e4",
    "analysis_plan_sha256": "4ad22e907fbd431a0b443255a3449c0560371997d5ee36a61e164de7aea5c3dc",
    "wall_time_s": 2646.2304859161377,
    "train_time_s": 2616.664223432541,
    "gpu_peak_mem_mb": 0,
    "num_parameters": 3951951,
    "dataset_sizes": {
      "train": 17418,
      "val": 2183,
      "test": 2198
    },
    "train_fold_ids": [
      1,
      2,
      3,
      4,
      5,
      6,
      7,
      8
    ],
    "pos_weights": [
      1.2930489778518677,
      2.9776203632354736,
      3.161012887954712,
      3.4581520557403564,
      7.21991491317749
    ],
    "loss_weights": {
      "fused": 0.56,
      "ecg": 0.30000000000000004,
      "meta": 0.10000000000000002,
      "lauc": 0.04000000000000001
    },
    "hardware": {
      "python_version": "3.11.7 | packaged by Anaconda, Inc. | (main, Dec 15 2023, 18:05:47) [MSC v.1916 64 bit (AMD64)]",
      "torch_version": "2.3.1+cpu",
      "cuda_available": false,
      "numpy_version": "1.26.4",
      "sklearn_version": "1.4.2"
    },
    "best_val_auc": 0.9314170980091141,
    "best_val_epoch": 10
  },
  "test": {
    "macro_auc": 0.9268685728304685,
    "macro_auc_ecg": 0.9269067458426233,
    "macro_auc_no_meta": 0.927004564836405,
    "delta_meta_auc": -0.00013599200593650274,
    "macro_f1_optimal": 0.7365496527958124,
    "macro_f1_fixed_05": 0.7382850449098892,
    "w_fused": 1.0,
    "thresholds": [
      0.5,
      0.7250000238418579,
      0.5299999713897705,
      0.6800000071525574,
      0.5600000023841858
    ]
  },
  "per_class": {
    "NORM": {
      "auc": 0.9473431962364575,
      "f1": 0.8538899430740038,
      "threshold": 0.5
    },
    "MI": {
      "auc": 0.9316195939982347,
      "f1": 0.736346516007533,
      "threshold": 0.7250000238418579
    },
    "STTC": {
      "auc": 0.9374625880004623,
      "f1": 0.770593445527015,
      "threshold": 0.5299999713897705
    },
    "CD": {
      "auc": 0.9161861282741367,
      "f1": 0.735202492211838,
      "threshold": 0.6800000071525574
    },
    "HYP": {
      "auc": 0.901731357643051,
      "f1": 0.5867158671586716,
      "threshold": 0.5600000023841858
    }
  },
  "subgroups": {
    "sex_male": {
      "n": 1066,
      "macro_auc": 0.9188136461306599,
      "per_class_auc": [
        0.940793587116407,
        0.9227036934400964,
        0.9218080775901739,
        0.9106303307676306,
        0.8981325417389918
      ]
    },
    "sex_female": {
      "n": 1132,
      "macro_auc": 0.9348899390798138,
      "per_class_auc": [
        0.9543818584516259,
        0.9390108671545798,
        0.9509253483052611,
        0.924013266422407,
        0.9061183550651956
      ]
    },
    "age_lt45": {
      "n": 345,
      "macro_auc": 0.9115187765744597,
      "per_class_auc": [
        0.8829515124555161,
        0.9850299401197604,
        0.9614178924523752,
        0.8546511627906977,
        0.8735433750539492
      ]
    },
    "age_45_65": {
      "n": 703,
      "macro_auc": 0.9215513340748027,
      "per_class_auc": [
        0.9274670193312435,
        0.9292387199363943,
        0.9493870631194575,
        0.9017942248388001,
        0.899869643148118
      ]
    },
    "age_gt65": {
      "n": 1150,
      "macro_auc": 0.9172872907886935,
      "per_class_auc": [
        0.9483410530295869,
        0.9063928242099086,
        0.9159036568213784,
        0.9254189975158177,
        0.8903799223667761
      ]
    },
    "meta_complete": {
      "n": 660,
      "macro_auc": 0.9414085174816995,
      "per_class_auc": [
        0.9567541212834854,
        0.9411524255828552,
        0.9429985272459499,
        0.9481531152359076,
        0.9179843980602994
      ]
    },
    "meta_incomplete": {
      "n": 1538,
      "macro_auc": 0.920413834968049,
      "per_class_auc": [
        0.9439318481049548,
        0.9276693382554645,
        0.9348134965279126,
        0.9036234687298518,
        0.892031023222061
      ]
    },
    "fairness_sex_gap": 0.016076292949153914
  },
  "training_history": [
    {
      "epoch": 1,
      "train_loss": 0.6558906283400474,
      "val_auc": 0.898664276726918,
      "val_f1": 0.6722065248414504,
      "val_auc_ecg": 0.8984794955280538,
      "val_delta_meta": 0.001634048673363253,
      "lr": 0.0009755527298894294,
      "epoch_time_s": 242.12867212295532
    },
    {
      "epoch": 2,
      "train_loss": 0.5672676488347009,
      "val_auc": 0.9078450737934304,
      "val_f1": 0.6958315983074443,
      "val_auc_ecg": 0.9069263402819756,
      "val_delta_meta": 0.0009084042146928484,
      "lr": 0.0009046039886902864,
      "epoch_time_s": 241.54812479019165
    },
    {
      "epoch": 3,
      "train_loss": 0.5291224060802284,
      "val_auc": 0.911607762565669,
      "val_f1": 0.7126101516974152,
      "val_auc_ecg": 0.9101574917624854,
      "val_delta_meta": 0.0013835511653728094,
      "lr": 0.0007940987335200904,
      "epoch_time_s": 262.9988737106323
    },
    {
      "epoch": 4,
      "train_loss": 0.5074652287391348,
      "val_auc": 0.9213715472903334,
      "val_f1": 0.7009029031149318,
      "val_auc_ecg": 0.9200988670424645,
      "val_delta_meta": 0.0014399068719401775,
      "lr": 0.0006548539886902864,
      "epoch_time_s": 265.21689677238464
    },
    {
      "epoch": 5,
      "train_loss": 0.4840305337118446,
      "val_auc": 0.9278063337353636,
      "val_f1": 0.7278093907486084,
      "val_auc_ecg": 0.9268853884197679,
      "val_delta_meta": 0.0007498457021714033,
      "lr": 0.0005005000000000001,
      "epoch_time_s": 265.8548562526703
    },
    {
      "epoch": 6,
      "train_loss": 0.4624291122506518,
      "val_auc": 0.9291143006378635,
      "val_f1": 0.7276144083879326,
      "val_auc_ecg": 0.9282186934722887,
      "val_delta_meta": 0.0008571080091681615,
      "lr": 0.0003461460113097139,
      "epoch_time_s": 264.81453227996826
    },
    {
      "epoch": 7,
      "train_loss": 0.4418865083554469,
      "val_auc": 0.9287395277286438,
      "val_f1": 0.7317233842036349,
      "val_auc_ecg": 0.9280426416398202,
      "val_delta_meta": 0.00010731297493316028,
      "lr": 0.00020690126647990973,
      "epoch_time_s": 265.9378340244293
    },
    {
      "epoch": 8,
      "train_loss": 0.42022476825145405,
      "val_auc": 0.9313654384013581,
      "val_f1": 0.7344444341132678,
      "val_auc_ecg": 0.9310216886025394,
      "val_delta_meta": 0.0004155197234800845,
      "lr": 9.639601130971382e-05,
      "epoch_time_s": 265.9349899291992
    },
    {
      "epoch": 9,
      "train_loss": 0.4016759757875302,
      "val_auc": 0.9313333610611026,
      "val_f1": 0.7416321000203835,
      "val_auc_ecg": 0.9309652994195149,
      "val_delta_meta": 2.0277501965870748e-05,
      "lr": 2.5447270110570814e-05,
      "epoch_time_s": 266.2220516204834
    },
    {
      "epoch": 10,
      "train_loss": 0.38756411124806883,
      "val_auc": 0.9314170980091141,
      "val_f1": 0.744088515895618,
      "val_auc_ecg": 0.9308030062445999,
      "val_delta_meta": 0.0002178540172269594,
      "lr": 0.001,
      "epoch_time_s": 266.6784739494324
    }
  ]
}