{
  "metadata": {
    "run_name": "ATLAS_A_v5_demo+anthro_additive_seed2026",
    "variant": "demo+anthro",
    "seed": 2026,
    "meta_hid": 128,
    "lauc_weight": 0.08,
    "no_aug": false,
    "arch_mode": "additive",
    "meta_mask_mode": "real",
    "test_fold": 10,
    "val_fold": 9,
    "timestamp": "2026-05-09T04:10:52.062951",
    "git_sha": "b8fda1f7a68a5b217a3f76d88337426561bd26e4",
    "analysis_plan_sha256": "4ad22e907fbd431a0b443255a3449c0560371997d5ee36a61e164de7aea5c3dc",
    "wall_time_s": 2389.861514568329,
    "train_time_s": 2360.4141767024994,
    "gpu_peak_mem_mb": 0,
    "num_parameters": 3951951,
    "dataset_sizes": {
      "train": 17418,
      "val": 2183,
      "test": 2198
    },
    "train_fold_ids": [
      1,
      2,
      3,
      4,
      5,
      6,
      7,
      8
    ],
    "pos_weights": [
      1.2930489778518677,
      2.9776203632354736,
      3.161012887954712,
      3.4581520557403564,
      7.21991491317749
    ],
    "loss_weights": {
      "fused": 0.52,
      "ecg": 0.3,
      "meta": 0.1,
      "lauc": 0.08
    },
    "hardware": {
      "python_version": "3.11.7 | packaged by Anaconda, Inc. | (main, Dec 15 2023, 18:05:47) [MSC v.1916 64 bit (AMD64)]",
      "torch_version": "2.3.1+cpu",
      "cuda_available": false,
      "numpy_version": "1.26.4",
      "sklearn_version": "1.4.2"
    },
    "best_val_auc": 0.9330918286447318,
    "best_val_epoch": 10
  },
  "test": {
    "macro_auc": 0.9292209864884384,
    "macro_auc_ecg": 0.9279372746637972,
    "macro_auc_no_meta": 0.9280345304922889,
    "delta_meta_auc": 0.001186455996149527,
    "macro_f1_optimal": 0.7477353379453429,
    "macro_f1_fixed_05": 0.7416067076542296,
    "w_fused": 1.0,
    "thresholds": [
      0.6050000190734863,
      0.5,
      0.7400000095367432,
      0.7250000238418579,
      0.7099999785423279
    ]
  },
  "per_class": {
    "NORM": {
      "auc": 0.9503567209420629,
      "f1": 0.868382710053424,
      "threshold": 0.6050000190734863
    },
    "MI": {
      "auc": 0.9297076345984112,
      "f1": 0.7469879518072289,
      "threshold": 0.5
    },
    "STTC": {
      "auc": 0.9388177178651668,
      "f1": 0.766121270452358,
      "threshold": 0.7400000095367432
    },
    "CD": {
      "auc": 0.9161624369811606,
      "f1": 0.7538940809968847,
      "threshold": 0.7250000238418579
    },
    "HYP": {
      "auc": 0.9110604220553908,
      "f1": 0.603290676416819,
      "threshold": 0.7099999785423279
    }
  },
  "subgroups": {
    "sex_male": {
      "n": 1066,
      "macro_auc": 0.9214252536811722,
      "per_class_auc": [
        0.9465075010932693,
        0.9184545600396716,
        0.92317528583059,
        0.9072550447264405,
        0.9117338767158899
      ]
    },
    "sex_female": {
      "n": 1132,
      "macro_auc": 0.9365542779593845,
      "per_class_auc": [
        0.9546524212221886,
        0.938994737797133,
        0.9517958092143123,
        0.9265962249735191,
        0.9107321965897692
      ]
    },
    "age_lt45": {
      "n": 345,
      "macro_auc": 0.923412285519262,
      "per_class_auc": [
        0.8989101423487544,
        0.9839412084921068,
        0.9628647214854111,
        0.8468740561763818,
        0.9244712990936557
      ]
    },
    "age_45_65": {
      "n": 703,
      "macro_auc": 0.9259047016856169,
      "per_class_auc": [
        0.9281527560083594,
        0.9280833830252435,
        0.9509389671361502,
        0.9023549201009252,
        0.919993482157406
      ]
    },
    "age_gt65": {
      "n": 1150,
      "macro_auc": 0.9187022595568907,
      "per_class_auc": [
        0.9515155811828465,
        0.9039751865202447,
        0.9176793248945149,
        0.9274663191526383,
        0.8928748860342088
      ]
    },
    "meta_complete": {
      "n": 660,
      "macro_auc": 0.9406377435192148,
      "per_class_auc": [
        0.961307771563144,
        0.9408312530109929,
        0.9395346097201768,
        0.9395072120529026,
        0.922007871248858
      ]
    },
    "meta_incomplete": {
      "n": 1538,
      "macro_auc": 0.9242092424702003,
      "per_class_auc": [
        0.9467402862559998,
        0.925481173060688,
        0.938060092330372,
        0.9073629916183108,
        0.9034016690856312
      ]
    },
    "fairness_sex_gap": 0.015129024278212277
  },
  "training_history": [
    {
      "epoch": 1,
      "train_loss": 0.656440962235862,
      "val_auc": 0.8996600639739626,
      "val_f1": 0.6532615667184197,
      "val_auc_ecg": 0.9002179128115853,
      "val_delta_meta": -0.0008508379212051054,
      "lr": 0.0009755527298894294,
      "epoch_time_s": 235.16408610343933
    },
    {
      "epoch": 2,
      "train_loss": 0.5671211233379644,
      "val_auc": 0.9116005426687849,
      "val_f1": 0.6882919568460387,
      "val_auc_ecg": 0.9113756221417162,
      "val_delta_meta": -0.0007400814321592009,
      "lr": 0.0009046039886902864,
      "epoch_time_s": 234.90585207939148
    },
    {
      "epoch": 3,
      "train_loss": 0.531417433165629,
      "val_auc": 0.9087508324857845,
      "val_f1": 0.6798162503761385,
      "val_auc_ecg": 0.9102799896834,
      "val_delta_meta": -0.0017547446625387764,
      "lr": 0.0007940987335200904,
      "epoch_time_s": 235.30969524383545
    },
    {
      "epoch": 4,
      "train_loss": 0.5032578257792587,
      "val_auc": 0.9227731030730689,
      "val_f1": 0.7154506464839663,
      "val_auc_ecg": 0.9225168490890917,
      "val_delta_meta": -0.00018049156822019796,
      "lr": 0.0006548539886902864,
      "epoch_time_s": 235.5313103199005
    },
    {
      "epoch": 5,
      "train_loss": 0.4830297432361393,
      "val_auc": 0.918748457463057,
      "val_f1": 0.7110216871165826,
      "val_auc_ecg": 0.9194223606316025,
      "val_delta_meta": -0.0021066899855467502,
      "lr": 0.0005005000000000001,
      "epoch_time_s": 235.26020693778992
    },
    {
      "epoch": 6,
      "train_loss": 0.4565491731560558,
      "val_auc": 0.9254487940501142,
      "val_f1": 0.733892490963798,
      "val_auc_ecg": 0.9252157257807291,
      "val_delta_meta": -0.0002586974501723738,
      "lr": 0.0003461460113097139,
      "epoch_time_s": 235.13716650009155
    },
    {
      "epoch": 7,
      "train_loss": 0.434296482828779,
      "val_auc": 0.9305905862904387,
      "val_f1": 0.7387965891106131,
      "val_auc_ecg": 0.9301627075275423,
      "val_delta_meta": -0.00016750212188887392,
      "lr": 0.00020690126647990973,
      "epoch_time_s": 235.09348583221436
    },
    {
      "epoch": 8,
      "train_loss": 0.4112836608099281,
      "val_auc": 0.9270524222101539,
      "val_f1": 0.7369639217726285,
      "val_auc_ecg": 0.9263433974908131,
      "val_delta_meta": -0.00022312707234517504,
      "lr": 9.639601130971382e-05,
      "epoch_time_s": 234.68800044059753
    },
    {
      "epoch": 9,
      "train_loss": 0.39060014035176793,
      "val_auc": 0.9325649388404965,
      "val_f1": 0.7402198092566665,
      "val_auc_ecg": 0.9323247844051169,
      "val_delta_meta": -9.91050348221334e-05,
      "lr": 2.5447270110570814e-05,
      "epoch_time_s": 235.29516005516052
    },
    {
      "epoch": 10,
      "train_loss": 0.3764982706363048,
      "val_auc": 0.9330918286447318,
      "val_f1": 0.7425108862087365,
      "val_auc_ecg": 0.9328536928396159,
      "val_delta_meta": -4.3973576921985114e-05,
      "lr": 0.001,
      "epoch_time_s": 235.52368879318237
    }
  ]
}