{
  "metadata": {
    "run_name": "ATLAS_A_v5_demo+anthro_lauc0.12_seed2031",
    "variant": "demo+anthro",
    "seed": 2031,
    "meta_hid": 128,
    "lauc_weight": 0.12,
    "no_aug": false,
    "arch_mode": "standard",
    "meta_mask_mode": "real",
    "test_fold": 10,
    "val_fold": 9,
    "timestamp": "2026-05-07T13:08:45.243348",
    "git_sha": "b8fda1f7a68a5b217a3f76d88337426561bd26e4",
    "analysis_plan_sha256": "4ad22e907fbd431a0b443255a3449c0560371997d5ee36a61e164de7aea5c3dc",
    "wall_time_s": 2625.9003269672394,
    "train_time_s": 2596.786787748337,
    "gpu_peak_mem_mb": 0,
    "num_parameters": 3951951,
    "dataset_sizes": {
      "train": 17418,
      "val": 2183,
      "test": 2198
    },
    "train_fold_ids": [
      1,
      2,
      3,
      4,
      5,
      6,
      7,
      8
    ],
    "pos_weights": [
      1.2930489778518677,
      2.9776203632354736,
      3.161012887954712,
      3.4581520557403564,
      7.21991491317749
    ],
    "loss_weights": {
      "fused": 0.48,
      "ecg": 0.3,
      "meta": 0.1,
      "lauc": 0.12
    },
    "hardware": {
      "python_version": "3.11.7 | packaged by Anaconda, Inc. | (main, Dec 15 2023, 18:05:47) [MSC v.1916 64 bit (AMD64)]",
      "torch_version": "2.3.1+cpu",
      "cuda_available": false,
      "numpy_version": "1.26.4",
      "sklearn_version": "1.4.2"
    },
    "best_val_auc": 0.9330663016240031,
    "best_val_epoch": 10
  },
  "test": {
    "macro_auc": 0.9295805200320849,
    "macro_auc_ecg": 0.9281794606278849,
    "macro_auc_no_meta": 0.9281907999209315,
    "delta_meta_auc": 0.0013897201111534585,
    "macro_f1_optimal": 0.7515223303995553,
    "macro_f1_fixed_05": 0.7363876866829475,
    "w_fused": 1.0,
    "thresholds": [
      0.6949999928474426,
      0.5450000166893005,
      0.7250000238418579,
      0.7250000238418579,
      0.7549999952316284
    ]
  },
  "per_class": {
    "NORM": {
      "auc": 0.9509604348758308,
      "f1": 0.8686969545681478,
      "threshold": 0.6949999928474426
    },
    "MI": {
      "auc": 0.931617387466902,
      "f1": 0.7452991452991453,
      "threshold": 0.5450000166893005
    },
    "STTC": {
      "auc": 0.9381973797007498,
      "f1": 0.7704130643611912,
      "threshold": 0.7250000238418579
    },
    "CD": {
      "auc": 0.919481587127099,
      "f1": 0.748696558915537,
      "threshold": 0.7250000238418579
    },
    "HYP": {
      "auc": 0.9076458109898429,
      "f1": 0.6245059288537549,
      "threshold": 0.7549999952316284
    }
  },
  "subgroups": {
    "sex_male": {
      "n": 1066,
      "macro_auc": 0.9206463819983247,
      "per_class_auc": [
        0.9440715883668903,
        0.9193345293136725,
        0.923865526884004,
        0.909886623673809,
        0.9060736417532473
      ]
    },
    "sex_female": {
      "n": 1132,
      "macro_auc": 0.9380678340149409,
      "per_class_auc": [
        0.9587391774891776,
        0.9420310893364786,
        0.949590641578049,
        0.9295655420305962,
        0.9104127196404027
      ]
    },
    "age_lt45": {
      "n": 345,
      "macro_auc": 0.9236615992706187,
      "per_class_auc": [
        0.8942949288256228,
        0.9893848666303756,
        0.9575596816976127,
        0.867487163998792,
        0.9095813552006906
      ]
    },
    "age_45_65": {
      "n": 703,
      "macro_auc": 0.9286507899017951,
      "per_class_auc": [
        0.9331243469174504,
        0.9276982707215264,
        0.9515910276473656,
        0.9107653490328006,
        0.9200749551898322
      ]
    },
    "age_gt65": {
      "n": 1150,
      "macro_auc": 0.9183095267554433,
      "per_class_auc": [
        0.9515943535935972,
        0.90761673233297,
        0.9167545710267229,
        0.925611512389443,
        0.889970464434484
      ]
    },
    "meta_complete": {
      "n": 660,
      "macro_auc": 0.9422674156062568,
      "per_class_auc": [
        0.9618413305858111,
        0.9478094570723659,
        0.9394050073637702,
        0.9437873621434992,
        0.9184939208658374
      ]
    },
    "meta_incomplete": {
      "n": 1538,
      "macro_auc": 0.9243284340009685,
      "per_class_auc": [
        0.9474029319469814,
        0.9254514021056572,
        0.9375072739263685,
        0.9102373835062422,
        0.9010431785195936
      ]
    },
    "fairness_sex_gap": 0.017421452016616157
  },
  "training_history": [
    {
      "epoch": 1,
      "train_loss": 0.6477011158925677,
      "val_auc": 0.8926501110457977,
      "val_f1": 0.6643686944978637,
      "val_auc_ecg": 0.8870422325969965,
      "val_delta_meta": -0.0016448356203780934,
      "lr": 0.0009755527298894294,
      "epoch_time_s": 240.7262041568756
    },
    {
      "epoch": 2,
      "train_loss": 0.5567455478764455,
      "val_auc": 0.9104567687669676,
      "val_f1": 0.7018028749943834,
      "val_auc_ecg": 0.9104397903517452,
      "val_delta_meta": -0.0009066820832529521,
      "lr": 0.0009046039886902864,
      "epoch_time_s": 240.90134382247925
    },
    {
      "epoch": 3,
      "train_loss": 0.5197303219125905,
      "val_auc": 0.9189778275319996,
      "val_f1": 0.6843958947847164,
      "val_auc_ecg": 0.9184084705201281,
      "val_delta_meta": 6.253800305877633e-05,
      "lr": 0.0007940987335200904,
      "epoch_time_s": 255.9597086906433
    },
    {
      "epoch": 4,
      "train_loss": 0.495699758649966,
      "val_auc": 0.9196640620281631,
      "val_f1": 0.7123260953309392,
      "val_auc_ecg": 0.9182834601100828,
      "val_delta_meta": 0.00037583961967269097,
      "lr": 0.0006548539886902864,
      "epoch_time_s": 262.9308614730835
    },
    {
      "epoch": 5,
      "train_loss": 0.47132445762463665,
      "val_auc": 0.9202138306152478,
      "val_f1": 0.7072500169352774,
      "val_auc_ecg": 0.918709796677749,
      "val_delta_meta": -0.0003892538201585305,
      "lr": 0.0005005000000000001,
      "epoch_time_s": 262.6640706062317
    },
    {
      "epoch": 6,
      "train_loss": 0.45490436018060104,
      "val_auc": 0.9280363925555196,
      "val_f1": 0.7244660893377892,
      "val_auc_ecg": 0.9272167698678352,
      "val_delta_meta": -0.00013316759895976027,
      "lr": 0.0003461460113097139,
      "epoch_time_s": 263.39227390289307
    },
    {
      "epoch": 7,
      "train_loss": 0.4339953113313115,
      "val_auc": 0.9295324342127167,
      "val_f1": 0.7209395113526407,
      "val_auc_ecg": 0.9290406115849885,
      "val_delta_meta": 0.0003551320497978683,
      "lr": 0.00020690126647990973,
      "epoch_time_s": 263.63643431663513
    },
    {
      "epoch": 8,
      "train_loss": 0.414623802790948,
      "val_auc": 0.9310900150379074,
      "val_f1": 0.7282160778443728,
      "val_auc_ecg": 0.9307650034284839,
      "val_delta_meta": -2.9789579520378417e-05,
      "lr": 9.639601130971382e-05,
      "epoch_time_s": 266.76583766937256
    },
    {
      "epoch": 9,
      "train_loss": 0.3970035269719745,
      "val_auc": 0.9326044028700053,
      "val_f1": 0.7366779362143852,
      "val_auc_ecg": 0.9322698933729976,
      "val_delta_meta": 0.000321664025197288,
      "lr": 2.5447270110570814e-05,
      "epoch_time_s": 264.3512613773346
    },
    {
      "epoch": 10,
      "train_loss": 0.3832078039919565,
      "val_auc": 0.9330663016240031,
      "val_f1": 0.7403804945656163,
      "val_auc_ecg": 0.932781941873851,
      "val_delta_meta": 0.00039969265550787725,
      "lr": 0.001,
      "epoch_time_s": 264.46969652175903
    }
  ]
}