{
  "metadata": {
    "run_name": "ATLAS_A_v5_demo+anthro_lauc0_seed2027",
    "variant": "demo+anthro",
    "seed": 2027,
    "meta_hid": 128,
    "lauc_weight": 0.0,
    "no_aug": false,
    "arch_mode": "standard",
    "meta_mask_mode": "real",
    "test_fold": 10,
    "val_fold": 9,
    "timestamp": "2026-05-06T19:27:58.339161",
    "git_sha": "b8fda1f7a68a5b217a3f76d88337426561bd26e4",
    "analysis_plan_sha256": "4ad22e907fbd431a0b443255a3449c0560371997d5ee36a61e164de7aea5c3dc",
    "wall_time_s": 2638.5460543632507,
    "train_time_s": 2609.1394431591034,
    "gpu_peak_mem_mb": 0,
    "num_parameters": 3951951,
    "dataset_sizes": {
      "train": 17418,
      "val": 2183,
      "test": 2198
    },
    "train_fold_ids": [
      1,
      2,
      3,
      4,
      5,
      6,
      7,
      8
    ],
    "pos_weights": [
      1.2930489778518677,
      2.9776203632354736,
      3.161012887954712,
      3.4581520557403564,
      7.21991491317749
    ],
    "loss_weights": {
      "fused": 0.6000000000000001,
      "ecg": 0.30000000000000004,
      "meta": 0.10000000000000002,
      "lauc": 0.0
    },
    "hardware": {
      "python_version": "3.11.7 | packaged by Anaconda, Inc. | (main, Dec 15 2023, 18:05:47) [MSC v.1916 64 bit (AMD64)]",
      "torch_version": "2.3.1+cpu",
      "cuda_available": false,
      "numpy_version": "1.26.4",
      "sklearn_version": "1.4.2"
    },
    "best_val_auc": 0.9339066013621202,
    "best_val_epoch": 9
  },
  "test": {
    "macro_auc": 0.9284757321887683,
    "macro_auc_ecg": 0.9273243352161424,
    "macro_auc_no_meta": 0.9273171144199948,
    "delta_meta_auc": 0.0011586177687735733,
    "macro_f1_optimal": 0.7400730343433028,
    "macro_f1_fixed_05": 0.7339242661376499,
    "w_fused": 1.0,
    "thresholds": [
      0.574999988079071,
      0.7099999785423279,
      0.7099999785423279,
      0.6949999928474426,
      0.7250000238418579
    ]
  },
  "per_class": {
    "NORM": {
      "auc": 0.9496537893980097,
      "f1": 0.8625916870415647,
      "threshold": 0.574999988079071
    },
    "MI": {
      "auc": 0.9295542806707855,
      "f1": 0.7296786389413988,
      "threshold": 0.7099999785423279
    },
    "STTC": {
      "auc": 0.9336776095692312,
      "f1": 0.7569644572526417,
      "threshold": 0.7099999785423279
    },
    "CD": {
      "auc": 0.9169697177893181,
      "f1": 0.7416413373860182,
      "threshold": 0.6949999928474426
    },
    "HYP": {
      "auc": 0.9125232635164974,
      "f1": 0.6094890510948905,
      "threshold": 0.7250000238418579
    }
  },
  "subgroups": {
    "sex_male": {
      "n": 1066,
      "macro_auc": 0.9209652054452688,
      "per_class_auc": [
        0.9450401708753021,
        0.9178273996178696,
        0.9186179250292025,
        0.9093509465363013,
        0.9139895851676688
      ]
    },
    "sex_female": {
      "n": 1132,
      "macro_auc": 0.9359905146684238,
      "per_class_auc": [
        0.9550614114567603,
        0.9397729792939374,
        0.9464231310478899,
        0.9261425793120215,
        0.9125524722315095
      ]
    },
    "age_lt45": {
      "n": 345,
      "macro_auc": 0.9252239569568255,
      "per_class_auc": [
        0.8885676156583631,
        0.985302123026674,
        0.9588859416445623,
        0.8576713983690727,
        0.9356927060854553
      ]
    },
    "age_45_65": {
      "n": 703,
      "macro_auc": 0.9293012092644741,
      "per_class_auc": [
        0.9325365726227796,
        0.9313382031405287,
        0.9497130933750653,
        0.9073030557891786,
        0.9256151213948183
      ]
    },
    "age_gt65": {
      "n": 1150,
      "macro_auc": 0.9149574579549598,
      "per_class_auc": [
        0.9491917950656962,
        0.901430128258865,
        0.9086005625879044,
        0.9230884568822216,
        0.8924763469801114
      ]
    },
    "meta_complete": {
      "n": 660,
      "macro_auc": 0.9398988876672639,
      "per_class_auc": [
        0.9581800117750958,
        0.9388896188265522,
        0.9332901325478644,
        0.9474254897205062,
        0.9217091854663012
      ]
    },
    "meta_incomplete": {
      "n": 1538,
      "macro_auc": 0.9237963957050367,
      "per_class_auc": [
        0.9473266062652976,
        0.9257661236302703,
        0.9335987508243784,
        0.9054463396049468,
        0.9068441582002903
      ]
    },
    "fairness_sex_gap": 0.015025309223154926
  },
  "training_history": [
    {
      "epoch": 1,
      "train_loss": 0.661518303516808,
      "val_auc": 0.8979719894567314,
      "val_f1": 0.6814877929268611,
      "val_auc_ecg": 0.8945806185688733,
      "val_delta_meta": 0.0018708788750103622,
      "lr": 0.0009755527298894294,
      "epoch_time_s": 242.8668692111969
    },
    {
      "epoch": 2,
      "train_loss": 0.5675348096484438,
      "val_auc": 0.9050699277732447,
      "val_f1": 0.6585952012454563,
      "val_auc_ecg": 0.9029611783712971,
      "val_delta_meta": 0.0011463697654232607,
      "lr": 0.0009046039886902864,
      "epoch_time_s": 242.53880906105042
    },
    {
      "epoch": 3,
      "train_loss": 0.5326193849427985,
      "val_auc": 0.9190930081508659,
      "val_f1": 0.7111607860218289,
      "val_auc_ecg": 0.9175881893674134,
      "val_delta_meta": -0.00017285605171957208,
      "lr": 0.0007940987335200904,
      "epoch_time_s": 258.0522153377533
    },
    {
      "epoch": 4,
      "train_loss": 0.5079738661236719,
      "val_auc": 0.922489694101138,
      "val_f1": 0.7192673617762898,
      "val_auc_ecg": 0.9217969387463446,
      "val_delta_meta": -3.160123491452449e-05,
      "lr": 0.0006548539886902864,
      "epoch_time_s": 264.0012860298157
    },
    {
      "epoch": 5,
      "train_loss": 0.485312550056965,
      "val_auc": 0.9211363534165449,
      "val_f1": 0.7246008983849827,
      "val_auc_ecg": 0.9191036002888012,
      "val_delta_meta": 0.00027968026507496635,
      "lr": 0.0005005000000000001,
      "epoch_time_s": 264.69356656074524
    },
    {
      "epoch": 6,
      "train_loss": 0.4658365679443429,
      "val_auc": 0.9261607410891013,
      "val_f1": 0.7148975058846574,
      "val_auc_ecg": 0.9255102775307013,
      "val_delta_meta": -0.0004428295571726748,
      "lr": 0.0003461460113097139,
      "epoch_time_s": 264.56899428367615
    },
    {
      "epoch": 7,
      "train_loss": 0.4438893452696844,
      "val_auc": 0.9312927718846362,
      "val_f1": 0.7405126845377976,
      "val_auc_ecg": 0.9308760353196099,
      "val_delta_meta": 0.00025176016719341554,
      "lr": 0.00020690126647990973,
      "epoch_time_s": 265.2146792411804
    },
    {
      "epoch": 8,
      "train_loss": 0.42393737058027076,
      "val_auc": 0.9306423965248264,
      "val_f1": 0.7335765844905313,
      "val_auc_ecg": 0.9297082177020837,
      "val_delta_meta": 0.0002231725486075975,
      "lr": 9.639601130971382e-05,
      "epoch_time_s": 265.6646373271942
    },
    {
      "epoch": 9,
      "train_loss": 0.40178392209591124,
      "val_auc": 0.9339066013621202,
      "val_f1": 0.7407781690069859,
      "val_auc_ecg": 0.9329473641448633,
      "val_delta_meta": 0.0003066509021030228,
      "lr": 2.5447270110570814e-05,
      "epoch_time_s": 266.2345893383026
    },
    {
      "epoch": 10,
      "train_loss": 0.38880921107366545,
      "val_auc": 0.9334093032517454,
      "val_f1": 0.7423644335931118,
      "val_auc_ecg": 0.9327567055465641,
      "val_delta_meta": -0.00010789127656130049,
      "lr": 0.001,
      "epoch_time_s": 266.71034955978394
    }
  ]
}