{
  "metadata": {
    "run_name": "ATLAS_A_v5_demo+anthro_tf8_vf9_seed2026",
    "variant": "demo+anthro",
    "seed": 2026,
    "meta_hid": 128,
    "lauc_weight": 0.08,
    "no_aug": false,
    "arch_mode": "standard",
    "meta_mask_mode": "real",
    "test_fold": 8,
    "val_fold": 9,
    "timestamp": "2026-05-11T11:05:50.997089",
    "git_sha": "b8fda1f7a68a5b217a3f76d88337426561bd26e4",
    "analysis_plan_sha256": "4ad22e907fbd431a0b443255a3449c0560371997d5ee36a61e164de7aea5c3dc",
    "wall_time_s": 2641.6278932094574,
    "train_time_s": 2612.5003967285156,
    "gpu_peak_mem_mb": 0,
    "num_parameters": 3951951,
    "dataset_sizes": {
      "train": 17443,
      "val": 2183,
      "test": 2173
    },
    "train_fold_ids": [
      1,
      2,
      3,
      4,
      5,
      6,
      7,
      10
    ],
    "pos_weights": [
      1.2870067358016968,
      2.9724435806274414,
      3.1600286960601807,
      3.459984540939331,
      7.255087375640869
    ],
    "loss_weights": {
      "fused": 0.52,
      "ecg": 0.3,
      "meta": 0.1,
      "lauc": 0.08
    },
    "hardware": {
      "python_version": "3.11.7 | packaged by Anaconda, Inc. | (main, Dec 15 2023, 18:05:47) [MSC v.1916 64 bit (AMD64)]",
      "torch_version": "2.3.1+cpu",
      "cuda_available": false,
      "numpy_version": "1.26.4",
      "sklearn_version": "1.4.2"
    },
    "best_val_auc": 0.9335537989551772,
    "best_val_epoch": 10
  },
  "test": {
    "macro_auc": 0.9457787880553328,
    "macro_auc_ecg": 0.9449154256754199,
    "macro_auc_no_meta": 0.9445032527671791,
    "delta_meta_auc": 0.0012755352881537174,
    "macro_f1_optimal": 0.7784222069703084,
    "macro_f1_fixed_05": 0.75645435555431,
    "w_fused": 1.0,
    "thresholds": [
      0.6650000214576721,
      0.6650000214576721,
      0.6499999761581421,
      0.7099999785423279,
      0.7250000238418579
    ]
  },
  "per_class": {
    "NORM": {
      "auc": 0.9611010433922526,
      "f1": 0.875,
      "threshold": 0.6650000214576721
    },
    "MI": {
      "auc": 0.9523458726964746,
      "f1": 0.7880910683012259,
      "threshold": 0.6650000214576721
    },
    "STTC": {
      "auc": 0.9459333947833184,
      "f1": 0.7764915405164737,
      "threshold": 0.6499999761581421
    },
    "CD": {
      "auc": 0.9443481183770791,
      "f1": 0.8017057569296375,
      "threshold": 0.7099999785423279
    },
    "HYP": {
      "auc": 0.9251655110275393,
      "f1": 0.6508226691042047,
      "threshold": 0.7250000238418579
    }
  },
  "subgroups": {
    "sex_male": {
      "n": 1040,
      "macro_auc": 0.9488813845378775,
      "per_class_auc": [
        0.9578314366972274,
        0.9459758254716981,
        0.9481502408850294,
        0.9601453344343518,
        0.932304085201081
      ]
    },
    "sex_female": {
      "n": 1133,
      "macro_auc": 0.9412674221268806,
      "per_class_auc": [
        0.9624572802550352,
        0.9541428267144568,
        0.9433215151083238,
        0.929033679717944,
        0.9173818088386434
      ]
    },
    "age_lt45": {
      "n": 342,
      "macro_auc": 0.9465954794534038,
      "per_class_auc": [
        0.9293411902107555,
        0.9951793062904173,
        0.9362880886426592,
        0.9709141274238228,
        0.9012546846993645
      ]
    },
    "age_45_65": {
      "n": 776,
      "macro_auc": 0.9495445057291786,
      "per_class_auc": [
        0.961190357439734,
        0.9505536414086951,
        0.9528952205882353,
        0.9419335301688243,
        0.941149779040404
      ]
    },
    "age_gt65": {
      "n": 1055,
      "macro_auc": 0.9340463623681975,
      "per_class_auc": [
        0.9516313183902376,
        0.9372899421508205,
        0.9312706112124995,
        0.934483269173823,
        0.9155566709136068
      ]
    },
    "meta_complete": {
      "n": 636,
      "macro_auc": 0.941737213754202,
      "per_class_auc": [
        0.9500298092209856,
        0.9337998035914703,
        0.9387542318826357,
        0.9609824941552148,
        0.9251197299207035
      ]
    },
    "meta_incomplete": {
      "n": 1537,
      "macro_auc": 0.9465726197487243,
      "per_class_auc": [
        0.964969042084616,
        0.9564273859792861,
        0.9488075413346021,
        0.9383247081477916,
        0.9243344211973251
      ]
    },
    "fairness_sex_gap": 0.007613962410996877
  },
  "training_history": [
    {
      "epoch": 1,
      "train_loss": 0.6559378319716715,
      "val_auc": 0.8973778823031824,
      "val_f1": 0.6516809121644234,
      "val_auc_ecg": 0.8945097415320982,
      "val_delta_meta": 0.0031661646833825996,
      "lr": 0.0009755527298894294,
      "epoch_time_s": 243.30715823173523
    },
    {
      "epoch": 2,
      "train_loss": 0.5630125560603298,
      "val_auc": 0.9166414695318131,
      "val_f1": 0.6856695279767168,
      "val_auc_ecg": 0.9166587049524184,
      "val_delta_meta": 7.112657845964598e-05,
      "lr": 0.0009046039886902864,
      "epoch_time_s": 242.55337858200073
    },
    {
      "epoch": 3,
      "train_loss": 0.5306354472925375,
      "val_auc": 0.920616636025434,
      "val_f1": 0.7230394166734648,
      "val_auc_ecg": 0.9182644942015001,
      "val_delta_meta": 0.001566677089040125,
      "lr": 0.0007940987335200904,
      "epoch_time_s": 258.39622807502747
    },
    {
      "epoch": 4,
      "train_loss": 0.5099464638547583,
      "val_auc": 0.9219905529414382,
      "val_f1": 0.7199383881774091,
      "val_auc_ecg": 0.9210734027287512,
      "val_delta_meta": 0.0007075021076616839,
      "lr": 0.0006548539886902864,
      "epoch_time_s": 265.19626235961914
    },
    {
      "epoch": 5,
      "train_loss": 0.48723614516057373,
      "val_auc": 0.9263975776902347,
      "val_f1": 0.7335959910832903,
      "val_auc_ecg": 0.9260812721944489,
      "val_delta_meta": -0.0004012601878449207,
      "lr": 0.0005005000000000001,
      "epoch_time_s": 265.10255312919617
    },
    {
      "epoch": 6,
      "train_loss": 0.4688145236654596,
      "val_auc": 0.9290368440137865,
      "val_f1": 0.7324718481171489,
      "val_auc_ecg": 0.9277612227351426,
      "val_delta_meta": 0.00033612710892716446,
      "lr": 0.0003461460113097139,
      "epoch_time_s": 265.0982038974762
    },
    {
      "epoch": 7,
      "train_loss": 0.4473134859468474,
      "val_auc": 0.9291772723565079,
      "val_f1": 0.7350399041553716,
      "val_auc_ecg": 0.9286955624563309,
      "val_delta_meta": 0.0001457447528158129,
      "lr": 0.00020690126647990973,
      "epoch_time_s": 265.1797308921814
    },
    {
      "epoch": 8,
      "train_loss": 0.42836720204397,
      "val_auc": 0.9282107738323349,
      "val_f1": 0.7342179970408027,
      "val_auc_ecg": 0.9271615658985166,
      "val_delta_meta": 7.654855648819847e-05,
      "lr": 9.639601130971382e-05,
      "epoch_time_s": 265.7731132507324
    },
    {
      "epoch": 9,
      "train_loss": 0.41093746283442983,
      "val_auc": 0.9325445021015873,
      "val_f1": 0.7418648131783209,
      "val_auc_ecg": 0.931840301434604,
      "val_delta_meta": 0.0006834928617628355,
      "lr": 2.5447270110570814e-05,
      "epoch_time_s": 265.73081636428833
    },
    {
      "epoch": 10,
      "train_loss": 0.3964542731533557,
      "val_auc": 0.9335537989551772,
      "val_f1": 0.7454230657715684,
      "val_auc_ecg": 0.9330146465260608,
      "val_delta_meta": 0.0004876952095830278,
      "lr": 0.001,
      "epoch_time_s": 265.69768619537354
    }
  ]
}