{
  "metadata": {
    "run_name": "ATLAS_A_v5_demo+anthro_no_residual_seed2026",
    "variant": "demo+anthro",
    "seed": 2026,
    "meta_hid": 128,
    "lauc_weight": 0.08,
    "no_aug": false,
    "arch_mode": "no_residual",
    "meta_mask_mode": "real",
    "test_fold": 10,
    "val_fold": 9,
    "timestamp": "2026-05-09T18:25:06.819054",
    "git_sha": "b8fda1f7a68a5b217a3f76d88337426561bd26e4",
    "analysis_plan_sha256": "4ad22e907fbd431a0b443255a3449c0560371997d5ee36a61e164de7aea5c3dc",
    "wall_time_s": 2616.439395427704,
    "train_time_s": 2586.5811421871185,
    "gpu_peak_mem_mb": 0,
    "num_parameters": 3951951,
    "dataset_sizes": {
      "train": 17418,
      "val": 2183,
      "test": 2198
    },
    "train_fold_ids": [
      1,
      2,
      3,
      4,
      5,
      6,
      7,
      8
    ],
    "pos_weights": [
      1.2930489778518677,
      2.9776203632354736,
      3.161012887954712,
      3.4581520557403564,
      7.21991491317749
    ],
    "loss_weights": {
      "fused": 0.52,
      "ecg": 0.3,
      "meta": 0.1,
      "lauc": 0.08
    },
    "hardware": {
      "python_version": "3.11.7 | packaged by Anaconda, Inc. | (main, Dec 15 2023, 18:05:47) [MSC v.1916 64 bit (AMD64)]",
      "torch_version": "2.3.1+cpu",
      "cuda_available": false,
      "numpy_version": "1.26.4",
      "sklearn_version": "1.4.2"
    },
    "best_val_auc": 0.9325397786398003,
    "best_val_epoch": 10
  },
  "test": {
    "macro_auc": 0.930439921873365,
    "macro_auc_ecg": 0.9286640873497936,
    "macro_auc_no_meta": 0.9289302012849954,
    "delta_meta_auc": 0.001509720588369623,
    "macro_f1_optimal": 0.7515929397554915,
    "macro_f1_fixed_05": 0.7425501717566766,
    "w_fused": 1.0,
    "thresholds": [
      0.7250000238418579,
      0.574999988079071,
      0.5899999737739563,
      0.7549999952316284,
      0.7400000095367432
    ]
  },
  "per_class": {
    "NORM": {
      "auc": 0.9516108147195209,
      "f1": 0.8706118355065195,
      "threshold": 0.7250000238418579
    },
    "MI": {
      "auc": 0.9298157546337158,
      "f1": 0.75,
      "threshold": 0.574999988079071
    },
    "STTC": {
      "auc": 0.9383072550951853,
      "f1": 0.7792672028596962,
      "threshold": 0.5899999737739563
    },
    "CD": {
      "auc": 0.9180873545354612,
      "f1": 0.7441860465116279,
      "threshold": 0.7549999952316284
    },
    "HYP": {
      "auc": 0.9143784303829411,
      "f1": 0.6138996138996139,
      "threshold": 0.7400000095367432
    }
  },
  "subgroups": {
    "sex_male": {
      "n": 1066,
      "macro_auc": 0.9226084721559381,
      "per_class_auc": [
        0.9461840379048261,
        0.9173412287482559,
        0.9231221903649429,
        0.9104431038069484,
        0.9159517999547181
      ]
    },
    "sex_female": {
      "n": 1132,
      "macro_auc": 0.9378025203868571,
      "per_class_auc": [
        0.9579274891774893,
        0.9401116958003186,
        0.9503015179871075,
        0.9274210352671517,
        0.9132508637022179
      ]
    },
    "age_lt45": {
      "n": 345,
      "macro_auc": 0.9322535245560154,
      "per_class_auc": [
        0.9036365658362989,
        0.9882961350027218,
        0.96684350132626,
        0.8605406221685291,
        0.9419507984462667
      ]
    },
    "age_45_65": {
      "n": 703,
      "macro_auc": 0.9267990796976207,
      "per_class_auc": [
        0.9306099791013583,
        0.9287293778572849,
        0.9498695878977568,
        0.9021586767591814,
        0.9226277768725218
      ]
    },
    "age_gt65": {
      "n": 1150,
      "macro_auc": 0.9187206875024188,
      "per_class_auc": [
        0.9522895201184737,
        0.9020672311174448,
        0.9155872011251758,
        0.9272960175336623,
        0.896363467617337
      ]
    },
    "meta_complete": {
      "n": 660,
      "macro_auc": 0.9402708954528153,
      "per_class_auc": [
        0.95967949661466,
        0.9423787208572387,
        0.9395228276877762,
        0.9395928150547145,
        0.9201806170496873
      ]
    },
    "meta_incomplete": {
      "n": 1538,
      "macro_auc": 0.9261750450678946,
      "per_class_auc": [
        0.948956333036704,
        0.9251898430007421,
        0.9372502618613493,
        0.9100357540589649,
        0.9094430333817126
      ]
    },
    "fairness_sex_gap": 0.015194048230918966
  },
  "training_history": [
    {
      "epoch": 1,
      "train_loss": 0.6472102819779597,
      "val_auc": 0.9028882533621825,
      "val_f1": 0.6639483750675591,
      "val_auc_ecg": 0.9001541088728298,
      "val_delta_meta": 0.001504853891165503,
      "lr": 0.0009755527298894294,
      "epoch_time_s": 242.624347448349
    },
    {
      "epoch": 2,
      "train_loss": 0.5574555000033947,
      "val_auc": 0.9130151601253618,
      "val_f1": 0.6954628447485999,
      "val_auc_ecg": 0.9126608734983528,
      "val_delta_meta": 0.00010382287020027636,
      "lr": 0.0009046039886902864,
      "epoch_time_s": 242.6819236278534
    },
    {
      "epoch": 3,
      "train_loss": 0.5236091851641279,
      "val_auc": 0.9115559515373322,
      "val_f1": 0.6870265605683412,
      "val_auc_ecg": 0.9103674026758636,
      "val_delta_meta": 0.0003095220246988051,
      "lr": 0.0007940987335200904,
      "epoch_time_s": 255.35876870155334
    },
    {
      "epoch": 4,
      "train_loss": 0.49875101507256886,
      "val_auc": 0.9247397307533761,
      "val_f1": 0.7230191631751468,
      "val_auc_ecg": 0.9230758350908456,
      "val_delta_meta": 0.000566361845390162,
      "lr": 0.0006548539886902864,
      "epoch_time_s": 261.778981924057
    },
    {
      "epoch": 5,
      "train_loss": 0.48012236099724376,
      "val_auc": 0.9186398338428404,
      "val_f1": 0.706991226105649,
      "val_auc_ecg": 0.9170287536078872,
      "val_delta_meta": -0.0006734200024932635,
      "lr": 0.0005005000000000001,
      "epoch_time_s": 262.44972705841064
    },
    {
      "epoch": 6,
      "train_loss": 0.4565100832269826,
      "val_auc": 0.9261359821955221,
      "val_f1": 0.7341720845538255,
      "val_auc_ecg": 0.9245781971560614,
      "val_delta_meta": 0.00023818471485248516,
      "lr": 0.0003461460113097139,
      "epoch_time_s": 261.9878480434418
    },
    {
      "epoch": 7,
      "train_loss": 0.43574671819122557,
      "val_auc": 0.9298978780951398,
      "val_f1": 0.7336206750489441,
      "val_auc_ecg": 0.929468874924315,
      "val_delta_meta": -1.52482130489906e-05,
      "lr": 0.00020690126647990973,
      "epoch_time_s": 261.96018958091736
    },
    {
      "epoch": 8,
      "train_loss": 0.4139236752866605,
      "val_auc": 0.9256922428304524,
      "val_f1": 0.7327593612074078,
      "val_auc_ecg": 0.9251315199411438,
      "val_delta_meta": -1.1876639187669014e-05,
      "lr": 9.639601130971382e-05,
      "epoch_time_s": 262.8831548690796
    },
    {
      "epoch": 9,
      "train_loss": 0.3952352081416944,
      "val_auc": 0.9314808180509303,
      "val_f1": 0.7351243465883928,
      "val_auc_ecg": 0.9308662711845562,
      "val_delta_meta": 0.0004349357195753134,
      "lr": 2.5447270110570814e-05,
      "epoch_time_s": 263.14890336990356
    },
    {
      "epoch": 10,
      "train_loss": 0.38245377215223575,
      "val_auc": 0.9325397786398003,
      "val_f1": 0.7383882056278613,
      "val_auc_ecg": 0.9319456693945197,
      "val_delta_meta": 0.0003832990449923468,
      "lr": 0.001,
      "epoch_time_s": 262.70624685287476
    }
  ]
}