{
  "metadata": {
    "run_name": "ATLAS_A_v5_demo+anthro_no_q_meta_seed2029",
    "variant": "demo+anthro",
    "seed": 2029,
    "meta_hid": 128,
    "lauc_weight": 0.08,
    "no_aug": false,
    "arch_mode": "no_q_meta",
    "meta_mask_mode": "real",
    "test_fold": 10,
    "val_fold": 9,
    "timestamp": "2026-05-10T04:11:30.057465",
    "git_sha": "b8fda1f7a68a5b217a3f76d88337426561bd26e4",
    "analysis_plan_sha256": "4ad22e907fbd431a0b443255a3449c0560371997d5ee36a61e164de7aea5c3dc",
    "wall_time_s": 2644.8766617774963,
    "train_time_s": 2615.614651441574,
    "gpu_peak_mem_mb": 0,
    "num_parameters": 3951951,
    "dataset_sizes": {
      "train": 17418,
      "val": 2183,
      "test": 2198
    },
    "train_fold_ids": [
      1,
      2,
      3,
      4,
      5,
      6,
      7,
      8
    ],
    "pos_weights": [
      1.2930489778518677,
      2.9776203632354736,
      3.161012887954712,
      3.4581520557403564,
      7.21991491317749
    ],
    "loss_weights": {
      "fused": 0.52,
      "ecg": 0.3,
      "meta": 0.1,
      "lauc": 0.08
    },
    "hardware": {
      "python_version": "3.11.7 | packaged by Anaconda, Inc. | (main, Dec 15 2023, 18:05:47) [MSC v.1916 64 bit (AMD64)]",
      "torch_version": "2.3.1+cpu",
      "cuda_available": false,
      "numpy_version": "1.26.4",
      "sklearn_version": "1.4.2"
    },
    "best_val_auc": 0.9331621755090174,
    "best_val_epoch": 10
  },
  "test": {
    "macro_auc": 0.9291151463909808,
    "macro_auc_ecg": 0.9281004255539826,
    "macro_auc_no_meta": 0.9279090285479921,
    "delta_meta_auc": 0.001206117842988741,
    "macro_f1_optimal": 0.7509914861496587,
    "macro_f1_fixed_05": 0.7391039206249136,
    "w_fused": 1.0,
    "thresholds": [
      0.6499999761581421,
      0.6050000190734863,
      0.6800000071525574,
      0.7400000095367432,
      0.7099999785423279
    ]
  },
  "per_class": {
    "NORM": {
      "auc": 0.9514094366037307,
      "f1": 0.8673621460506706,
      "threshold": 0.6499999761581421
    },
    "MI": {
      "auc": 0.932656663724625,
      "f1": 0.7417923691215617,
      "threshold": 0.6050000190734863
    },
    "STTC": {
      "auc": 0.9359002972358326,
      "f1": 0.7683823529411765,
      "threshold": 0.6800000071525574
    },
    "CD": {
      "auc": 0.9186298851446116,
      "f1": 0.7644539614561028,
      "threshold": 0.7400000095367432
    },
    "HYP": {
      "auc": 0.9069794492461043,
      "f1": 0.6129666011787819,
      "threshold": 0.7099999785423279
    }
  },
  "subgroups": {
    "sex_male": {
      "n": 1066,
      "macro_auc": 0.9208253031279053,
      "per_class_auc": [
        0.9468905971600294,
        0.9261944002839237,
        0.9194984248345192,
        0.9073226544622425,
        0.9042204388988119
      ]
    },
    "sex_female": {
      "n": 1132,
      "macro_auc": 0.9372744226766582,
      "per_class_auc": [
        0.9567005184737742,
        0.938313272445009,
        0.9499775130931829,
        0.9319488096685131,
        0.9094319997028122
      ]
    },
    "age_lt45": {
      "n": 345,
      "macro_auc": 0.9155538871947531,
      "per_class_auc": [
        0.8885120106761566,
        0.9896570495372891,
        0.9699782975645045,
        0.8437783147085473,
        0.885843763487268
      ]
    },
    "age_45_65": {
      "n": 703,
      "macro_auc": 0.9273788159544422,
      "per_class_auc": [
        0.9327733150470219,
        0.9321332737030411,
        0.9480438184663537,
        0.9016961031679281,
        0.922247569387866
      ]
    },
    "age_gt65": {
      "n": 1150,
      "macro_auc": 0.9180947494638174,
      "per_class_auc": [
        0.9521851466742287,
        0.906194987006455,
        0.9120253164556962,
        0.9315609624262798,
        0.8885073347564271
      ]
    },
    "meta_complete": {
      "n": 660,
      "macro_auc": 0.9404961229319705,
      "per_class_auc": [
        0.9610041948778334,
        0.9426414984160353,
        0.9362474226804124,
        0.9478535047295658,
        0.9147339939560053
      ]
    },
    "meta_incomplete": {
      "n": 1538,
      "macro_auc": 0.924247837739131,
      "per_class_auc": [
        0.9481748621367375,
        0.9284008531505112,
        0.9357324358924624,
        0.907878787878788,
        0.9010522496371554
      ]
    },
    "fairness_sex_gap": 0.016449119548752833
  },
  "training_history": [
    {
      "epoch": 1,
      "train_loss": 0.6441120862960815,
      "val_auc": 0.8955806293552403,
      "val_f1": 0.6657065313516655,
      "val_auc_ecg": 0.8937931722200991,
      "val_delta_meta": -0.0002942664588388988,
      "lr": 0.0009755527298894294,
      "epoch_time_s": 243.36332750320435
    },
    {
      "epoch": 2,
      "train_loss": 0.5600545734987347,
      "val_auc": 0.9145954048236936,
      "val_f1": 0.7084750390112393,
      "val_auc_ecg": 0.913757889941769,
      "val_delta_meta": 0.000410562445233853,
      "lr": 0.0009046039886902864,
      "epoch_time_s": 243.0303933620453
    },
    {
      "epoch": 3,
      "train_loss": 0.5230138840478494,
      "val_auc": 0.9124729821985529,
      "val_f1": 0.6916271153131592,
      "val_auc_ecg": 0.9121397473076588,
      "val_delta_meta": -0.00042614338722546385,
      "lr": 0.0007940987335200904,
      "epoch_time_s": 258.6416029930115
    },
    {
      "epoch": 4,
      "train_loss": 0.5013479892813831,
      "val_auc": 0.922395738504554,
      "val_f1": 0.7217008581425685,
      "val_auc_ecg": 0.9200512057281003,
      "val_delta_meta": 0.0001018689095896308,
      "lr": 0.0006548539886902864,
      "epoch_time_s": 264.3914985656738
    },
    {
      "epoch": 5,
      "train_loss": 0.4776556331630147,
      "val_auc": 0.9224443938213561,
      "val_f1": 0.7280105866678752,
      "val_auc_ecg": 0.9207066859247096,
      "val_delta_meta": -0.0001809847674261178,
      "lr": 0.0005005000000000001,
      "epoch_time_s": 270.2993083000183
    },
    {
      "epoch": 6,
      "train_loss": 0.46023463196710707,
      "val_auc": 0.9294303972542431,
      "val_f1": 0.7222000674214255,
      "val_auc_ecg": 0.9286985688596161,
      "val_delta_meta": 0.0004479918201416577,
      "lr": 0.0003461460113097139,
      "epoch_time_s": 263.9834849834442
    },
    {
      "epoch": 7,
      "train_loss": 0.4372800388467421,
      "val_auc": 0.9261022707096569,
      "val_f1": 0.7261739884072085,
      "val_auc_ecg": 0.925885872769495,
      "val_delta_meta": 0.0003890849340634217,
      "lr": 0.00020690126647990973,
      "epoch_time_s": 263.3533351421356
    },
    {
      "epoch": 8,
      "train_loss": 0.4185482479016715,
      "val_auc": 0.93163077643768,
      "val_f1": 0.7322319383571355,
      "val_auc_ecg": 0.9312319235484031,
      "val_delta_meta": 0.00058240325451131,
      "lr": 9.639601130971382e-05,
      "epoch_time_s": 271.6863920688629
    },
    {
      "epoch": 9,
      "train_loss": 0.39837289715031965,
      "val_auc": 0.9315834504622493,
      "val_f1": 0.7411315658265395,
      "val_auc_ecg": 0.9314016143811215,
      "val_delta_meta": -0.0002631580936901523,
      "lr": 2.5447270110570814e-05,
      "epoch_time_s": 263.8623912334442
    },
    {
      "epoch": 10,
      "train_loss": 0.3887329903764462,
      "val_auc": 0.9331621755090174,
      "val_f1": 0.7431708499435019,
      "val_auc_ecg": 0.9328182983917517,
      "val_delta_meta": 0.00025753462398814264,
      "lr": 0.001,
      "epoch_time_s": 264.11040687561035
    }
  ]
}