{
  "metadata": {
    "run_name": "ATLAS_A_v5_demo+anthro_additive_seed2027",
    "variant": "demo+anthro",
    "seed": 2027,
    "meta_hid": 128,
    "lauc_weight": 0.08,
    "no_aug": false,
    "arch_mode": "additive",
    "meta_mask_mode": "real",
    "test_fold": 10,
    "val_fold": 9,
    "timestamp": "2026-05-09T04:50:36.191508",
    "git_sha": "b8fda1f7a68a5b217a3f76d88337426561bd26e4",
    "analysis_plan_sha256": "4ad22e907fbd431a0b443255a3449c0560371997d5ee36a61e164de7aea5c3dc",
    "wall_time_s": 2380.480635881424,
    "train_time_s": 2351.6474454402924,
    "gpu_peak_mem_mb": 0,
    "num_parameters": 3951951,
    "dataset_sizes": {
      "train": 17418,
      "val": 2183,
      "test": 2198
    },
    "train_fold_ids": [
      1,
      2,
      3,
      4,
      5,
      6,
      7,
      8
    ],
    "pos_weights": [
      1.2930489778518677,
      2.9776203632354736,
      3.161012887954712,
      3.4581520557403564,
      7.21991491317749
    ],
    "loss_weights": {
      "fused": 0.52,
      "ecg": 0.3,
      "meta": 0.1,
      "lauc": 0.08
    },
    "hardware": {
      "python_version": "3.11.7 | packaged by Anaconda, Inc. | (main, Dec 15 2023, 18:05:47) [MSC v.1916 64 bit (AMD64)]",
      "torch_version": "2.3.1+cpu",
      "cuda_available": false,
      "numpy_version": "1.26.4",
      "sklearn_version": "1.4.2"
    },
    "best_val_auc": 0.9330297517422392,
    "best_val_epoch": 9
  },
  "test": {
    "macro_auc": 0.9289623991703755,
    "macro_auc_ecg": 0.927443797467981,
    "macro_auc_no_meta": 0.9280953812976207,
    "delta_meta_auc": 0.0008670178727547828,
    "macro_f1_optimal": 0.7451929205244179,
    "macro_f1_fixed_05": 0.7342345471923668,
    "w_fused": 1.0,
    "thresholds": [
      0.5450000166893005,
      0.6050000190734863,
      0.5600000023841858,
      0.7099999785423279,
      0.6949999928474426
    ]
  },
  "per_class": {
    "NORM": {
      "auc": 0.9496680834605085,
      "f1": 0.8597502401536984,
      "threshold": 0.5450000166893005
    },
    "MI": {
      "auc": 0.9308991615180935,
      "f1": 0.743455497382199,
      "threshold": 0.6050000190734863
    },
    "STTC": {
      "auc": 0.933963743408907,
      "f1": 0.7647577092511013,
      "threshold": 0.5600000023841858
    },
    "CD": {
      "auc": 0.9186606838254805,
      "f1": 0.7442827442827443,
      "threshold": 0.7099999785423279
    },
    "HYP": {
      "auc": 0.9116203236388872,
      "f1": 0.6137184115523465,
      "threshold": 0.6949999928474426
    }
  },
  "subgroups": {
    "sex_male": {
      "n": 1066,
      "macro_auc": 0.9203292213595796,
      "per_class_auc": [
        0.94401737665933,
        0.9163931955525089,
        0.9188612792467524,
        0.9110931974204286,
        0.9112810579188784
      ]
    },
    "sex_female": {
      "n": 1132,
      "macro_auc": 0.9371919019429633,
      "per_class_auc": [
        0.9561656850901036,
        0.943414181737535,
        0.9468535256084764,
        0.9268176214207574,
        0.9127084958579442
      ]
    },
    "age_lt45": {
      "n": 345,
      "macro_auc": 0.9346809113832022,
      "per_class_auc": [
        0.9049710854092526,
        0.9882961350027217,
        0.9622618760549795,
        0.867940199335548,
        0.9499352611135088
      ]
    },
    "age_45_65": {
      "n": 703,
      "macro_auc": 0.9257968732284061,
      "per_class_auc": [
        0.9281772466039707,
        0.9291890280262374,
        0.9456181533646323,
        0.906223717409588,
        0.9197762207376025
      ]
    },
    "age_gt65": {
      "n": 1150,
      "macro_auc": 0.9167700276697243,
      "per_class_auc": [
        0.949632920565901,
        0.9050616145527706,
        0.9108649789029537,
        0.9253338467063297,
        0.8929567776206673
      ]
    },
    "meta_complete": {
      "n": 660,
      "macro_auc": 0.9408560261525196,
      "per_class_auc": [
        0.9603142478657639,
        0.9404808829325975,
        0.9341973490427099,
        0.9487380690816224,
        0.9205495818399044
      ]
    },
    "meta_incomplete": {
      "n": 1538,
      "macro_auc": 0.9244769445159751,
      "per_class_auc": [
        0.9467368169068323,
        0.9271462200456346,
        0.9337733250572215,
        0.9079749135455131,
        0.9067534470246734
      ]
    },
    "fairness_sex_gap": 0.016862680583383693
  },
  "training_history": [
    {
      "epoch": 1,
      "train_loss": 0.659137718283802,
      "val_auc": 0.8967121305706295,
      "val_f1": 0.6669600656945648,
      "val_auc_ecg": 0.8959847348190312,
      "val_delta_meta": 0.0015135007112807575,
      "lr": 0.0009755527298894294,
      "epoch_time_s": 233.9618878364563
    },
    {
      "epoch": 2,
      "train_loss": 0.5669620146445178,
      "val_auc": 0.9050020556539977,
      "val_f1": 0.6558350154597274,
      "val_auc_ecg": 0.904613339612608,
      "val_delta_meta": 0.0011307093770613896,
      "lr": 0.0009046039886902864,
      "epoch_time_s": 233.32667469978333
    },
    {
      "epoch": 3,
      "train_loss": 0.532754921585048,
      "val_auc": 0.9177409995509768,
      "val_f1": 0.7095284540169011,
      "val_auc_ecg": 0.9174518323995299,
      "val_delta_meta": -0.0008963104791528398,
      "lr": 0.0007940987335200904,
      "epoch_time_s": 233.168199300766
    },
    {
      "epoch": 4,
      "train_loss": 0.5030298210612131,
      "val_auc": 0.9195393357229239,
      "val_f1": 0.7121639027914706,
      "val_auc_ecg": 0.9208060380900642,
      "val_delta_meta": -0.0020156506393329554,
      "lr": 0.0006548539886902864,
      "epoch_time_s": 234.27692365646362
    },
    {
      "epoch": 5,
      "train_loss": 0.47916771539854347,
      "val_auc": 0.921694913651157,
      "val_f1": 0.721209090553929,
      "val_auc_ecg": 0.9222517741844687,
      "val_delta_meta": -0.0001976771752534301,
      "lr": 0.0005005000000000001,
      "epoch_time_s": 234.64892768859863
    },
    {
      "epoch": 6,
      "train_loss": 0.45837106939849503,
      "val_auc": 0.9263220601614706,
      "val_f1": 0.7151608917855883,
      "val_auc_ecg": 0.9266825902863944,
      "val_delta_meta": -0.001048505111237219,
      "lr": 0.0003461460113097139,
      "epoch_time_s": 233.61099767684937
    },
    {
      "epoch": 7,
      "train_loss": 0.4359884524017299,
      "val_auc": 0.9310983473089862,
      "val_f1": 0.7424098294124544,
      "val_auc_ecg": 0.9310311263308835,
      "val_delta_meta": -1.713520606583252e-05,
      "lr": 0.00020690126647990973,
      "epoch_time_s": 233.95257782936096
    },
    {
      "epoch": 8,
      "train_loss": 0.41211781244759166,
      "val_auc": 0.9314637195952435,
      "val_f1": 0.7345962202499158,
      "val_auc_ecg": 0.9317037246868919,
      "val_delta_meta": -0.00020906044282753555,
      "lr": 9.639601130971382e-05,
      "epoch_time_s": 234.7794213294983
    },
    {
      "epoch": 9,
      "train_loss": 0.3888066677051947,
      "val_auc": 0.9330297517422392,
      "val_f1": 0.74417439631078,
      "val_auc_ecg": 0.9330549019464758,
      "val_delta_meta": -3.990344101423293e-05,
      "lr": 2.5447270110570814e-05,
      "epoch_time_s": 235.40693283081055
    },
    {
      "epoch": 10,
      "train_loss": 0.3754433032569535,
      "val_auc": 0.9325711507139456,
      "val_f1": 0.7435494888939369,
      "val_auc_ecg": 0.9330257323152475,
      "val_delta_meta": -0.0004497893380612794,
      "lr": 0.001,
      "epoch_time_s": 234.4572389125824
    }
  ]
}