{
  "metadata": {
    "run_name": "ATLAS_A_v5_demo+anthro_tf3_vf4_seed2026",
    "variant": "demo+anthro",
    "seed": 2026,
    "meta_hid": 128,
    "lauc_weight": 0.08,
    "no_aug": false,
    "arch_mode": "standard",
    "meta_mask_mode": "real",
    "test_fold": 3,
    "val_fold": 4,
    "timestamp": "2026-05-11T03:43:54.961600",
    "git_sha": "b8fda1f7a68a5b217a3f76d88337426561bd26e4",
    "analysis_plan_sha256": "4ad22e907fbd431a0b443255a3449c0560371997d5ee36a61e164de7aea5c3dc",
    "wall_time_s": 2647.5131647586823,
    "train_time_s": 2618.0988755226135,
    "gpu_peak_mem_mb": 0,
    "num_parameters": 3951951,
    "dataset_sizes": {
      "train": 17433,
      "val": 2174,
      "test": 2192
    },
    "train_fold_ids": [
      1,
      2,
      5,
      6,
      7,
      8,
      9,
      10
    ],
    "pos_weights": [
      1.2950236797332764,
      2.9710705280303955,
      3.1576437950134277,
      3.4505999088287354,
      7.207627296447754
    ],
    "loss_weights": {
      "fused": 0.52,
      "ecg": 0.3,
      "meta": 0.1,
      "lauc": 0.08
    },
    "hardware": {
      "python_version": "3.11.7 | packaged by Anaconda, Inc. | (main, Dec 15 2023, 18:05:47) [MSC v.1916 64 bit (AMD64)]",
      "torch_version": "2.3.1+cpu",
      "cuda_available": false,
      "numpy_version": "1.26.4",
      "sklearn_version": "1.4.2"
    },
    "best_val_auc": 0.9444895919394677,
    "best_val_epoch": 10
  },
  "test": {
    "macro_auc": 0.9404041312961938,
    "macro_auc_ecg": 0.9387379786575524,
    "macro_auc_no_meta": 0.9388359752990801,
    "delta_meta_auc": 0.001568155997113685,
    "macro_f1_optimal": 0.7601648737037078,
    "macro_f1_fixed_05": 0.7471036964870381,
    "w_fused": 1.0,
    "thresholds": [
      0.5,
      0.7250000238418579,
      0.5899999737739563,
      0.6650000214576721,
      0.7099999785423279
    ]
  },
  "per_class": {
    "NORM": {
      "auc": 0.9620489484460898,
      "f1": 0.88,
      "threshold": 0.5
    },
    "MI": {
      "auc": 0.9469480714597902,
      "f1": 0.7721393034825871,
      "threshold": 0.7250000238418579
    },
    "STTC": {
      "auc": 0.9329859724079638,
      "f1": 0.7280701754385965,
      "threshold": 0.5899999737739563
    },
    "CD": {
      "auc": 0.9258540227739407,
      "f1": 0.7608926673751328,
      "threshold": 0.6650000214576721
    },
    "HYP": {
      "auc": 0.9341836413931849,
      "f1": 0.6597222222222222,
      "threshold": 0.7099999785423279
    }
  },
  "subgroups": {
    "sex_male": {
      "n": 1056,
      "macro_auc": 0.9420816066641737,
      "per_class_auc": [
        0.9634306053397343,
        0.9448380659453324,
        0.9361533679159139,
        0.9316407839307959,
        0.9343452101890921
      ]
    },
    "sex_female": {
      "n": 1136,
      "macro_auc": 0.9375206273421431,
      "per_class_auc": [
        0.9597484723603809,
        0.946047678795483,
        0.9297176221652657,
        0.9186448317307693,
        0.9334445316588175
      ]
    },
    "age_lt45": {
      "n": 363,
      "macro_auc": 0.9296705903281335,
      "per_class_auc": [
        0.9296173830892773,
        0.980354267310789,
        0.9437311178247735,
        0.8723995440296382,
        0.9222506393861892
      ]
    },
    "age_45_65": {
      "n": 782,
      "macro_auc": 0.9491696580601172,
      "per_class_auc": [
        0.962937421185372,
        0.9573914562285692,
        0.9433908495049688,
        0.9395872611464968,
        0.9425413022351798
      ]
    },
    "age_gt65": {
      "n": 1047,
      "macro_auc": 0.9299532223443467,
      "per_class_auc": [
        0.959097769579071,
        0.9228691654460636,
        0.913511711631628,
        0.9261736948990563,
        0.9281137701659149
      ]
    },
    "meta_complete": {
      "n": 657,
      "macro_auc": 0.9425767785609231,
      "per_class_auc": [
        0.966268479531079,
        0.9538796992481202,
        0.9319124155602143,
        0.9544854502668886,
        0.9063378481983133
      ]
    },
    "meta_incomplete": {
      "n": 1535,
      "macro_auc": 0.939720717645999,
      "per_class_auc": [
        0.9606853170004965,
        0.9442103832563196,
        0.9330099502487562,
        0.9150820189727177,
        0.9456159187517051
      ]
    },
    "fairness_sex_gap": 0.004560979322030589
  },
  "training_history": [
    {
      "epoch": 1,
      "train_loss": 0.6421431163035402,
      "val_auc": 0.9078496667137962,
      "val_f1": 0.6747536972856452,
      "val_auc_ecg": 0.9059177145177333,
      "val_delta_meta": 0.0025129632060408857,
      "lr": 0.0009755527298894294,
      "epoch_time_s": 243.4323799610138
    },
    {
      "epoch": 2,
      "train_loss": 0.5637078001958514,
      "val_auc": 0.9230906189977937,
      "val_f1": 0.7022685269252494,
      "val_auc_ecg": 0.9210820204753978,
      "val_delta_meta": 0.0008459158141475021,
      "lr": 0.0009046039886902864,
      "epoch_time_s": 244.0476303100586
    },
    {
      "epoch": 3,
      "train_loss": 0.5362521485997996,
      "val_auc": 0.9255524186682733,
      "val_f1": 0.699459700222481,
      "val_auc_ecg": 0.9220632389523559,
      "val_delta_meta": 0.001943701125125652,
      "lr": 0.0007940987335200904,
      "epoch_time_s": 261.36859917640686
    },
    {
      "epoch": 4,
      "train_loss": 0.5123731752601238,
      "val_auc": 0.9299273332248728,
      "val_f1": 0.7398109901715262,
      "val_auc_ecg": 0.9287711508170767,
      "val_delta_meta": 0.0014112782659371215,
      "lr": 0.0006548539886902864,
      "epoch_time_s": 267.0470266342163
    },
    {
      "epoch": 5,
      "train_loss": 0.491805948248697,
      "val_auc": 0.9286689700377622,
      "val_f1": 0.7210631426856204,
      "val_auc_ecg": 0.9268841483000504,
      "val_delta_meta": 0.0019276867344124593,
      "lr": 0.0005005000000000001,
      "epoch_time_s": 265.0754985809326
    },
    {
      "epoch": 6,
      "train_loss": 0.46742244969814195,
      "val_auc": 0.9228747523827334,
      "val_f1": 0.7108455631949543,
      "val_auc_ecg": 0.9204378870397969,
      "val_delta_meta": 0.0024396144055197633,
      "lr": 0.0003461460113097139,
      "epoch_time_s": 265.1258008480072
    },
    {
      "epoch": 7,
      "train_loss": 0.4449096243862712,
      "val_auc": 0.94017899622612,
      "val_f1": 0.7405065021442414,
      "val_auc_ecg": 0.938634327482321,
      "val_delta_meta": 0.0010167857428426963,
      "lr": 0.00020690126647990973,
      "epoch_time_s": 264.9249324798584
    },
    {
      "epoch": 8,
      "train_loss": 0.4258233436477294,
      "val_auc": 0.9427363506663647,
      "val_f1": 0.7620435486397346,
      "val_auc_ecg": 0.941027810469933,
      "val_delta_meta": 0.0013407834711732791,
      "lr": 9.639601130971382e-05,
      "epoch_time_s": 266.07359409332275
    },
    {
      "epoch": 9,
      "train_loss": 0.40658663678059886,
      "val_auc": 0.944048294171885,
      "val_f1": 0.7631421288620895,
      "val_auc_ecg": 0.9423141129496322,
      "val_delta_meta": 0.001587233895758211,
      "lr": 2.5447270110570814e-05,
      "epoch_time_s": 265.45317244529724
    },
    {
      "epoch": 10,
      "train_loss": 0.39489369985707307,
      "val_auc": 0.9444895919394677,
      "val_f1": 0.7633096874087096,
      "val_auc_ecg": 0.942941333178203,
      "val_delta_meta": 0.0015357302121336014,
      "lr": 0.001,
      "epoch_time_s": 265.8895468711853
    }
  ]
}