{
  "metadata": {
    "run_name": "ATLAS_A_v5_demo+anthro_metaH256_seed2025",
    "variant": "demo+anthro",
    "seed": 2025,
    "meta_hid": 256,
    "lauc_weight": 0.08,
    "no_aug": false,
    "arch_mode": "standard",
    "meta_mask_mode": "real",
    "test_fold": 10,
    "val_fold": 9,
    "timestamp": "2026-05-06T10:39:25.439729",
    "git_sha": "b8fda1f7a68a5b217a3f76d88337426561bd26e4",
    "analysis_plan_sha256": "4ad22e907fbd431a0b443255a3449c0560371997d5ee36a61e164de7aea5c3dc",
    "wall_time_s": 2631.9784853458405,
    "train_time_s": 2602.6007919311523,
    "gpu_peak_mem_mb": 0,
    "num_parameters": 3985359,
    "dataset_sizes": {
      "train": 17418,
      "val": 2183,
      "test": 2198
    },
    "train_fold_ids": [
      1,
      2,
      3,
      4,
      5,
      6,
      7,
      8
    ],
    "pos_weights": [
      1.2930489778518677,
      2.9776203632354736,
      3.161012887954712,
      3.4581520557403564,
      7.21991491317749
    ],
    "loss_weights": {
      "fused": 0.52,
      "ecg": 0.3,
      "meta": 0.1,
      "lauc": 0.08
    },
    "hardware": {
      "python_version": "3.11.7 | packaged by Anaconda, Inc. | (main, Dec 15 2023, 18:05:47) [MSC v.1916 64 bit (AMD64)]",
      "torch_version": "2.3.1+cpu",
      "cuda_available": false,
      "numpy_version": "1.26.4",
      "sklearn_version": "1.4.2"
    },
    "best_val_auc": 0.933318345357045,
    "best_val_epoch": 9
  },
  "test": {
    "macro_auc": 0.9298315380846056,
    "macro_auc_ecg": 0.9283613758489466,
    "macro_auc_no_meta": 0.9283237065741007,
    "delta_meta_auc": 0.0015078315105049311,
    "macro_f1_optimal": 0.7415538463625325,
    "macro_f1_fixed_05": 0.7371212375569225,
    "w_fused": 1.0,
    "thresholds": [
      0.6650000214576721,
      0.4399999976158142,
      0.5450000166893005,
      0.6349999904632568,
      0.7699999809265137
    ]
  },
  "per_class": {
    "NORM": {
      "auc": 0.9485556690672283,
      "f1": 0.8575638506876228,
      "threshold": 0.6650000214576721
    },
    "MI": {
      "auc": 0.9328751103265666,
      "f1": 0.7389491242702252,
      "threshold": 0.4399999976158142
    },
    "STTC": {
      "auc": 0.9383381575498703,
      "f1": 0.7627986348122867,
      "threshold": 0.5450000166893005
    },
    "CD": {
      "auc": 0.9198049732762213,
      "f1": 0.7452830188679245,
      "threshold": 0.6349999904632568
    },
    "HYP": {
      "auc": 0.9095837802031417,
      "f1": 0.6031746031746031,
      "threshold": 0.7699999809265137
    }
  },
  "subgroups": {
    "sex_male": {
      "n": 1066,
      "macro_auc": 0.9217620777391693,
      "per_class_auc": [
        0.9438511274228115,
        0.9205499564877072,
        0.9208213868535627,
        0.9139588100686499,
        0.9096291078631145
      ]
    },
    "sex_female": {
      "n": 1132,
      "macro_auc": 0.9375418449865215,
      "per_class_auc": [
        0.953692867210309,
        0.9434303110949818,
        0.9530386339566801,
        0.9272387087811909,
        0.9103087038894461
      ]
    },
    "age_lt45": {
      "n": 345,
      "macro_auc": 0.930111744562504,
      "per_class_auc": [
        0.8952958185053381,
        0.9912901469787697,
        0.9656378104653967,
        0.8684687405617638,
        0.9298662063012517
      ]
    },
    "age_45_65": {
      "n": 703,
      "macro_auc": 0.9267863980896216,
      "per_class_auc": [
        0.9256138975966562,
        0.9340712581991653,
        0.9492305685967657,
        0.9099383235211664,
        0.9150779425343544
      ]
    },
    "age_gt65": {
      "n": 1150,
      "macro_auc": 0.9180372448098904,
      "per_class_auc": [
        0.949451744021174,
        0.9056048285690335,
        0.9169303797468353,
        0.9263889763021596,
        0.8918102954102496
      ]
    },
    "meta_complete": {
      "n": 660,
      "macro_auc": 0.9413753836908432,
      "per_class_auc": [
        0.9590815425375331,
        0.9472547044482402,
        0.942279823269514,
        0.9442296443195276,
        0.9140312038794012
      ]
    },
    "meta_incomplete": {
      "n": 1538,
      "macro_auc": 0.9250637262413391,
      "per_class_auc": [
        0.944807858769734,
        0.9274609415702477,
        0.9363628428443961,
        0.9109313639294299,
        0.9057556240928882
      ]
    },
    "fairness_sex_gap": 0.015779767247352194
  },
  "training_history": [
    {
      "epoch": 1,
      "train_loss": 0.6423246809648812,
      "val_auc": 0.9021220205240601,
      "val_f1": 0.6623300480077765,
      "val_auc_ecg": 0.8958053284970768,
      "val_delta_meta": 0.00042547998422437505,
      "lr": 0.0009755527298894294,
      "epoch_time_s": 243.20334911346436
    },
    {
      "epoch": 2,
      "train_loss": 0.5589422166347504,
      "val_auc": 0.9137306175725058,
      "val_f1": 0.696586525017835,
      "val_auc_ecg": 0.9127806846768827,
      "val_delta_meta": 0.00040473325377732294,
      "lr": 0.0009046039886902864,
      "epoch_time_s": 242.79789805412292
    },
    {
      "epoch": 3,
      "train_loss": 0.524789290417225,
      "val_auc": 0.9143306588698291,
      "val_f1": 0.6997738250538182,
      "val_auc_ecg": 0.914557025863641,
      "val_delta_meta": 0.0005308600135681685,
      "lr": 0.0007940987335200904,
      "epoch_time_s": 258.0388264656067
    },
    {
      "epoch": 4,
      "train_loss": 0.498071966696223,
      "val_auc": 0.9280012084909028,
      "val_f1": 0.7191530512208543,
      "val_auc_ecg": 0.9267059867031557,
      "val_delta_meta": 0.0008595405651815602,
      "lr": 0.0006548539886902864,
      "epoch_time_s": 263.40122294425964
    },
    {
      "epoch": 5,
      "train_loss": 0.4799098107246084,
      "val_auc": 0.9249036164642664,
      "val_f1": 0.7160314612990887,
      "val_auc_ecg": 0.9246316511658647,
      "val_delta_meta": -0.0005649330633099581,
      "lr": 0.0005005000000000001,
      "epoch_time_s": 263.39531350135803
    },
    {
      "epoch": 6,
      "train_loss": 0.45537980524224975,
      "val_auc": 0.9254936169152262,
      "val_f1": 0.7119888174207911,
      "val_auc_ecg": 0.9247217418239277,
      "val_delta_meta": -0.0002923672027403956,
      "lr": 0.0003461460113097139,
      "epoch_time_s": 263.99922490119934
    },
    {
      "epoch": 7,
      "train_loss": 0.43391428152355577,
      "val_auc": 0.9316533731323362,
      "val_f1": 0.7443695071141583,
      "val_auc_ecg": 0.9308813592133142,
      "val_delta_meta": 0.0005588565381917654,
      "lr": 0.00020690126647990973,
      "epoch_time_s": 264.8860282897949
    },
    {
      "epoch": 8,
      "train_loss": 0.41494941563781246,
      "val_auc": 0.9309826908266425,
      "val_f1": 0.7430778212260344,
      "val_auc_ecg": 0.9300052973368309,
      "val_delta_meta": 0.0006035595249063164,
      "lr": 9.639601130971382e-05,
      "epoch_time_s": 264.8138279914856
    },
    {
      "epoch": 9,
      "train_loss": 0.39432618273507564,
      "val_auc": 0.933318345357045,
      "val_f1": 0.7433340950455725,
      "val_auc_ecg": 0.9327667679967506,
      "val_delta_meta": 0.000222338600504024,
      "lr": 2.5447270110570814e-05,
      "epoch_time_s": 264.9300422668457
    },
    {
      "epoch": 10,
      "train_loss": 0.3831869686688852,
      "val_auc": 0.9331871561732156,
      "val_f1": 0.7484580406398105,
      "val_auc_ecg": 0.932633983419524,
      "val_delta_meta": 0.00020965431594710537,
      "lr": 0.001,
      "epoch_time_s": 265.1646378040314
    }
  ]
}