{
  "metadata": {
    "run_name": "ATLAS_A_v5_demo+anthro_additive_seed2024",
    "variant": "demo+anthro",
    "seed": 2024,
    "meta_hid": 128,
    "lauc_weight": 0.08,
    "no_aug": false,
    "arch_mode": "additive",
    "meta_mask_mode": "real",
    "test_fold": 10,
    "val_fold": 9,
    "timestamp": "2026-05-09T02:51:08.455584",
    "git_sha": "b8fda1f7a68a5b217a3f76d88337426561bd26e4",
    "analysis_plan_sha256": "4ad22e907fbd431a0b443255a3449c0560371997d5ee36a61e164de7aea5c3dc",
    "wall_time_s": 2381.4585230350494,
    "train_time_s": 2352.4757993221283,
    "gpu_peak_mem_mb": 0,
    "num_parameters": 3951951,
    "dataset_sizes": {
      "train": 17418,
      "val": 2183,
      "test": 2198
    },
    "train_fold_ids": [
      1,
      2,
      3,
      4,
      5,
      6,
      7,
      8
    ],
    "pos_weights": [
      1.2930489778518677,
      2.9776203632354736,
      3.161012887954712,
      3.4581520557403564,
      7.21991491317749
    ],
    "loss_weights": {
      "fused": 0.52,
      "ecg": 0.3,
      "meta": 0.1,
      "lauc": 0.08
    },
    "hardware": {
      "python_version": "3.11.7 | packaged by Anaconda, Inc. | (main, Dec 15 2023, 18:05:47) [MSC v.1916 64 bit (AMD64)]",
      "torch_version": "2.3.1+cpu",
      "cuda_available": false,
      "numpy_version": "1.26.4",
      "sklearn_version": "1.4.2"
    },
    "best_val_auc": 0.932490349474806,
    "best_val_epoch": 10
  },
  "test": {
    "macro_auc": 0.9280093877915576,
    "macro_auc_ecg": 0.9265394479364708,
    "macro_auc_no_meta": 0.926643317827795,
    "delta_meta_auc": 0.0013660699637626506,
    "macro_f1_optimal": 0.7448428320578155,
    "macro_f1_fixed_05": 0.736690763461204,
    "w_fused": 1.0,
    "thresholds": [
      0.5600000023841858,
      0.6800000071525574,
      0.7250000238418579,
      0.7099999785423279,
      0.7099999785423279
    ]
  },
  "per_class": {
    "NORM": {
      "auc": 0.9502217681755311,
      "f1": 0.861568247821878,
      "threshold": 0.5600000023841858
    },
    "MI": {
      "auc": 0.9277956751985879,
      "f1": 0.7404651162790697,
      "threshold": 0.6800000071525574
    },
    "STTC": {
      "auc": 0.9362951619345853,
      "f1": 0.7696737044145874,
      "threshold": 0.7250000238418579
    },
    "CD": {
      "auc": 0.9169608335544519,
      "f1": 0.742798353909465,
      "threshold": 0.7099999785423279
    },
    "HYP": {
      "auc": 0.9087735000946313,
      "f1": 0.6097087378640776,
      "threshold": 0.7099999785423279
    }
  },
  "subgroups": {
    "sex_male": {
      "n": 1066,
      "macro_auc": 0.9193482828883403,
      "per_class_auc": [
        0.9444420350352195,
        0.9169863240134377,
        0.9210337687161516,
        0.9078115248595798,
        0.9064677618173127
      ]
    },
    "sex_female": {
      "n": 1132,
      "macro_auc": 0.9361919310135262,
      "per_class_auc": [
        0.9565054615926709,
        0.9368979213290591,
        0.9489087805326254,
        0.9267785514594802,
        0.9118689401537947
      ]
    },
    "age_lt45": {
      "n": 345,
      "macro_auc": 0.9307561708652736,
      "per_class_auc": [
        0.9037477758007118,
        0.9820359281437125,
        0.9643115505184472,
        0.872093023255814,
        0.9315925766076824
      ]
    },
    "age_45_65": {
      "n": 703,
      "macro_auc": 0.9226652478614973,
      "per_class_auc": [
        0.9283568443051202,
        0.9202817531305904,
        0.9474308815858111,
        0.9019343986543313,
        0.9153223616316333
      ]
    },
    "age_gt65": {
      "n": 1150,
      "macro_auc": 0.9169849903719267,
      "per_class_auc": [
        0.9510980874058671,
        0.9060541537429793,
        0.9137869198312235,
        0.9233383559970234,
        0.8906474348825402
      ]
    },
    "meta_complete": {
      "n": 660,
      "macro_auc": 0.9406602482488399,
      "per_class_auc": [
        0.9607558139534884,
        0.9425247083899035,
        0.9387098674521355,
        0.9413762109257965,
        0.9199346405228758
      ]
    },
    "meta_incomplete": {
      "n": 1538,
      "macro_auc": 0.9228941863862868,
      "per_class_auc": [
        0.9467567656645453,
        0.9223190723370411,
        0.9351917406990728,
        0.9076044780493524,
        0.9025988751814223
      ]
    },
    "fairness_sex_gap": 0.016843648125185906
  },
  "training_history": [
    {
      "epoch": 1,
      "train_loss": 0.6522290287761513,
      "val_auc": 0.9065554582747565,
      "val_f1": 0.6671597559555046,
      "val_auc_ecg": 0.9054432256929535,
      "val_delta_meta": 0.0015383437660591026,
      "lr": 0.0009755527298894294,
      "epoch_time_s": 234.83558988571167
    },
    {
      "epoch": 2,
      "train_loss": 0.5681303649320515,
      "val_auc": 0.9049415173516889,
      "val_f1": 0.6579424898588029,
      "val_auc_ecg": 0.9041893117193622,
      "val_delta_meta": -7.912737820425786e-05,
      "lr": 0.0009046039886902864,
      "epoch_time_s": 234.51993370056152
    },
    {
      "epoch": 3,
      "train_loss": 0.5282121583956098,
      "val_auc": 0.9057212766720786,
      "val_f1": 0.6913400023126147,
      "val_auc_ecg": 0.903903275691556,
      "val_delta_meta": 0.0001941743330474699,
      "lr": 0.0007940987335200904,
      "epoch_time_s": 234.36427688598633
    },
    {
      "epoch": 4,
      "train_loss": 0.5028323029159406,
      "val_auc": 0.9215507687921256,
      "val_f1": 0.7159901534814173,
      "val_auc_ecg": 0.920787897105099,
      "val_delta_meta": 0.0008051786273810535,
      "lr": 0.0006548539886902864,
      "epoch_time_s": 234.36964631080627
    },
    {
      "epoch": 5,
      "train_loss": 0.4833229545059554,
      "val_auc": 0.9282961044014109,
      "val_f1": 0.7335970462633419,
      "val_auc_ecg": 0.9275689403802188,
      "val_delta_meta": -3.7657396765311546e-06,
      "lr": 0.0005005000000000001,
      "epoch_time_s": 234.18459105491638
    },
    {
      "epoch": 6,
      "train_loss": 0.4555141603727953,
      "val_auc": 0.9253363019523058,
      "val_f1": 0.7155975179016121,
      "val_auc_ecg": 0.9242543312667904,
      "val_delta_meta": 0.0005552172070579786,
      "lr": 0.0003461460113097139,
      "epoch_time_s": 234.0566873550415
    },
    {
      "epoch": 7,
      "train_loss": 0.43541116096557825,
      "val_auc": 0.9300687666610845,
      "val_f1": 0.7401381904302833,
      "val_auc_ecg": 0.929659599525469,
      "val_delta_meta": 9.200414507137822e-05,
      "lr": 0.00020690126647990973,
      "epoch_time_s": 234.18185257911682
    },
    {
      "epoch": 8,
      "train_loss": 0.4138315485158098,
      "val_auc": 0.9272702436214313,
      "val_f1": 0.7380137790567254,
      "val_auc_ecg": 0.926570610690226,
      "val_delta_meta": 7.805114345305064e-05,
      "lr": 9.639601130971382e-05,
      "epoch_time_s": 234.42705392837524
    },
    {
      "epoch": 9,
      "train_loss": 0.3924738867020388,
      "val_auc": 0.9320733920237071,
      "val_f1": 0.7400469964721083,
      "val_auc_ecg": 0.931337364414737,
      "val_delta_meta": 7.381922600446789e-05,
      "lr": 2.5447270110570814e-05,
      "epoch_time_s": 234.8433690071106
    },
    {
      "epoch": 10,
      "train_loss": 0.381875818721745,
      "val_auc": 0.932490349474806,
      "val_f1": 0.744059754758206,
      "val_auc_ecg": 0.9316907427906411,
      "val_delta_meta": 0.00012825755189160848,
      "lr": 0.001,
      "epoch_time_s": 235.0946807861328
    }
  ]
}