{
  "metadata": {
    "run_name": "ATLAS_A_v5_demo+anthro_no_residual_seed2033",
    "variant": "demo+anthro",
    "seed": 2033,
    "meta_hid": 128,
    "lauc_weight": 0.08,
    "no_aug": false,
    "arch_mode": "no_residual",
    "meta_mask_mode": "real",
    "test_fold": 10,
    "val_fold": 9,
    "timestamp": "2026-05-09T23:31:41.158837",
    "git_sha": "b8fda1f7a68a5b217a3f76d88337426561bd26e4",
    "analysis_plan_sha256": "4ad22e907fbd431a0b443255a3449c0560371997d5ee36a61e164de7aea5c3dc",
    "wall_time_s": 2631.156949520111,
    "train_time_s": 2602.017899751663,
    "gpu_peak_mem_mb": 0,
    "num_parameters": 3951951,
    "dataset_sizes": {
      "train": 17418,
      "val": 2183,
      "test": 2198
    },
    "train_fold_ids": [
      1,
      2,
      3,
      4,
      5,
      6,
      7,
      8
    ],
    "pos_weights": [
      1.2930489778518677,
      2.9776203632354736,
      3.161012887954712,
      3.4581520557403564,
      7.21991491317749
    ],
    "loss_weights": {
      "fused": 0.52,
      "ecg": 0.3,
      "meta": 0.1,
      "lauc": 0.08
    },
    "hardware": {
      "python_version": "3.11.7 | packaged by Anaconda, Inc. | (main, Dec 15 2023, 18:05:47) [MSC v.1916 64 bit (AMD64)]",
      "torch_version": "2.3.1+cpu",
      "cuda_available": false,
      "numpy_version": "1.26.4",
      "sklearn_version": "1.4.2"
    },
    "best_val_auc": 0.9322474796197154,
    "best_val_epoch": 10
  },
  "test": {
    "macro_auc": 0.9275728858439669,
    "macro_auc_ecg": 0.9257729822021765,
    "macro_auc_no_meta": 0.9265118729559095,
    "delta_meta_auc": 0.0010610128880573777,
    "macro_f1_optimal": 0.7379203448470247,
    "macro_f1_fixed_05": 0.7397513333024155,
    "w_fused": 1.0,
    "thresholds": [
      0.6050000190734863,
      0.6499999761581421,
      0.6349999904632568,
      0.6349999904632568,
      0.36500000953674316
    ]
  },
  "per_class": {
    "NORM": {
      "auc": 0.9492745763281917,
      "f1": 0.8618357487922705,
      "threshold": 0.6050000190734863
    },
    "MI": {
      "auc": 0.9286672550750221,
      "f1": 0.7338782924613987,
      "threshold": 0.6499999761581421
    },
    "STTC": {
      "auc": 0.9366305107946851,
      "f1": 0.7737765466297323,
      "threshold": 0.6349999904632568
    },
    "CD": {
      "auc": 0.9175389011030666,
      "f1": 0.7415730337078652,
      "threshold": 0.6349999904632568
    },
    "HYP": {
      "auc": 0.9057531859188694,
      "f1": 0.578538102643857,
      "threshold": 0.36500000953674316
    }
  },
  "subgroups": {
    "sex_male": {
      "n": 1066,
      "macro_auc": 0.9186769104241511,
      "per_class_auc": [
        0.9431427611106895,
        0.9127760842825821,
        0.9207284697886801,
        0.9128354483045558,
        0.9039017886342482
      ]
    },
    "sex_female": {
      "n": 1132,
      "macro_auc": 0.9360158709585088,
      "per_class_auc": [
        0.9561090556730093,
        0.941494788201375,
        0.9500742309719663,
        0.924321485005817,
        0.9080797949403767
      ]
    },
    "age_lt45": {
      "n": 345,
      "macro_auc": 0.9296185684014484,
      "per_class_auc": [
        0.8971307829181495,
        0.9866630375612412,
        0.9533397636845913,
        0.8677136816671701,
        0.9432455761760898
      ]
    },
    "age_45_65": {
      "n": 703,
      "macro_auc": 0.9231541103477999,
      "per_class_auc": [
        0.9259975835945663,
        0.9234247664480224,
        0.9503521126760563,
        0.9011354079058032,
        0.9148606811145511
      ]
    },
    "age_gt65": {
      "n": 1150,
      "macro_auc": 0.9167796294618006,
      "per_class_auc": [
        0.9513068342943567,
        0.904665940145863,
        0.9156223628691982,
        0.9264926381571884,
        0.8858103718423969
      ]
    },
    "meta_complete": {
      "n": 660,
      "macro_auc": 0.9380191632943985,
      "per_class_auc": [
        0.9577844421548425,
        0.9356194980948627,
        0.9382857142857143,
        0.9436018889729068,
        0.9148042729636657
      ]
    },
    "meta_incomplete": {
      "n": 1538,
      "macro_auc": 0.9229952813125065,
      "per_class_auc": [
        0.9458798876624739,
        0.9255385884739621,
        0.9355627109438647,
        0.9077639059844088,
        0.9002313134978228
      ]
    },
    "fairness_sex_gap": 0.017338960534357684
  },
  "training_history": [
    {
      "epoch": 1,
      "train_loss": 0.6496836814858498,
      "val_auc": 0.8972990724571049,
      "val_f1": 0.6623596818852724,
      "val_auc_ecg": 0.8964088886937434,
      "val_delta_meta": 0.0019151231177515493,
      "lr": 0.0009755527298894294,
      "epoch_time_s": 243.05405163764954
    },
    {
      "epoch": 2,
      "train_loss": 0.560543112361103,
      "val_auc": 0.9073351827357348,
      "val_f1": 0.6916613717386623,
      "val_auc_ecg": 0.9047379776877905,
      "val_delta_meta": 0.0006914029080531403,
      "lr": 0.0009046039886902864,
      "epoch_time_s": 242.69490909576416
    },
    {
      "epoch": 3,
      "train_loss": 0.5219045496861869,
      "val_auc": 0.9119962631888991,
      "val_f1": 0.7073419387615197,
      "val_auc_ecg": 0.9114344669529757,
      "val_delta_meta": 0.0006457704437057288,
      "lr": 0.0007940987335200904,
      "epoch_time_s": 256.2422685623169
    },
    {
      "epoch": 4,
      "train_loss": 0.5006015731654035,
      "val_auc": 0.9226693979499101,
      "val_f1": 0.6983892982498479,
      "val_auc_ecg": 0.9211182965809138,
      "val_delta_meta": 0.0015604745481225812,
      "lr": 0.0006548539886902864,
      "epoch_time_s": 263.66109347343445
    },
    {
      "epoch": 5,
      "train_loss": 0.4773366565551233,
      "val_auc": 0.9281218166578455,
      "val_f1": 0.7274003840323606,
      "val_auc_ecg": 0.9271071116334906,
      "val_delta_meta": 0.0008194928402661672,
      "lr": 0.0005005000000000001,
      "epoch_time_s": 263.71298360824585
    },
    {
      "epoch": 6,
      "train_loss": 0.45553313663246436,
      "val_auc": 0.9291443559126689,
      "val_f1": 0.7323539872280418,
      "val_auc_ecg": 0.9284278392413661,
      "val_delta_meta": 0.0008611503299149614,
      "lr": 0.0003461460113097139,
      "epoch_time_s": 264.06830978393555
    },
    {
      "epoch": 7,
      "train_loss": 0.43620410151437883,
      "val_auc": 0.9289885826320743,
      "val_f1": 0.7350662672981388,
      "val_auc_ecg": 0.9279560593377484,
      "val_delta_meta": 4.689625643405915e-05,
      "lr": 0.00020690126647990973,
      "epoch_time_s": 264.46221947669983
    },
    {
      "epoch": 8,
      "train_loss": 0.41505039566700613,
      "val_auc": 0.9320362481553014,
      "val_f1": 0.7348828234520133,
      "val_auc_ecg": 0.9310731189016856,
      "val_delta_meta": 0.0008529327579912538,
      "lr": 9.639601130971382e-05,
      "epoch_time_s": 264.6297538280487
    },
    {
      "epoch": 9,
      "train_loss": 0.3961637670567276,
      "val_auc": 0.9321857430611805,
      "val_f1": 0.7449188116289561,
      "val_auc_ecg": 0.9311397360436962,
      "val_delta_meta": 0.0003917899192634744,
      "lr": 2.5447270110570814e-05,
      "epoch_time_s": 264.6813106536865
    },
    {
      "epoch": 10,
      "train_loss": 0.38157805220796426,
      "val_auc": 0.9322474796197154,
      "val_f1": 0.7452540209439478,
      "val_auc_ecg": 0.9309017628543105,
      "val_delta_meta": 0.0006704572110071139,
      "lr": 0.001,
      "epoch_time_s": 264.52131032943726
    }
  ]
}