{
  "metadata": {
    "run_name": "ATLAS_A_v5_demo+anthro_lauc0_seed2025",
    "variant": "demo+anthro",
    "seed": 2025,
    "meta_hid": 128,
    "lauc_weight": 0.0,
    "no_aug": false,
    "arch_mode": "standard",
    "meta_mask_mode": "real",
    "test_fold": 10,
    "val_fold": 9,
    "timestamp": "2026-05-06T17:59:58.415150",
    "git_sha": "b8fda1f7a68a5b217a3f76d88337426561bd26e4",
    "analysis_plan_sha256": "4ad22e907fbd431a0b443255a3449c0560371997d5ee36a61e164de7aea5c3dc",
    "wall_time_s": 2644.6132855415344,
    "train_time_s": 2615.0944833755493,
    "gpu_peak_mem_mb": 0,
    "num_parameters": 3951951,
    "dataset_sizes": {
      "train": 17418,
      "val": 2183,
      "test": 2198
    },
    "train_fold_ids": [
      1,
      2,
      3,
      4,
      5,
      6,
      7,
      8
    ],
    "pos_weights": [
      1.2930489778518677,
      2.9776203632354736,
      3.161012887954712,
      3.4581520557403564,
      7.21991491317749
    ],
    "loss_weights": {
      "fused": 0.6000000000000001,
      "ecg": 0.30000000000000004,
      "meta": 0.10000000000000002,
      "lauc": 0.0
    },
    "hardware": {
      "python_version": "3.11.7 | packaged by Anaconda, Inc. | (main, Dec 15 2023, 18:05:47) [MSC v.1916 64 bit (AMD64)]",
      "torch_version": "2.3.1+cpu",
      "cuda_available": false,
      "numpy_version": "1.26.4",
      "sklearn_version": "1.4.2"
    },
    "best_val_auc": 0.9331508824340569,
    "best_val_epoch": 10
  },
  "test": {
    "macro_auc": 0.9298821344157224,
    "macro_auc_ecg": 0.928234685563553,
    "macro_auc_no_meta": 0.9287591849580078,
    "delta_meta_auc": 0.0011229494577146282,
    "macro_f1_optimal": 0.7476386273223923,
    "macro_f1_fixed_05": 0.7416946307381694,
    "w_fused": 1.0,
    "thresholds": [
      0.7699999809265137,
      0.574999988079071,
      0.5450000166893005,
      0.6499999761581421,
      0.6949999928474426
    ]
  },
  "per_class": {
    "NORM": {
      "auc": 0.9493737939384768,
      "f1": 0.8603812467800103,
      "threshold": 0.7699999809265137
    },
    "MI": {
      "auc": 0.9362555163283318,
      "f1": 0.75,
      "threshold": 0.574999988079071
    },
    "STTC": {
      "auc": 0.9356450658508418,
      "f1": 0.7578947368421053,
      "threshold": 0.5450000166893005
    },
    "CD": {
      "auc": 0.919126217732459,
      "f1": 0.7564870259481038,
      "threshold": 0.6499999761581421
    },
    "HYP": {
      "auc": 0.909010078228503,
      "f1": 0.6134301270417423,
      "threshold": 0.6949999928474426
    }
  },
  "subgroups": {
    "sex_male": {
      "n": 1066,
      "macro_auc": 0.9215425644320276,
      "per_class_auc": [
        0.9433559938270935,
        0.9229516405835996,
        0.9197727514070299,
        0.9120033284793011,
        0.9096291078631146
      ]
    },
    "sex_female": {
      "n": 1132,
      "macro_auc": 0.9377718887635774,
      "per_class_auc": [
        0.9559171448706332,
        0.9473376479364503,
        0.9490345137750439,
        0.9278290993071594,
        0.9087410379286005
      ]
    },
    "age_lt45": {
      "n": 345,
      "macro_auc": 0.9173695847058797,
      "per_class_auc": [
        0.8894016903914591,
        0.9899292324442025,
        0.9559922835784905,
        0.8460434913923287,
        0.9054812257229176
      ]
    },
    "age_45_65": {
      "n": 703,
      "macro_auc": 0.9274860815359995,
      "per_class_auc": [
        0.9269282262277951,
        0.9297977539256609,
        0.9495435576421493,
        0.9088589851415756,
        0.9223018847428167
      ]
    },
    "age_gt65": {
      "n": 1150,
      "macro_auc": 0.9201856589145601,
      "per_class_auc": [
        0.9521772694331537,
        0.9146215106044094,
        0.9143565400843882,
        0.9290545668600454,
        0.8907184075908041
      ]
    },
    "meta_complete": {
      "n": 660,
      "macro_auc": 0.9406271192726281,
      "per_class_auc": [
        0.9584283926994406,
        0.9490211535934832,
        0.9368483063328424,
        0.9454566206788318,
        0.9133811230585425
      ]
    },
    "meta_incomplete": {
      "n": 1538,
      "macro_auc": 0.9251789796743486,
      "per_class_auc": [
        0.9460308043512577,
        0.9310717331161472,
        0.9345492105365247,
        0.9090862200339958,
        0.9051569303338172
      ]
    },
    "fairness_sex_gap": 0.016229324331549777
  },
  "training_history": [
    {
      "epoch": 1,
      "train_loss": 0.6539529853457705,
      "val_auc": 0.8973437799533395,
      "val_f1": 0.6556004994571263,
      "val_auc_ecg": 0.8925412850625738,
      "val_delta_meta": 0.0026528564484517014,
      "lr": 0.0009755527298894294,
      "epoch_time_s": 242.42821288108826
    },
    {
      "epoch": 2,
      "train_loss": 0.5685744637196217,
      "val_auc": 0.9133068369845938,
      "val_f1": 0.6906259022226975,
      "val_auc_ecg": 0.912557372922054,
      "val_delta_meta": 0.0001486071112265508,
      "lr": 0.0009046039886902864,
      "epoch_time_s": 242.41494822502136
    },
    {
      "epoch": 3,
      "train_loss": 0.5344876093601961,
      "val_auc": 0.9162258956640106,
      "val_f1": 0.7050542167061323,
      "val_auc_ecg": 0.9146962560460856,
      "val_delta_meta": 0.0004383315316269787,
      "lr": 0.0007940987335200904,
      "epoch_time_s": 258.31907653808594
    },
    {
      "epoch": 4,
      "train_loss": 0.507553659010371,
      "val_auc": 0.9210450133184329,
      "val_f1": 0.7083976233470282,
      "val_auc_ecg": 0.9194930040512762,
      "val_delta_meta": 0.0009692010850699262,
      "lr": 0.0006548539886902864,
      "epoch_time_s": 264.25250339508057
    },
    {
      "epoch": 5,
      "train_loss": 0.48649015000107093,
      "val_auc": 0.923296627597734,
      "val_f1": 0.7290943829690962,
      "val_auc_ecg": 0.9211966707889093,
      "val_delta_meta": 0.0005094347907784735,
      "lr": 0.0005005000000000001,
      "epoch_time_s": 269.9400041103363
    },
    {
      "epoch": 6,
      "train_loss": 0.4620377876889815,
      "val_auc": 0.9284925525582803,
      "val_f1": 0.7239404765149522,
      "val_auc_ecg": 0.9277378312676305,
      "val_delta_meta": -0.00017466594909409938,
      "lr": 0.0003461460113097139,
      "epoch_time_s": 266.38567781448364
    },
    {
      "epoch": 7,
      "train_loss": 0.4397519581361648,
      "val_auc": 0.9306787220464543,
      "val_f1": 0.7358835531192309,
      "val_auc_ecg": 0.9302107210867023,
      "val_delta_meta": -0.00011088147221882672,
      "lr": 0.00020690126647990973,
      "epoch_time_s": 265.018851518631
    },
    {
      "epoch": 8,
      "train_loss": 0.42112085018136086,
      "val_auc": 0.930089677942091,
      "val_f1": 0.7431054364567559,
      "val_auc_ecg": 0.9297069882505312,
      "val_delta_meta": -0.00048684533884013614,
      "lr": 9.639601130971382e-05,
      "epoch_time_s": 265.42126297950745
    },
    {
      "epoch": 9,
      "train_loss": 0.4007560746112001,
      "val_auc": 0.9322766439716832,
      "val_f1": 0.7416021863149108,
      "val_auc_ecg": 0.9321336824520812,
      "val_delta_meta": 0.0001813205440654997,
      "lr": 2.5447270110570814e-05,
      "epoch_time_s": 265.5689022541046
    },
    {
      "epoch": 10,
      "train_loss": 0.3886906065525265,
      "val_auc": 0.9331508824340569,
      "val_f1": 0.7469752961331497,
      "val_auc_ecg": 0.9323325138353342,
      "val_delta_meta": 0.0004110306174174294,
      "lr": 0.001,
      "epoch_time_s": 265.4649200439453
    }
  ]
}