{
  "metadata": {
    "run_name": "ATLAS_A_v5_demo+anthro_no_glu_seed2027",
    "variant": "demo+anthro",
    "seed": 2027,
    "meta_hid": 128,
    "lauc_weight": 0.08,
    "no_aug": false,
    "arch_mode": "no_glu",
    "meta_mask_mode": "real",
    "test_fold": 10,
    "val_fold": 9,
    "timestamp": "2026-05-09T11:45:26.347215",
    "git_sha": "b8fda1f7a68a5b217a3f76d88337426561bd26e4",
    "analysis_plan_sha256": "4ad22e907fbd431a0b443255a3449c0560371997d5ee36a61e164de7aea5c3dc",
    "wall_time_s": 2631.042721271515,
    "train_time_s": 2601.8289625644684,
    "gpu_peak_mem_mb": 0,
    "num_parameters": 3951951,
    "dataset_sizes": {
      "train": 17418,
      "val": 2183,
      "test": 2198
    },
    "train_fold_ids": [
      1,
      2,
      3,
      4,
      5,
      6,
      7,
      8
    ],
    "pos_weights": [
      1.2930489778518677,
      2.9776203632354736,
      3.161012887954712,
      3.4581520557403564,
      7.21991491317749
    ],
    "loss_weights": {
      "fused": 0.52,
      "ecg": 0.3,
      "meta": 0.1,
      "lauc": 0.08
    },
    "hardware": {
      "python_version": "3.11.7 | packaged by Anaconda, Inc. | (main, Dec 15 2023, 18:05:47) [MSC v.1916 64 bit (AMD64)]",
      "torch_version": "2.3.1+cpu",
      "cuda_available": false,
      "numpy_version": "1.26.4",
      "sklearn_version": "1.4.2"
    },
    "best_val_auc": 0.9314827380532128,
    "best_val_epoch": 9
  },
  "test": {
    "macro_auc": 0.9269421377932249,
    "macro_auc_ecg": 0.9267123178943782,
    "macro_auc_no_meta": 0.9262833407957135,
    "delta_meta_auc": 0.0006587969975113683,
    "macro_f1_optimal": 0.7466150211557483,
    "macro_f1_fixed_05": 0.7359703759793444,
    "w_fused": 1.0,
    "thresholds": [
      0.5600000023841858,
      0.6050000190734863,
      0.6499999761581421,
      0.6800000071525574,
      0.7400000095367432
    ]
  },
  "per_class": {
    "NORM": {
      "auc": 0.9484820966867203,
      "f1": 0.8604427333974976,
      "threshold": 0.5600000023841858
    },
    "MI": {
      "auc": 0.9313404677846425,
      "f1": 0.7526501766784452,
      "threshold": 0.6050000190734863
    },
    "STTC": {
      "auc": 0.9351334585455016,
      "f1": 0.7718665464382326,
      "threshold": 0.6499999761581421
    },
    "CD": {
      "auc": 0.9188040161479853,
      "f1": 0.7258064516129032,
      "threshold": 0.6800000071525574
    },
    "HYP": {
      "auc": 0.9009506498012744,
      "f1": 0.6223091976516634,
      "threshold": 0.7400000095367432
    }
  },
  "subgroups": {
    "sex_male": {
      "n": 1066,
      "macro_auc": 0.9191989243151699,
      "per_class_auc": [
        0.94433180456318,
        0.9182211980222569,
        0.9209364270291317,
        0.9142552527563969,
        0.8982499392048837
      ]
    },
    "sex_female": {
      "n": 1132,
      "macro_auc": 0.9344625465976503,
      "per_class_auc": [
        0.953639383871942,
        0.942631907901369,
        0.9473322791084546,
        0.9249683099202973,
        0.9037408521861883
      ]
    },
    "age_lt45": {
      "n": 345,
      "macro_auc": 0.9168287720786996,
      "per_class_auc": [
        0.8862878113879004,
        0.9885683179096353,
        0.9571979744393538,
        0.8686197523406826,
        0.8834700043159258
      ]
    },
    "age_45_65": {
      "n": 703,
      "macro_auc": 0.924282212864755,
      "per_class_auc": [
        0.9267567920585161,
        0.9295492943748758,
        0.9479655712050079,
        0.9029576675077098,
        0.9141817391776655
      ]
    },
    "age_gt65": {
      "n": 1150,
      "macro_auc": 0.9164052545026179,
      "per_class_auc": [
        0.9503773198474965,
        0.9054740548243776,
        0.9140260196905766,
        0.9281401212103263,
        0.884008756940312
      ]
    },
    "meta_complete": {
      "n": 660,
      "macro_auc": 0.9402657819541671,
      "per_class_auc": [
        0.9594955107447748,
        0.9425101096366371,
        0.9391222385861561,
        0.946398253698763,
        0.913802797104505
      ]
    },
    "meta_incomplete": {
      "n": 1538,
      "macro_auc": 0.9210510297916142,
      "per_class_auc": [
        0.9440307245562269,
        0.9266316078229563,
        0.9332786980641656,
        0.9076185452200926,
        0.8936955732946299
      ]
    },
    "fairness_sex_gap": 0.01526362228248035
  },
  "training_history": [
    {
      "epoch": 1,
      "train_loss": 0.6679374963865368,
      "val_auc": 0.8946011556301047,
      "val_f1": 0.6715966162978029,
      "val_auc_ecg": 0.8939259771222373,
      "val_delta_meta": 0.0014832191801759098,
      "lr": 0.0009755527298894294,
      "epoch_time_s": 242.641117811203
    },
    {
      "epoch": 2,
      "train_loss": 0.5670014712788644,
      "val_auc": 0.9012106065645457,
      "val_f1": 0.6627734473841372,
      "val_auc_ecg": 0.902947666020746,
      "val_delta_meta": 0.002350225167584541,
      "lr": 0.0009046039886902864,
      "epoch_time_s": 243.48924493789673
    },
    {
      "epoch": 3,
      "train_loss": 0.5325287609472187,
      "val_auc": 0.9166041083999728,
      "val_f1": 0.7152019022982434,
      "val_auc_ecg": 0.9171339964526318,
      "val_delta_meta": 0.0003133704285565031,
      "lr": 0.0007940987335200904,
      "epoch_time_s": 257.0803301334381
    },
    {
      "epoch": 4,
      "train_loss": 0.5069549812636244,
      "val_auc": 0.9187535607023012,
      "val_f1": 0.707344435950457,
      "val_auc_ecg": 0.918323610973893,
      "val_delta_meta": 0.00030636410025230987,
      "lr": 0.0006548539886902864,
      "epoch_time_s": 262.9857292175293
    },
    {
      "epoch": 5,
      "train_loss": 0.484334167099874,
      "val_auc": 0.91912544472089,
      "val_f1": 0.7166189042869583,
      "val_auc_ecg": 0.9192650339105649,
      "val_delta_meta": 0.00020015392175853908,
      "lr": 0.0005005000000000001,
      "epoch_time_s": 263.7432219982147
    },
    {
      "epoch": 6,
      "train_loss": 0.4639523245325876,
      "val_auc": 0.923788906936854,
      "val_f1": 0.7172002751321493,
      "val_auc_ecg": 0.923416986921757,
      "val_delta_meta": -7.985693093481849e-05,
      "lr": 0.0003461460113097139,
      "epoch_time_s": 263.351114988327
    },
    {
      "epoch": 7,
      "train_loss": 0.44464131014062724,
      "val_auc": 0.9282980122395477,
      "val_f1": 0.7358971284603348,
      "val_auc_ecg": 0.9283094829953329,
      "val_delta_meta": 0.0009072383396691031,
      "lr": 0.00020690126647990973,
      "epoch_time_s": 263.3317255973816
    },
    {
      "epoch": 8,
      "train_loss": 0.42316801889773903,
      "val_auc": 0.9288481934217738,
      "val_f1": 0.7320213830898491,
      "val_auc_ecg": 0.9287682110084032,
      "val_delta_meta": 0.00048583006898317294,
      "lr": 9.639601130971382e-05,
      "epoch_time_s": 264.2995274066925
    },
    {
      "epoch": 9,
      "train_loss": 0.4020058312820732,
      "val_auc": 0.9314827380532128,
      "val_f1": 0.7391077896407323,
      "val_auc_ecg": 0.9314525445540817,
      "val_delta_meta": 0.00024001488635616575,
      "lr": 2.5447270110570814e-05,
      "epoch_time_s": 264.495267868042
    },
    {
      "epoch": 10,
      "train_loss": 0.3908803630586064,
      "val_auc": 0.9307181365655584,
      "val_f1": 0.7376897715759088,
      "val_auc_ecg": 0.931346262654022,
      "val_delta_meta": -4.672670380045929e-05,
      "lr": 0.001,
      "epoch_time_s": 266.0860092639923
    }
  ]
}