{
  "metadata": {
    "run_name": "ATLAS_A_v5_demo+anthro_metaH32_seed2026",
    "variant": "demo+anthro",
    "seed": 2026,
    "meta_hid": 32,
    "lauc_weight": 0.08,
    "no_aug": false,
    "arch_mode": "standard",
    "meta_mask_mode": "real",
    "test_fold": 10,
    "val_fold": 9,
    "timestamp": "2026-05-05T20:38:23.405157",
    "git_sha": "b8fda1f7a68a5b217a3f76d88337426561bd26e4",
    "analysis_plan_sha256": "4ad22e907fbd431a0b443255a3449c0560371997d5ee36a61e164de7aea5c3dc",
    "wall_time_s": 2632.73809838295,
    "train_time_s": 2603.3876719474792,
    "gpu_peak_mem_mb": 0,
    "num_parameters": 3926895,
    "dataset_sizes": {
      "train": 17418,
      "val": 2183,
      "test": 2198
    },
    "train_fold_ids": [
      1,
      2,
      3,
      4,
      5,
      6,
      7,
      8
    ],
    "pos_weights": [
      1.2930489778518677,
      2.9776203632354736,
      3.161012887954712,
      3.4581520557403564,
      7.21991491317749
    ],
    "loss_weights": {
      "fused": 0.52,
      "ecg": 0.3,
      "meta": 0.1,
      "lauc": 0.08
    },
    "hardware": {
      "python_version": "3.11.7 | packaged by Anaconda, Inc. | (main, Dec 15 2023, 18:05:47) [MSC v.1916 64 bit (AMD64)]",
      "torch_version": "2.3.1+cpu",
      "cuda_available": false,
      "numpy_version": "1.26.4",
      "sklearn_version": "1.4.2"
    },
    "best_val_auc": 0.933508095918586,
    "best_val_epoch": 9
  },
  "test": {
    "macro_auc": 0.9301150203740807,
    "macro_auc_ecg": 0.928356657309876,
    "macro_auc_no_meta": 0.92867920780002,
    "delta_meta_auc": 0.0014358125740606686,
    "macro_f1_optimal": 0.7500264838521755,
    "macro_f1_fixed_05": 0.7453083979484967,
    "w_fused": 1.0,
    "thresholds": [
      0.7250000238418579,
      0.6499999761581421,
      0.6349999904632568,
      0.6949999928474426,
      0.6650000214576721
    ]
  },
  "per_class": {
    "NORM": {
      "auc": 0.9519534518058865,
      "f1": 0.8687782805429864,
      "threshold": 0.7250000238418579
    },
    "MI": {
      "auc": 0.9291493821712268,
      "f1": 0.7383773928896992,
      "threshold": 0.6499999761581421
    },
    "STTC": {
      "auc": 0.9371787432315041,
      "f1": 0.7755474452554745,
      "threshold": 0.6349999904632568
    },
    "CD": {
      "auc": 0.9189580095523293,
      "f1": 0.7468619246861925,
      "threshold": 0.6949999928474426
    },
    "HYP": {
      "auc": 0.9133355151094568,
      "f1": 0.6205673758865248,
      "threshold": 0.6650000214576721
    }
  },
  "subgroups": {
    "sex_male": {
      "n": 1066,
      "macro_auc": 0.9208587833429587,
      "per_class_auc": [
        0.9466809785574626,
        0.9172196860308525,
        0.9224717709107642,
        0.9063553151653838,
        0.9115661660503299
      ]
    },
    "sex_female": {
      "n": 1132,
      "macro_auc": 0.9391180864952344,
      "per_class_auc": [
        0.9587234470955401,
        0.9392124841226637,
        0.9494745801235087,
        0.9325218357672472,
        0.9156580853672127
      ]
    },
    "age_lt45": {
      "n": 345,
      "macro_auc": 0.9327773899164316,
      "per_class_auc": [
        0.9085298042704626,
        0.9741426238432227,
        0.9664817940680009,
        0.8775294472968892,
        0.9372032801035822
      ]
    },
    "age_45_65": {
      "n": 703,
      "macro_auc": 0.9265081821882213,
      "per_class_auc": [
        0.9311242816091954,
        0.9286548399920492,
        0.9497782994261867,
        0.9009531819456126,
        0.9220303079680625
      ]
    },
    "age_gt65": {
      "n": 1150,
      "macro_auc": 0.9184416971892368,
      "per_class_auc": [
        0.9522678577055173,
        0.9033615558722441,
        0.9141526019690576,
        0.9272367821879315,
        0.8951896882114332
      ]
    },
    "meta_complete": {
      "n": 660,
      "macro_auc": 0.9430625256003708,
      "per_class_auc": [
        0.9634144097733295,
        0.9426414984160352,
        0.9403357879234168,
        0.9467549328729794,
        0.922165999016094
      ]
    },
    "meta_incomplete": {
      "n": 1538,
      "macro_auc": 0.9250464527864111,
      "per_class_auc": [
        0.9483726150392817,
        0.9244966050478781,
        0.9354657252589518,
        0.9086970283101812,
        0.908200290275762
      ]
    },
    "fairness_sex_gap": 0.018259303152275752
  },
  "training_history": [
    {
      "epoch": 1,
      "train_loss": 0.6477150376236767,
      "val_auc": 0.9025882437285523,
      "val_f1": 0.668594803839949,
      "val_auc_ecg": 0.9012328010720827,
      "val_delta_meta": 0.0011559506934517572,
      "lr": 0.0009755527298894294,
      "epoch_time_s": 243.0628378391266
    },
    {
      "epoch": 2,
      "train_loss": 0.5581305840693482,
      "val_auc": 0.9119122330770322,
      "val_f1": 0.6934742116816375,
      "val_auc_ecg": 0.9108569823442407,
      "val_delta_meta": 0.0002850449274851563,
      "lr": 0.0009046039886902864,
      "epoch_time_s": 243.39864230155945
    },
    {
      "epoch": 3,
      "train_loss": 0.5229606773328344,
      "val_auc": 0.9181929207548334,
      "val_f1": 0.7156064802895429,
      "val_auc_ecg": 0.9175186792457198,
      "val_delta_meta": -0.0007529139179078825,
      "lr": 0.0007940987335200904,
      "epoch_time_s": 257.8727226257324
    },
    {
      "epoch": 4,
      "train_loss": 0.498803386283577,
      "val_auc": 0.9237397090854582,
      "val_f1": 0.7211229270127484,
      "val_auc_ecg": 0.922270755514351,
      "val_delta_meta": 0.0005176935344778366,
      "lr": 0.0006548539886902864,
      "epoch_time_s": 263.41088485717773
    },
    {
      "epoch": 5,
      "train_loss": 0.4755736965105074,
      "val_auc": 0.92535451044129,
      "val_f1": 0.7296751644584222,
      "val_auc_ecg": 0.9243177014293137,
      "val_delta_meta": 0.00044645743360505197,
      "lr": 0.0005005000000000001,
      "epoch_time_s": 263.35723543167114
    },
    {
      "epoch": 6,
      "train_loss": 0.4537721357761173,
      "val_auc": 0.9307429987894285,
      "val_f1": 0.7227746749890656,
      "val_auc_ecg": 0.9302162704374618,
      "val_delta_meta": 0.00038237391939688337,
      "lr": 0.0003461460113097139,
      "epoch_time_s": 264.15063309669495
    },
    {
      "epoch": 7,
      "train_loss": 0.4314771584141145,
      "val_auc": 0.9312320237255222,
      "val_f1": 0.7379899367719728,
      "val_auc_ecg": 0.9311432663014709,
      "val_delta_meta": 0.00014889010107788092,
      "lr": 0.00020690126647990973,
      "epoch_time_s": 263.9185252189636
    },
    {
      "epoch": 8,
      "train_loss": 0.41284916712603437,
      "val_auc": 0.9298792671322875,
      "val_f1": 0.740345555497177,
      "val_auc_ecg": 0.9294684392114465,
      "val_delta_meta": 6.479874203912939e-05,
      "lr": 9.639601130971382e-05,
      "epoch_time_s": 264.39828062057495
    },
    {
      "epoch": 9,
      "train_loss": 0.3936086807502519,
      "val_auc": 0.933508095918586,
      "val_f1": 0.7446111785937604,
      "val_auc_ecg": 0.933143566904244,
      "val_delta_meta": 0.00018400913867555602,
      "lr": 2.5447270110570814e-05,
      "epoch_time_s": 265.16698026657104
    },
    {
      "epoch": 10,
      "train_loss": 0.3799308659833506,
      "val_auc": 0.9329798744422764,
      "val_f1": 0.7410129813838033,
      "val_auc_ecg": 0.9329206388083346,
      "val_delta_meta": 3.0220715044881885e-05,
      "lr": 0.001,
      "epoch_time_s": 265.12847089767456
    }
  ]
}