{
  "metadata": {
    "run_name": "ATLAS_A_v5_demo+anthro_noaug_seed2033",
    "variant": "demo+anthro",
    "seed": 2033,
    "meta_hid": 128,
    "lauc_weight": 0.08,
    "no_aug": true,
    "arch_mode": "standard",
    "meta_mask_mode": "real",
    "test_fold": 10,
    "val_fold": 9,
    "timestamp": "2026-05-08T05:15:08.526390",
    "git_sha": "b8fda1f7a68a5b217a3f76d88337426561bd26e4",
    "analysis_plan_sha256": "4ad22e907fbd431a0b443255a3449c0560371997d5ee36a61e164de7aea5c3dc",
    "wall_time_s": 2654.0987527370453,
    "train_time_s": 2624.947154045105,
    "gpu_peak_mem_mb": 0,
    "num_parameters": 3951951,
    "dataset_sizes": {
      "train": 17418,
      "val": 2183,
      "test": 2198
    },
    "train_fold_ids": [
      1,
      2,
      3,
      4,
      5,
      6,
      7,
      8
    ],
    "pos_weights": [
      1.2930489778518677,
      2.9776203632354736,
      3.161012887954712,
      3.4581520557403564,
      7.21991491317749
    ],
    "loss_weights": {
      "fused": 0.52,
      "ecg": 0.3,
      "meta": 0.1,
      "lauc": 0.08
    },
    "hardware": {
      "python_version": "3.11.7 | packaged by Anaconda, Inc. | (main, Dec 15 2023, 18:05:47) [MSC v.1916 64 bit (AMD64)]",
      "torch_version": "2.3.1+cpu",
      "cuda_available": false,
      "numpy_version": "1.26.4",
      "sklearn_version": "1.4.2"
    },
    "best_val_auc": 0.9312566787003485,
    "best_val_epoch": 10
  },
  "test": {
    "macro_auc": 0.9277041112596083,
    "macro_auc_ecg": 0.9256457352851812,
    "macro_auc_no_meta": 0.9257182406144449,
    "delta_meta_auc": 0.0019858706451634234,
    "macro_f1_optimal": 0.7463750710181408,
    "macro_f1_fixed_05": 0.7400414856522068,
    "w_fused": 1.0,
    "thresholds": [
      0.5299999713897705,
      0.5899999737739563,
      0.5450000166893005,
      0.7400000095367432,
      0.6650000214576721
    ]
  },
  "per_class": {
    "NORM": {
      "auc": 0.9464931199313885,
      "f1": 0.8574209245742093,
      "threshold": 0.5299999713897705
    },
    "MI": {
      "auc": 0.9306476169461607,
      "f1": 0.745531914893617,
      "threshold": 0.5899999737739563
    },
    "STTC": {
      "auc": 0.9356324759618962,
      "f1": 0.7736339982653946,
      "threshold": 0.5450000166893005
    },
    "CD": {
      "auc": 0.9150063018839316,
      "f1": 0.7293625914315569,
      "threshold": 0.7400000095367432
    },
    "HYP": {
      "auc": 0.910741041574664,
      "f1": 0.6259259259259259,
      "threshold": 0.6650000214576721
    }
  },
  "subgroups": {
    "sex_male": {
      "n": 1066,
      "macro_auc": 0.918724464863559,
      "per_class_auc": [
        0.9418416801292406,
        0.9162667911264094,
        0.922091253406959,
        0.9062252964426879,
        0.9071973032124978
      ]
    },
    "sex_female": {
      "n": 1132,
      "macro_auc": 0.9360972434131662,
      "per_class_auc": [
        0.9518461189972819,
        0.9425633581322205,
        0.9462925619115321,
        0.9252331174356214,
        0.9145510605891749
      ]
    },
    "age_lt45": {
      "n": 345,
      "macro_auc": 0.9229373061117583,
      "per_class_auc": [
        0.8942949288256228,
        0.9828524768644529,
        0.9557511454063179,
        0.8532165508909696,
        0.9285714285714285
      ]
    },
    "age_45_65": {
      "n": 703,
      "macro_auc": 0.9244845096804285,
      "per_class_auc": [
        0.925173066875653,
        0.9321581196581197,
        0.9472222222222222,
        0.9024109896271377,
        0.9154581500190103
      ]
    },
    "age_gt65": {
      "n": 1150,
      "macro_auc": 0.9166558872423259,
      "per_class_auc": [
        0.947383968238964,
        0.9034051471204627,
        0.9149789029535865,
        0.9242379928103099,
        0.8932734250883063
      ]
    },
    "meta_complete": {
      "n": 660,
      "macro_auc": 0.9384681124333489,
      "per_class_auc": [
        0.954362304974978,
        0.9362472444853209,
        0.9404418262150221,
        0.9465551925354183,
        0.9147339939560053
      ]
    },
    "meta_incomplete": {
      "n": 1538,
      "macro_auc": 0.9231467695588915,
      "per_class_auc": [
        0.9438850118911942,
        0.9281478000327481,
        0.9332447530744461,
        0.9029998241603656,
        0.9074564586357039
      ]
    },
    "fairness_sex_gap": 0.017372778549607282
  },
  "training_history": [
    {
      "epoch": 1,
      "train_loss": 0.6450741258236247,
      "val_auc": 0.9001516224575047,
      "val_f1": 0.661574603026948,
      "val_auc_ecg": 0.8988077561980432,
      "val_delta_meta": 0.0010270758337872499,
      "lr": 0.0009755527298894294,
      "epoch_time_s": 242.64602971076965
    },
    {
      "epoch": 2,
      "train_loss": 0.5547743228050547,
      "val_auc": 0.9106384720577297,
      "val_f1": 0.7027637563637662,
      "val_auc_ecg": 0.9091157904535658,
      "val_delta_meta": 0.0009634746310730469,
      "lr": 0.0009046039886902864,
      "epoch_time_s": 242.01699495315552
    },
    {
      "epoch": 3,
      "train_loss": 0.5212724838234962,
      "val_auc": 0.9180016224445483,
      "val_f1": 0.6915032027736749,
      "val_auc_ecg": 0.9167401922521753,
      "val_delta_meta": 0.00024240723974899847,
      "lr": 0.0007940987335200904,
      "epoch_time_s": 258.8586368560791
    },
    {
      "epoch": 4,
      "train_loss": 0.49296360825179913,
      "val_auc": 0.9218522007698013,
      "val_f1": 0.6989221517515839,
      "val_auc_ecg": 0.9210048990522346,
      "val_delta_meta": 0.001140689706275233,
      "lr": 0.0006548539886902864,
      "epoch_time_s": 266.0542576313019
    },
    {
      "epoch": 5,
      "train_loss": 0.4666345139162256,
      "val_auc": 0.9272048741383415,
      "val_f1": 0.7255313130793992,
      "val_auc_ecg": 0.9259338589298753,
      "val_delta_meta": 0.0001485715528561915,
      "lr": 0.0005005000000000001,
      "epoch_time_s": 266.086856842041
    },
    {
      "epoch": 6,
      "train_loss": 0.4458634918435998,
      "val_auc": 0.9290854257182932,
      "val_f1": 0.7289641865810571,
      "val_auc_ecg": 0.9286102137412717,
      "val_delta_meta": -0.00028514127254941624,
      "lr": 0.0003461460113097139,
      "epoch_time_s": 266.2884829044342
    },
    {
      "epoch": 7,
      "train_loss": 0.4172120359512644,
      "val_auc": 0.928194190946307,
      "val_f1": 0.7306827711586139,
      "val_auc_ecg": 0.9285013724110216,
      "val_delta_meta": -0.0007925917570299479,
      "lr": 0.00020690126647990973,
      "epoch_time_s": 266.80309295654297
    },
    {
      "epoch": 8,
      "train_loss": 0.39213921392182693,
      "val_auc": 0.926482857657023,
      "val_f1": 0.7309471670505331,
      "val_auc_ecg": 0.9261534272721855,
      "val_delta_meta": -0.00045557780604454923,
      "lr": 9.639601130971382e-05,
      "epoch_time_s": 267.4480402469635
    },
    {
      "epoch": 9,
      "train_loss": 0.36835141644018504,
      "val_auc": 0.9312172382272059,
      "val_f1": 0.7390098468704578,
      "val_auc_ecg": 0.9302478104082148,
      "val_delta_meta": 0.00019020994642993116,
      "lr": 2.5447270110570814e-05,
      "epoch_time_s": 269.7478334903717
    },
    {
      "epoch": 10,
      "train_loss": 0.35151908835139845,
      "val_auc": 0.9312566787003485,
      "val_f1": 0.7403627832790991,
      "val_auc_ecg": 0.9301808955384798,
      "val_delta_meta": 0.00031170308938377467,
      "lr": 0.001,
      "epoch_time_s": 269.64012145996094
    }
  ]
}