{
  "metadata": {
    "run_name": "ATLAS_A_v5_demo+anthro_lauc0.04_seed2025",
    "variant": "demo+anthro",
    "seed": 2025,
    "meta_hid": 128,
    "lauc_weight": 0.04,
    "no_aug": false,
    "arch_mode": "standard",
    "meta_mask_mode": "real",
    "test_fold": 10,
    "val_fold": 9,
    "timestamp": "2026-05-07T01:20:55.995849",
    "git_sha": "b8fda1f7a68a5b217a3f76d88337426561bd26e4",
    "analysis_plan_sha256": "4ad22e907fbd431a0b443255a3449c0560371997d5ee36a61e164de7aea5c3dc",
    "wall_time_s": 2646.659280538559,
    "train_time_s": 2617.432242155075,
    "gpu_peak_mem_mb": 0,
    "num_parameters": 3951951,
    "dataset_sizes": {
      "train": 17418,
      "val": 2183,
      "test": 2198
    },
    "train_fold_ids": [
      1,
      2,
      3,
      4,
      5,
      6,
      7,
      8
    ],
    "pos_weights": [
      1.2930489778518677,
      2.9776203632354736,
      3.161012887954712,
      3.4581520557403564,
      7.21991491317749
    ],
    "loss_weights": {
      "fused": 0.56,
      "ecg": 0.30000000000000004,
      "meta": 0.10000000000000002,
      "lauc": 0.04000000000000001
    },
    "hardware": {
      "python_version": "3.11.7 | packaged by Anaconda, Inc. | (main, Dec 15 2023, 18:05:47) [MSC v.1916 64 bit (AMD64)]",
      "torch_version": "2.3.1+cpu",
      "cuda_available": false,
      "numpy_version": "1.26.4",
      "sklearn_version": "1.4.2"
    },
    "best_val_auc": 0.9321445179117325,
    "best_val_epoch": 10
  },
  "test": {
    "macro_auc": 0.9299071585525438,
    "macro_auc_ecg": 0.928702553660907,
    "macro_auc_no_meta": 0.9283361807740057,
    "delta_meta_auc": 0.0015709777785380963,
    "macro_f1_optimal": 0.745946716512787,
    "macro_f1_fixed_05": 0.7378589441980967,
    "w_fused": 1.0,
    "thresholds": [
      0.6650000214576721,
      0.5450000166893005,
      0.6949999928474426,
      0.6050000190734863,
      0.6650000214576721
    ]
  },
  "per_class": {
    "NORM": {
      "auc": 0.9516658889015013,
      "f1": 0.861900097943193,
      "threshold": 0.6650000214576721
    },
    "MI": {
      "auc": 0.933892321270962,
      "f1": 0.7356948228882834,
      "threshold": 0.5450000166893005
    },
    "STTC": {
      "auc": 0.9389275932596024,
      "f1": 0.769811320754717,
      "threshold": 0.6949999928474426
    },
    "CD": {
      "auc": 0.9193027178651302,
      "f1": 0.7540983606557377,
      "threshold": 0.6050000190734863
    },
    "HYP": {
      "auc": 0.9057472714655227,
      "f1": 0.6082289803220036,
      "threshold": 0.6650000214576721
    }
  },
  "subgroups": {
    "sex_male": {
      "n": 1066,
      "macro_auc": 0.9204861656217782,
      "per_class_auc": [
        0.946341251856751,
        0.9219452668834989,
        0.9225602633535096,
        0.9089400873725817,
        0.9026439586425499
      ]
    },
    "sex_female": {
      "n": 1132,
      "macro_auc": 0.9389367193520524,
      "per_class_auc": [
        0.9576254656196516,
        0.9438214480130647,
        0.9530192903809234,
        0.9307853930438105,
        0.9094319997028122
      ]
    },
    "age_lt45": {
      "n": 345,
      "macro_auc": 0.9294113039420093,
      "per_class_auc": [
        0.9004114768683273,
        0.9899292324442025,
        0.9637087050880155,
        0.8607671398369071,
        0.9322399654725939
      ]
    },
    "age_45_65": {
      "n": 703,
      "macro_auc": 0.9266504513116292,
      "per_class_auc": [
        0.9310181556948799,
        0.929561717352415,
        0.9542644757433489,
        0.9022708158116063,
        0.9161370919558959
      ]
    },
    "age_gt65": {
      "n": 1150,
      "macro_auc": 0.9188452416068514,
      "per_class_auc": [
        0.9533076535274286,
        0.9101752032861095,
        0.9155661040787624,
        0.9306280057310196,
        0.8845492414109374
      ]
    },
    "meta_complete": {
      "n": 660,
      "macro_auc": 0.9403918434231209,
      "per_class_auc": [
        0.9609673977038563,
        0.94452473758741,
        0.9391222385861561,
        0.9483385884065001,
        0.9090062548316818
      ]
    },
    "meta_incomplete": {
      "n": 1538,
      "macro_auc": 0.9252352848286153,
      "per_class_auc": [
        0.9478244578708257,
        0.929659739248964,
        0.9383971175854444,
        0.908190610163531,
        0.9021044992743106
      ]
    },
    "fairness_sex_gap": 0.018450553730274155
  },
  "training_history": [
    {
      "epoch": 1,
      "train_loss": 0.652610044304384,
      "val_auc": 0.8959869078715796,
      "val_f1": 0.6582927115129605,
      "val_auc_ecg": 0.8920852387196438,
      "val_delta_meta": 0.0023302363229462664,
      "lr": 0.0009755527298894294,
      "epoch_time_s": 243.0540452003479
    },
    {
      "epoch": 2,
      "train_loss": 0.5663578782606562,
      "val_auc": 0.9110422400711677,
      "val_f1": 0.693031164529492,
      "val_auc_ecg": 0.9113964604165986,
      "val_delta_meta": 9.25158996989417e-05,
      "lr": 0.0009046039886902864,
      "epoch_time_s": 242.2270061969757
    },
    {
      "epoch": 3,
      "train_loss": 0.5304197099777537,
      "val_auc": 0.9148243678068638,
      "val_f1": 0.7083225975257659,
      "val_auc_ecg": 0.9129630433413813,
      "val_delta_meta": 0.0013002610613771504,
      "lr": 0.0007940987335200904,
      "epoch_time_s": 258.5370192527771
    },
    {
      "epoch": 4,
      "train_loss": 0.5041720377742698,
      "val_auc": 0.9191251913214739,
      "val_f1": 0.7099937131823724,
      "val_auc_ecg": 0.9176253043613448,
      "val_delta_meta": 0.0006559762092775978,
      "lr": 0.0006548539886902864,
      "epoch_time_s": 265.25553488731384
    },
    {
      "epoch": 5,
      "train_loss": 0.48410030461232595,
      "val_auc": 0.9206835832035383,
      "val_f1": 0.719542018965409,
      "val_auc_ecg": 0.9198035478164938,
      "val_delta_meta": 0.0007302166604878924,
      "lr": 0.0005005000000000001,
      "epoch_time_s": 264.88069581985474
    },
    {
      "epoch": 6,
      "train_loss": 0.46127220479720227,
      "val_auc": 0.9254477732087476,
      "val_f1": 0.7178998107571702,
      "val_auc_ecg": 0.9251975395887847,
      "val_delta_meta": 5.1161964463308784e-05,
      "lr": 0.0003461460113097139,
      "epoch_time_s": 264.7022683620453
    },
    {
      "epoch": 7,
      "train_loss": 0.4385352487410974,
      "val_auc": 0.9279343415935634,
      "val_f1": 0.7258507556062982,
      "val_auc_ecg": 0.9280830588185316,
      "val_delta_meta": -0.00036009521757929264,
      "lr": 0.00020690126647990973,
      "epoch_time_s": 268.9524595737457
    },
    {
      "epoch": 8,
      "train_loss": 0.42183233753803673,
      "val_auc": 0.9293643332279498,
      "val_f1": 0.7404164323574649,
      "val_auc_ecg": 0.9291522863170396,
      "val_delta_meta": -0.00026552272572966107,
      "lr": 9.639601130971382e-05,
      "epoch_time_s": 266.43277168273926
    },
    {
      "epoch": 9,
      "train_loss": 0.4015782915944353,
      "val_auc": 0.9312182077381383,
      "val_f1": 0.7368254112528482,
      "val_auc_ecg": 0.9314231511844004,
      "val_delta_meta": 0.00018335835077132323,
      "lr": 2.5447270110570814e-05,
      "epoch_time_s": 265.82479310035706
    },
    {
      "epoch": 10,
      "train_loss": 0.3891948333027166,
      "val_auc": 0.9321445179117325,
      "val_f1": 0.7398109812980562,
      "val_auc_ecg": 0.9316901791084817,
      "val_delta_meta": 0.0003923440739120876,
      "lr": 0.001,
      "epoch_time_s": 266.3623731136322
    }
  ]
}