{
  "metadata": {
    "run_name": "ATLAS_A_v5_demo+anthro_trainmask_seed2031",
    "variant": "demo+anthro",
    "seed": 2031,
    "meta_hid": 128,
    "lauc_weight": 0.08,
    "no_aug": false,
    "arch_mode": "standard",
    "meta_mask_mode": "trainmask",
    "test_fold": 10,
    "val_fold": 9,
    "timestamp": "2026-05-10T20:21:13.023025",
    "git_sha": "b8fda1f7a68a5b217a3f76d88337426561bd26e4",
    "analysis_plan_sha256": "4ad22e907fbd431a0b443255a3449c0560371997d5ee36a61e164de7aea5c3dc",
    "wall_time_s": 2619.31450176239,
    "train_time_s": 2589.4747397899628,
    "gpu_peak_mem_mb": 0,
    "num_parameters": 3951951,
    "dataset_sizes": {
      "train": 17418,
      "val": 2183,
      "test": 2198
    },
    "train_fold_ids": [
      1,
      2,
      3,
      4,
      5,
      6,
      7,
      8
    ],
    "pos_weights": [
      1.2930489778518677,
      2.9776203632354736,
      3.161012887954712,
      3.4581520557403564,
      7.21991491317749
    ],
    "loss_weights": {
      "fused": 0.52,
      "ecg": 0.3,
      "meta": 0.1,
      "lauc": 0.08
    },
    "hardware": {
      "python_version": "3.11.7 | packaged by Anaconda, Inc. | (main, Dec 15 2023, 18:05:47) [MSC v.1916 64 bit (AMD64)]",
      "torch_version": "2.3.1+cpu",
      "cuda_available": false,
      "numpy_version": "1.26.4",
      "sklearn_version": "1.4.2"
    },
    "best_val_auc": 0.5386806739825275,
    "best_val_epoch": 2
  },
  "test": {
    "macro_auc": 0.5402557652601847,
    "macro_auc_ecg": 0.9034757979276137,
    "macro_auc_no_meta": 0.9036624142892699,
    "delta_meta_auc": -0.36340664902908515,
    "macro_f1_optimal": 0.35411742740362395,
    "macro_f1_fixed_05": 0.35411742740362395,
    "w_fused": 1.0,
    "thresholds": [
      0.05000000074505806,
      0.23000000417232513,
      0.05000000074505806,
      0.05000000074505806,
      0.05000000074505806
    ]
  },
  "per_class": {
    "NORM": {
      "auc": 0.5943332450464767,
      "f1": 0.4830977258758451,
      "threshold": 0.05000000074505806
    },
    "MI": {
      "auc": 0.5160359664607237,
      "f1": 0.3956228956228956,
      "threshold": 0.23000000417232513
    },
    "STTC": {
      "auc": 0.5980597836599264,
      "f1": 0.4181483752299203,
      "threshold": 0.05000000074505806
    },
    "CD": {
      "auc": 0.5107499241878626,
      "f1": 0.3465994962216625,
      "threshold": 0.05000000074505806
    },
    "HYP": {
      "auc": 0.4820999069459341,
      "f1": 0.1271186440677966,
      "threshold": 0.05000000074505806
    }
  },
  "subgroups": {
    "sex_male": {
      "n": 1066,
      "macro_auc": 0.5318158388838127,
      "per_class_auc": [
        0.5730340124253234,
        0.5250548157655489,
        0.5703249442497611,
        0.5115118577075098,
        0.47915356427091976
      ]
    },
    "sex_female": {
      "n": 1132,
      "macro_auc": 0.5456433767370619,
      "per_class_auc": [
        0.6158260344306856,
        0.5124659771366359,
        0.6069699739345317,
        0.5079963187414263,
        0.4849585794420298
      ]
    },
    "age_lt45": {
      "n": 345,
      "macro_auc": 0.5172889414980942,
      "per_class_auc": [
        0.5364768683274022,
        0.5400108873162766,
        0.5420183265010852,
        0.46243581999395955,
        0.5055028053517479
      ]
    },
    "age_45_65": {
      "n": 703,
      "macro_auc": 0.49147000490632,
      "per_class_auc": [
        0.537099170585162,
        0.43020150069568674,
        0.5628260302556077,
        0.48174236052705355,
        0.44548096246808977
      ]
    },
    "age_gt65": {
      "n": 1150,
      "macro_auc": 0.5132211826882318,
      "per_class_auc": [
        0.5077590824589596,
        0.511710956492581,
        0.49721518987341773,
        0.5537745872962396,
        0.49564609731996134
      ]
    },
    "meta_complete": {
      "n": 660,
      "macro_auc": 0.5054265658640822,
      "per_class_auc": [
        0.459927877539005,
        0.49943064862260766,
        0.589219440353461,
        0.4670642450528598,
        0.5114906177524774
      ]
    },
    "meta_incomplete": {
      "n": 1538,
      "macro_auc": 0.5561055356746497,
      "per_class_auc": [
        0.6590089457168282,
        0.5224621855708687,
        0.6082699693525235,
        0.5074298106793271,
        0.48335676705370095
      ]
    },
    "fairness_sex_gap": 0.013827537853249194
  },
  "training_history": [
    {
      "epoch": 1,
      "train_loss": 0.6034164888049485,
      "val_auc": 0.53867002244344,
      "val_f1": 0.3570838324700928,
      "val_auc_ecg": 0.8926340297212804,
      "val_delta_meta": -0.3612664269878859,
      "lr": 0.0009755527298894294,
      "epoch_time_s": 244.00657033920288
    },
    {
      "epoch": 2,
      "train_loss": 0.5127606103179652,
      "val_auc": 0.5386806739825275,
      "val_f1": 0.3570838324700928,
      "val_auc_ecg": 0.9104795195236731,
      "val_delta_meta": -0.37260831818111095,
      "lr": 0.0009046039886902864,
      "epoch_time_s": 243.17348504066467
    },
    {
      "epoch": 3,
      "train_loss": 0.4749470843634474,
      "val_auc": 0.538610062655992,
      "val_f1": 0.3570196274256599,
      "val_auc_ecg": 0.919257237879766,
      "val_delta_meta": -0.3813179373066302,
      "lr": 0.0007940987335200904,
      "epoch_time_s": 255.4840385913849
    },
    {
      "epoch": 4,
      "train_loss": 0.4518107075756843,
      "val_auc": 0.5386117381789945,
      "val_f1": 0.3570535256941493,
      "val_auc_ecg": 0.9177141205734649,
      "val_delta_meta": -0.37996028025022877,
      "lr": 0.0006548539886902864,
      "epoch_time_s": 262.7346796989441
    },
    {
      "epoch": 5,
      "train_loss": 0.42671977516708026,
      "val_auc": 0.5386458470401176,
      "val_f1": 0.3570535256941493,
      "val_auc_ecg": 0.9203643279956252,
      "val_delta_meta": -0.38277632105245984,
      "lr": 0.0005005000000000001,
      "epoch_time_s": 263.173348903656
    },
    {
      "epoch": 6,
      "train_loss": 0.4106132264257571,
      "val_auc": 0.5386453683192597,
      "val_f1": 0.3570196274256599,
      "val_auc_ecg": 0.9266176121474524,
      "val_delta_meta": -0.38867291549993277,
      "lr": 0.0003461460113097139,
      "epoch_time_s": 263.1860976219177
    },
    {
      "epoch": 7,
      "train_loss": 0.388135622482781,
      "val_auc": 0.5386458470401176,
      "val_f1": 0.3570196274256599,
      "val_auc_ecg": 0.928829865584777,
      "val_delta_meta": -0.39041368076850036,
      "lr": 0.00020690126647990973,
      "epoch_time_s": 262.95679783821106
    },
    {
      "epoch": 8,
      "train_loss": 0.3691583862818709,
      "val_auc": 0.5386456076796887,
      "val_f1": 0.3570196274256599,
      "val_auc_ecg": 0.9305686990569908,
      "val_delta_meta": -0.39242398137614254,
      "lr": 9.639601130971382e-05,
      "epoch_time_s": 263.3710262775421
    },
    {
      "epoch": 9,
      "train_loss": 0.35139114580570013,
      "val_auc": 0.5386456076796887,
      "val_f1": 0.3570196274256599,
      "val_auc_ecg": 0.9315680917742165,
      "val_delta_meta": -0.39332209918199446,
      "lr": 2.5447270110570814e-05,
      "epoch_time_s": 263.3968732357025
    },
    {
      "epoch": 10,
      "train_loss": 0.3368732157376928,
      "val_auc": 0.5386458470401176,
      "val_f1": 0.3570196274256599,
      "val_auc_ecg": 0.9326496116023202,
      "val_delta_meta": -0.3944348965714257,
      "lr": 0.001,
      "epoch_time_s": 263.1478216648102
    }
  ]
}