{
  "metadata": {
    "run_name": "ATLAS_A_v5_demo+anthro_no_residual_seed2024",
    "variant": "demo+anthro",
    "seed": 2024,
    "meta_hid": 128,
    "lauc_weight": 0.08,
    "no_aug": false,
    "arch_mode": "no_residual",
    "meta_mask_mode": "real",
    "test_fold": 10,
    "val_fold": 9,
    "timestamp": "2026-05-09T16:57:39.583209",
    "git_sha": "b8fda1f7a68a5b217a3f76d88337426561bd26e4",
    "analysis_plan_sha256": "4ad22e907fbd431a0b443255a3449c0560371997d5ee36a61e164de7aea5c3dc",
    "wall_time_s": 2615.996210336685,
    "train_time_s": 2586.3583397865295,
    "gpu_peak_mem_mb": 0,
    "num_parameters": 3951951,
    "dataset_sizes": {
      "train": 17418,
      "val": 2183,
      "test": 2198
    },
    "train_fold_ids": [
      1,
      2,
      3,
      4,
      5,
      6,
      7,
      8
    ],
    "pos_weights": [
      1.2930489778518677,
      2.9776203632354736,
      3.161012887954712,
      3.4581520557403564,
      7.21991491317749
    ],
    "loss_weights": {
      "fused": 0.52,
      "ecg": 0.3,
      "meta": 0.1,
      "lauc": 0.08
    },
    "hardware": {
      "python_version": "3.11.7 | packaged by Anaconda, Inc. | (main, Dec 15 2023, 18:05:47) [MSC v.1916 64 bit (AMD64)]",
      "torch_version": "2.3.1+cpu",
      "cuda_available": false,
      "numpy_version": "1.26.4",
      "sklearn_version": "1.4.2"
    },
    "best_val_auc": 0.9320116980366444,
    "best_val_epoch": 10
  },
  "test": {
    "macro_auc": 0.9284578673915613,
    "macro_auc_ecg": 0.9273191409809227,
    "macro_auc_no_meta": 0.927214517031137,
    "delta_meta_auc": 0.0012433503604243334,
    "macro_f1_optimal": 0.7444285832299582,
    "macro_f1_fixed_05": 0.7384435517648739,
    "w_fused": 1.0,
    "thresholds": [
      0.5299999713897705,
      0.6200000047683716,
      0.6949999928474426,
      0.6499999761581421,
      0.6050000190734863
    ]
  },
  "per_class": {
    "NORM": {
      "auc": 0.951404391640496,
      "f1": 0.862298195631529,
      "threshold": 0.5299999713897705
    },
    "MI": {
      "auc": 0.9265180935569286,
      "f1": 0.7227191413237924,
      "threshold": 0.6200000047683716
    },
    "STTC": {
      "auc": 0.9369555588365569,
      "f1": 0.7639810426540284,
      "threshold": 0.6949999928474426
    },
    "CD": {
      "auc": 0.9155760774800045,
      "f1": 0.751984126984127,
      "threshold": 0.6499999761581421
    },
    "HYP": {
      "auc": 0.9118352154438205,
      "f1": 0.621160409556314,
      "threshold": 0.6050000190734863
    }
  },
  "subgroups": {
    "sex_male": {
      "n": 1066,
      "macro_auc": 0.9192889678548429,
      "per_class_auc": [
        0.946583397483854,
        0.9145311611218879,
        0.9212151782237796,
        0.9047794882463076,
        0.9093356141983849
      ]
    },
    "sex_female": {
      "n": 1132,
      "macro_auc": 0.9370521733518397,
      "per_class_auc": [
        0.9569868116379744,
        0.9363616201939555,
        0.9500548873962096,
        0.9270390178679956,
        0.9148185296630632
      ]
    },
    "age_lt45": {
      "n": 345,
      "macro_auc": 0.9159141742514759,
      "per_class_auc": [
        0.8819506227758007,
        0.9670658682634732,
        0.9649143959488787,
        0.8387949260042283,
        0.9268450582649979
      ]
    },
    "age_45_65": {
      "n": 703,
      "macro_auc": 0.9243302266734137,
      "per_class_auc": [
        0.9324222831765935,
        0.9219712780759293,
        0.9498826291079812,
        0.8996355480796187,
        0.9177393949269459
      ]
    },
    "age_gt65": {
      "n": 1150,
      "macro_auc": 0.9188681080842581,
      "per_class_auc": [
        0.95344944386678,
        0.903458797887501,
        0.9143670886075951,
        0.9275588743803428,
        0.8955063356790722
      ]
    },
    "meta_complete": {
      "n": 660,
      "macro_auc": 0.9420096589584108,
      "per_class_auc": [
        0.9639939652634678,
        0.9406852654783281,
        0.9384624447717231,
        0.9417186229330441,
        0.9251879963454916
      ]
    },
    "meta_incomplete": {
      "n": 1538,
      "macro_auc": 0.9230976459084967,
      "per_class_auc": [
        0.9472554846073651,
        0.921396172731081,
        0.9360767350739032,
        0.9055530156497275,
        0.9052068214804064
      ]
    },
    "fairness_sex_gap": 0.017763205496996726
  },
  "training_history": [
    {
      "epoch": 1,
      "train_loss": 0.6423857887403681,
      "val_auc": 0.9058601212358613,
      "val_f1": 0.6812369060957032,
      "val_auc_ecg": 0.9030453076656828,
      "val_delta_meta": 0.0014681059842224231,
      "lr": 0.0009755527298894294,
      "epoch_time_s": 246.78958654403687
    },
    {
      "epoch": 2,
      "train_loss": 0.5585301171202178,
      "val_auc": 0.9071985920310406,
      "val_f1": 0.6494699024839633,
      "val_auc_ecg": 0.904337176087901,
      "val_delta_meta": 0.001079469979005987,
      "lr": 0.0009046039886902864,
      "epoch_time_s": 241.55883264541626
    },
    {
      "epoch": 3,
      "train_loss": 0.5236764289917202,
      "val_auc": 0.9030764160873124,
      "val_f1": 0.6860487248130586,
      "val_auc_ecg": 0.8989795294546206,
      "val_delta_meta": -0.00013643821019460045,
      "lr": 0.0007940987335200904,
      "epoch_time_s": 255.53156924247742
    },
    {
      "epoch": 4,
      "train_loss": 0.5010498186317058,
      "val_auc": 0.921586677216905,
      "val_f1": 0.7232857804976254,
      "val_auc_ecg": 0.9200486905733412,
      "val_delta_meta": 0.0010614157582219397,
      "lr": 0.0006548539886902864,
      "epoch_time_s": 261.5048291683197
    },
    {
      "epoch": 5,
      "train_loss": 0.4806044492699684,
      "val_auc": 0.9265457003333974,
      "val_f1": 0.7225024964776734,
      "val_auc_ecg": 0.9258923768150913,
      "val_delta_meta": 0.00025351663185602114,
      "lr": 0.0005005000000000001,
      "epoch_time_s": 261.60354256629944
    },
    {
      "epoch": 6,
      "train_loss": 0.4554195737346597,
      "val_auc": 0.9243334521123371,
      "val_f1": 0.7107368626548128,
      "val_auc_ecg": 0.9243047625123328,
      "val_delta_meta": -0.00024773251011467323,
      "lr": 0.0003461460113097139,
      "epoch_time_s": 261.81434297561646
    },
    {
      "epoch": 7,
      "train_loss": 0.4363346089737131,
      "val_auc": 0.9292737704307672,
      "val_f1": 0.7364379453292449,
      "val_auc_ecg": 0.9285716936953039,
      "val_delta_meta": 0.00069490106628467,
      "lr": 0.00020690126647990973,
      "epoch_time_s": 261.98571014404297
    },
    {
      "epoch": 8,
      "train_loss": 0.4158255813045239,
      "val_auc": 0.9269656982338269,
      "val_f1": 0.7374536725967749,
      "val_auc_ecg": 0.9256936692343498,
      "val_delta_meta": 0.0003521201591899503,
      "lr": 9.639601130971382e-05,
      "epoch_time_s": 262.002249956131
    },
    {
      "epoch": 9,
      "train_loss": 0.3959981600899215,
      "val_auc": 0.9317815990128251,
      "val_f1": 0.7370507778031848,
      "val_auc_ecg": 0.9312214800625764,
      "val_delta_meta": 0.00041885787119966267,
      "lr": 2.5447270110570814e-05,
      "epoch_time_s": 262.3121373653412
    },
    {
      "epoch": 10,
      "train_loss": 0.38579774539951883,
      "val_auc": 0.9320116980366444,
      "val_f1": 0.7405127678850545,
      "val_auc_ecg": 0.9316099115592783,
      "val_delta_meta": 0.0003019391612238964,
      "lr": 0.001,
      "epoch_time_s": 262.23616003990173
    }
  ]
}