{
  "metadata": {
    "run_name": "ATLAS_A_v5_demo+anthro_metaH64_seed2025",
    "variant": "demo+anthro",
    "seed": 2025,
    "meta_hid": 64,
    "lauc_weight": 0.08,
    "no_aug": false,
    "arch_mode": "standard",
    "meta_mask_mode": "real",
    "test_fold": 10,
    "val_fold": 9,
    "timestamp": "2026-05-06T03:14:48.489726",
    "git_sha": "b8fda1f7a68a5b217a3f76d88337426561bd26e4",
    "analysis_plan_sha256": "4ad22e907fbd431a0b443255a3449c0560371997d5ee36a61e164de7aea5c3dc",
    "wall_time_s": 2640.7641570568085,
    "train_time_s": 2611.360764026642,
    "gpu_peak_mem_mb": 0,
    "num_parameters": 3935247,
    "dataset_sizes": {
      "train": 17418,
      "val": 2183,
      "test": 2198
    },
    "train_fold_ids": [
      1,
      2,
      3,
      4,
      5,
      6,
      7,
      8
    ],
    "pos_weights": [
      1.2930489778518677,
      2.9776203632354736,
      3.161012887954712,
      3.4581520557403564,
      7.21991491317749
    ],
    "loss_weights": {
      "fused": 0.52,
      "ecg": 0.3,
      "meta": 0.1,
      "lauc": 0.08
    },
    "hardware": {
      "python_version": "3.11.7 | packaged by Anaconda, Inc. | (main, Dec 15 2023, 18:05:47) [MSC v.1916 64 bit (AMD64)]",
      "torch_version": "2.3.1+cpu",
      "cuda_available": false,
      "numpy_version": "1.26.4",
      "sklearn_version": "1.4.2"
    },
    "best_val_auc": 0.9308080765522411,
    "best_val_epoch": 9
  },
  "test": {
    "macro_auc": 0.9289240972955977,
    "macro_auc_ecg": 0.9269276449869572,
    "macro_auc_no_meta": 0.9272211226480863,
    "delta_meta_auc": 0.001702974647511346,
    "macro_f1_optimal": 0.7462929857287632,
    "macro_f1_fixed_05": 0.7416464565094638,
    "w_fused": 1.0,
    "thresholds": [
      0.7699999809265137,
      0.5149999856948853,
      0.5299999713897705,
      0.7099999785423279,
      0.6800000071525574
    ]
  },
  "per_class": {
    "NORM": {
      "auc": 0.9479687716775764,
      "f1": 0.8625254582484725,
      "threshold": 0.7699999809265137
    },
    "MI": {
      "auc": 0.9302592674315975,
      "f1": 0.743978590544157,
      "threshold": 0.5149999856948853
    },
    "STTC": {
      "auc": 0.9377098076379423,
      "f1": 0.7653490328006728,
      "threshold": 0.5299999713897705
    },
    "CD": {
      "auc": 0.91985590955612,
      "f1": 0.7525354969574036,
      "threshold": 0.7099999785423279
    },
    "HYP": {
      "auc": 0.9088267301747524,
      "f1": 0.6070763500931099,
      "threshold": 0.6800000071525574
    }
  },
  "subgroups": {
    "sex_male": {
      "n": 1066,
      "macro_auc": 0.9215161006615562,
      "per_class_auc": [
        0.9452461753640315,
        0.9202874242181157,
        0.921940816254292,
        0.9129758685250676,
        0.9071302189462739
      ]
    },
    "sex_female": {
      "n": 1132,
      "macro_auc": 0.9359946824189012,
      "per_class_auc": [
        0.9517957817376422,
        0.9390592552269199,
        0.9512735326688815,
        0.9270086301203355,
        0.9108362123407259
      ]
    },
    "age_lt45": {
      "n": 345,
      "macro_auc": 0.9309792701381523,
      "per_class_auc": [
        0.8899021352313168,
        0.9934676102340774,
        0.9559922835784904,
        0.867109634551495,
        0.948424687095382
      ]
    },
    "age_45_65": {
      "n": 703,
      "macro_auc": 0.9225802782037771,
      "per_class_auc": [
        0.9248710161964473,
        0.9271019677996422,
        0.9497261345852895,
        0.8998177740398094,
        0.911384498397697
      ]
    },
    "age_gt65": {
      "n": 1150,
      "macro_auc": 0.9189327997173262,
      "per_class_auc": [
        0.9507160412137253,
        0.9044211585212508,
        0.9172784810126582,
        0.9313388298797893,
        0.8909094879592072
      ]
    },
    "meta_complete": {
      "n": 660,
      "macro_auc": 0.9411364336786686,
      "per_class_auc": [
        0.9569841036208419,
        0.9465247667849165,
        0.939440353460972,
        0.9469974747114465,
        0.9157354698151662
      ]
    },
    "meta_incomplete": {
      "n": 1538,
      "macro_auc": 0.9237360363312547,
      "per_class_auc": [
        0.9448425522614085,
        0.9237969876046502,
        0.9366489506148893,
        0.9098857042377353,
        0.9035059869375908
      ]
    },
    "fairness_sex_gap": 0.014478581757344955
  },
  "training_history": [
    {
      "epoch": 1,
      "train_loss": 0.6427779686013493,
      "val_auc": 0.9065668715430588,
      "val_f1": 0.7067529745851662,
      "val_auc_ecg": 0.9042425303630639,
      "val_delta_meta": 0.002560503993465746,
      "lr": 0.0009755527298894294,
      "epoch_time_s": 243.791198015213
    },
    {
      "epoch": 2,
      "train_loss": 0.5555520232117505,
      "val_auc": 0.9097415793772413,
      "val_f1": 0.7038523521827496,
      "val_auc_ecg": 0.9059473632065153,
      "val_delta_meta": 0.0010161955406572387,
      "lr": 0.0009046039886902864,
      "epoch_time_s": 243.47290754318237
    },
    {
      "epoch": 3,
      "train_loss": 0.525412167212285,
      "val_auc": 0.9171939678499997,
      "val_f1": 0.7110655947220269,
      "val_auc_ecg": 0.9143658371016118,
      "val_delta_meta": 0.00026309704231386455,
      "lr": 0.0007940987335200904,
      "epoch_time_s": 259.0673019886017
    },
    {
      "epoch": 4,
      "train_loss": 0.4995587617979137,
      "val_auc": 0.9241461010968581,
      "val_f1": 0.7079470105579835,
      "val_auc_ecg": 0.9230817701833398,
      "val_delta_meta": 0.00048378743801469337,
      "lr": 0.0006548539886902864,
      "epoch_time_s": 264.229088306427
    },
    {
      "epoch": 5,
      "train_loss": 0.4785847484518629,
      "val_auc": 0.925481076974628,
      "val_f1": 0.7240447552233766,
      "val_auc_ecg": 0.9246385217058855,
      "val_delta_meta": 0.000671410618301449,
      "lr": 0.0005005000000000001,
      "epoch_time_s": 264.03624534606934
    },
    {
      "epoch": 6,
      "train_loss": 0.4569735814125166,
      "val_auc": 0.9234760930166506,
      "val_f1": 0.7322447137896972,
      "val_auc_ecg": 0.9222724330087647,
      "val_delta_meta": 0.0005076490709351456,
      "lr": 0.0003461460113097139,
      "epoch_time_s": 264.1792061328888
    },
    {
      "epoch": 7,
      "train_loss": 0.43680546245443713,
      "val_auc": 0.9302137522696551,
      "val_f1": 0.730574867949066,
      "val_auc_ecg": 0.9291921152073594,
      "val_delta_meta": 0.0010417219007116119,
      "lr": 0.00020690126647990973,
      "epoch_time_s": 264.79613161087036
    },
    {
      "epoch": 8,
      "train_loss": 0.4165199021407224,
      "val_auc": 0.9303588859900401,
      "val_f1": 0.7403344639276069,
      "val_auc_ecg": 0.929029738045881,
      "val_delta_meta": 0.0010828338754731437,
      "lr": 9.639601130971382e-05,
      "epoch_time_s": 265.31238198280334
    },
    {
      "epoch": 9,
      "train_loss": 0.39518011893154287,
      "val_auc": 0.9308080765522411,
      "val_f1": 0.7435586107704479,
      "val_auc_ecg": 0.9296655328008099,
      "val_delta_meta": 0.0009672337275410392,
      "lr": 2.5447270110570814e-05,
      "epoch_time_s": 264.82379388809204
    },
    {
      "epoch": 10,
      "train_loss": 0.3840519862710883,
      "val_auc": 0.9303833590516541,
      "val_f1": 0.7471731823155668,
      "val_auc_ecg": 0.9292535626867483,
      "val_delta_meta": 0.001038551399784149,
      "lr": 0.001,
      "epoch_time_s": 268.2380027770996
    }
  ]
}