{
  "metadata": {
    "run_name": "ATLAS_A_v5_demo+anthro_no_q_meta_seed2031",
    "variant": "demo+anthro",
    "seed": 2031,
    "meta_hid": 128,
    "lauc_weight": 0.08,
    "no_aug": false,
    "arch_mode": "no_q_meta",
    "meta_mask_mode": "real",
    "test_fold": 10,
    "val_fold": 9,
    "timestamp": "2026-05-10T05:40:03.366389",
    "git_sha": "b8fda1f7a68a5b217a3f76d88337426561bd26e4",
    "analysis_plan_sha256": "4ad22e907fbd431a0b443255a3449c0560371997d5ee36a61e164de7aea5c3dc",
    "wall_time_s": 2659.2619462013245,
    "train_time_s": 2629.86257648468,
    "gpu_peak_mem_mb": 0,
    "num_parameters": 3951951,
    "dataset_sizes": {
      "train": 17418,
      "val": 2183,
      "test": 2198
    },
    "train_fold_ids": [
      1,
      2,
      3,
      4,
      5,
      6,
      7,
      8
    ],
    "pos_weights": [
      1.2930489778518677,
      2.9776203632354736,
      3.161012887954712,
      3.4581520557403564,
      7.21991491317749
    ],
    "loss_weights": {
      "fused": 0.52,
      "ecg": 0.3,
      "meta": 0.1,
      "lauc": 0.08
    },
    "hardware": {
      "python_version": "3.11.7 | packaged by Anaconda, Inc. | (main, Dec 15 2023, 18:05:47) [MSC v.1916 64 bit (AMD64)]",
      "torch_version": "2.3.1+cpu",
      "cuda_available": false,
      "numpy_version": "1.26.4",
      "sklearn_version": "1.4.2"
    },
    "best_val_auc": 0.9329411856798991,
    "best_val_epoch": 10
  },
  "test": {
    "macro_auc": 0.9306419989807324,
    "macro_auc_ecg": 0.9286639287082172,
    "macro_auc_no_meta": 0.9291836945581476,
    "delta_meta_auc": 0.0014583044225847663,
    "macro_f1_optimal": 0.7510870640873251,
    "macro_f1_fixed_05": 0.7470962960843561,
    "w_fused": 1.0,
    "thresholds": [
      0.5450000166893005,
      0.6200000047683716,
      0.45500001311302185,
      0.7400000095367432,
      0.6349999904632568
    ]
  },
  "per_class": {
    "NORM": {
      "auc": 0.9506165365486565,
      "f1": 0.8652278177458034,
      "threshold": 0.5450000166893005
    },
    "MI": {
      "auc": 0.931344880847308,
      "f1": 0.7383512544802867,
      "threshold": 0.6200000047683716
    },
    "STTC": {
      "auc": 0.9391221642705818,
      "f1": 0.7679324894514767,
      "threshold": 0.45500001311302185
    },
    "CD": {
      "auc": 0.9184498313179941,
      "f1": 0.7478813559322034,
      "threshold": 0.7400000095367432
    },
    "HYP": {
      "auc": 0.9136765819191219,
      "f1": 0.6360424028268551,
      "threshold": 0.6349999904632568
    }
  },
  "subgroups": {
    "sex_male": {
      "n": 1066,
      "macro_auc": 0.9228438375592759,
      "per_class_auc": [
        0.9457919065534726,
        0.9192324334310538,
        0.92452037096032,
        0.9133347201997086,
        0.9113397566518242
      ]
    },
    "sex_female": {
      "n": 1132,
      "macro_auc": 0.9381309455322306,
      "per_class_auc": [
        0.9559643360515454,
        0.9412689771971209,
        0.9515491786234145,
        0.9246687735505045,
        0.9172034622385675
      ]
    },
    "age_lt45": {
      "n": 345,
      "macro_auc": 0.9188003934475516,
      "per_class_auc": [
        0.8929048042704626,
        0.9874795862819815,
        0.9598504943332529,
        0.8523859861069163,
        0.9013810962451446
      ]
    },
    "age_45_65": {
      "n": 703,
      "macro_auc": 0.9305557452025074,
      "per_class_auc": [
        0.9335570141065831,
        0.9275988869012125,
        0.9526343244653104,
        0.9112279226240538,
        0.9277605779153766
      ]
    },
    "age_gt65": {
      "n": 1150,
      "macro_auc": 0.9199333793967576,
      "per_class_auc": [
        0.9508499543120018,
        0.9070265738955486,
        0.9175,
        0.9265074469936212,
        0.897782921782616
      ]
    },
    "meta_complete": {
      "n": 660,
      "macro_auc": 0.9420998149356983,
      "per_class_auc": [
        0.962301295260524,
        0.9421889370647746,
        0.9419734904270987,
        0.9412192720891412,
        0.9228160798369527
      ]
    },
    "meta_incomplete": {
      "n": 1538,
      "macro_auc": 0.9259130791762784,
      "per_class_auc": [
        0.9468565094531091,
        0.9271930029749691,
        0.9376673003064748,
        0.9096301506359534,
        0.9082184325108853
      ]
    },
    "fairness_sex_gap": 0.015287107972954739
  },
  "training_history": [
    {
      "epoch": 1,
      "train_loss": 0.6546414835190554,
      "val_auc": 0.8949987823117415,
      "val_f1": 0.6346927956543903,
      "val_auc_ecg": 0.8918879470209369,
      "val_delta_meta": -0.0007637319031200684,
      "lr": 0.0009755527298894294,
      "epoch_time_s": 243.2263355255127
    },
    {
      "epoch": 2,
      "train_loss": 0.5621774647213997,
      "val_auc": 0.9103622481495677,
      "val_f1": 0.6961909700147559,
      "val_auc_ecg": 0.9106924202459471,
      "val_delta_meta": -0.0010704090230289065,
      "lr": 0.0009046039886902864,
      "epoch_time_s": 243.79991626739502
    },
    {
      "epoch": 3,
      "train_loss": 0.5246165647966052,
      "val_auc": 0.9197690500854065,
      "val_f1": 0.6989626170621367,
      "val_auc_ecg": 0.9182848091467865,
      "val_delta_meta": 0.0006949213210318828,
      "lr": 0.0007940987335200904,
      "epoch_time_s": 259.7721300125122
    },
    {
      "epoch": 4,
      "train_loss": 0.4997504483122344,
      "val_auc": 0.9190553961877923,
      "val_f1": 0.7091137136398723,
      "val_auc_ecg": 0.9177950083031764,
      "val_delta_meta": 0.00042713008437100797,
      "lr": 0.0006548539886902864,
      "epoch_time_s": 265.4582908153534
    },
    {
      "epoch": 5,
      "train_loss": 0.4748942806359825,
      "val_auc": 0.919714429631459,
      "val_f1": 0.7121598476989013,
      "val_auc_ecg": 0.9179134203563255,
      "val_delta_meta": -0.00042101643145997514,
      "lr": 0.0005005000000000001,
      "epoch_time_s": 273.7942395210266
    },
    {
      "epoch": 6,
      "train_loss": 0.45846464311311,
      "val_auc": 0.9269583288785574,
      "val_f1": 0.7210962178295579,
      "val_auc_ecg": 0.9266823233311714,
      "val_delta_meta": 8.504243455154104e-05,
      "lr": 0.0003461460113097139,
      "epoch_time_s": 266.78858041763306
    },
    {
      "epoch": 7,
      "train_loss": 0.4361575478807502,
      "val_auc": 0.9303694473484558,
      "val_f1": 0.7296970879393037,
      "val_auc_ecg": 0.9299691896081747,
      "val_delta_meta": 0.0003120299668808446,
      "lr": 0.00020690126647990973,
      "epoch_time_s": 267.11583518981934
    },
    {
      "epoch": 8,
      "train_loss": 0.415852385021131,
      "val_auc": 0.9300524116254507,
      "val_f1": 0.7289132262644455,
      "val_auc_ecg": 0.9296224075982613,
      "val_delta_meta": 0.0003906330672984737,
      "lr": 9.639601130971382e-05,
      "epoch_time_s": 266.0177638530731
    },
    {
      "epoch": 9,
      "train_loss": 0.398698072750634,
      "val_auc": 0.932348979858452,
      "val_f1": 0.7420575785392348,
      "val_auc_ecg": 0.9316177876806393,
      "val_delta_meta": 0.0006611096373863035,
      "lr": 2.5447270110570814e-05,
      "epoch_time_s": 266.329870223999
    },
    {
      "epoch": 10,
      "train_loss": 0.3831886083707897,
      "val_auc": 0.9329411856798991,
      "val_f1": 0.7422963781879529,
      "val_auc_ecg": 0.9323832951421526,
      "val_delta_meta": 0.0005744750678878807,
      "lr": 0.001,
      "epoch_time_s": 268.69617533683777
    }
  ]
}