{
  "metadata": {
    "run_name": "ATLAS_A_v5_demo+anthro_meta_only_seed2024",
    "variant": "demo+anthro",
    "seed": 2024,
    "meta_hid": 128,
    "lauc_weight": 0.08,
    "no_aug": false,
    "arch_mode": "meta_only",
    "meta_mask_mode": "real",
    "test_fold": 10,
    "val_fold": 9,
    "timestamp": "2026-05-08T13:16:12.190850",
    "git_sha": "b8fda1f7a68a5b217a3f76d88337426561bd26e4",
    "analysis_plan_sha256": "4ad22e907fbd431a0b443255a3449c0560371997d5ee36a61e164de7aea5c3dc",
    "wall_time_s": 2486.790230512619,
    "train_time_s": 2457.524291753769,
    "gpu_peak_mem_mb": 0,
    "num_parameters": 3951951,
    "dataset_sizes": {
      "train": 17418,
      "val": 2183,
      "test": 2198
    },
    "train_fold_ids": [
      1,
      2,
      3,
      4,
      5,
      6,
      7,
      8
    ],
    "pos_weights": [
      1.2930489778518677,
      2.9776203632354736,
      3.161012887954712,
      3.4581520557403564,
      7.21991491317749
    ],
    "loss_weights": {
      "fused": 0.52,
      "ecg": 0.3,
      "meta": 0.1,
      "lauc": 0.08
    },
    "hardware": {
      "python_version": "3.11.7 | packaged by Anaconda, Inc. | (main, Dec 15 2023, 18:05:47) [MSC v.1916 64 bit (AMD64)]",
      "torch_version": "2.3.1+cpu",
      "cuda_available": false,
      "numpy_version": "1.26.4",
      "sklearn_version": "1.4.2"
    },
    "best_val_auc": 0.6928518059978812,
    "best_val_epoch": 6
  },
  "test": {
    "macro_auc": 0.6962389521568475,
    "macro_auc_ecg": 0.9209029723153144,
    "macro_auc_no_meta": 0.5,
    "delta_meta_auc": 0.1962389521568475,
    "macro_f1_optimal": 0.4670799233807396,
    "macro_f1_fixed_05": 0.46474759035498403,
    "w_fused": 1.0,
    "thresholds": [
      0.3499999940395355,
      0.42500001192092896,
      0.4699999988079071,
      0.5149999856948853,
      0.4699999988079071
    ]
  },
  "per_class": {
    "NORM": {
      "auc": 0.7780804755718677,
      "f1": 0.6953722334004024,
      "threshold": 0.3499999940395355
    },
    "MI": {
      "auc": 0.7038051632833187,
      "f1": 0.483493077742279,
      "threshold": 0.42500001192092896
    },
    "STTC": {
      "auc": 0.6825785694910367,
      "f1": 0.4517792676637442,
      "threshold": 0.4699999988079071
    },
    "CD": {
      "auc": 0.648258334596869,
      "f1": 0.423841059602649,
      "threshold": 0.5149999856948853
    },
    "HYP": {
      "auc": 0.6684722178411457,
      "f1": 0.28091397849462363,
      "threshold": 0.4699999988079071
    }
  },
  "subgroups": {
    "sex_male": {
      "n": 1066,
      "macro_auc": 0.7018475934779049,
      "per_class_auc": [
        0.7831495556447037,
        0.7216501611656432,
        0.6671113411914622,
        0.6481199292698148,
        0.6892069801179006
      ]
    },
    "sex_female": {
      "n": 1132,
      "macro_auc": 0.6986510030129055,
      "per_class_auc": [
        0.7867430534581697,
        0.6964233149861893,
        0.6916827460140145,
        0.6624268523502752,
        0.6559790482558787
      ]
    },
    "age_lt45": {
      "n": 345,
      "macro_auc": 0.6284829490363448,
      "per_class_auc": [
        0.597447731316726,
        0.6626292868807839,
        0.6704244031830239,
        0.6026125037752944,
        0.6093008200258956
      ]
    },
    "age_45_65": {
      "n": 703,
      "macro_auc": 0.6337785978996829,
      "per_class_auc": [
        0.647559920323929,
        0.6622130292188432,
        0.6766823161189359,
        0.5566162040930754,
        0.6258215197436315
      ]
    },
    "age_gt65": {
      "n": 1150,
      "macro_auc": 0.6166457921358871,
      "per_class_auc": [
        0.6941030973311908,
        0.6054723782379076,
        0.5737939521800282,
        0.6158125053219256,
        0.5940470276083836
      ]
    },
    "meta_complete": {
      "n": 660,
      "macro_auc": 0.7003884347705751,
      "per_class_auc": [
        0.7677868339711509,
        0.7120687893253915,
        0.6729072164948454,
        0.6655490719207887,
        0.6836302621406987
      ]
    },
    "meta_incomplete": {
      "n": 1538,
      "macro_auc": 0.6868388139975437,
      "per_class_auc": [
        0.7842940828515276,
        0.6881747640120189,
        0.6849019959653955,
        0.6391735537190083,
        0.6376496734397676
      ]
    },
    "fairness_sex_gap": 0.003196590464999427
  },
  "training_history": [
    {
      "epoch": 1,
      "train_loss": 0.8308161209482665,
      "val_auc": 0.6905306275528306,
      "val_f1": 0.4607700758764288,
      "val_auc_ecg": 0.907578615491715,
      "val_delta_meta": 0.19053062755283057,
      "lr": 0.0009755527298894294,
      "epoch_time_s": 242.5625560283661
    },
    {
      "epoch": 2,
      "train_loss": 0.7932949229117927,
      "val_auc": 0.6863703636000476,
      "val_f1": 0.4539181908091628,
      "val_auc_ecg": 0.9116425224208097,
      "val_delta_meta": 0.18637036360004755,
      "lr": 0.0009046039886902864,
      "epoch_time_s": 242.12460660934448
    },
    {
      "epoch": 3,
      "train_loss": 0.7781316800948677,
      "val_auc": 0.6878187579999855,
      "val_f1": 0.45257789656652714,
      "val_auc_ecg": 0.9054114160021346,
      "val_delta_meta": 0.1878187579999855,
      "lr": 0.0007940987335200904,
      "epoch_time_s": 244.39973545074463
    },
    {
      "epoch": 4,
      "train_loss": 0.767635616796826,
      "val_auc": 0.6927031685703147,
      "val_f1": 0.46062574698303055,
      "val_auc_ecg": 0.922258371802221,
      "val_delta_meta": 0.19270316857031466,
      "lr": 0.0006548539886902864,
      "epoch_time_s": 245.7503297328949
    },
    {
      "epoch": 5,
      "train_loss": 0.7615198393480493,
      "val_auc": 0.692518400623099,
      "val_f1": 0.4584725419331209,
      "val_auc_ecg": 0.9263969950644547,
      "val_delta_meta": 0.192518400623099,
      "lr": 0.0005005000000000001,
      "epoch_time_s": 245.85505843162537
    },
    {
      "epoch": 6,
      "train_loss": 0.7508568114096965,
      "val_auc": 0.6928518059978812,
      "val_f1": 0.46286916629993885,
      "val_auc_ecg": 0.9269046635683769,
      "val_delta_meta": 0.1928518059978812,
      "lr": 0.0003461460113097139,
      "epoch_time_s": 245.68674111366272
    },
    {
      "epoch": 7,
      "train_loss": 0.742687296976737,
      "val_auc": 0.6894039099797112,
      "val_f1": 0.45582654123491856,
      "val_auc_ecg": 0.9295402926736582,
      "val_delta_meta": 0.18940390997971124,
      "lr": 0.00020690126647990973,
      "epoch_time_s": 245.98218750953674
    },
    {
      "epoch": 8,
      "train_loss": 0.7326674469020389,
      "val_auc": 0.6910856523028894,
      "val_f1": 0.4593165841927337,
      "val_auc_ecg": 0.9268650247604688,
      "val_delta_meta": 0.19108565230288943,
      "lr": 9.639601130971382e-05,
      "epoch_time_s": 246.61902618408203
    },
    {
      "epoch": 9,
      "train_loss": 0.722692170274367,
      "val_auc": 0.6903584672854993,
      "val_f1": 0.4596919955265538,
      "val_auc_ecg": 0.9328167113598196,
      "val_delta_meta": 0.19035846728549932,
      "lr": 2.5447270110570814e-05,
      "epoch_time_s": 246.08441305160522
    },
    {
      "epoch": 10,
      "train_loss": 0.718181707005982,
      "val_auc": 0.6906480937813428,
      "val_f1": 0.4584150806590399,
      "val_auc_ecg": 0.933800471912473,
      "val_delta_meta": 0.19064809378134284,
      "lr": 0.001,
      "epoch_time_s": 246.4695200920105
    }
  ]
}