{
  "metadata": {
    "run_name": "ATLAS_A_v5_demo+anthro_no_dropout_seed2033",
    "variant": "demo+anthro",
    "seed": 2033,
    "meta_hid": 128,
    "lauc_weight": 0.08,
    "no_aug": false,
    "arch_mode": "no_dropout",
    "meta_mask_mode": "real",
    "test_fold": 10,
    "val_fold": 9,
    "timestamp": "2026-05-10T14:27:24.041676",
    "git_sha": "b8fda1f7a68a5b217a3f76d88337426561bd26e4",
    "analysis_plan_sha256": "4ad22e907fbd431a0b443255a3449c0560371997d5ee36a61e164de7aea5c3dc",
    "wall_time_s": 2652.8077852725983,
    "train_time_s": 2623.087349176407,
    "gpu_peak_mem_mb": 0,
    "num_parameters": 3951951,
    "dataset_sizes": {
      "train": 17418,
      "val": 2183,
      "test": 2198
    },
    "train_fold_ids": [
      1,
      2,
      3,
      4,
      5,
      6,
      7,
      8
    ],
    "pos_weights": [
      1.2930489778518677,
      2.9776203632354736,
      3.161012887954712,
      3.4581520557403564,
      7.21991491317749
    ],
    "loss_weights": {
      "fused": 0.52,
      "ecg": 0.3,
      "meta": 0.1,
      "lauc": 0.08
    },
    "hardware": {
      "python_version": "3.11.7 | packaged by Anaconda, Inc. | (main, Dec 15 2023, 18:05:47) [MSC v.1916 64 bit (AMD64)]",
      "torch_version": "2.3.1+cpu",
      "cuda_available": false,
      "numpy_version": "1.26.4",
      "sklearn_version": "1.4.2"
    },
    "best_val_auc": 0.9313508624605159,
    "best_val_epoch": 9
  },
  "test": {
    "macro_auc": 0.9283571911961802,
    "macro_auc_ecg": 0.926841219111717,
    "macro_auc_no_meta": 0.9265640197704224,
    "delta_meta_auc": 0.0017931714257578557,
    "macro_f1_optimal": 0.7390946334686976,
    "macro_f1_fixed_05": 0.7338000893824831,
    "w_fused": 1.0,
    "thresholds": [
      0.6949999928474426,
      0.6800000071525574,
      0.6650000214576721,
      0.6800000071525574,
      0.6949999928474426
    ]
  },
  "per_class": {
    "NORM": {
      "auc": 0.950153240758258,
      "f1": 0.8682877406281662,
      "threshold": 0.6949999928474426
    },
    "MI": {
      "auc": 0.9289706531332744,
      "f1": 0.7304653204565408,
      "threshold": 0.6800000071525574
    },
    "STTC": {
      "auc": 0.9378654644467258,
      "f1": 0.7602862254025045,
      "threshold": 0.6650000214576721
    },
    "CD": {
      "auc": 0.9171705014972897,
      "f1": 0.7435633367662204,
      "threshold": 0.6800000071525574
    },
    "HYP": {
      "auc": 0.9076260961453537,
      "f1": 0.5928705440900562,
      "threshold": 0.6949999928474426
    }
  },
  "subgroups": {
    "sex_male": {
      "n": 1066,
      "macro_auc": 0.920871538492437,
      "per_class_auc": [
        0.9449642744847178,
        0.9168258876264652,
        0.9215602987504867,
        0.9120657374661951,
        0.9089414941343195
      ]
    },
    "sex_female": {
      "n": 1132,
      "macro_auc": 0.9351743902067862,
      "per_class_auc": [
        0.9550614114567604,
        0.9388657029375592,
        0.9516749118658331,
        0.9234011703623956,
        0.9068687544113823
      ]
    },
    "age_lt45": {
      "n": 345,
      "macro_auc": 0.9302326762551949,
      "per_class_auc": [
        0.893627669039146,
        0.9912901469787697,
        0.9655172413793103,
        0.8749622470552703,
        0.9257660768234787
      ]
    },
    "age_45_65": {
      "n": 703,
      "macro_auc": 0.9243749122581404,
      "per_class_auc": [
        0.929630355276907,
        0.928592725104353,
        0.9538080333854981,
        0.8980515839641156,
        0.9117918635598283
      ]
    },
    "age_gt65": {
      "n": 1150,
      "macro_auc": 0.9160106916271221,
      "per_class_auc": [
        0.9513659136024198,
        0.9002699304216615,
        0.9133966244725739,
        0.9238603674812762,
        0.8911606221576797
      ]
    },
    "meta_complete": {
      "n": 660,
      "macro_auc": 0.9377152950703687,
      "per_class_auc": [
        0.9570760965557845,
        0.9358822756536591,
        0.937578792341679,
        0.9456420938494243,
        0.9123972169512967
      ]
    },
    "meta_incomplete": {
      "n": 1538,
      "macro_auc": 0.9244407132676002,
      "per_class_auc": [
        0.9473474223603023,
        0.9256746842683894,
        0.9378636963184234,
        0.9067323134634546,
        0.9045854499274311
      ]
    },
    "fairness_sex_gap": 0.014302851714349196
  },
  "training_history": [
    {
      "epoch": 1,
      "train_loss": 0.6465965988439157,
      "val_auc": 0.8966983483906514,
      "val_f1": 0.6597264965778027,
      "val_auc_ecg": 0.8958439121808303,
      "val_delta_meta": 0.0016070883627868904,
      "lr": 0.0009755527298894294,
      "epoch_time_s": 243.02511048316956
    },
    {
      "epoch": 2,
      "train_loss": 0.5534537499650902,
      "val_auc": 0.9143310776915309,
      "val_f1": 0.7106864224451778,
      "val_auc_ecg": 0.9135182382388491,
      "val_delta_meta": 0.0011988022422348976,
      "lr": 0.0009046039886902864,
      "epoch_time_s": 242.79812479019165
    },
    {
      "epoch": 3,
      "train_loss": 0.5190872776398965,
      "val_auc": 0.9081308025724745,
      "val_f1": 0.6965115646782521,
      "val_auc_ecg": 0.9033853549843738,
      "val_delta_meta": 0.00045459819107662724,
      "lr": 0.0007940987335200904,
      "epoch_time_s": 259.43965101242065
    },
    {
      "epoch": 4,
      "train_loss": 0.5003283370525465,
      "val_auc": 0.919082402066899,
      "val_f1": 0.7117471783774388,
      "val_auc_ecg": 0.9162329798770384,
      "val_delta_meta": 0.0007886012536272302,
      "lr": 0.0006548539886902864,
      "epoch_time_s": 266.32039070129395
    },
    {
      "epoch": 5,
      "train_loss": 0.4751714391445895,
      "val_auc": 0.9224595530063686,
      "val_f1": 0.6916960416466097,
      "val_auc_ecg": 0.9223986304310235,
      "val_delta_meta": -3.5332854861791496e-05,
      "lr": 0.0005005000000000001,
      "epoch_time_s": 266.8008019924164
    },
    {
      "epoch": 6,
      "train_loss": 0.4563962109045151,
      "val_auc": 0.9254043322381907,
      "val_f1": 0.7313590968660486,
      "val_auc_ecg": 0.9250560711180501,
      "val_delta_meta": -0.0005719303411205745,
      "lr": 0.0003461460113097139,
      "epoch_time_s": 266.657687664032
    },
    {
      "epoch": 7,
      "train_loss": 0.43346128991437616,
      "val_auc": 0.9306947261635872,
      "val_f1": 0.7354477559828092,
      "val_auc_ecg": 0.9304149469167724,
      "val_delta_meta": 0.0004969020860174922,
      "lr": 0.00020690126647990973,
      "epoch_time_s": 268.1434667110443
    },
    {
      "epoch": 8,
      "train_loss": 0.41377321596539346,
      "val_auc": 0.9287405980178439,
      "val_f1": 0.7300736991994249,
      "val_auc_ecg": 0.9280612486525156,
      "val_delta_meta": 0.00031911965819697574,
      "lr": 9.639601130971382e-05,
      "epoch_time_s": 266.76277017593384
    },
    {
      "epoch": 9,
      "train_loss": 0.39300166967265104,
      "val_auc": 0.9313508624605159,
      "val_f1": 0.7363869912391814,
      "val_auc_ecg": 0.9308535191482337,
      "val_delta_meta": 0.0004935605922705699,
      "lr": 2.5447270110570814e-05,
      "epoch_time_s": 267.15417671203613
    },
    {
      "epoch": 10,
      "train_loss": 0.38022281970452826,
      "val_auc": 0.9308775137481028,
      "val_f1": 0.7432277406042651,
      "val_auc_ecg": 0.9301886430496676,
      "val_delta_meta": 0.00042845321100692946,
      "lr": 0.001,
      "epoch_time_s": 267.3194327354431
    }
  ]
}