{
  "metadata": {
    "run_name": "ATLAS_A_v5_demo+anthro_no_q_meta_seed2033",
    "variant": "demo+anthro",
    "seed": 2033,
    "meta_hid": 128,
    "lauc_weight": 0.08,
    "no_aug": false,
    "arch_mode": "no_q_meta",
    "meta_mask_mode": "real",
    "test_fold": 10,
    "val_fold": 9,
    "timestamp": "2026-05-10T07:09:04.160810",
    "git_sha": "b8fda1f7a68a5b217a3f76d88337426561bd26e4",
    "analysis_plan_sha256": "4ad22e907fbd431a0b443255a3449c0560371997d5ee36a61e164de7aea5c3dc",
    "wall_time_s": 2654.6369988918304,
    "train_time_s": 2625.3332166671753,
    "gpu_peak_mem_mb": 0,
    "num_parameters": 3951951,
    "dataset_sizes": {
      "train": 17418,
      "val": 2183,
      "test": 2198
    },
    "train_fold_ids": [
      1,
      2,
      3,
      4,
      5,
      6,
      7,
      8
    ],
    "pos_weights": [
      1.2930489778518677,
      2.9776203632354736,
      3.161012887954712,
      3.4581520557403564,
      7.21991491317749
    ],
    "loss_weights": {
      "fused": 0.52,
      "ecg": 0.3,
      "meta": 0.1,
      "lauc": 0.08
    },
    "hardware": {
      "python_version": "3.11.7 | packaged by Anaconda, Inc. | (main, Dec 15 2023, 18:05:47) [MSC v.1916 64 bit (AMD64)]",
      "torch_version": "2.3.1+cpu",
      "cuda_available": false,
      "numpy_version": "1.26.4",
      "sklearn_version": "1.4.2"
    },
    "best_val_auc": 0.9309657354567722,
    "best_val_epoch": 9
  },
  "test": {
    "macro_auc": 0.92667074729073,
    "macro_auc_ecg": 0.925595201296972,
    "macro_auc_no_meta": 0.9258458215044623,
    "delta_meta_auc": 0.000824925786267694,
    "macro_f1_optimal": 0.7377589772134506,
    "macro_f1_fixed_05": 0.7366831234704458,
    "w_fused": 1.0,
    "thresholds": [
      0.7250000238418579,
      0.6800000071525574,
      0.7250000238418579,
      0.7549999952316284,
      0.6349999904632568
    ]
  },
  "per_class": {
    "NORM": {
      "auc": 0.9476660738834867,
      "f1": 0.8585657370517928,
      "threshold": 0.7250000238418579
    },
    "MI": {
      "auc": 0.9276092233009707,
      "f1": 0.7149666348903718,
      "threshold": 0.6800000071525574
    },
    "STTC": {
      "auc": 0.9373767478485596,
      "f1": 0.7732057416267942,
      "threshold": 0.7250000238418579
    },
    "CD": {
      "auc": 0.913728156627876,
      "f1": 0.7389903329752954,
      "threshold": 0.7549999952316284
    },
    "HYP": {
      "auc": 0.9069735347927574,
      "f1": 0.6030664395229983,
      "threshold": 0.6349999904632568
    }
  },
  "subgroups": {
    "sex_male": {
      "n": 1066,
      "macro_auc": 0.9179083339141872,
      "per_class_auc": [
        0.9408622552793169,
        0.9159993971481215,
        0.9224275246893915,
        0.9055960058248388,
        0.9046564866292671
      ]
    },
    "sex_female": {
      "n": 1132,
      "macro_auc": 0.9353334976380158,
      "per_class_auc": [
        0.9550865800865801,
        0.9377931006673522,
        0.9499291541537911,
        0.9238917154317665,
        0.9099669378505888
      ]
    },
    "age_lt45": {
      "n": 345,
      "macro_auc": 0.921667453279729,
      "per_class_auc": [
        0.8890680604982206,
        0.9836690255851933,
        0.9599710634193392,
        0.8461945031712473,
        0.9294346137246439
      ]
    },
    "age_45_65": {
      "n": 703,
      "macro_auc": 0.9240011272398657,
      "per_class_auc": [
        0.9270914968652038,
        0.9300586364539853,
        0.9527125717266562,
        0.8946033081020466,
        0.9155396230514365
      ]
    },
    "age_gt65": {
      "n": 1150,
      "macro_auc": 0.9151235901759905,
      "per_class_auc": [
        0.9477384440873429,
        0.8988649509598459,
        0.9145218002812939,
        0.9263075277017796,
        0.8881852278496907
      ]
    },
    "meta_complete": {
      "n": 660,
      "macro_auc": 0.9360828060372052,
      "per_class_auc": [
        0.9549234618781277,
        0.9327581424546344,
        0.9355051546391753,
        0.9446719264955558,
        0.9125553447185325
      ]
    },
    "meta_incomplete": {
      "n": 1538,
      "macro_auc": 0.9227533808690387,
      "per_class_auc": [
        0.945144385638976,
        0.9252812823626231,
        0.9379752298560733,
        0.9021956508997129,
        0.9031703555878084
      ]
    },
    "fairness_sex_gap": 0.01742516372382852
  },
  "training_history": [
    {
      "epoch": 1,
      "train_loss": 0.6480036878257717,
      "val_auc": 0.8990896867025135,
      "val_f1": 0.6677958450400363,
      "val_auc_ecg": 0.8987409458013815,
      "val_delta_meta": 0.0017128945191171585,
      "lr": 0.0009755527298894294,
      "epoch_time_s": 244.54435181617737
    },
    {
      "epoch": 2,
      "train_loss": 0.5600789196447495,
      "val_auc": 0.9048596325411801,
      "val_f1": 0.6883386692019449,
      "val_auc_ecg": 0.9033664150771518,
      "val_delta_meta": 0.0007620458101547101,
      "lr": 0.0009046039886902864,
      "epoch_time_s": 242.93451476097107
    },
    {
      "epoch": 3,
      "train_loss": 0.5224045009241192,
      "val_auc": 0.912890072802034,
      "val_f1": 0.7084708449063726,
      "val_auc_ecg": 0.9126004663088774,
      "val_delta_meta": 0.000595460696286243,
      "lr": 0.0007940987335200904,
      "epoch_time_s": 260.0470943450928
    },
    {
      "epoch": 4,
      "train_loss": 0.5023801764216992,
      "val_auc": 0.9219460736964727,
      "val_f1": 0.7031119340741914,
      "val_auc_ecg": 0.9205635122049562,
      "val_delta_meta": 0.0016097743951167809,
      "lr": 0.0006548539886902864,
      "epoch_time_s": 266.48777413368225
    },
    {
      "epoch": 5,
      "train_loss": 0.47709342525639664,
      "val_auc": 0.9278416835808425,
      "val_f1": 0.7338664205200774,
      "val_auc_ecg": 0.9268978943638192,
      "val_delta_meta": 0.0010116441615440896,
      "lr": 0.0005005000000000001,
      "epoch_time_s": 265.94355392456055
    },
    {
      "epoch": 6,
      "train_loss": 0.4564144395360159,
      "val_auc": 0.9283550184899498,
      "val_f1": 0.7279563715598407,
      "val_auc_ecg": 0.9285709287392404,
      "val_delta_meta": 0.00037675755615040885,
      "lr": 0.0003461460113097139,
      "epoch_time_s": 266.04469990730286
    },
    {
      "epoch": 7,
      "train_loss": 0.43473912138457693,
      "val_auc": 0.9279255856323744,
      "val_f1": 0.736658005023044,
      "val_auc_ecg": 0.9281342420820213,
      "val_delta_meta": -0.00015689914422367668,
      "lr": 0.00020690126647990973,
      "epoch_time_s": 267.04241728782654
    },
    {
      "epoch": 8,
      "train_loss": 0.4131649686655867,
      "val_auc": 0.9307305082098349,
      "val_f1": 0.7373747771910801,
      "val_auc_ecg": 0.9305943576453022,
      "val_delta_meta": 0.000181999847515657,
      "lr": 9.639601130971382e-05,
      "epoch_time_s": 267.6039607524872
    },
    {
      "epoch": 9,
      "train_loss": 0.3941446374862566,
      "val_auc": 0.9309657354567722,
      "val_f1": 0.743505729825103,
      "val_auc_ecg": 0.9310283694716099,
      "val_delta_meta": -0.00018618814254434124,
      "lr": 2.5447270110570814e-05,
      "epoch_time_s": 267.59551334381104
    },
    {
      "epoch": 10,
      "train_loss": 0.3791852648651928,
      "val_auc": 0.9296086929004204,
      "val_f1": 0.7417036526097689,
      "val_auc_ecg": 0.9298271879318085,
      "val_delta_meta": -0.00036911308839615575,
      "lr": 0.001,
      "epoch_time_s": 267.5245313644409
    }
  ]
}