{
  "metadata": {
    "run_name": "ATLAS_A_v5_demo+anthro_trainmask_seed2024",
    "variant": "demo+anthro",
    "seed": 2024,
    "meta_hid": 128,
    "lauc_weight": 0.08,
    "no_aug": false,
    "arch_mode": "standard",
    "meta_mask_mode": "trainmask",
    "test_fold": 10,
    "val_fold": 9,
    "timestamp": "2026-05-10T15:11:13.242915",
    "git_sha": "b8fda1f7a68a5b217a3f76d88337426561bd26e4",
    "analysis_plan_sha256": "4ad22e907fbd431a0b443255a3449c0560371997d5ee36a61e164de7aea5c3dc",
    "wall_time_s": 2625.6003737449646,
    "train_time_s": 2595.7355806827545,
    "gpu_peak_mem_mb": 0,
    "num_parameters": 3951951,
    "dataset_sizes": {
      "train": 17418,
      "val": 2183,
      "test": 2198
    },
    "train_fold_ids": [
      1,
      2,
      3,
      4,
      5,
      6,
      7,
      8
    ],
    "pos_weights": [
      1.2930489778518677,
      2.9776203632354736,
      3.161012887954712,
      3.4581520557403564,
      7.21991491317749
    ],
    "loss_weights": {
      "fused": 0.52,
      "ecg": 0.3,
      "meta": 0.1,
      "lauc": 0.08
    },
    "hardware": {
      "python_version": "3.11.7 | packaged by Anaconda, Inc. | (main, Dec 15 2023, 18:05:47) [MSC v.1916 64 bit (AMD64)]",
      "torch_version": "2.3.1+cpu",
      "cuda_available": false,
      "numpy_version": "1.26.4",
      "sklearn_version": "1.4.2"
    },
    "best_val_auc": 0.518210070829346,
    "best_val_epoch": 8
  },
  "test": {
    "macro_auc": 0.5147419388637834,
    "macro_auc_ecg": 0.9246946767668692,
    "macro_auc_no_meta": 0.924307206273259,
    "delta_meta_auc": -0.40956526740947563,
    "macro_f1_optimal": 0.36231386864201387,
    "macro_f1_fixed_05": 0.36231386864201387,
    "w_fused": 1.0,
    "thresholds": [
      0.05000000074505806,
      0.05000000074505806,
      0.05000000074505806,
      0.7549999952316284,
      0.05000000074505806
    ]
  },
  "per_class": {
    "NORM": {
      "auc": 0.5338033557413784,
      "f1": 0.5718799368088467,
      "threshold": 0.05000000074505806
    },
    "MI": {
      "auc": 0.56318733451015,
      "f1": 0.4006868918145392,
      "threshold": 0.05000000074505806
    },
    "STTC": {
      "auc": 0.4878799428190135,
      "f1": 0.3533151680290645,
      "threshold": 0.05000000074505806
    },
    "CD": {
      "auc": 0.4885807967855654,
      "f1": 0.2725925925925926,
      "threshold": 0.7549999952316284
    },
    "HYP": {
      "auc": 0.50025826446281,
      "f1": 0.21309475396502645,
      "threshold": 0.05000000074505806
    }
  },
  "subgroups": {
    "sex_male": {
      "n": 1066,
      "macro_auc": 0.5170946748356857,
      "per_class_auc": [
        0.5249048584532316,
        0.5654799235739393,
        0.4956638703054759,
        0.4988922404826295,
        0.5005324813631523
      ]
    },
    "sex_female": {
      "n": 1132,
      "macro_auc": 0.5057669390944755,
      "per_class_auc": [
        0.5473862377932145,
        0.5633843424262587,
        0.44079415050269116,
        0.47726996475021277,
        0.5
      ]
    },
    "age_lt45": {
      "n": 345,
      "macro_auc": 0.4775691770508844,
      "per_class_auc": [
        0.45048376334519574,
        0.4466521502449646,
        0.5089823969134314,
        0.48172757475083056,
        0.5
      ]
    },
    "age_45_65": {
      "n": 703,
      "macro_auc": 0.5108205228623179,
      "per_class_auc": [
        0.5490301724137931,
        0.5309083681176705,
        0.5076095461658843,
        0.4665545276142417,
        0.5
      ]
    },
    "age_gt65": {
      "n": 1150,
      "macro_auc": 0.5041634113944242,
      "per_class_auc": [
        0.5050965749755805,
        0.5259870902841814,
        0.5173488045007032,
        0.4718632107778711,
        0.5005213764337852
      ]
    },
    "meta_complete": {
      "n": 660,
      "macro_auc": 0.47505130540234786,
      "per_class_auc": [
        0.4952899617309391,
        0.3664871020014891,
        0.5232695139911635,
        0.48931389194047736,
        0.5008960573476702
      ]
    },
    "meta_incomplete": {
      "n": 1538,
      "macro_auc": 0.526499836885573,
      "per_class_auc": [
        0.563823014621572,
        0.6168892754387494,
        0.4765064301509097,
        0.4752804642166344,
        0.5
      ]
    },
    "fairness_sex_gap": 0.011327735741210265
  },
  "training_history": [
    {
      "epoch": 1,
      "train_loss": 0.5935274895178069,
      "val_auc": 0.5181778386210134,
      "val_f1": 0.3680532109586948,
      "val_auc_ecg": 0.8997990910876907,
      "val_delta_meta": -0.3823803819228777,
      "lr": 0.0009755527298894294,
      "epoch_time_s": 243.4561996459961
    },
    {
      "epoch": 2,
      "train_loss": 0.5102890297907208,
      "val_auc": 0.5181782963707159,
      "val_f1": 0.3679396253948911,
      "val_auc_ecg": 0.9059964918038999,
      "val_delta_meta": -0.3897081900626471,
      "lr": 0.0009046039886902864,
      "epoch_time_s": 243.28236269950867
    },
    {
      "epoch": 3,
      "train_loss": 0.47433422306262024,
      "val_auc": 0.5181791980636443,
      "val_f1": 0.3680532109586948,
      "val_auc_ecg": 0.9018797534440873,
      "val_delta_meta": -0.384754726493998,
      "lr": 0.0007940987335200904,
      "epoch_time_s": 256.08446741104126
    },
    {
      "epoch": 4,
      "train_loss": 0.4486799616605864,
      "val_auc": 0.5181785148907098,
      "val_f1": 0.3680532109586948,
      "val_auc_ecg": 0.9189014370475774,
      "val_delta_meta": -0.40164358176126513,
      "lr": 0.0006548539886902864,
      "epoch_time_s": 262.30827260017395
    },
    {
      "epoch": 5,
      "train_loss": 0.4301137698079468,
      "val_auc": 0.5181782963707159,
      "val_f1": 0.3680532109586948,
      "val_auc_ecg": 0.9267991839118854,
      "val_delta_meta": -0.4085667456207117,
      "lr": 0.0005005000000000001,
      "epoch_time_s": 263.02325320243835
    },
    {
      "epoch": 6,
      "train_loss": 0.40498906089625225,
      "val_auc": 0.5181780709474836,
      "val_f1": 0.3679396253948911,
      "val_auc_ecg": 0.9246533291126087,
      "val_delta_meta": -0.4066779323897557,
      "lr": 0.0003461460113097139,
      "epoch_time_s": 266.99813437461853
    },
    {
      "epoch": 7,
      "train_loss": 0.38556360659796163,
      "val_auc": 0.518210070829346,
      "val_f1": 0.3680532109586948,
      "val_auc_ecg": 0.9289794337858652,
      "val_delta_meta": -0.410765302481343,
      "lr": 0.00020690126647990973,
      "epoch_time_s": 263.8995144367218
    },
    {
      "epoch": 8,
      "train_loss": 0.36355402188016733,
      "val_auc": 0.5182107505506615,
      "val_f1": 0.3679396253948911,
      "val_auc_ecg": 0.9259751433793765,
      "val_delta_meta": -0.407718559085707,
      "lr": 9.639601130971382e-05,
      "epoch_time_s": 263.99974846839905
    },
    {
      "epoch": 9,
      "train_loss": 0.34218133491113645,
      "val_auc": 0.5182102962525781,
      "val_f1": 0.3680532109586948,
      "val_auc_ecg": 0.9315921985132635,
      "val_delta_meta": -0.41339546753313716,
      "lr": 2.5447270110570814e-05,
      "epoch_time_s": 263.3487460613251
    },
    {
      "epoch": 10,
      "train_loss": 0.3316915387680771,
      "val_auc": 0.5182102962525781,
      "val_f1": 0.3680532109586948,
      "val_auc_ecg": 0.9322447246120202,
      "val_delta_meta": -0.41399108300408183,
      "lr": 0.001,
      "epoch_time_s": 263.51017355918884
    }
  ]
}