{
  "metadata": {
    "run_name": "ATLAS_A_v5_demo+anthro_noaug_seed2029",
    "variant": "demo+anthro",
    "seed": 2029,
    "meta_hid": 128,
    "lauc_weight": 0.08,
    "no_aug": true,
    "arch_mode": "standard",
    "meta_mask_mode": "real",
    "test_fold": 10,
    "val_fold": 9,
    "timestamp": "2026-05-08T02:19:56.669975",
    "git_sha": "b8fda1f7a68a5b217a3f76d88337426561bd26e4",
    "analysis_plan_sha256": "4ad22e907fbd431a0b443255a3449c0560371997d5ee36a61e164de7aea5c3dc",
    "wall_time_s": 2603.231121301651,
    "train_time_s": 2574.1975157260895,
    "gpu_peak_mem_mb": 0,
    "num_parameters": 3951951,
    "dataset_sizes": {
      "train": 17418,
      "val": 2183,
      "test": 2198
    },
    "train_fold_ids": [
      1,
      2,
      3,
      4,
      5,
      6,
      7,
      8
    ],
    "pos_weights": [
      1.2930489778518677,
      2.9776203632354736,
      3.161012887954712,
      3.4581520557403564,
      7.21991491317749
    ],
    "loss_weights": {
      "fused": 0.52,
      "ecg": 0.3,
      "meta": 0.1,
      "lauc": 0.08
    },
    "hardware": {
      "python_version": "3.11.7 | packaged by Anaconda, Inc. | (main, Dec 15 2023, 18:05:47) [MSC v.1916 64 bit (AMD64)]",
      "torch_version": "2.3.1+cpu",
      "cuda_available": false,
      "numpy_version": "1.26.4",
      "sklearn_version": "1.4.2"
    },
    "best_val_auc": 0.9317187044576494,
    "best_val_epoch": 9
  },
  "test": {
    "macro_auc": 0.9270301084704867,
    "macro_auc_ecg": 0.9259933287030065,
    "macro_auc_no_meta": 0.9255810677163175,
    "delta_meta_auc": 0.001449040754169184,
    "macro_f1_optimal": 0.7446102545579585,
    "macro_f1_fixed_05": 0.7335489526455834,
    "w_fused": 1.0,
    "thresholds": [
      0.6050000190734863,
      0.6650000214576721,
      0.6499999761581421,
      0.6949999928474426,
      0.7099999785423279
    ]
  },
  "per_class": {
    "NORM": {
      "auc": 0.9492871887362787,
      "f1": 0.8705882352941177,
      "threshold": 0.6050000190734863
    },
    "MI": {
      "auc": 0.9280218446601942,
      "f1": 0.7398945518453427,
      "threshold": 0.6650000214576721
    },
    "STTC": {
      "auc": 0.9333559951334356,
      "f1": 0.7602552415679125,
      "threshold": 0.6499999761581421
    },
    "CD": {
      "auc": 0.9152290000379062,
      "f1": 0.7454909819639278,
      "threshold": 0.6949999928474426
    },
    "HYP": {
      "auc": 0.9092565137846192,
      "f1": 0.6068222621184919,
      "threshold": 0.7099999785423279
    }
  },
  "subgroups": {
    "sex_male": {
      "n": 1066,
      "macro_auc": 0.9202624585040571,
      "per_class_auc": [
        0.9459726122453405,
        0.921070159318194,
        0.9169808148384128,
        0.9068545870605366,
        0.9104341190578015
      ]
    },
    "sex_female": {
      "n": 1132,
      "macro_auc": 0.933334797049796,
      "per_class_auc": [
        0.9531517416691836,
        0.9339543135950322,
        0.9469212281236248,
        0.9240914063449617,
        0.9085552955161782
      ]
    },
    "age_lt45": {
      "n": 345,
      "macro_auc": 0.9210477223609391,
      "per_class_auc": [
        0.8891792704626335,
        0.9812193794229722,
        0.9622618760549795,
        0.837964361220175,
        0.9346137246439361
      ]
    },
    "age_45_65": {
      "n": 703,
      "macro_auc": 0.9247392521993808,
      "per_class_auc": [
        0.9316630747126438,
        0.9275243490359769,
        0.9470918101199791,
        0.9005466778805719,
        0.9168703492477324
      ]
    },
    "age_gt65": {
      "n": 1150,
      "macro_auc": 0.9153047441984267,
      "per_class_auc": [
        0.9493454012666604,
        0.9008634420320228,
        0.9091912798874824,
        0.9272404843970397,
        0.8898831134089283
      ]
    },
    "meta_complete": {
      "n": 660,
      "macro_auc": 0.9384901516533659,
      "per_class_auc": [
        0.9586767736237857,
        0.9346267828727426,
        0.9371192930780559,
        0.9451855445064273,
        0.9168423641858177
      ]
    },
    "meta_incomplete": {
      "n": 1538,
      "macro_auc": 0.9223769697360383,
      "per_class_auc": [
        0.9463881473155045,
        0.9256534193005101,
        0.9315087093145051,
        0.9042752476408181,
        0.9040593251088536
      ]
    },
    "fairness_sex_gap": 0.01307233854573897
  },
  "training_history": [
    {
      "epoch": 1,
      "train_loss": 0.6431220650672913,
      "val_auc": 0.8964314351473366,
      "val_f1": 0.6889959488303191,
      "val_auc_ecg": 0.8955749507985242,
      "val_delta_meta": -0.0003928457176215483,
      "lr": 0.0009755527298894294,
      "epoch_time_s": 240.3791332244873
    },
    {
      "epoch": 2,
      "train_loss": 0.5574132087033823,
      "val_auc": 0.911131103739206,
      "val_f1": 0.6907179103402401,
      "val_auc_ecg": 0.9096704085292387,
      "val_delta_meta": 0.0007165430265896333,
      "lr": 0.0009046039886902864,
      "epoch_time_s": 241.35821151733398
    },
    {
      "epoch": 3,
      "train_loss": 0.5199863805683381,
      "val_auc": 0.9114424850216404,
      "val_f1": 0.6953126828828508,
      "val_auc_ecg": 0.9101700536485737,
      "val_delta_meta": 0.0009441392037711216,
      "lr": 0.0007940987335200904,
      "epoch_time_s": 255.08674597740173
    },
    {
      "epoch": 4,
      "train_loss": 0.4914088595350948,
      "val_auc": 0.9188511790365907,
      "val_f1": 0.7059504278029467,
      "val_auc_ecg": 0.9173268697706108,
      "val_delta_meta": -6.227456522500674e-05,
      "lr": 0.0006548539886902864,
      "epoch_time_s": 261.2153789997101
    },
    {
      "epoch": 5,
      "train_loss": 0.47131652760943143,
      "val_auc": 0.9210764213599543,
      "val_f1": 0.7102082993324259,
      "val_auc_ecg": 0.9218910261715172,
      "val_delta_meta": -0.0012369819614995725,
      "lr": 0.0005005000000000001,
      "epoch_time_s": 259.6744303703308
    },
    {
      "epoch": 6,
      "train_loss": 0.4450893288358636,
      "val_auc": 0.9283175913696894,
      "val_f1": 0.7272566583818735,
      "val_auc_ecg": 0.9274108102866755,
      "val_delta_meta": 1.5014714693784015e-05,
      "lr": 0.0003461460113097139,
      "epoch_time_s": 261.04714465141296
    },
    {
      "epoch": 7,
      "train_loss": 0.42337792275148795,
      "val_auc": 0.9288514482793861,
      "val_f1": 0.7304583384915415,
      "val_auc_ecg": 0.9279006408410228,
      "val_delta_meta": 0.0006894814858159348,
      "lr": 0.00020690126647990973,
      "epoch_time_s": 261.2762658596039
    },
    {
      "epoch": 8,
      "train_loss": 0.396456006962225,
      "val_auc": 0.9289758420081391,
      "val_f1": 0.7291897158088358,
      "val_auc_ecg": 0.9281379962516321,
      "val_delta_meta": -6.686877004347114e-05,
      "lr": 9.639601130971382e-05,
      "epoch_time_s": 261.217910528183
    },
    {
      "epoch": 9,
      "train_loss": 0.3731223370230526,
      "val_auc": 0.9317187044576494,
      "val_f1": 0.734294719292992,
      "val_auc_ecg": 0.9312303095330406,
      "val_delta_meta": 7.642465943125121e-05,
      "lr": 2.5447270110570814e-05,
      "epoch_time_s": 261.88065934181213
    },
    {
      "epoch": 10,
      "train_loss": 0.3572923672582031,
      "val_auc": 0.930292874613287,
      "val_f1": 0.7405194150230618,
      "val_auc_ecg": 0.9293577881776928,
      "val_delta_meta": 0.00034103018261621987,
      "lr": 0.001,
      "epoch_time_s": 260.80695104599
    }
  ]
}