{
  "metadata": {
    "run_name": "ATLAS_A_v5_demo+anthro_lauc0.12_seed2029",
    "variant": "demo+anthro",
    "seed": 2029,
    "meta_hid": 128,
    "lauc_weight": 0.12,
    "no_aug": false,
    "arch_mode": "standard",
    "meta_mask_mode": "real",
    "test_fold": 10,
    "val_fold": 9,
    "timestamp": "2026-05-07T11:41:08.655874",
    "git_sha": "b8fda1f7a68a5b217a3f76d88337426561bd26e4",
    "analysis_plan_sha256": "4ad22e907fbd431a0b443255a3449c0560371997d5ee36a61e164de7aea5c3dc",
    "wall_time_s": 2875.28879237175,
    "train_time_s": 2821.5449645519257,
    "gpu_peak_mem_mb": 0,
    "num_parameters": 3951951,
    "dataset_sizes": {
      "train": 17418,
      "val": 2183,
      "test": 2198
    },
    "train_fold_ids": [
      1,
      2,
      3,
      4,
      5,
      6,
      7,
      8
    ],
    "pos_weights": [
      1.2930489778518677,
      2.9776203632354736,
      3.161012887954712,
      3.4581520557403564,
      7.21991491317749
    ],
    "loss_weights": {
      "fused": 0.48,
      "ecg": 0.3,
      "meta": 0.1,
      "lauc": 0.12
    },
    "hardware": {
      "python_version": "3.11.7 | packaged by Anaconda, Inc. | (main, Dec 15 2023, 18:05:47) [MSC v.1916 64 bit (AMD64)]",
      "torch_version": "2.3.1+cpu",
      "cuda_available": false,
      "numpy_version": "1.26.4",
      "sklearn_version": "1.4.2"
    },
    "best_val_auc": 0.9325094933279715,
    "best_val_epoch": 10
  },
  "test": {
    "macro_auc": 0.9292646911606542,
    "macro_auc_ecg": 0.9280166709082115,
    "macro_auc_no_meta": 0.928269437497727,
    "delta_meta_auc": 0.0009952536629272979,
    "macro_f1_optimal": 0.7553988524999482,
    "macro_f1_fixed_05": 0.7396910407021162,
    "w_fused": 1.0,
    "thresholds": [
      0.7099999785423279,
      0.5,
      0.6800000071525574,
      0.6800000071525574,
      0.6499999761581421
    ]
  },
  "per_class": {
    "NORM": {
      "auc": 0.9508771929824561,
      "f1": 0.8673366834170855,
      "threshold": 0.7099999785423279
    },
    "MI": {
      "auc": 0.9336473962930274,
      "f1": 0.7440719542109566,
      "threshold": 0.5
    },
    "STTC": {
      "auc": 0.9360811338225077,
      "f1": 0.7770700636942676,
      "threshold": 0.6800000071525574
    },
    "CD": {
      "auc": 0.9180482639020507,
      "f1": 0.7584789311408017,
      "threshold": 0.6800000071525574
    },
    "HYP": {
      "auc": 0.9076694688032301,
      "f1": 0.63003663003663,
      "threshold": 0.6499999761581421
    }
  },
  "subgroups": {
    "sex_male": {
      "n": 1066,
      "macro_auc": 0.920760126176576,
      "per_class_auc": [
        0.9446353901255181,
        0.9224119909183282,
        0.9190869349757531,
        0.9117016850426463,
        0.9059646298206334
      ]
    },
    "sex_female": {
      "n": 1132,
      "macro_auc": 0.937094286568539,
      "per_class_auc": [
        0.9573265881405416,
        0.9431278856428558,
        0.9501854565325674,
        0.9255109482713713,
        0.9093205542553586
      ]
    },
    "age_lt45": {
      "n": 345,
      "macro_auc": 0.9215590918861107,
      "per_class_auc": [
        0.8909030249110321,
        0.9869352204681546,
        0.9627441523993249,
        0.8461945031712473,
        0.9210185584807941
      ]
    },
    "age_45_65": {
      "n": 703,
      "macro_auc": 0.9269037196533066,
      "per_class_auc": [
        0.9335488505747126,
        0.9317233154442457,
        0.9472483046426708,
        0.906349873843566,
        0.9156482537613383
      ]
    },
    "age_gt65": {
      "n": 1150,
      "macro_auc": 0.9184715476497523,
      "per_class_auc": [
        0.9504127674323345,
        0.9091223069829826,
        0.9142299578059072,
        0.9282400808562469,
        0.8903526251712899
      ]
    },
    "meta_complete": {
      "n": 660,
      "macro_auc": 0.9419278248592571,
      "per_class_auc": [
        0.9626048719458346,
        0.9481744259040278,
        0.935340206185567,
        0.9462555820290766,
        0.9172640382317802
      ]
    },
    "meta_incomplete": {
      "n": 1538,
      "macro_auc": 0.9241877030194893,
      "per_class_auc": [
        0.9468599788022767,
        0.9283880941697837,
        0.9364840749505373,
        0.9077685950413221,
        0.9014377721335267
      ]
    },
    "fairness_sex_gap": 0.016334160391963004
  },
  "training_history": [
    {
      "epoch": 1,
      "train_loss": 0.6373968382494165,
      "val_auc": 0.8958332772864862,
      "val_f1": 0.6839007821922312,
      "val_auc_ecg": 0.8937439487759098,
      "val_delta_meta": 0.0008180461859920163,
      "lr": 0.0009755527298894294,
      "epoch_time_s": 241.73853850364685
    },
    {
      "epoch": 2,
      "train_loss": 0.5569993393683652,
      "val_auc": 0.9143049284558273,
      "val_f1": 0.7063917211879069,
      "val_auc_ecg": 0.9131739960341096,
      "val_delta_meta": 0.0007458042661440123,
      "lr": 0.0009046039886902864,
      "epoch_time_s": 241.55607628822327
    },
    {
      "epoch": 3,
      "train_loss": 0.5209457907654823,
      "val_auc": 0.9139435686373977,
      "val_f1": 0.6866030817106366,
      "val_auc_ecg": 0.9138368836870452,
      "val_delta_meta": -0.0005535771412666923,
      "lr": 0.0007940987335200904,
      "epoch_time_s": 256.5625419616699
    },
    {
      "epoch": 4,
      "train_loss": 0.4958501815795898,
      "val_auc": 0.919884277567714,
      "val_f1": 0.7123095856674627,
      "val_auc_ecg": 0.9190037525083904,
      "val_delta_meta": -2.7152884427672497e-05,
      "lr": 0.0006548539886902864,
      "epoch_time_s": 261.899493932724
    },
    {
      "epoch": 5,
      "train_loss": 0.4755676864210619,
      "val_auc": 0.9224279285959902,
      "val_f1": 0.7183975242173956,
      "val_auc_ecg": 0.9207737413790721,
      "val_delta_meta": -0.0002958317347253603,
      "lr": 0.0005005000000000001,
      "epoch_time_s": 260.83120942115784
    },
    {
      "epoch": 6,
      "train_loss": 0.4571040800405205,
      "val_auc": 0.9286427497618698,
      "val_f1": 0.724715660867035,
      "val_auc_ecg": 0.927483401396973,
      "val_delta_meta": 0.0008275477899273298,
      "lr": 0.0003461460113097139,
      "epoch_time_s": 262.30734276771545
    },
    {
      "epoch": 7,
      "train_loss": 0.43422366194768786,
      "val_auc": 0.9262551305190726,
      "val_f1": 0.7255701422839946,
      "val_auc_ecg": 0.9255145880300051,
      "val_delta_meta": 0.00024275989770461415,
      "lr": 0.00020690126647990973,
      "epoch_time_s": 261.228773355484
    },
    {
      "epoch": 8,
      "train_loss": 0.41555036393874284,
      "val_auc": 0.9312898888828075,
      "val_f1": 0.7346545911226527,
      "val_auc_ecg": 0.9309593659037384,
      "val_delta_meta": 0.0001336262540706512,
      "lr": 9.639601130971382e-05,
      "epoch_time_s": 262.16256403923035
    },
    {
      "epoch": 9,
      "train_loss": 0.3956346187569679,
      "val_auc": 0.9312889019918499,
      "val_f1": 0.7388992355912742,
      "val_auc_ecg": 0.9313140743512255,
      "val_delta_meta": -0.00012554752249716028,
      "lr": 2.5447270110570814e-05,
      "epoch_time_s": 294.5465886592865
    },
    {
      "epoch": 10,
      "train_loss": 0.38558133025781827,
      "val_auc": 0.9325094933279715,
      "val_f1": 0.7434915029168309,
      "val_auc_ecg": 0.9321742518903788,
      "val_delta_meta": 0.00022209896966995935,
      "lr": 0.001,
      "epoch_time_s": 470.004873752594
    }
  ]
}