{
  "metadata": {
    "run_name": "ATLAS_A_v5_demo+anthro_tf8_vf9_seed2025",
    "variant": "demo+anthro",
    "seed": 2025,
    "meta_hid": 128,
    "lauc_weight": 0.08,
    "no_aug": false,
    "arch_mode": "standard",
    "meta_mask_mode": "real",
    "test_fold": 8,
    "val_fold": 9,
    "timestamp": "2026-05-11T10:21:45.813743",
    "git_sha": "b8fda1f7a68a5b217a3f76d88337426561bd26e4",
    "analysis_plan_sha256": "4ad22e907fbd431a0b443255a3449c0560371997d5ee36a61e164de7aea5c3dc",
    "wall_time_s": 2644.2436769008636,
    "train_time_s": 2615.2092475891113,
    "gpu_peak_mem_mb": 0,
    "num_parameters": 3951951,
    "dataset_sizes": {
      "train": 17443,
      "val": 2183,
      "test": 2173
    },
    "train_fold_ids": [
      1,
      2,
      3,
      4,
      5,
      6,
      7,
      10
    ],
    "pos_weights": [
      1.2870067358016968,
      2.9724435806274414,
      3.1600286960601807,
      3.459984540939331,
      7.255087375640869
    ],
    "loss_weights": {
      "fused": 0.52,
      "ecg": 0.3,
      "meta": 0.1,
      "lauc": 0.08
    },
    "hardware": {
      "python_version": "3.11.7 | packaged by Anaconda, Inc. | (main, Dec 15 2023, 18:05:47) [MSC v.1916 64 bit (AMD64)]",
      "torch_version": "2.3.1+cpu",
      "cuda_available": false,
      "numpy_version": "1.26.4",
      "sklearn_version": "1.4.2"
    },
    "best_val_auc": 0.9329333661200359,
    "best_val_epoch": 8
  },
  "test": {
    "macro_auc": 0.9430047473208077,
    "macro_auc_ecg": 0.9423040861292048,
    "macro_auc_no_meta": 0.9416901088756271,
    "delta_meta_auc": 0.0013146384451806492,
    "macro_f1_optimal": 0.7657709041502441,
    "macro_f1_fixed_05": 0.7575039100845199,
    "w_fused": 1.0,
    "thresholds": [
      0.574999988079071,
      0.5299999713897705,
      0.7549999952316284,
      0.6949999928474426,
      0.574999988079071
    ]
  },
  "per_class": {
    "NORM": {
      "auc": 0.9591972070149712,
      "f1": 0.8698379508625196,
      "threshold": 0.574999988079071
    },
    "MI": {
      "auc": 0.9491945477075588,
      "f1": 0.7863993025283348,
      "threshold": 0.5299999713897705
    },
    "STTC": {
      "auc": 0.9433147341584518,
      "f1": 0.7678244972577697,
      "threshold": 0.7549999952316284
    },
    "CD": {
      "auc": 0.9385963639529316,
      "f1": 0.7841031149301826,
      "threshold": 0.6949999928474426
    },
    "HYP": {
      "auc": 0.9247208837701257,
      "f1": 0.6206896551724138,
      "threshold": 0.574999988079071
    }
  },
  "subgroups": {
    "sex_male": {
      "n": 1040,
      "macro_auc": 0.9434511378877891,
      "per_class_auc": [
        0.9557677585422591,
        0.9413018376572327,
        0.9440165348242432,
        0.9524690338563171,
        0.9237005245588935
      ]
    },
    "sex_female": {
      "n": 1133,
      "macro_auc": 0.9411016354045534,
      "per_class_auc": [
        0.9616366559051184,
        0.9511167747574384,
        0.9425732254846066,
        0.9250402053565905,
        0.9251413155190134
      ]
    },
    "age_lt45": {
      "n": 342,
      "macro_auc": 0.9549287084799054,
      "per_class_auc": [
        0.9412326803631151,
        0.9968253968253968,
        0.9356363043832492,
        0.9809556786703602,
        0.9199934821574058
      ]
    },
    "age_45_65": {
      "n": 776,
      "macro_auc": 0.9468517573210409,
      "per_class_auc": [
        0.9615095594347464,
        0.9546215687821642,
        0.9485064338235294,
        0.9315293685041585,
        0.9380918560606061
      ]
    },
    "age_gt65": {
      "n": 1055,
      "macro_auc": 0.9277428704763692,
      "per_class_auc": [
        0.945278675946731,
        0.9253032139388156,
        0.9290253898120576,
        0.9279903847828738,
        0.911116687901368
      ]
    },
    "meta_complete": {
      "n": 636,
      "macro_auc": 0.936265728012142,
      "per_class_auc": [
        0.9479729729729729,
        0.9294156846240179,
        0.9367425543398263,
        0.9501054912470777,
        0.9170919368768156
      ]
    },
    "meta_incomplete": {
      "n": 1537,
      "macro_auc": 0.9447799959290112,
      "per_class_auc": [
        0.9635101459594162,
        0.953656435789164,
        0.9456380595535467,
        0.9341846190877362,
        0.9269107192551926
      ]
    },
    "fairness_sex_gap": 0.0023495024832357325
  },
  "training_history": [
    {
      "epoch": 1,
      "train_loss": 0.6462074779656344,
      "val_auc": 0.8993934779652,
      "val_f1": 0.6590093792583918,
      "val_auc_ecg": 0.8955561429607736,
      "val_delta_meta": 0.002878953553875796,
      "lr": 0.0009755527298894294,
      "epoch_time_s": 244.1178367137909
    },
    {
      "epoch": 2,
      "train_loss": 0.5652294276561929,
      "val_auc": 0.9133322104748703,
      "val_f1": 0.7090063882720927,
      "val_auc_ecg": 0.9123791324169304,
      "val_delta_meta": 0.0008238485782194882,
      "lr": 0.0009046039886902864,
      "epoch_time_s": 243.32133102416992
    },
    {
      "epoch": 3,
      "train_loss": 0.5298558588757183,
      "val_auc": 0.9184505202547516,
      "val_f1": 0.7129056263028077,
      "val_auc_ecg": 0.9134241547948088,
      "val_delta_meta": 0.001053318821769067,
      "lr": 0.0007940987335200904,
      "epoch_time_s": 258.4383568763733
    },
    {
      "epoch": 4,
      "train_loss": 0.5050359359590999,
      "val_auc": 0.9207609509332247,
      "val_f1": 0.7161154322425863,
      "val_auc_ecg": 0.9175559739575462,
      "val_delta_meta": 0.0021328977038547192,
      "lr": 0.0006548539886902864,
      "epoch_time_s": 265.33650493621826
    },
    {
      "epoch": 5,
      "train_loss": 0.4880107664144956,
      "val_auc": 0.9281009756768761,
      "val_f1": 0.7225014961076907,
      "val_auc_ecg": 0.9273689328470528,
      "val_delta_meta": 0.0005910235310125911,
      "lr": 0.0005005000000000001,
      "epoch_time_s": 264.68386721611023
    },
    {
      "epoch": 6,
      "train_loss": 0.464337897060555,
      "val_auc": 0.9284285642162805,
      "val_f1": 0.7356364479600631,
      "val_auc_ecg": 0.9278569052327246,
      "val_delta_meta": 0.00033126658345494775,
      "lr": 0.0003461460113097139,
      "epoch_time_s": 265.0757427215576
    },
    {
      "epoch": 7,
      "train_loss": 0.44183316341031603,
      "val_auc": 0.9293513109527647,
      "val_f1": 0.7361893944525874,
      "val_auc_ecg": 0.9289213303312989,
      "val_delta_meta": 0.0001459645210492022,
      "lr": 0.00020690126647990973,
      "epoch_time_s": 265.7667407989502
    },
    {
      "epoch": 8,
      "train_loss": 0.4227331982645796,
      "val_auc": 0.9329333661200359,
      "val_f1": 0.7449795050373564,
      "val_auc_ecg": 0.9323088237827438,
      "val_delta_meta": 0.0008976533743190185,
      "lr": 9.639601130971382e-05,
      "epoch_time_s": 266.25614404678345
    },
    {
      "epoch": 9,
      "train_loss": 0.40294527016825726,
      "val_auc": 0.9320301647346663,
      "val_f1": 0.7437469629339061,
      "val_auc_ecg": 0.9319079509440101,
      "val_delta_meta": 0.0004761483153761237,
      "lr": 2.5447270110570814e-05,
      "epoch_time_s": 265.74704456329346
    },
    {
      "epoch": 10,
      "train_loss": 0.3913688488550239,
      "val_auc": 0.9326683597315322,
      "val_f1": 0.7430898277230116,
      "val_auc_ecg": 0.9324178498494126,
      "val_delta_meta": 0.0005605434173157064,
      "lr": 0.001,
      "epoch_time_s": 266.73014211654663
    }
  ]
}