{
  "metadata": {
    "run_name": "ATLAS_A_v5_demo+anthro_no_dropout_seed2024",
    "variant": "demo+anthro",
    "seed": 2024,
    "meta_hid": 128,
    "lauc_weight": 0.08,
    "no_aug": false,
    "arch_mode": "no_dropout",
    "meta_mask_mode": "real",
    "test_fold": 10,
    "val_fold": 9,
    "timestamp": "2026-05-10T07:53:20.688655",
    "git_sha": "b8fda1f7a68a5b217a3f76d88337426561bd26e4",
    "analysis_plan_sha256": "4ad22e907fbd431a0b443255a3449c0560371997d5ee36a61e164de7aea5c3dc",
    "wall_time_s": 2652.780420064926,
    "train_time_s": 2623.4818699359894,
    "gpu_peak_mem_mb": 0,
    "num_parameters": 3951951,
    "dataset_sizes": {
      "train": 17418,
      "val": 2183,
      "test": 2198
    },
    "train_fold_ids": [
      1,
      2,
      3,
      4,
      5,
      6,
      7,
      8
    ],
    "pos_weights": [
      1.2930489778518677,
      2.9776203632354736,
      3.161012887954712,
      3.4581520557403564,
      7.21991491317749
    ],
    "loss_weights": {
      "fused": 0.52,
      "ecg": 0.3,
      "meta": 0.1,
      "lauc": 0.08
    },
    "hardware": {
      "python_version": "3.11.7 | packaged by Anaconda, Inc. | (main, Dec 15 2023, 18:05:47) [MSC v.1916 64 bit (AMD64)]",
      "torch_version": "2.3.1+cpu",
      "cuda_available": false,
      "numpy_version": "1.26.4",
      "sklearn_version": "1.4.2"
    },
    "best_val_auc": 0.9323543381448701,
    "best_val_epoch": 10
  },
  "test": {
    "macro_auc": 0.9294925718911058,
    "macro_auc_ecg": 0.9286009907891943,
    "macro_auc_no_meta": 0.9282021164835956,
    "delta_meta_auc": 0.0012904554075101604,
    "macro_f1_optimal": 0.7548827273084343,
    "macro_f1_fixed_05": 0.7429253803399041,
    "w_fused": 1.0,
    "thresholds": [
      0.5899999737739563,
      0.45500001311302185,
      0.7250000238418579,
      0.7250000238418579,
      0.6499999761581421
    ]
  },
  "per_class": {
    "NORM": {
      "auc": 0.9516499131845909,
      "f1": 0.8653100775193798,
      "threshold": 0.5899999737739563
    },
    "MI": {
      "auc": 0.9304060017652251,
      "f1": 0.7473251028806585,
      "threshold": 0.45500001311302185
    },
    "STTC": {
      "auc": 0.9365091900466627,
      "f1": 0.7661596958174905,
      "threshold": 0.7250000238418579
    },
    "CD": {
      "auc": 0.9158283897501991,
      "f1": 0.7563025210084033,
      "threshold": 0.7250000238418579
    },
    "HYP": {
      "auc": 0.9130693647088511,
      "f1": 0.6393162393162393,
      "threshold": 0.6499999761581421
    }
  },
  "subgroups": {
    "sex_male": {
      "n": 1066,
      "macro_auc": 0.9204001459702639,
      "per_class_auc": [
        0.9447149006299401,
        0.9199616897354744,
        0.9194364801245973,
        0.9044934470563762,
        0.9133942123049316
      ]
    },
    "sex_female": {
      "n": 1132,
      "macro_auc": 0.9380932627018655,
      "per_class_auc": [
        0.9587832225913622,
        0.9387487650960705,
        0.9509205124113217,
        0.9290749969612251,
        0.9129388164493482
      ]
    },
    "age_lt45": {
      "n": 345,
      "macro_auc": 0.917650842317039,
      "per_class_auc": [
        0.8936832740213523,
        0.985302123026674,
        0.9664817940680009,
        0.8392479613409846,
        0.903539059128183
      ]
    },
    "age_45_65": {
      "n": 703,
      "macro_auc": 0.9244329304092597,
      "per_class_auc": [
        0.9307324320794148,
        0.9231887298747764,
        0.9506259780907668,
        0.8969722455845249,
        0.920645266416816
      ]
    },
    "age_gt65": {
      "n": 1150,
      "macro_auc": 0.9204844043938951,
      "per_class_auc": [
        0.9535085231748432,
        0.9072143515801827,
        0.912598452883263,
        0.930739072004265,
        0.8983616223269222
      ]
    },
    "meta_complete": {
      "n": 660,
      "macro_auc": 0.9424252386076614,
      "per_class_auc": [
        0.9638651751545482,
        0.9417071782069811,
        0.9396877761413843,
        0.9415902184303263,
        0.9252758451050671
      ]
    },
    "meta_incomplete": {
      "n": 1538,
      "macro_auc": 0.924074102703997,
      "per_class_auc": [
        0.9476076235478605,
        0.9262382059171899,
        0.9350753578771773,
        0.905417032999238,
        0.9060322931785196
      ]
    },
    "fairness_sex_gap": 0.017693116731601677
  },
  "training_history": [
    {
      "epoch": 1,
      "train_loss": 0.6392852807263716,
      "val_auc": 0.9057319754860265,
      "val_f1": 0.6669290620078698,
      "val_auc_ecg": 0.9036813560342196,
      "val_delta_meta": 0.0015891117398011412,
      "lr": 0.0009755527298894294,
      "epoch_time_s": 243.24612951278687
    },
    {
      "epoch": 2,
      "train_loss": 0.5499091660757677,
      "val_auc": 0.9174037984590655,
      "val_f1": 0.7053537161213818,
      "val_auc_ecg": 0.915933313028573,
      "val_delta_meta": 0.0009771188399847475,
      "lr": 0.0009046039886902864,
      "epoch_time_s": 243.49935126304626
    },
    {
      "epoch": 3,
      "train_loss": 0.5162317319747505,
      "val_auc": 0.9194665453287261,
      "val_f1": 0.7135848290330649,
      "val_auc_ecg": 0.9188559785971032,
      "val_delta_meta": 0.0007429001978611627,
      "lr": 0.0007940987335200904,
      "epoch_time_s": 260.5909116268158
    },
    {
      "epoch": 4,
      "train_loss": 0.4951947982158136,
      "val_auc": 0.9223781094087622,
      "val_f1": 0.7207784980529971,
      "val_auc_ecg": 0.9205840572301852,
      "val_delta_meta": 0.0004424073786930549,
      "lr": 0.0006548539886902864,
      "epoch_time_s": 266.4385323524475
    },
    {
      "epoch": 5,
      "train_loss": 0.4720999774582889,
      "val_auc": 0.9244419386058575,
      "val_f1": 0.7037465828356504,
      "val_auc_ecg": 0.9218914331513618,
      "val_delta_meta": 0.000722577536188318,
      "lr": 0.0005005000000000001,
      "epoch_time_s": 265.5506200790405
    },
    {
      "epoch": 6,
      "train_loss": 0.449566128603909,
      "val_auc": 0.9249810158625535,
      "val_f1": 0.7262076661096103,
      "val_auc_ecg": 0.9248691637774005,
      "val_delta_meta": -0.0003898341075402323,
      "lr": 0.0003461460113097139,
      "epoch_time_s": 266.6282489299774
    },
    {
      "epoch": 7,
      "train_loss": 0.429650636249726,
      "val_auc": 0.9313959617089473,
      "val_f1": 0.7380218656563982,
      "val_auc_ecg": 0.9309251086481438,
      "val_delta_meta": -0.00012932902007878333,
      "lr": 0.00020690126647990973,
      "epoch_time_s": 266.4039776325226
    },
    {
      "epoch": 8,
      "train_loss": 0.40594575038743674,
      "val_auc": 0.9298616685160317,
      "val_f1": 0.7363293213991637,
      "val_auc_ecg": 0.9298909628155074,
      "val_delta_meta": -0.00024086500598774485,
      "lr": 9.639601130971382e-05,
      "epoch_time_s": 266.85127234458923
    },
    {
      "epoch": 9,
      "train_loss": 0.3868102754201364,
      "val_auc": 0.9315315416162143,
      "val_f1": 0.7381531446346337,
      "val_auc_ecg": 0.9309209605101619,
      "val_delta_meta": 0.0007743678247703611,
      "lr": 2.5447270110570814e-05,
      "epoch_time_s": 266.89351177215576
    },
    {
      "epoch": 10,
      "train_loss": 0.3741993881693674,
      "val_auc": 0.9323543381448701,
      "val_f1": 0.7413837391263499,
      "val_auc_ecg": 0.9319688142727618,
      "val_delta_meta": 0.00031723057238808305,
      "lr": 0.001,
      "epoch_time_s": 267.0171673297882
    }
  ]
}