{
  "metadata": {
    "run_name": "ATLAS_A_v5_demo+anthro_no_residual_seed2030",
    "variant": "demo+anthro",
    "seed": 2030,
    "meta_hid": 128,
    "lauc_weight": 0.08,
    "no_aug": false,
    "arch_mode": "no_residual",
    "meta_mask_mode": "real",
    "test_fold": 10,
    "val_fold": 9,
    "timestamp": "2026-05-09T21:19:37.449255",
    "git_sha": "b8fda1f7a68a5b217a3f76d88337426561bd26e4",
    "analysis_plan_sha256": "4ad22e907fbd431a0b443255a3449c0560371997d5ee36a61e164de7aea5c3dc",
    "wall_time_s": 2620.2440321445465,
    "train_time_s": 2590.7953312397003,
    "gpu_peak_mem_mb": 0,
    "num_parameters": 3951951,
    "dataset_sizes": {
      "train": 17418,
      "val": 2183,
      "test": 2198
    },
    "train_fold_ids": [
      1,
      2,
      3,
      4,
      5,
      6,
      7,
      8
    ],
    "pos_weights": [
      1.2930489778518677,
      2.9776203632354736,
      3.161012887954712,
      3.4581520557403564,
      7.21991491317749
    ],
    "loss_weights": {
      "fused": 0.52,
      "ecg": 0.3,
      "meta": 0.1,
      "lauc": 0.08
    },
    "hardware": {
      "python_version": "3.11.7 | packaged by Anaconda, Inc. | (main, Dec 15 2023, 18:05:47) [MSC v.1916 64 bit (AMD64)]",
      "torch_version": "2.3.1+cpu",
      "cuda_available": false,
      "numpy_version": "1.26.4",
      "sklearn_version": "1.4.2"
    },
    "best_val_auc": 0.93226417399006,
    "best_val_epoch": 9
  },
  "test": {
    "macro_auc": 0.9269161528168178,
    "macro_auc_ecg": 0.9246267594370401,
    "macro_auc_no_meta": 0.9248464468791994,
    "delta_meta_auc": 0.00206970593761846,
    "macro_f1_optimal": 0.7389631526143438,
    "macro_f1_fixed_05": 0.7360745802013015,
    "w_fused": 1.0,
    "thresholds": [
      0.5299999713897705,
      0.6349999904632568,
      0.7099999785423279,
      0.7549999952316284,
      0.6050000190734863
    ]
  },
  "per_class": {
    "NORM": {
      "auc": 0.9482849227069591,
      "f1": 0.8602352941176471,
      "threshold": 0.5299999713897705
    },
    "MI": {
      "auc": 0.9242850838481906,
      "f1": 0.7232876712328767,
      "threshold": 0.6349999904632568
    },
    "STTC": {
      "auc": 0.9374465645054406,
      "f1": 0.7640878701050621,
      "threshold": 0.7099999785423279
    },
    "CD": {
      "auc": 0.9159385542625373,
      "f1": 0.7454350161117078,
      "threshold": 0.7549999952316284
    },
    "HYP": {
      "auc": 0.9086256387609615,
      "f1": 0.6017699115044248,
      "threshold": 0.6050000190734863
    }
  },
  "subgroups": {
    "sex_male": {
      "n": 1066,
      "macro_auc": 0.9169670303927757,
      "per_class_auc": [
        0.9412778783706129,
        0.9105008046127891,
        0.9226708789069413,
        0.9084460162263366,
        0.9019395738471989
      ]
    },
    "sex_female": {
      "n": 1132,
      "macro_auc": 0.9363268672673065,
      "per_class_auc": [
        0.95629467431793,
        0.9359785479545959,
        0.9497115389265283,
        0.9243258261126257,
        0.9153237490248524
      ]
    },
    "age_lt45": {
      "n": 345,
      "macro_auc": 0.9299847904450846,
      "per_class_auc": [
        0.8892348754448398,
        0.9844855743059336,
        0.9622618760549795,
        0.8532165508909695,
        0.9607250755287009
      ]
    },
    "age_45_65": {
      "n": 703,
      "macro_auc": 0.9247742883272727,
      "per_class_auc": [
        0.9277200888192267,
        0.9194494136354602,
        0.9538471570161711,
        0.9029156153630502,
        0.919939166802455
      ]
    },
    "age_gt65": {
      "n": 1150,
      "macro_auc": 0.9139729108652412,
      "per_class_auc": [
        0.9488609509405426,
        0.897842233213178,
        0.9125773558368495,
        0.9256744499442818,
        0.8849095643913545
      ]
    },
    "meta_complete": {
      "n": 660,
      "macro_auc": 0.937788940826209,
      "per_class_auc": [
        0.959219531939947,
        0.9385538475014235,
        0.9398762886597938,
        0.939407341884122,
        0.9118876941457587
      ]
    },
    "meta_incomplete": {
      "n": 1538,
      "macro_auc": 0.9222840161356766,
      "per_class_auc": [
        0.9442198040858526,
        0.918327637866103,
        0.9358366955037436,
        0.9072621768946721,
        0.9057737663280117
      ]
    },
    "fairness_sex_gap": 0.0193598368745308
  },
  "training_history": [
    {
      "epoch": 1,
      "train_loss": 0.6437334323148115,
      "val_auc": 0.9030076077065857,
      "val_f1": 0.6575473234421477,
      "val_auc_ecg": 0.8981165719023616,
      "val_delta_meta": 0.0023244379550385608,
      "lr": 0.0009755527298894294,
      "epoch_time_s": 242.62461829185486
    },
    {
      "epoch": 2,
      "train_loss": 0.5588422119070631,
      "val_auc": 0.9139478547761012,
      "val_f1": 0.6967051122330157,
      "val_auc_ecg": 0.912065871007569,
      "val_delta_meta": 0.0008412184229747988,
      "lr": 0.0009046039886902864,
      "epoch_time_s": 241.6704022884369
    },
    {
      "epoch": 3,
      "train_loss": 0.5243747627516405,
      "val_auc": 0.9184924858172969,
      "val_f1": 0.7061394083483907,
      "val_auc_ecg": 0.9184587267797044,
      "val_delta_meta": -0.0005056590736529643,
      "lr": 0.0007940987335200904,
      "epoch_time_s": 255.58089566230774
    },
    {
      "epoch": 4,
      "train_loss": 0.5024134707560233,
      "val_auc": 0.9234672345146198,
      "val_f1": 0.7281421007684867,
      "val_auc_ecg": 0.9233332566290858,
      "val_delta_meta": 0.00044405593476537497,
      "lr": 0.0006548539886902864,
      "epoch_time_s": 262.09477972984314
    },
    {
      "epoch": 5,
      "train_loss": 0.4767121938663885,
      "val_auc": 0.9270204467314773,
      "val_f1": 0.7241927516873011,
      "val_auc_ecg": 0.926003755568051,
      "val_delta_meta": 0.00017029259165046717,
      "lr": 0.0005005000000000001,
      "epoch_time_s": 262.7766287326813
    },
    {
      "epoch": 6,
      "train_loss": 0.4576235349572033,
      "val_auc": 0.9293582898413286,
      "val_f1": 0.7282980947353106,
      "val_auc_ecg": 0.9287045067697347,
      "val_delta_meta": -0.000202158943028663,
      "lr": 0.0003461460113097139,
      "epoch_time_s": 263.1985192298889
    },
    {
      "epoch": 7,
      "train_loss": 0.433120169442728,
      "val_auc": 0.9319204965194958,
      "val_f1": 0.7289998316086674,
      "val_auc_ecg": 0.9310062242050001,
      "val_delta_meta": 0.001047521744920843,
      "lr": 0.00020690126647990973,
      "epoch_time_s": 262.66660356521606
    },
    {
      "epoch": 8,
      "train_loss": 0.4123562491268193,
      "val_auc": 0.9304526165833259,
      "val_f1": 0.7349946432776824,
      "val_auc_ecg": 0.9296712423231167,
      "val_delta_meta": 0.00035365285816058023,
      "lr": 9.639601130971382e-05,
      "epoch_time_s": 263.49349641799927
    },
    {
      "epoch": 9,
      "train_loss": 0.3931443203479872,
      "val_auc": 0.93226417399006,
      "val_f1": 0.7453239125966152,
      "val_auc_ecg": 0.9312575455936054,
      "val_delta_meta": 0.0007183398711365641,
      "lr": 2.5447270110570814e-05,
      "epoch_time_s": 263.7709038257599
    },
    {
      "epoch": 10,
      "train_loss": 0.38269941117785394,
      "val_auc": 0.9319345222371155,
      "val_f1": 0.7456668697967436,
      "val_auc_ecg": 0.9313271103518819,
      "val_delta_meta": 0.0002857749764203499,
      "lr": 0.001,
      "epoch_time_s": 263.13608026504517
    }
  ]
}