{
  "metadata": {
    "run_name": "ATLAS_A_v5_demo+anthro_meta_only_seed2025",
    "variant": "demo+anthro",
    "seed": 2025,
    "meta_hid": 128,
    "lauc_weight": 0.08,
    "no_aug": false,
    "arch_mode": "meta_only",
    "meta_mask_mode": "real",
    "test_fold": 10,
    "val_fold": 9,
    "timestamp": "2026-05-08T14:02:06.908133",
    "git_sha": "b8fda1f7a68a5b217a3f76d88337426561bd26e4",
    "analysis_plan_sha256": "4ad22e907fbd431a0b443255a3449c0560371997d5ee36a61e164de7aea5c3dc",
    "wall_time_s": 2751.2044417858124,
    "train_time_s": 2696.90256357193,
    "gpu_peak_mem_mb": 0,
    "num_parameters": 3951951,
    "dataset_sizes": {
      "train": 17418,
      "val": 2183,
      "test": 2198
    },
    "train_fold_ids": [
      1,
      2,
      3,
      4,
      5,
      6,
      7,
      8
    ],
    "pos_weights": [
      1.2930489778518677,
      2.9776203632354736,
      3.161012887954712,
      3.4581520557403564,
      7.21991491317749
    ],
    "loss_weights": {
      "fused": 0.52,
      "ecg": 0.3,
      "meta": 0.1,
      "lauc": 0.08
    },
    "hardware": {
      "python_version": "3.11.7 | packaged by Anaconda, Inc. | (main, Dec 15 2023, 18:05:47) [MSC v.1916 64 bit (AMD64)]",
      "torch_version": "2.3.1+cpu",
      "cuda_available": false,
      "numpy_version": "1.26.4",
      "sklearn_version": "1.4.2"
    },
    "best_val_auc": 0.6927519674829066,
    "best_val_epoch": 1
  },
  "test": {
    "macro_auc": 0.6954485377353097,
    "macro_auc_ecg": 0.8923170567069441,
    "macro_auc_no_meta": 0.5,
    "delta_meta_auc": 0.19544853773530968,
    "macro_f1_optimal": 0.4648027159790873,
    "macro_f1_fixed_05": 0.4628890369472388,
    "w_fused": 1.0,
    "thresholds": [
      0.39500001072883606,
      0.45500001311302185,
      0.5149999856948853,
      0.5600000023841858,
      0.5149999856948853
    ]
  },
  "per_class": {
    "NORM": {
      "auc": 0.7836450700198856,
      "f1": 0.6970091027308193,
      "threshold": 0.39500001072883606
    },
    "MI": {
      "auc": 0.7058191747572815,
      "f1": 0.49589490968801314,
      "threshold": 0.45500001311302185
    },
    "STTC": {
      "auc": 0.6767139703130419,
      "f1": 0.4541010320478001,
      "threshold": 0.5149999856948853
    },
    "CD": {
      "auc": 0.6525600811189871,
      "f1": 0.4132231404958678,
      "threshold": 0.5600000023841858
    },
    "HYP": {
      "auc": 0.6585043924673523,
      "f1": 0.2637853949329359,
      "threshold": 0.5149999856948853
    }
  },
  "subgroups": {
    "sex_male": {
      "n": 1066,
      "macro_auc": 0.7030102881302749,
      "per_class_auc": [
        0.7881804021063056,
        0.7244213351224422,
        0.6700515026016778,
        0.6505746827543166,
        0.6818235180666314
      ]
    },
    "sex_female": {
      "n": 1132,
      "macro_auc": 0.6920683739801543,
      "per_class_auc": [
        0.7912450921171851,
        0.6892437347527168,
        0.6793004395827591,
        0.6639093403254094,
        0.6366432631227015
      ]
    },
    "age_lt45": {
      "n": 345,
      "macro_auc": 0.6189540388974218,
      "per_class_auc": [
        0.6023131672597866,
        0.6804572672836147,
        0.6417289606944779,
        0.5465116279069767,
        0.6237591713422529
      ]
    },
    "age_45_65": {
      "n": 703,
      "macro_auc": 0.627554984805724,
      "per_class_auc": [
        0.6479354427899686,
        0.6658281156827668,
        0.6488393322900365,
        0.5648303896832072,
        0.6103416435826408
      ]
    },
    "age_gt65": {
      "n": 1150,
      "macro_auc": 0.6183348619067216,
      "per_class_auc": [
        0.7077642026656584,
        0.6063643222399195,
        0.5775210970464135,
        0.6277280653365864,
        0.5722966222450305
      ]
    },
    "meta_complete": {
      "n": 660,
      "macro_auc": 0.7033452546628812,
      "per_class_auc": [
        0.7757626214306741,
        0.730302632155214,
        0.6675287187039765,
        0.6641580231413449,
        0.6789742778831964
      ]
    },
    "meta_incomplete": {
      "n": 1538,
      "macro_auc": 0.6848106782030601,
      "per_class_auc": [
        0.7873349673967911,
        0.6858770842326642,
        0.6795617216898786,
        0.643571889103804,
        0.6277077285921626
      ]
    },
    "fairness_sex_gap": 0.01094191415012058
  },
  "training_history": [
    {
      "epoch": 1,
      "train_loss": 0.8287200630257983,
      "val_auc": 0.6927519674829066,
      "val_f1": 0.4628682847884174,
      "val_auc_ecg": 0.9040233342338901,
      "val_delta_meta": 0.19275196748290657,
      "lr": 0.0009755527298894294,
      "epoch_time_s": 243.1159770488739
    },
    {
      "epoch": 2,
      "train_loss": 0.7924343439417147,
      "val_auc": 0.6853477388004888,
      "val_f1": 0.4499527832894444,
      "val_auc_ecg": 0.9071269872057137,
      "val_delta_meta": 0.18534773880048883,
      "lr": 0.0009046039886902864,
      "epoch_time_s": 243.33230829238892
    },
    {
      "epoch": 3,
      "train_loss": 0.7799954767620891,
      "val_auc": 0.6865536054679435,
      "val_f1": 0.4504078465462477,
      "val_auc_ecg": 0.9130218262481016,
      "val_delta_meta": 0.18655360546794353,
      "lr": 0.0007940987335200904,
      "epoch_time_s": 244.64939665794373
    },
    {
      "epoch": 4,
      "train_loss": 0.7698063751973143,
      "val_auc": 0.6859638986750629,
      "val_f1": 0.45197854518421804,
      "val_auc_ecg": 0.9180859174022308,
      "val_delta_meta": 0.1859638986750629,
      "lr": 0.0006548539886902864,
      "epoch_time_s": 317.6224842071533
    },
    {
      "epoch": 5,
      "train_loss": 0.7599126393641901,
      "val_auc": 0.6866401905812893,
      "val_f1": 0.455027223167367,
      "val_auc_ecg": 0.920589706994479,
      "val_delta_meta": 0.18664019058128933,
      "lr": 0.0005005000000000001,
      "epoch_time_s": 408.97110986709595
    },
    {
      "epoch": 6,
      "train_loss": 0.7502624193462757,
      "val_auc": 0.6922323059009932,
      "val_f1": 0.46298216540773085,
      "val_auc_ecg": 0.9260858769373204,
      "val_delta_meta": 0.19223230590099316,
      "lr": 0.0003461460113097139,
      "epoch_time_s": 247.16048049926758
    },
    {
      "epoch": 7,
      "train_loss": 0.7420918914156223,
      "val_auc": 0.689958716415121,
      "val_f1": 0.45934924569850943,
      "val_auc_ecg": 0.9283780914402682,
      "val_delta_meta": 0.18995871641512097,
      "lr": 0.00020690126647990973,
      "epoch_time_s": 246.97004413604736
    },
    {
      "epoch": 8,
      "train_loss": 0.7325443939331475,
      "val_auc": 0.6883580540646765,
      "val_f1": 0.4586673864714911,
      "val_auc_ecg": 0.9282492463311731,
      "val_delta_meta": 0.18835805406467654,
      "lr": 9.639601130971382e-05,
      "epoch_time_s": 246.85836338996887
    },
    {
      "epoch": 9,
      "train_loss": 0.7251779867968428,
      "val_auc": 0.6877508738374541,
      "val_f1": 0.45949384313758623,
      "val_auc_ecg": 0.9297517410203355,
      "val_delta_meta": 0.18775087383745415,
      "lr": 2.5447270110570814e-05,
      "epoch_time_s": 247.13722395896912
    },
    {
      "epoch": 10,
      "train_loss": 0.7201045740635024,
      "val_auc": 0.6906014161346444,
      "val_f1": 0.46038014226098867,
      "val_auc_ecg": 0.9303812180575637,
      "val_delta_meta": 0.19060141613464443,
      "lr": 0.001,
      "epoch_time_s": 246.851904630661
    }
  ]
}