{
  "metadata": {
    "run_name": "ATLAS_A_v5_demo+anthro_tf7_vf8_seed2026",
    "variant": "demo+anthro",
    "seed": 2026,
    "meta_hid": 128,
    "lauc_weight": 0.08,
    "no_aug": false,
    "arch_mode": "standard",
    "meta_mask_mode": "real",
    "test_fold": 7,
    "val_fold": 8,
    "timestamp": "2026-05-11T07:25:01.580576",
    "git_sha": "b8fda1f7a68a5b217a3f76d88337426561bd26e4",
    "analysis_plan_sha256": "4ad22e907fbd431a0b443255a3449c0560371997d5ee36a61e164de7aea5c3dc",
    "wall_time_s": 2642.7950098514557,
    "train_time_s": 2613.621420145035,
    "gpu_peak_mem_mb": 0,
    "num_parameters": 3951951,
    "dataset_sizes": {
      "train": 17450,
      "val": 2173,
      "test": 2176
    },
    "train_fold_ids": [
      1,
      2,
      3,
      4,
      5,
      6,
      9,
      10
    ],
    "pos_weights": [
      1.2924330234527588,
      2.9831089973449707,
      3.1537728309631348,
      3.4424643516540527,
      7.242796421051025
    ],
    "loss_weights": {
      "fused": 0.52,
      "ecg": 0.3,
      "meta": 0.1,
      "lauc": 0.08
    },
    "hardware": {
      "python_version": "3.11.7 | packaged by Anaconda, Inc. | (main, Dec 15 2023, 18:05:47) [MSC v.1916 64 bit (AMD64)]",
      "torch_version": "2.3.1+cpu",
      "cuda_available": false,
      "numpy_version": "1.26.4",
      "sklearn_version": "1.4.2"
    },
    "best_val_auc": 0.9450739796361031,
    "best_val_epoch": 10
  },
  "test": {
    "macro_auc": 0.9433428340780055,
    "macro_auc_ecg": 0.9419664731133773,
    "macro_auc_no_meta": 0.9416982126030355,
    "delta_meta_auc": 0.0016446214749699095,
    "macro_f1_optimal": 0.7665177839765743,
    "macro_f1_fixed_05": 0.7613727707051468,
    "w_fused": 1.0,
    "thresholds": [
      0.6949999928474426,
      0.6650000214576721,
      0.5899999737739563,
      0.6650000214576721,
      0.6650000214576721
    ]
  },
  "per_class": {
    "NORM": {
      "auc": 0.9644936827888051,
      "f1": 0.8772298006295908,
      "threshold": 0.6949999928474426
    },
    "MI": {
      "auc": 0.945429945208543,
      "f1": 0.780053428317008,
      "threshold": 0.6650000214576721
    },
    "STTC": {
      "auc": 0.928628994797473,
      "f1": 0.7385677308024159,
      "threshold": 0.5899999737739563
    },
    "CD": {
      "auc": 0.9429774630256615,
      "f1": 0.7953586497890295,
      "threshold": 0.6650000214576721
    },
    "HYP": {
      "auc": 0.9351840845695447,
      "f1": 0.6413793103448275,
      "threshold": 0.6650000214576721
    }
  },
  "subgroups": {
    "sex_male": {
      "n": 1039,
      "macro_auc": 0.9405025816411448,
      "per_class_auc": [
        0.9627188106778128,
        0.9424172151553388,
        0.9303696480808439,
        0.9295207984625875,
        0.9374864358291408
      ]
    },
    "sex_female": {
      "n": 1137,
      "macro_auc": 0.9443971758857233,
      "per_class_auc": [
        0.9654091498377848,
        0.9456750741839763,
        0.9268959815656855,
        0.9520432535008506,
        0.9319624203403193
      ]
    },
    "age_lt45": {
      "n": 351,
      "macro_auc": 0.9573545614136858,
      "per_class_auc": [
        0.9514997458057957,
        0.9694189602446484,
        0.9653030627543371,
        0.9436708860759494,
        0.9568801521876982
      ]
    },
    "age_45_65": {
      "n": 758,
      "macro_auc": 0.950399744104458,
      "per_class_auc": [
        0.9584759584759586,
        0.9566747001301975,
        0.935803537101115,
        0.9441819832867802,
        0.9568625415282392
      ]
    },
    "age_gt65": {
      "n": 1067,
      "macro_auc": 0.9269928336258582,
      "per_class_auc": [
        0.9615709288073961,
        0.9234075524019247,
        0.9058294629034179,
        0.9357529325195862,
        0.9084032914969661
      ]
    },
    "meta_complete": {
      "n": 657,
      "macro_auc": 0.9331606648346087,
      "per_class_auc": [
        0.9464649835020206,
        0.9412123012925271,
        0.9304537890266014,
        0.9159663865546218,
        0.9317058637972732
      ]
    },
    "meta_incomplete": {
      "n": 1519,
      "macro_auc": 0.9472592486334562,
      "per_class_auc": [
        0.9712265807028182,
        0.9463922106607306,
        0.9279494930502322,
        0.9549619894343512,
        0.9357659693191486
      ]
    },
    "fairness_sex_gap": 0.0038945942445784976
  },
  "training_history": [
    {
      "epoch": 1,
      "train_loss": 0.6528739918828447,
      "val_auc": 0.9105182788198161,
      "val_f1": 0.6913611617864112,
      "val_auc_ecg": 0.9056458868025082,
      "val_delta_meta": 0.003734027742619994,
      "lr": 0.0009755527298894294,
      "epoch_time_s": 243.51406240463257
    },
    {
      "epoch": 2,
      "train_loss": 0.5677941951887074,
      "val_auc": 0.9209549558080248,
      "val_f1": 0.7009295203678378,
      "val_auc_ecg": 0.9178075550798889,
      "val_delta_meta": 0.001709241511447579,
      "lr": 0.0009046039886902864,
      "epoch_time_s": 243.16979813575745
    },
    {
      "epoch": 3,
      "train_loss": 0.5398461060537086,
      "val_auc": 0.9277054443383627,
      "val_f1": 0.7305541014677452,
      "val_auc_ecg": 0.9259996596418425,
      "val_delta_meta": 0.001614279621286352,
      "lr": 0.0007940987335200904,
      "epoch_time_s": 258.7868492603302
    },
    {
      "epoch": 4,
      "train_loss": 0.5112747141183951,
      "val_auc": 0.9360130955849442,
      "val_f1": 0.7439991646988247,
      "val_auc_ecg": 0.933696286362302,
      "val_delta_meta": 0.0019126500092917498,
      "lr": 0.0006548539886902864,
      "epoch_time_s": 265.5844268798828
    },
    {
      "epoch": 5,
      "train_loss": 0.487188479075065,
      "val_auc": 0.938794636851866,
      "val_f1": 0.7200687271910522,
      "val_auc_ecg": 0.9379826383918498,
      "val_delta_meta": 0.0019500644802082912,
      "lr": 0.0005005000000000001,
      "epoch_time_s": 264.6150851249695
    },
    {
      "epoch": 6,
      "train_loss": 0.4696982779127338,
      "val_auc": 0.9402219868053822,
      "val_f1": 0.743868243541327,
      "val_auc_ecg": 0.9391234679104026,
      "val_delta_meta": 0.0017208292056712926,
      "lr": 0.0003461460113097139,
      "epoch_time_s": 265.2058160305023
    },
    {
      "epoch": 7,
      "train_loss": 0.44613617006348166,
      "val_auc": 0.942354466750194,
      "val_f1": 0.7611218895909282,
      "val_auc_ecg": 0.9413072872992991,
      "val_delta_meta": 0.001625034451540719,
      "lr": 0.00020690126647990973,
      "epoch_time_s": 265.1161410808563
    },
    {
      "epoch": 8,
      "train_loss": 0.42323198439655724,
      "val_auc": 0.9445112326129781,
      "val_f1": 0.754135234789813,
      "val_auc_ecg": 0.9437190378617105,
      "val_delta_meta": 0.0014291494893552414,
      "lr": 9.639601130971382e-05,
      "epoch_time_s": 265.4756157398224
    },
    {
      "epoch": 9,
      "train_loss": 0.4076576809852551,
      "val_auc": 0.9432354311512456,
      "val_f1": 0.7600786947816959,
      "val_auc_ecg": 0.9422350885930108,
      "val_delta_meta": 0.0016201950391436792,
      "lr": 2.5447270110570814e-05,
      "epoch_time_s": 266.22933864593506
    },
    {
      "epoch": 10,
      "train_loss": 0.39320392671958865,
      "val_auc": 0.9450739796361031,
      "val_f1": 0.7615428183538878,
      "val_auc_ecg": 0.9443037517236135,
      "val_delta_meta": 0.0014022458425797524,
      "lr": 0.001,
      "epoch_time_s": 265.710702419281
    }
  ]
}