{
  "metadata": {
    "run_name": "ATLAS_A_v5_demo+anthro_meta_only_seed2032",
    "variant": "demo+anthro",
    "seed": 2032,
    "meta_hid": 128,
    "lauc_weight": 0.08,
    "no_aug": false,
    "arch_mode": "meta_only",
    "meta_mask_mode": "real",
    "test_fold": 10,
    "val_fold": 9,
    "timestamp": "2026-05-08T18:51:43.082981",
    "git_sha": "b8fda1f7a68a5b217a3f76d88337426561bd26e4",
    "analysis_plan_sha256": "4ad22e907fbd431a0b443255a3449c0560371997d5ee36a61e164de7aea5c3dc",
    "wall_time_s": 2490.7812416553497,
    "train_time_s": 2461.316772222519,
    "gpu_peak_mem_mb": 0,
    "num_parameters": 3951951,
    "dataset_sizes": {
      "train": 17418,
      "val": 2183,
      "test": 2198
    },
    "train_fold_ids": [
      1,
      2,
      3,
      4,
      5,
      6,
      7,
      8
    ],
    "pos_weights": [
      1.2930489778518677,
      2.9776203632354736,
      3.161012887954712,
      3.4581520557403564,
      7.21991491317749
    ],
    "loss_weights": {
      "fused": 0.52,
      "ecg": 0.3,
      "meta": 0.1,
      "lauc": 0.08
    },
    "hardware": {
      "python_version": "3.11.7 | packaged by Anaconda, Inc. | (main, Dec 15 2023, 18:05:47) [MSC v.1916 64 bit (AMD64)]",
      "torch_version": "2.3.1+cpu",
      "cuda_available": false,
      "numpy_version": "1.26.4",
      "sklearn_version": "1.4.2"
    },
    "best_val_auc": 0.6945104403075656,
    "best_val_epoch": 3
  },
  "test": {
    "macro_auc": 0.6975107721313407,
    "macro_auc_ecg": 0.9045827767935546,
    "macro_auc_no_meta": 0.5,
    "delta_meta_auc": 0.19751077213134072,
    "macro_f1_optimal": 0.4685972548860988,
    "macro_f1_fixed_05": 0.45766707715282806,
    "w_fused": 1.0,
    "thresholds": [
      0.3799999952316284,
      0.45500001311302185,
      0.5,
      0.5149999856948853,
      0.5450000166893005
    ]
  },
  "per_class": {
    "NORM": {
      "auc": 0.7767095068128025,
      "f1": 0.7012635379061372,
      "threshold": 0.3799999952316284
    },
    "MI": {
      "auc": 0.6999271844660194,
      "f1": 0.490174672489083,
      "threshold": 0.45500001311302185
    },
    "STTC": {
      "auc": 0.6846135533588107,
      "f1": 0.45787139689578715,
      "threshold": 0.5
    },
    "CD": {
      "auc": 0.6493244427807893,
      "f1": 0.4129195693476884,
      "threshold": 0.5149999856948853
    },
    "HYP": {
      "auc": 0.6769791732382815,
      "f1": 0.2807570977917981,
      "threshold": 0.5450000166893005
    }
  },
  "subgroups": {
    "sex_male": {
      "n": 1066,
      "macro_auc": 0.6981171459215691,
      "per_class_auc": [
        0.7800721377121936,
        0.7123934678081959,
        0.6712704860004955,
        0.6416215935094653,
        0.6852280445774949
      ]
    },
    "sex_female": {
      "n": 1132,
      "macro_auc": 0.7030096501703021,
      "per_class_auc": [
        0.789266208597604,
        0.6906651343777093,
        0.6930754834684966,
        0.6700476653527583,
        0.6719937590549426
      ]
    },
    "age_lt45": {
      "n": 345,
      "macro_auc": 0.6281140715410176,
      "per_class_auc": [
        0.586326734875445,
        0.6461622210125204,
        0.666385338799132,
        0.6110314104500151,
        0.6306646525679758
      ]
    },
    "age_45_65": {
      "n": 703,
      "macro_auc": 0.6403357493816136,
      "per_class_auc": [
        0.65110697492163,
        0.6550884516000794,
        0.6866588419405322,
        0.568650126156434,
        0.6401743522893922
      ]
    },
    "age_gt65": {
      "n": 1150,
      "macro_auc": 0.6107059647064091,
      "per_class_auc": [
        0.6811450357626744,
        0.5861044513370777,
        0.5812429676511954,
        0.6117956084395557,
        0.5932417603415425
      ]
    },
    "meta_complete": {
      "n": 660,
      "macro_auc": 0.7053919977007611,
      "per_class_auc": [
        0.7740607521342362,
        0.714098016029431,
        0.686238586156112,
        0.6664550370232982,
        0.686107597160728
      ]
    },
    "meta_incomplete": {
      "n": 1538,
      "macro_auc": 0.6888786184466722,
      "per_class_auc": [
        0.781233249548551,
        0.6852359454511043,
        0.6841830895759786,
        0.6434323896606295,
        0.6503084179970973
      ]
    },
    "fairness_sex_gap": 0.004892504248732998
  },
  "training_history": [
    {
      "epoch": 1,
      "train_loss": 0.8299410132093167,
      "val_auc": 0.6841813104028698,
      "val_f1": 0.45555029185528984,
      "val_auc_ecg": 0.9002179267736878,
      "val_delta_meta": 0.18418131040286978,
      "lr": 0.0009755527298894294,
      "epoch_time_s": 243.18067073822021
    },
    {
      "epoch": 2,
      "train_loss": 0.7918335341532295,
      "val_auc": 0.6885324131618257,
      "val_f1": 0.45797402242183666,
      "val_auc_ecg": 0.9124112984341967,
      "val_delta_meta": 0.18853241316182567,
      "lr": 0.0009046039886902864,
      "epoch_time_s": 242.3473482131958
    },
    {
      "epoch": 3,
      "train_loss": 0.7791068128489573,
      "val_auc": 0.6945104403075656,
      "val_f1": 0.46458347317893767,
      "val_auc_ecg": 0.9131188887893918,
      "val_delta_meta": 0.1945104403075656,
      "lr": 0.0007940987335200904,
      "epoch_time_s": 244.07791709899902
    },
    {
      "epoch": 4,
      "train_loss": 0.772081755279401,
      "val_auc": 0.6897085846212482,
      "val_f1": 0.4567580064341361,
      "val_auc_ecg": 0.9221084157545582,
      "val_delta_meta": 0.18970858462124818,
      "lr": 0.0006548539886902864,
      "epoch_time_s": 245.7329466342926
    },
    {
      "epoch": 5,
      "train_loss": 0.7597091054697649,
      "val_auc": 0.6907953122634757,
      "val_f1": 0.4617163117827589,
      "val_auc_ecg": 0.9248897233989627,
      "val_delta_meta": 0.19079531226347568,
      "lr": 0.0005005000000000001,
      "epoch_time_s": 245.6172113418579
    },
    {
      "epoch": 6,
      "train_loss": 0.7505774338311012,
      "val_auc": 0.6920108124616005,
      "val_f1": 0.4599378297084894,
      "val_auc_ecg": 0.9290852663587053,
      "val_delta_meta": 0.19201081246160046,
      "lr": 0.0003461460113097139,
      "epoch_time_s": 246.14183712005615
    },
    {
      "epoch": 7,
      "train_loss": 0.7429411086467428,
      "val_auc": 0.6890279376315094,
      "val_f1": 0.4567958794748721,
      "val_auc_ecg": 0.9274582081862224,
      "val_delta_meta": 0.18902793763150938,
      "lr": 0.00020690126647990973,
      "epoch_time_s": 246.5630660057068
    },
    {
      "epoch": 8,
      "train_loss": 0.7307016187851582,
      "val_auc": 0.6893083554665652,
      "val_f1": 0.457038172921131,
      "val_auc_ecg": 0.9291545954206333,
      "val_delta_meta": 0.18930835546656521,
      "lr": 9.639601130971382e-05,
      "epoch_time_s": 247.15044617652893
    },
    {
      "epoch": 9,
      "train_loss": 0.7218294257417731,
      "val_auc": 0.6916710910785329,
      "val_f1": 0.45989368871865094,
      "val_auc_ecg": 0.9282019620549153,
      "val_delta_meta": 0.19167109107853286,
      "lr": 2.5447270110570814e-05,
      "epoch_time_s": 247.51556825637817
    },
    {
      "epoch": 10,
      "train_loss": 0.7151947421765109,
      "val_auc": 0.6909541878410252,
      "val_f1": 0.45881058390679075,
      "val_auc_ecg": 0.9311452309316166,
      "val_delta_meta": 0.19095418784102525,
      "lr": 0.001,
      "epoch_time_s": 247.38149905204773
    }
  ]
}