{
  "metadata": {
    "run_name": "ATLAS_A_v5_demo+anthro_metaH32_seed2031",
    "variant": "demo+anthro",
    "seed": 2031,
    "meta_hid": 32,
    "lauc_weight": 0.08,
    "no_aug": false,
    "arch_mode": "standard",
    "meta_mask_mode": "real",
    "test_fold": 10,
    "val_fold": 9,
    "timestamp": "2026-05-06T00:18:22.632426",
    "git_sha": "b8fda1f7a68a5b217a3f76d88337426561bd26e4",
    "analysis_plan_sha256": "4ad22e907fbd431a0b443255a3449c0560371997d5ee36a61e164de7aea5c3dc",
    "wall_time_s": 2643.824541568756,
    "train_time_s": 2614.3016562461853,
    "gpu_peak_mem_mb": 0,
    "num_parameters": 3926895,
    "dataset_sizes": {
      "train": 17418,
      "val": 2183,
      "test": 2198
    },
    "train_fold_ids": [
      1,
      2,
      3,
      4,
      5,
      6,
      7,
      8
    ],
    "pos_weights": [
      1.2930489778518677,
      2.9776203632354736,
      3.161012887954712,
      3.4581520557403564,
      7.21991491317749
    ],
    "loss_weights": {
      "fused": 0.52,
      "ecg": 0.3,
      "meta": 0.1,
      "lauc": 0.08
    },
    "hardware": {
      "python_version": "3.11.7 | packaged by Anaconda, Inc. | (main, Dec 15 2023, 18:05:47) [MSC v.1916 64 bit (AMD64)]",
      "torch_version": "2.3.1+cpu",
      "cuda_available": false,
      "numpy_version": "1.26.4",
      "sklearn_version": "1.4.2"
    },
    "best_val_auc": 0.9318752251345093,
    "best_val_epoch": 10
  },
  "test": {
    "macro_auc": 0.9273546928488544,
    "macro_auc_ecg": 0.9264222599672001,
    "macro_auc_no_meta": 0.9258764734466854,
    "delta_meta_auc": 0.0014782194021689676,
    "macro_f1_optimal": 0.7438732784173843,
    "macro_f1_fixed_05": 0.7370431043657539,
    "w_fused": 1.0,
    "thresholds": [
      0.7400000095367432,
      0.5899999737739563,
      0.6200000047683716,
      0.7099999785423279,
      0.6949999928474426
    ]
  },
  "per_class": {
    "NORM": {
      "auc": 0.9499018334237221,
      "f1": 0.8622754491017964,
      "threshold": 0.7400000095367432
    },
    "MI": {
      "auc": 0.9260800970873786,
      "f1": 0.717948717948718,
      "threshold": 0.5899999737739563
    },
    "STTC": {
      "auc": 0.93590258630655,
      "f1": 0.7686768676867687,
      "threshold": 0.6200000047683716
    },
    "CD": {
      "auc": 0.9180672169364315,
      "f1": 0.7471383975026015,
      "threshold": 0.7099999785423279
    },
    "HYP": {
      "auc": 0.90682173049019,
      "f1": 0.6233269598470363,
      "threshold": 0.6949999928474426
    }
  },
  "subgroups": {
    "sex_male": {
      "n": 1066,
      "macro_auc": 0.9190252745304793,
      "per_class_auc": [
        0.9454304951697369,
        0.9138942772826938,
        0.9201488442886978,
        0.9085812356979404,
        0.9070715202133279
      ]
    },
    "sex_female": {
      "n": 1132,
      "macro_auc": 0.9349904107888461,
      "per_class_auc": [
        0.9548632084969294,
        0.9359987096514042,
        0.9488652574871728,
        0.9282892566288702,
        0.9069356216798545
      ]
    },
    "age_lt45": {
      "n": 345,
      "macro_auc": 0.9220231736838975,
      "per_class_auc": [
        0.8955738434163701,
        0.9795862819814916,
        0.9637087050880154,
        0.8508758683177288,
        0.9203711696158825
      ]
    },
    "age_45_65": {
      "n": 703,
      "macro_auc": 0.9241202011583644,
      "per_class_auc": [
        0.9282425548589341,
        0.9232135758298549,
        0.9474569640062598,
        0.9038127277824503,
        0.9178751833143229
      ]
    },
    "age_gt65": {
      "n": 1150,
      "macro_auc": 0.9170626667197604,
      "per_class_auc": [
        0.9521418218483159,
        0.9003001089781204,
        0.9141701828410689,
        0.9292766994065359,
        0.8894245205247613
      ]
    },
    "meta_complete": {
      "n": 660,
      "macro_auc": 0.9412993436619725,
      "per_class_auc": [
        0.9625036797173978,
        0.9431086585205624,
        0.9391340206185567,
        0.9466122612032929,
        0.9151380982500528
      ]
    },
    "meta_incomplete": {
      "n": 1538,
      "macro_auc": 0.9211985400781275,
      "per_class_auc": [
        0.9450472438622877,
        0.9195248555577057,
        0.9339818442797844,
        0.9072527987808452,
        0.9001859579100145
      ]
    },
    "fairness_sex_gap": 0.01596513625836682
  },
  "training_history": [
    {
      "epoch": 1,
      "train_loss": 0.6512213717906847,
      "val_auc": 0.9022681730847761,
      "val_f1": 0.6900729579397495,
      "val_auc_ecg": 0.900489152073589,
      "val_delta_meta": 0.0017872203818211085,
      "lr": 0.0009755527298894294,
      "epoch_time_s": 243.12286567687988
    },
    {
      "epoch": 2,
      "train_loss": 0.5611135503567687,
      "val_auc": 0.9132460296511088,
      "val_f1": 0.7064486807982228,
      "val_auc_ecg": 0.9126029482816096,
      "val_delta_meta": -0.0004287539745909674,
      "lr": 0.0009046039886902864,
      "epoch_time_s": 243.39497637748718
    },
    {
      "epoch": 3,
      "train_loss": 0.5238519635222374,
      "val_auc": 0.9192367851143493,
      "val_f1": 0.7125110870493242,
      "val_auc_ecg": 0.9177433974034095,
      "val_delta_meta": 0.00010802398424392123,
      "lr": 0.0007940987335200904,
      "epoch_time_s": 259.48404240608215
    },
    {
      "epoch": 4,
      "train_loss": 0.49924133119233155,
      "val_auc": 0.922467415297913,
      "val_f1": 0.714258495095039,
      "val_auc_ecg": 0.9219331539347634,
      "val_delta_meta": -0.0006876620739900696,
      "lr": 0.0006548539886902864,
      "epoch_time_s": 264.7239046096802
    },
    {
      "epoch": 5,
      "train_loss": 0.47835235929270403,
      "val_auc": 0.9188952669073587,
      "val_f1": 0.7226502515087188,
      "val_auc_ecg": 0.9175120098223595,
      "val_delta_meta": 0.00021235245929451807,
      "lr": 0.0005005000000000001,
      "epoch_time_s": 265.07878971099854
    },
    {
      "epoch": 6,
      "train_loss": 0.4548275474014632,
      "val_auc": 0.9284326175744028,
      "val_f1": 0.726549037980164,
      "val_auc_ecg": 0.9278482187327969,
      "val_delta_meta": 0.00012996303806411813,
      "lr": 0.0003461460113097139,
      "epoch_time_s": 265.7313690185547
    },
    {
      "epoch": 7,
      "train_loss": 0.4383385178692844,
      "val_auc": 0.9286821387940801,
      "val_f1": 0.7256895227478132,
      "val_auc_ecg": 0.9277234001976495,
      "val_delta_meta": 0.00024885923936879273,
      "lr": 0.00020690126647990973,
      "epoch_time_s": 265.3349492549896
    },
    {
      "epoch": 8,
      "train_loss": 0.4156715816860899,
      "val_auc": 0.9301203941183008,
      "val_f1": 0.7248153964388232,
      "val_auc_ecg": 0.9288850333700104,
      "val_delta_meta": 0.00045625521371950306,
      "lr": 9.639601130971382e-05,
      "epoch_time_s": 265.67550826072693
    },
    {
      "epoch": 9,
      "train_loss": 0.3959822467160881,
      "val_auc": 0.931434000241865,
      "val_f1": 0.7383749719043216,
      "val_auc_ecg": 0.9305822068202725,
      "val_delta_meta": 0.00017932035172874006,
      "lr": 2.5447270110570814e-05,
      "epoch_time_s": 265.6970839500427
    },
    {
      "epoch": 10,
      "train_loss": 0.3858692533379301,
      "val_auc": 0.9318752251345093,
      "val_f1": 0.7381174526299159,
      "val_auc_ecg": 0.9308468773369656,
      "val_delta_meta": 0.0005773657317675873,
      "lr": 0.001,
      "epoch_time_s": 265.7597231864929
    }
  ]
}