{
  "metadata": {
    "run_name": "ATLAS_A_v5_demo+anthro_concat_seed2032",
    "variant": "demo+anthro",
    "seed": 2032,
    "meta_hid": 128,
    "lauc_weight": 0.08,
    "no_aug": false,
    "arch_mode": "concat",
    "meta_mask_mode": "real",
    "test_fold": 10,
    "val_fold": 9,
    "timestamp": "2026-05-09T01:31:45.945555",
    "git_sha": "b8fda1f7a68a5b217a3f76d88337426561bd26e4",
    "analysis_plan_sha256": "4ad22e907fbd431a0b443255a3449c0560371997d5ee36a61e164de7aea5c3dc",
    "wall_time_s": 2385.447170495987,
    "train_time_s": 2356.5245866775513,
    "gpu_peak_mem_mb": 0,
    "num_parameters": 3951951,
    "dataset_sizes": {
      "train": 17418,
      "val": 2183,
      "test": 2198
    },
    "train_fold_ids": [
      1,
      2,
      3,
      4,
      5,
      6,
      7,
      8
    ],
    "pos_weights": [
      1.2930489778518677,
      2.9776203632354736,
      3.161012887954712,
      3.4581520557403564,
      7.21991491317749
    ],
    "loss_weights": {
      "fused": 0.52,
      "ecg": 0.3,
      "meta": 0.1,
      "lauc": 0.08
    },
    "hardware": {
      "python_version": "3.11.7 | packaged by Anaconda, Inc. | (main, Dec 15 2023, 18:05:47) [MSC v.1916 64 bit (AMD64)]",
      "torch_version": "2.3.1+cpu",
      "cuda_available": false,
      "numpy_version": "1.26.4",
      "sklearn_version": "1.4.2"
    },
    "best_val_auc": 0.9345150182746256,
    "best_val_epoch": 10
  },
  "test": {
    "macro_auc": 0.9287249123760389,
    "macro_auc_ecg": 0.9274328340925001,
    "macro_auc_no_meta": 0.9273515161452603,
    "delta_meta_auc": 0.0013733962307785896,
    "macro_f1_optimal": 0.7464253241059196,
    "macro_f1_fixed_05": 0.7393855024743669,
    "w_fused": 1.0,
    "thresholds": [
      0.7400000095367432,
      0.5299999713897705,
      0.6800000071525574,
      0.7549999952316284,
      0.5299999713897705
    ]
  },
  "per_class": {
    "NORM": {
      "auc": 0.9509167118611289,
      "f1": 0.8675191815856778,
      "threshold": 0.7400000095367432
    },
    "MI": {
      "auc": 0.9307336716681377,
      "f1": 0.7523089840470193,
      "threshold": 0.5299999713897705
    },
    "STTC": {
      "auc": 0.9365847293803371,
      "f1": 0.7676579925650557,
      "threshold": 0.6800000071525574
    },
    "CD": {
      "auc": 0.9187234657518668,
      "f1": 0.7453027139874739,
      "threshold": 0.7549999952316284
    },
    "HYP": {
      "auc": 0.9066659832187244,
      "f1": 0.5993377483443708,
      "threshold": 0.5299999713897705
    }
  },
  "subgroups": {
    "sex_male": {
      "n": 1066,
      "macro_auc": 0.9194037972159741,
      "per_class_auc": [
        0.9462147578724435,
        0.9167529619960231,
        0.9201355704222859,
        0.908336800499272,
        0.9055788952898459
      ]
    },
    "sex_female": {
      "n": 1132,
      "macro_auc": 0.9374362982466525,
      "per_class_auc": [
        0.9564740008053961,
        0.9420714127300953,
        0.9505094614264918,
        0.9300691104203929,
        0.9080575058508861
      ]
    },
    "age_lt45": {
      "n": 345,
      "macro_auc": 0.9246172970306585,
      "per_class_auc": [
        0.8998554270462633,
        0.9828524768644529,
        0.9622618760549796,
        0.8622772576260948,
        0.9158394475615019
      ]
    },
    "age_45_65": {
      "n": 703,
      "macro_auc": 0.9242157139244942,
      "per_class_auc": [
        0.9323406478578892,
        0.9265180878552972,
        0.9508476786645801,
        0.8978693580039249,
        0.9135027972407799
      ]
    },
    "age_gt65": {
      "n": 1150,
      "macro_auc": 0.9181733726002725,
      "per_class_auc": [
        0.9507160412137253,
        0.9065034789169251,
        0.9130555555555556,
        0.9313092122069239,
        0.8892825751082334
      ]
    },
    "meta_complete": {
      "n": 660,
      "macro_auc": 0.9421191062246599,
      "per_class_auc": [
        0.9610501913453047,
        0.947094118162309,
        0.9399941089837998,
        0.9473541538856629,
        0.9151029587462225
      ]
    },
    "meta_incomplete": {
      "n": 1538,
      "macro_auc": 0.9230919206260987,
      "per_class_auc": [
        0.9475451752628465,
        0.9244519486153316,
        0.9347092369166311,
        0.9083359709278471,
        0.9004172714078373
      ]
    },
    "fairness_sex_gap": 0.01803250103067844
  },
  "training_history": [
    {
      "epoch": 1,
      "train_loss": 0.6484194449875333,
      "val_auc": 0.9038329411205981,
      "val_f1": 0.6694964132694486,
      "val_auc_ecg": 0.9006796685213623,
      "val_delta_meta": 0.0018530782513712651,
      "lr": 0.0009755527298894294,
      "epoch_time_s": 234.61730027198792
    },
    {
      "epoch": 2,
      "train_loss": 0.5648059020895477,
      "val_auc": 0.9108135576364245,
      "val_f1": 0.6871726779880328,
      "val_auc_ecg": 0.9083226846699081,
      "val_delta_meta": 0.0024124297992232924,
      "lr": 0.0009046039886902864,
      "epoch_time_s": 233.7067632675171
    },
    {
      "epoch": 3,
      "train_loss": 0.5314516769636661,
      "val_auc": 0.9154353824360244,
      "val_f1": 0.7096643681304455,
      "val_auc_ecg": 0.9141432775535664,
      "val_delta_meta": -0.0010080777760080872,
      "lr": 0.0007940987335200904,
      "epoch_time_s": 237.0613272190094
    },
    {
      "epoch": 4,
      "train_loss": 0.5064062200008183,
      "val_auc": 0.9207558206764601,
      "val_f1": 0.7159438785097721,
      "val_auc_ecg": 0.9207462976718773,
      "val_delta_meta": -0.0010852179852747224,
      "lr": 0.0006548539886902864,
      "epoch_time_s": 234.33375096321106
    },
    {
      "epoch": 5,
      "train_loss": 0.4805641859496405,
      "val_auc": 0.9289423403420672,
      "val_f1": 0.71807025253027,
      "val_auc_ecg": 0.9276707578500647,
      "val_delta_meta": 0.0012570664864469672,
      "lr": 0.0005005000000000001,
      "epoch_time_s": 234.34066462516785
    },
    {
      "epoch": 6,
      "train_loss": 0.45552414089714716,
      "val_auc": 0.9290834463076345,
      "val_f1": 0.7363594626261423,
      "val_auc_ecg": 0.9295230901769329,
      "val_delta_meta": -0.0007325714365568059,
      "lr": 0.0003461460113097139,
      "epoch_time_s": 233.68037128448486
    },
    {
      "epoch": 7,
      "train_loss": 0.4338017081448791,
      "val_auc": 0.9292856417378186,
      "val_f1": 0.7397380262329405,
      "val_auc_ecg": 0.9294701033325561,
      "val_delta_meta": -0.0008709806756787009,
      "lr": 0.00020690126647990973,
      "epoch_time_s": 234.3478033542633
    },
    {
      "epoch": 8,
      "train_loss": 0.40805236593298955,
      "val_auc": 0.9318992595117137,
      "val_f1": 0.74503615763939,
      "val_auc_ecg": 0.9313338763560169,
      "val_delta_meta": -5.776709867788554e-05,
      "lr": 9.639601130971382e-05,
      "epoch_time_s": 235.04389810562134
    },
    {
      "epoch": 9,
      "train_loss": 0.38857854705884914,
      "val_auc": 0.9313291045213947,
      "val_f1": 0.7443854280007389,
      "val_auc_ecg": 0.9306321203028027,
      "val_delta_meta": -0.00010651359427837903,
      "lr": 2.5447270110570814e-05,
      "epoch_time_s": 234.82938718795776
    },
    {
      "epoch": 10,
      "train_loss": 0.3752590907823055,
      "val_auc": 0.9345150182746256,
      "val_f1": 0.7562565978604869,
      "val_auc_ecg": 0.9339385227578507,
      "val_delta_meta": 0.00017926676019919263,
      "lr": 0.001,
      "epoch_time_s": 234.3567132949829
    }
  ]
}