{
  "metadata": {
    "run_name": "ATLAS_A_v5_demo+anthro_lauc0_seed2032",
    "variant": "demo+anthro",
    "seed": 2032,
    "meta_hid": 128,
    "lauc_weight": 0.0,
    "no_aug": false,
    "arch_mode": "standard",
    "meta_mask_mode": "real",
    "test_fold": 10,
    "val_fold": 9,
    "timestamp": "2026-05-06T23:08:20.291593",
    "git_sha": "b8fda1f7a68a5b217a3f76d88337426561bd26e4",
    "analysis_plan_sha256": "4ad22e907fbd431a0b443255a3449c0560371997d5ee36a61e164de7aea5c3dc",
    "wall_time_s": 2652.1268904209137,
    "train_time_s": 2622.6114253997803,
    "gpu_peak_mem_mb": 0,
    "num_parameters": 3951951,
    "dataset_sizes": {
      "train": 17418,
      "val": 2183,
      "test": 2198
    },
    "train_fold_ids": [
      1,
      2,
      3,
      4,
      5,
      6,
      7,
      8
    ],
    "pos_weights": [
      1.2930489778518677,
      2.9776203632354736,
      3.161012887954712,
      3.4581520557403564,
      7.21991491317749
    ],
    "loss_weights": {
      "fused": 0.6000000000000001,
      "ecg": 0.30000000000000004,
      "meta": 0.10000000000000002,
      "lauc": 0.0
    },
    "hardware": {
      "python_version": "3.11.7 | packaged by Anaconda, Inc. | (main, Dec 15 2023, 18:05:47) [MSC v.1916 64 bit (AMD64)]",
      "torch_version": "2.3.1+cpu",
      "cuda_available": false,
      "numpy_version": "1.26.4",
      "sklearn_version": "1.4.2"
    },
    "best_val_auc": 0.9307908765614143,
    "best_val_epoch": 8
  },
  "test": {
    "macro_auc": 0.9263341719891711,
    "macro_auc_ecg": 0.9236891453567841,
    "macro_auc_no_meta": 0.9240047900499215,
    "delta_meta_auc": 0.0023293819392495863,
    "macro_f1_optimal": 0.7364012401816,
    "macro_f1_fixed_05": 0.7286854395393046,
    "w_fused": 1.0,
    "thresholds": [
      0.6349999904632568,
      0.4699999988079071,
      0.7699999809265137,
      0.6349999904632568,
      0.45500001311302185
    ]
  },
  "per_class": {
    "NORM": {
      "auc": 0.9497597336259411,
      "f1": 0.86328125,
      "threshold": 0.6349999904632568
    },
    "MI": {
      "auc": 0.9250899161518094,
      "f1": 0.7196428571428571,
      "threshold": 0.4699999988079071
    },
    "STTC": {
      "auc": 0.9353772445769054,
      "f1": 0.7699443413729128,
      "threshold": 0.7699999809265137
    },
    "CD": {
      "auc": 0.9144329725939122,
      "f1": 0.7390862944162436,
      "threshold": 0.6349999904632568
    },
    "HYP": {
      "auc": 0.9070109929972873,
      "f1": 0.5900514579759862,
      "threshold": 0.45500001311302185
    }
  },
  "subgroups": {
    "sex_male": {
      "n": 1066,
      "macro_auc": 0.9160244157434972,
      "per_class_auc": [
        0.943674035844781,
        0.9128052545347587,
        0.9171666489681781,
        0.905559600582484,
        0.9009165387872842
      ]
    },
    "sex_female": {
      "n": 1132,
      "macro_auc": 0.9365585446466215,
      "per_class_auc": [
        0.9571063626296185,
        0.9358938688280005,
        0.9509978867143486,
        0.9251202486585982,
        0.9136743564025409
      ]
    },
    "age_lt45": {
      "n": 345,
      "macro_auc": 0.9260586758399721,
      "per_class_auc": [
        0.8965747330960854,
        0.9716929776810015,
        0.9615384615384616,
        0.8516309272123226,
        0.9488562796719896
      ]
    },
    "age_45_65": {
      "n": 703,
      "macro_auc": 0.9232307565618838,
      "per_class_auc": [
        0.9301773119122257,
        0.9224681971774995,
        0.9488132498695879,
        0.8977432015699468,
        0.9169518222801586
      ]
    },
    "age_gt65": {
      "n": 1150,
      "macro_auc": 0.9144269737283832,
      "per_class_auc": [
        0.9505978825975989,
        0.8988280660575069,
        0.911476793248945,
        0.9268739656953304,
        0.8843581610425345
      ]
    },
    "meta_complete": {
      "n": 660,
      "macro_auc": 0.9412718671978475,
      "per_class_auc": [
        0.9611789814542243,
        0.9449481014321377,
        0.9394167893961708,
        0.9435162859710947,
        0.9172991777356104
      ]
    },
    "meta_incomplete": {
      "n": 1538,
      "macro_auc": 0.9197390228009755,
      "per_class_auc": [
        0.9452241806698273,
        0.9167274490331884,
        0.9336302711719751,
        0.9029998241603656,
        0.9001133889695211
      ]
    },
    "fairness_sex_gap": 0.020534128903124227
  },
  "training_history": [
    {
      "epoch": 1,
      "train_loss": 0.6524468976970113,
      "val_auc": 0.9014308598558282,
      "val_f1": 0.6801002297699348,
      "val_auc_ecg": 0.9002705347134722,
      "val_delta_meta": 0.001175947517916831,
      "lr": 0.0009755527298894294,
      "epoch_time_s": 243.3482792377472
    },
    {
      "epoch": 2,
      "train_loss": 0.5643811240108735,
      "val_auc": 0.9093641450257334,
      "val_f1": 0.6834392590109459,
      "val_auc_ecg": 0.9056736287467444,
      "val_delta_meta": 0.002748964249446595,
      "lr": 0.0009046039886902864,
      "epoch_time_s": 242.8895411491394
    },
    {
      "epoch": 3,
      "train_loss": 0.5329852852799477,
      "val_auc": 0.91407610530657,
      "val_f1": 0.7058744330925419,
      "val_auc_ecg": 0.9149336204458898,
      "val_delta_meta": -0.0013664374941835256,
      "lr": 0.0007940987335200904,
      "epoch_time_s": 258.9039285182953
    },
    {
      "epoch": 4,
      "train_loss": 0.5077799132657708,
      "val_auc": 0.920986841946519,
      "val_f1": 0.7174534220917164,
      "val_auc_ecg": 0.9197727920593024,
      "val_delta_meta": -0.00113094441912176,
      "lr": 0.0006548539886902864,
      "epoch_time_s": 265.57175946235657
    },
    {
      "epoch": 5,
      "train_loss": 0.4841667508860247,
      "val_auc": 0.9275434994682719,
      "val_f1": 0.7131688344205086,
      "val_auc_ecg": 0.9257637675228585,
      "val_delta_meta": 0.000794579174751453,
      "lr": 0.0005005000000000001,
      "epoch_time_s": 265.1925992965698
    },
    {
      "epoch": 6,
      "train_loss": 0.46282356381416323,
      "val_auc": 0.9284519346101112,
      "val_f1": 0.7303398062630189,
      "val_auc_ecg": 0.9281545805412554,
      "val_delta_meta": 0.00033891707898148216,
      "lr": 0.0003461460113097139,
      "epoch_time_s": 265.10051584243774
    },
    {
      "epoch": 7,
      "train_loss": 0.4429014578324939,
      "val_auc": 0.9290637482140328,
      "val_f1": 0.7354598101957727,
      "val_auc_ecg": 0.9284425892444965,
      "val_delta_meta": 6.0671001883561004e-06,
      "lr": 0.00020690126647990973,
      "epoch_time_s": 265.6293523311615
    },
    {
      "epoch": 8,
      "train_loss": 0.4178790491655332,
      "val_auc": 0.9307908765614143,
      "val_f1": 0.7389628171512272,
      "val_auc_ecg": 0.929842929442294,
      "val_delta_meta": 0.0006309820972689728,
      "lr": 9.639601130971382e-05,
      "epoch_time_s": 266.70808720588684
    },
    {
      "epoch": 9,
      "train_loss": 0.4005733213566859,
      "val_auc": 0.9299739073295303,
      "val_f1": 0.7420385717104742,
      "val_auc_ecg": 0.9292516908857926,
      "val_delta_meta": 0.00019425529680394682,
      "lr": 2.5447270110570814e-05,
      "epoch_time_s": 271.49834871292114
    },
    {
      "epoch": 10,
      "train_loss": 0.3859325315974174,
      "val_auc": 0.9302799267921538,
      "val_f1": 0.7456284886034957,
      "val_auc_ecg": 0.9322927111217606,
      "val_delta_meta": -0.0020752587144707846,
      "lr": 0.001,
      "epoch_time_s": 268.4073634147644
    }
  ]
}