{
  "metadata": {
    "run_name": "ATLAS_A_v5_demo+anthro_concat_seed2033",
    "variant": "demo+anthro",
    "seed": 2033,
    "meta_hid": 128,
    "lauc_weight": 0.08,
    "no_aug": false,
    "arch_mode": "concat",
    "meta_mask_mode": "real",
    "test_fold": 10,
    "val_fold": 9,
    "timestamp": "2026-05-09T02:11:23.222133",
    "git_sha": "b8fda1f7a68a5b217a3f76d88337426561bd26e4",
    "analysis_plan_sha256": "4ad22e907fbd431a0b443255a3449c0560371997d5ee36a61e164de7aea5c3dc",
    "wall_time_s": 2373.7406253814697,
    "train_time_s": 2344.9378006458282,
    "gpu_peak_mem_mb": 0,
    "num_parameters": 3951951,
    "dataset_sizes": {
      "train": 17418,
      "val": 2183,
      "test": 2198
    },
    "train_fold_ids": [
      1,
      2,
      3,
      4,
      5,
      6,
      7,
      8
    ],
    "pos_weights": [
      1.2930489778518677,
      2.9776203632354736,
      3.161012887954712,
      3.4581520557403564,
      7.21991491317749
    ],
    "loss_weights": {
      "fused": 0.52,
      "ecg": 0.3,
      "meta": 0.1,
      "lauc": 0.08
    },
    "hardware": {
      "python_version": "3.11.7 | packaged by Anaconda, Inc. | (main, Dec 15 2023, 18:05:47) [MSC v.1916 64 bit (AMD64)]",
      "torch_version": "2.3.1+cpu",
      "cuda_available": false,
      "numpy_version": "1.26.4",
      "sklearn_version": "1.4.2"
    },
    "best_val_auc": 0.9317954306848406,
    "best_val_epoch": 9
  },
  "test": {
    "macro_auc": 0.927005297573832,
    "macro_auc_ecg": 0.9257997768814846,
    "macro_auc_no_meta": 0.9258570104620609,
    "delta_meta_auc": 0.0011482871117710625,
    "macro_f1_optimal": 0.7436081827049342,
    "macro_f1_fixed_05": 0.733867484373636,
    "w_fused": 1.0,
    "thresholds": [
      0.8149999976158142,
      0.5149999856948853,
      0.6200000047683716,
      0.6200000047683716,
      0.800000011920929
    ]
  },
  "per_class": {
    "NORM": {
      "auc": 0.9481714110341753,
      "f1": 0.8603351955307262,
      "threshold": 0.8149999976158142
    },
    "MI": {
      "auc": 0.9273168578993823,
      "f1": 0.7394807520143241,
      "threshold": 0.5149999856948853
    },
    "STTC": {
      "auc": 0.9378814879417476,
      "f1": 0.7768595041322314,
      "threshold": 0.6200000047683716
    },
    "CD": {
      "auc": 0.9146023653386907,
      "f1": 0.7429718875502008,
      "threshold": 0.6200000047683716
    },
    "HYP": {
      "auc": 0.9070543656551636,
      "f1": 0.5983935742971888,
      "threshold": 0.800000011920929
    }
  },
  "subgroups": {
    "sex_male": {
      "n": 1066,
      "macro_auc": 0.919832041581144,
      "per_class_auc": [
        0.9448883780941332,
        0.9154354389393696,
        0.9258698807121872,
        0.9059704597462034,
        0.906996050413826
      ]
    },
    "sex_female": {
      "n": 1132,
      "macro_auc": 0.9340363060809069,
      "per_class_auc": [
        0.952450166112957,
        0.9376519687896933,
        0.9472307253357319,
        0.9249248988522114,
        0.9079237713139419
      ]
    },
    "age_lt45": {
      "n": 345,
      "macro_auc": 0.9200050899264189,
      "per_class_auc": [
        0.8795040035587189,
        0.9825802939575394,
        0.9593682179889077,
        0.8521594684385383,
        0.9264134656883902
      ]
    },
    "age_45_65": {
      "n": 703,
      "macro_auc": 0.9236065966034912,
      "per_class_auc": [
        0.9292629963427377,
        0.9259466308884914,
        0.9533776734480959,
        0.8970563498738435,
        0.9123893324642877
      ]
    },
    "age_gt65": {
      "n": 1150,
      "macro_auc": 0.9165301244602301,
      "per_class_auc": [
        0.9498731764186911,
        0.9010311006790175,
        0.915042194092827,
        0.9261113106190464,
        0.8905928404915678
      ]
    },
    "meta_complete": {
      "n": 660,
      "macro_auc": 0.9387828898978814,
      "per_class_auc": [
        0.9592839269944069,
        0.9391523963853488,
        0.9381678939617084,
        0.9436304233068439,
        0.9136798088410991
      ]
    },
    "meta_incomplete": {
      "n": 1538,
      "macro_auc": 0.9222647299250658,
      "per_class_auc": [
        0.9444487811309037,
        0.9229825393348743,
        0.9374951507157545,
        0.9039071566731142,
        0.9024900217706822
      ]
    },
    "fairness_sex_gap": 0.014204264499762975
  },
  "training_history": [
    {
      "epoch": 1,
      "train_loss": 0.6556984457947792,
      "val_auc": 0.8994865979237769,
      "val_f1": 0.66975355042024,
      "val_auc_ecg": 0.8979534506558906,
      "val_delta_meta": 0.0010960570091964605,
      "lr": 0.0009755527298894294,
      "epoch_time_s": 233.03905034065247
    },
    {
      "epoch": 2,
      "train_loss": 0.5674919705325311,
      "val_auc": 0.9092681485750965,
      "val_f1": 0.6945668132307793,
      "val_auc_ecg": 0.9075554725750721,
      "val_delta_meta": 0.0002695050742218541,
      "lr": 0.0009046039886902864,
      "epoch_time_s": 233.23412775993347
    },
    {
      "epoch": 3,
      "train_loss": 0.5324571803075457,
      "val_auc": 0.908248706692986,
      "val_f1": 0.7057513471814068,
      "val_auc_ecg": 0.907439667660839,
      "val_delta_meta": 0.0012751291175909785,
      "lr": 0.0007940987335200904,
      "epoch_time_s": 233.97887539863586
    },
    {
      "epoch": 4,
      "train_loss": 0.5109212545079922,
      "val_auc": 0.9211459977210055,
      "val_f1": 0.7003709983340298,
      "val_auc_ecg": 0.9202926141019869,
      "val_delta_meta": 0.0012559424730806956,
      "lr": 0.0006548539886902864,
      "epoch_time_s": 233.8507845401764
    },
    {
      "epoch": 5,
      "train_loss": 0.4839975780303325,
      "val_auc": 0.9262662263400916,
      "val_f1": 0.7310622839252229,
      "val_auc_ecg": 0.9253146478374248,
      "val_delta_meta": 0.0006513384825458379,
      "lr": 0.0005005000000000001,
      "epoch_time_s": 233.39353847503662
    },
    {
      "epoch": 6,
      "train_loss": 0.46095708007112557,
      "val_auc": 0.9286768278478839,
      "val_f1": 0.7222198866693473,
      "val_auc_ecg": 0.9279313339755036,
      "val_delta_meta": 0.0007703332239870075,
      "lr": 0.0003461460113097139,
      "epoch_time_s": 233.1994857788086
    },
    {
      "epoch": 7,
      "train_loss": 0.43998733786267974,
      "val_auc": 0.9288616024469114,
      "val_f1": 0.734608500846198,
      "val_auc_ecg": 0.928362205337228,
      "val_delta_meta": 5.5708032379420125e-05,
      "lr": 0.00020690126647990973,
      "epoch_time_s": 233.24004435539246
    },
    {
      "epoch": 8,
      "train_loss": 0.41754152192435134,
      "val_auc": 0.9315738406936094,
      "val_f1": 0.7363008806452518,
      "val_auc_ecg": 0.9307786658232388,
      "val_delta_meta": 0.0008448645616377926,
      "lr": 9.639601130971382e-05,
      "epoch_time_s": 233.7040979862213
    },
    {
      "epoch": 9,
      "train_loss": 0.3962555658653242,
      "val_auc": 0.9317954306848406,
      "val_f1": 0.7441852081091105,
      "val_auc_ecg": 0.9313311713782747,
      "val_delta_meta": 0.00042073774130224617,
      "lr": 2.5447270110570814e-05,
      "epoch_time_s": 233.34535264968872
    },
    {
      "epoch": 10,
      "train_loss": 0.3815862731649241,
      "val_auc": 0.9316124204258871,
      "val_f1": 0.7405665163497707,
      "val_auc_ecg": 0.9309747675632469,
      "val_delta_meta": 0.0005734592228973101,
      "lr": 0.001,
      "epoch_time_s": 233.61953854560852
    }
  ]
}