{
  "metadata": {
    "run_name": "ATLAS_A_v5_demo+anthro_metaH32_seed2033",
    "variant": "demo+anthro",
    "seed": 2033,
    "meta_hid": 32,
    "lauc_weight": 0.08,
    "no_aug": false,
    "arch_mode": "standard",
    "meta_mask_mode": "real",
    "test_fold": 10,
    "val_fold": 9,
    "timestamp": "2026-05-06T01:46:39.577188",
    "git_sha": "b8fda1f7a68a5b217a3f76d88337426561bd26e4",
    "analysis_plan_sha256": "4ad22e907fbd431a0b443255a3449c0560371997d5ee36a61e164de7aea5c3dc",
    "wall_time_s": 2651.6119899749756,
    "train_time_s": 2622.431799173355,
    "gpu_peak_mem_mb": 0,
    "num_parameters": 3926895,
    "dataset_sizes": {
      "train": 17418,
      "val": 2183,
      "test": 2198
    },
    "train_fold_ids": [
      1,
      2,
      3,
      4,
      5,
      6,
      7,
      8
    ],
    "pos_weights": [
      1.2930489778518677,
      2.9776203632354736,
      3.161012887954712,
      3.4581520557403564,
      7.21991491317749
    ],
    "loss_weights": {
      "fused": 0.52,
      "ecg": 0.3,
      "meta": 0.1,
      "lauc": 0.08
    },
    "hardware": {
      "python_version": "3.11.7 | packaged by Anaconda, Inc. | (main, Dec 15 2023, 18:05:47) [MSC v.1916 64 bit (AMD64)]",
      "torch_version": "2.3.1+cpu",
      "cuda_available": false,
      "numpy_version": "1.26.4",
      "sklearn_version": "1.4.2"
    },
    "best_val_auc": 0.9343001846671395,
    "best_val_epoch": 10
  },
  "test": {
    "macro_auc": 0.9297550989849783,
    "macro_auc_ecg": 0.9277539530431815,
    "macro_auc_no_meta": 0.9279327155162094,
    "delta_meta_auc": 0.001822383468768951,
    "macro_f1_optimal": 0.7434246922559785,
    "macro_f1_fixed_05": 0.7412383292355071,
    "w_fused": 1.0,
    "thresholds": [
      0.6949999928474426,
      0.6650000214576721,
      0.6499999761581421,
      0.7549999952316284,
      0.6349999904632568
    ]
  },
  "per_class": {
    "NORM": {
      "auc": 0.9511765274677227,
      "f1": 0.8610837438423645,
      "threshold": 0.6949999928474426
    },
    "MI": {
      "auc": 0.9305748014121801,
      "f1": 0.7230046948356808,
      "threshold": 0.6650000214576721
    },
    "STTC": {
      "auc": 0.9372577161712545,
      "f1": 0.775435380384968,
      "threshold": 0.6499999761581421
    },
    "CD": {
      "auc": 0.9192186137750653,
      "f1": 0.7561761546723953,
      "threshold": 0.7549999952316284
    },
    "HYP": {
      "auc": 0.9105478360986689,
      "f1": 0.6014234875444839,
      "threshold": 0.6349999904632568
    }
  },
  "subgroups": {
    "sex_male": {
      "n": 1066,
      "macro_auc": 0.9210529904677379,
      "per_class_auc": [
        0.9441908541235232,
        0.9209534783094867,
        0.9201753920215213,
        0.9108695652173913,
        0.9090756626667674
      ]
    },
    "sex_female": {
      "n": 1132,
      "macro_auc": 0.9382070820966755,
      "per_class_auc": [
        0.9589247961340984,
        0.9389261880279844,
        0.9512735326688815,
        0.9293658511174009,
        0.9125450425350125
      ]
    },
    "age_lt45": {
      "n": 345,
      "macro_auc": 0.9292656556248108,
      "per_class_auc": [
        0.9004670818505337,
        0.9866630375612412,
        0.9559922835784905,
        0.8528390214436726,
        0.9503668536901165
      ]
    },
    "age_45_65": {
      "n": 703,
      "macro_auc": 0.9248205733108769,
      "per_class_auc": [
        0.9329202586206897,
        0.9213128602663487,
        0.9524517475221701,
        0.9031819456125596,
        0.9142360545326164
      ]
    },
    "age_gt65": {
      "n": 1150,
      "macro_auc": 0.9193495645721537,
      "per_class_auc": [
        0.9506727163878124,
        0.9087366920948948,
        0.9147644163150491,
        0.9300430566919282,
        0.8925309413710837
      ]
    },
    "meta_complete": {
      "n": 660,
      "macro_auc": 0.9413241001148908,
      "per_class_auc": [
        0.9617861348248455,
        0.9443349537949459,
        0.9386863033873343,
        0.9463411850308884,
        0.9154719235364397
      ]
    },
    "meta_incomplete": {
      "n": 1538,
      "macro_auc": 0.9249326656431156,
      "per_class_auc": [
        0.9471756895765138,
        0.9249750668251615,
        0.936309500717694,
        0.9086876501963542,
        0.9075154208998549
      ]
    },
    "fairness_sex_gap": 0.01715409162893755
  },
  "training_history": [
    {
      "epoch": 1,
      "train_loss": 0.6476055546091237,
      "val_auc": 0.9025876992145051,
      "val_f1": 0.6390206109128764,
      "val_auc_ecg": 0.8992738182034075,
      "val_delta_meta": 0.0028464937707752824,
      "lr": 0.0009755527298894294,
      "epoch_time_s": 242.49903297424316
    },
    {
      "epoch": 2,
      "train_loss": 0.5588286006122554,
      "val_auc": 0.909773841449067,
      "val_f1": 0.6480824852999627,
      "val_auc_ecg": 0.9067200974793964,
      "val_delta_meta": 0.001892666452742997,
      "lr": 0.0009046039886902864,
      "epoch_time_s": 242.76436614990234
    },
    {
      "epoch": 3,
      "train_loss": 0.5247328760973904,
      "val_auc": 0.9067951950602176,
      "val_f1": 0.6704279216814357,
      "val_auc_ecg": 0.9058170886829204,
      "val_delta_meta": 0.001811590862364043,
      "lr": 0.0007940987335200904,
      "epoch_time_s": 259.03668236732483
    },
    {
      "epoch": 4,
      "train_loss": 0.5017549785998983,
      "val_auc": 0.9179106719931092,
      "val_f1": 0.7164752474029623,
      "val_auc_ecg": 0.9167349306736863,
      "val_delta_meta": 2.009149663195764e-05,
      "lr": 0.0006548539886902864,
      "epoch_time_s": 270.0472729206085
    },
    {
      "epoch": 5,
      "train_loss": 0.4785957825293235,
      "val_auc": 0.9254353579244288,
      "val_f1": 0.7202867058500664,
      "val_auc_ecg": 0.9235627875933057,
      "val_delta_meta": 0.0003684258845586541,
      "lr": 0.0005005000000000001,
      "epoch_time_s": 265.98122119903564
    },
    {
      "epoch": 6,
      "train_loss": 0.45862714437716595,
      "val_auc": 0.9270642150307685,
      "val_f1": 0.6931912441360153,
      "val_auc_ecg": 0.9253172684597997,
      "val_delta_meta": 0.0011430954358550016,
      "lr": 0.0003461460113097139,
      "epoch_time_s": 265.98628211021423
    },
    {
      "epoch": 7,
      "train_loss": 0.43624738553248416,
      "val_auc": 0.9328169819020825,
      "val_f1": 0.7286481604360342,
      "val_auc_ecg": 0.9317818652471919,
      "val_delta_meta": 0.0009858045393187354,
      "lr": 0.00020690126647990973,
      "epoch_time_s": 265.86177039146423
    },
    {
      "epoch": 8,
      "train_loss": 0.4128998910068372,
      "val_auc": 0.9320227785132109,
      "val_f1": 0.7380204490727209,
      "val_auc_ecg": 0.9311412279068134,
      "val_delta_meta": 0.00032385430350012623,
      "lr": 9.639601130971382e-05,
      "epoch_time_s": 266.3405795097351
    },
    {
      "epoch": 9,
      "train_loss": 0.3953912918447354,
      "val_auc": 0.9330261510046233,
      "val_f1": 0.7413984314114651,
      "val_auc_ecg": 0.9321539915822754,
      "val_delta_meta": 0.0006096395428437651,
      "lr": 2.5447270110570814e-05,
      "epoch_time_s": 267.82631969451904
    },
    {
      "epoch": 10,
      "train_loss": 0.3834012978940929,
      "val_auc": 0.9343001846671395,
      "val_f1": 0.7407783058145404,
      "val_auc_ecg": 0.9335145174633462,
      "val_delta_meta": 0.000368235742751577,
      "lr": 0.001,
      "epoch_time_s": 266.9451446533203
    }
  ]
}