{
  "metadata": {
    "run_name": "ATLAS_A_v5_demo+anthro_noaug_seed2040",
    "variant": "demo+anthro",
    "seed": 2040,
    "meta_hid": 128,
    "lauc_weight": 0.08,
    "no_aug": true,
    "arch_mode": "standard",
    "meta_mask_mode": "real",
    "test_fold": 10,
    "val_fold": 9,
    "timestamp": "2026-05-08T10:23:15.377913",
    "git_sha": "b8fda1f7a68a5b217a3f76d88337426561bd26e4",
    "analysis_plan_sha256": "4ad22e907fbd431a0b443255a3449c0560371997d5ee36a61e164de7aea5c3dc",
    "wall_time_s": 2624.4997799396515,
    "train_time_s": 2595.3420989513397,
    "gpu_peak_mem_mb": 0,
    "num_parameters": 3951951,
    "dataset_sizes": {
      "train": 17418,
      "val": 2183,
      "test": 2198
    },
    "train_fold_ids": [
      1,
      2,
      3,
      4,
      5,
      6,
      7,
      8
    ],
    "pos_weights": [
      1.2930489778518677,
      2.9776203632354736,
      3.161012887954712,
      3.4581520557403564,
      7.21991491317749
    ],
    "loss_weights": {
      "fused": 0.52,
      "ecg": 0.3,
      "meta": 0.1,
      "lauc": 0.08
    },
    "hardware": {
      "python_version": "3.11.7 | packaged by Anaconda, Inc. | (main, Dec 15 2023, 18:05:47) [MSC v.1916 64 bit (AMD64)]",
      "torch_version": "2.3.1+cpu",
      "cuda_available": false,
      "numpy_version": "1.26.4",
      "sklearn_version": "1.4.2"
    },
    "best_val_auc": 0.9318028131536071,
    "best_val_epoch": 9
  },
  "test": {
    "macro_auc": 0.9251821376662818,
    "macro_auc_ecg": 0.9261381846484482,
    "macro_auc_no_meta": 0.9266037049058891,
    "delta_meta_auc": -0.001421567239607291,
    "macro_f1_optimal": 0.743108271054034,
    "macro_f1_fixed_05": 0.7352705418518989,
    "w_fused": 1.0,
    "thresholds": [
      0.7099999785423279,
      0.5899999737739563,
      0.5899999737739563,
      0.800000011920929,
      0.6949999928474426
    ]
  },
  "per_class": {
    "NORM": {
      "auc": 0.9478561008319986,
      "f1": 0.8616320324379118,
      "threshold": 0.7099999785423279
    },
    "MI": {
      "auc": 0.9232149161518094,
      "f1": 0.7446808510638298,
      "threshold": 0.5899999737739563
    },
    "STTC": {
      "auc": 0.9358156016192886,
      "f1": 0.7672493100275989,
      "threshold": 0.5899999737739563
    },
    "CD": {
      "auc": 0.919108449262727,
      "f1": 0.7442348008385744,
      "threshold": 0.800000011920929
    },
    "HYP": {
      "auc": 0.8999156204655858,
      "f1": 0.5977443609022557,
      "threshold": 0.6949999928474426
    }
  },
  "subgroups": {
    "sex_male": {
      "n": 1066,
      "macro_auc": 0.9190656310298724,
      "per_class_auc": [
        0.9444040868399273,
        0.91671893003515,
        0.9214895047962903,
        0.9121177449552735,
        0.9005978885227206
      ]
    },
    "sex_female": {
      "n": 1132,
      "macro_auc": 0.93097968884609,
      "per_class_auc": [
        0.9516416238799961,
        0.9285469465110183,
        0.9480479914114524,
        0.9266135894007537,
        0.9000482930272299
      ]
    },
    "age_lt45": {
      "n": 345,
      "macro_auc": 0.9184181660029849,
      "per_class_auc": [
        0.89418371886121,
        0.9833968426782799,
        0.9581625271280443,
        0.846118997281788,
        0.9102287440656021
      ]
    },
    "age_45_65": {
      "n": 703,
      "macro_auc": 0.914407477959924,
      "per_class_auc": [
        0.9176952716823407,
        0.9080948121645797,
        0.9484741784037558,
        0.8967900196243342,
        0.9009831079246102
      ]
    },
    "age_gt65": {
      "n": 1150,
      "macro_auc": 0.9180214147242243,
      "per_class_auc": [
        0.9527247376878722,
        0.9026439768631067,
        0.9146554149085795,
        0.9351187853792358,
        0.8849641587823268
      ]
    },
    "meta_complete": {
      "n": 660,
      "macro_auc": 0.9418483086057601,
      "per_class_auc": [
        0.9618045334118339,
        0.9444079475612782,
        0.9374963181148748,
        0.9514488308056669,
        0.9140839131351465
      ]
    },
    "meta_incomplete": {
      "n": 1538,
      "macro_auc": 0.9184120999040232,
      "per_class_auc": [
        0.9427297186184358,
        0.9155865835064655,
        0.9344328277146292,
        0.9074708399273195,
        0.8918405297532656
      ]
    },
    "fairness_sex_gap": 0.011914057816217571
  },
  "training_history": [
    {
      "epoch": 1,
      "train_loss": 0.6452171452001694,
      "val_auc": 0.9029231200208848,
      "val_f1": 0.6534636726808652,
      "val_auc_ecg": 0.9019320009148373,
      "val_delta_meta": 0.0006005257029636502,
      "lr": 0.0009755527298894294,
      "epoch_time_s": 242.46334314346313
    },
    {
      "epoch": 2,
      "train_loss": 0.5592871953588013,
      "val_auc": 0.9152750376918346,
      "val_f1": 0.7178911434870914,
      "val_auc_ecg": 0.9150554750998084,
      "val_delta_meta": -0.0005543339541255188,
      "lr": 0.0009046039886902864,
      "epoch_time_s": 241.94929242134094
    },
    {
      "epoch": 3,
      "train_loss": 0.517501761989856,
      "val_auc": 0.9207787213722781,
      "val_f1": 0.7175460464391124,
      "val_auc_ecg": 0.9193580334075719,
      "val_delta_meta": 0.0003679232805386956,
      "lr": 0.0007940987335200904,
      "epoch_time_s": 257.51844549179077
    },
    {
      "epoch": 4,
      "train_loss": 0.4957436897885909,
      "val_auc": 0.9244571990694149,
      "val_f1": 0.7262457728387599,
      "val_auc_ecg": 0.9230130280024195,
      "val_delta_meta": 0.0008820773855934272,
      "lr": 0.0006548539886902864,
      "epoch_time_s": 263.3469624519348
    },
    {
      "epoch": 5,
      "train_loss": 0.4697595040185736,
      "val_auc": 0.9226878699353002,
      "val_f1": 0.7213564442381551,
      "val_auc_ecg": 0.9225136466266614,
      "val_delta_meta": -0.00016805482489501422,
      "lr": 0.0005005000000000001,
      "epoch_time_s": 262.6612012386322
    },
    {
      "epoch": 6,
      "train_loss": 0.4449016319502384,
      "val_auc": 0.9301061485164956,
      "val_f1": 0.7179385811874935,
      "val_auc_ecg": 0.9295411233889601,
      "val_delta_meta": 0.0002692316412222784,
      "lr": 0.0003461460113097139,
      "epoch_time_s": 263.5538091659546
    },
    {
      "epoch": 7,
      "train_loss": 0.41927997825342583,
      "val_auc": 0.9294086381935374,
      "val_f1": 0.7387591855801838,
      "val_auc_ecg": 0.9286097002677856,
      "val_delta_meta": -0.00020070953967721294,
      "lr": 0.00020690126647990973,
      "epoch_time_s": 263.54368567466736
    },
    {
      "epoch": 8,
      "train_loss": 0.3926396062341305,
      "val_auc": 0.9293808554431818,
      "val_f1": 0.7332064495157525,
      "val_auc_ecg": 0.9285756181528759,
      "val_delta_meta": 0.000501729442097143,
      "lr": 9.639601130971382e-05,
      "epoch_time_s": 263.97213411331177
    },
    {
      "epoch": 9,
      "train_loss": 0.3653343337938326,
      "val_auc": 0.9318028131536071,
      "val_f1": 0.7379140089328475,
      "val_auc_ecg": 0.9324432704638357,
      "val_delta_meta": -0.0007780305769858886,
      "lr": 2.5447270110570814e-05,
      "epoch_time_s": 264.06086921691895
    },
    {
      "epoch": 10,
      "train_loss": 0.34881172882854394,
      "val_auc": 0.9304576964681065,
      "val_f1": 0.7445639618195203,
      "val_auc_ecg": 0.9303369777033714,
      "val_delta_meta": 5.821707284336952e-05,
      "lr": 0.001,
      "epoch_time_s": 264.24862027168274
    }
  ]
}