{
  "metadata": {
    "run_name": "ATLAS_A_v5_demo+anthro_tf3_vf4_seed2024",
    "variant": "demo+anthro",
    "seed": 2024,
    "meta_hid": 128,
    "lauc_weight": 0.08,
    "no_aug": false,
    "arch_mode": "standard",
    "meta_mask_mode": "real",
    "test_fold": 3,
    "val_fold": 4,
    "timestamp": "2026-05-11T02:15:28.825814",
    "git_sha": "b8fda1f7a68a5b217a3f76d88337426561bd26e4",
    "analysis_plan_sha256": "4ad22e907fbd431a0b443255a3449c0560371997d5ee36a61e164de7aea5c3dc",
    "wall_time_s": 2642.2588109970093,
    "train_time_s": 2612.9181575775146,
    "gpu_peak_mem_mb": 0,
    "num_parameters": 3951951,
    "dataset_sizes": {
      "train": 17433,
      "val": 2174,
      "test": 2192
    },
    "train_fold_ids": [
      1,
      2,
      5,
      6,
      7,
      8,
      9,
      10
    ],
    "pos_weights": [
      1.2950236797332764,
      2.9710705280303955,
      3.1576437950134277,
      3.4505999088287354,
      7.207627296447754
    ],
    "loss_weights": {
      "fused": 0.52,
      "ecg": 0.3,
      "meta": 0.1,
      "lauc": 0.08
    },
    "hardware": {
      "python_version": "3.11.7 | packaged by Anaconda, Inc. | (main, Dec 15 2023, 18:05:47) [MSC v.1916 64 bit (AMD64)]",
      "torch_version": "2.3.1+cpu",
      "cuda_available": false,
      "numpy_version": "1.26.4",
      "sklearn_version": "1.4.2"
    },
    "best_val_auc": 0.9438221688037551,
    "best_val_epoch": 10
  },
  "test": {
    "macro_auc": 0.9391052248686071,
    "macro_auc_ecg": 0.9378138110658487,
    "macro_auc_no_meta": 0.9375910137614631,
    "delta_meta_auc": 0.0015142111071440034,
    "macro_f1_optimal": 0.7626981343765851,
    "macro_f1_fixed_05": 0.7458288076230809,
    "w_fused": 1.0,
    "thresholds": [
      0.4399999976158142,
      0.7250000238418579,
      0.6800000071525574,
      0.7850000262260437,
      0.7549999952316284
    ]
  },
  "per_class": {
    "NORM": {
      "auc": 0.9608919912854323,
      "f1": 0.8813886210221794,
      "threshold": 0.4399999976158142
    },
    "MI": {
      "auc": 0.9410420308857808,
      "f1": 0.7570183930300097,
      "threshold": 0.7250000238418579
    },
    "STTC": {
      "auc": 0.9325193508982175,
      "f1": 0.7403314917127072,
      "threshold": 0.6800000071525574
    },
    "CD": {
      "auc": 0.9264333070387254,
      "f1": 0.7585446527012127,
      "threshold": 0.7850000262260437
    },
    "HYP": {
      "auc": 0.93463944423488,
      "f1": 0.6762075134168157,
      "threshold": 0.7549999952316284
    }
  },
  "subgroups": {
    "sex_male": {
      "n": 1056,
      "macro_auc": 0.9413300450527421,
      "per_class_auc": [
        0.9626555867715813,
        0.9360014158168714,
        0.9372607876279846,
        0.9322166513310675,
        0.9385157837162057
      ]
    },
    "sex_female": {
      "n": 1136,
      "macro_auc": 0.9358159263893546,
      "per_class_auc": [
        0.9582821967005568,
        0.9418061091926583,
        0.9290934604675458,
        0.9193248671558706,
        0.9305729984301414
      ]
    },
    "age_lt45": {
      "n": 363,
      "macro_auc": 0.928120551421817,
      "per_class_auc": [
        0.9205479452054794,
        0.971658615136876,
        0.9404267371601208,
        0.8794528355656882,
        0.9285166240409207
      ]
    },
    "age_45_65": {
      "n": 782,
      "macro_auc": 0.9470845434454483,
      "per_class_auc": [
        0.9597585645229088,
        0.95313519824234,
        0.9443836699423612,
        0.9373350318471337,
        0.9408102526724976
      ]
    },
    "age_gt65": {
      "n": 1047,
      "macro_auc": 0.9289015739686717,
      "per_class_auc": [
        0.959969813852088,
        0.9158080111081949,
        0.911644961998311,
        0.9266699135293089,
        0.9304151693554553
      ]
    },
    "meta_complete": {
      "n": 657,
      "macro_auc": 0.9418108669212379,
      "per_class_auc": [
        0.9658140268219844,
        0.9466466165413534,
        0.9249825296995108,
        0.9536819147104402,
        0.9179292468329013
      ]
    },
    "meta_incomplete": {
      "n": 1535,
      "macro_auc": 0.9381476266996019,
      "per_class_auc": [
        0.9597679743971749,
        0.9386426009872948,
        0.9355223880597014,
        0.915211182709281,
        0.9415939873445572
      ]
    },
    "fairness_sex_gap": 0.005514118663387468
  },
  "training_history": [
    {
      "epoch": 1,
      "train_loss": 0.649323626997274,
      "val_auc": 0.9014224068982438,
      "val_f1": 0.609897164630949,
      "val_auc_ecg": 0.8974244563684719,
      "val_delta_meta": 0.002961876518151052,
      "lr": 0.0009755527298894294,
      "epoch_time_s": 243.31249356269836
    },
    {
      "epoch": 2,
      "train_loss": 0.5669118978561611,
      "val_auc": 0.9195521226915704,
      "val_f1": 0.7082755110366853,
      "val_auc_ecg": 0.9170769309127081,
      "val_delta_meta": 0.0015754230098337096,
      "lr": 0.0009046039886902864,
      "epoch_time_s": 242.6937699317932
    },
    {
      "epoch": 3,
      "train_loss": 0.5361960027742824,
      "val_auc": 0.9240896529153041,
      "val_f1": 0.7000822245781546,
      "val_auc_ecg": 0.9221233952877631,
      "val_delta_meta": 0.0011964773992207967,
      "lr": 0.0007940987335200904,
      "epoch_time_s": 259.4260187149048
    },
    {
      "epoch": 4,
      "train_loss": 0.5114868056336674,
      "val_auc": 0.9335903889655348,
      "val_f1": 0.7236594764398431,
      "val_auc_ecg": 0.9326591948069994,
      "val_delta_meta": 0.0017972841363410597,
      "lr": 0.0006548539886902864,
      "epoch_time_s": 265.0025475025177
    },
    {
      "epoch": 5,
      "train_loss": 0.48800337134151284,
      "val_auc": 0.9295765660722115,
      "val_f1": 0.7380477599768932,
      "val_auc_ecg": 0.9275491511038982,
      "val_delta_meta": 0.0020045715232890338,
      "lr": 0.0005005000000000001,
      "epoch_time_s": 265.04430866241455
    },
    {
      "epoch": 6,
      "train_loss": 0.4690919575341251,
      "val_auc": 0.9367451446031488,
      "val_f1": 0.7275088925753257,
      "val_auc_ecg": 0.9349803991109551,
      "val_delta_meta": 0.0019159756910721581,
      "lr": 0.0003461460113097139,
      "epoch_time_s": 264.98793268203735
    },
    {
      "epoch": 7,
      "train_loss": 0.4469734628266151,
      "val_auc": 0.9406971854081189,
      "val_f1": 0.7494451371499934,
      "val_auc_ecg": 0.9385878646053973,
      "val_delta_meta": 0.0021950931230872994,
      "lr": 0.00020690126647990973,
      "epoch_time_s": 265.03620195388794
    },
    {
      "epoch": 8,
      "train_loss": 0.42562187262084505,
      "val_auc": 0.9424517975668986,
      "val_f1": 0.7437598615873549,
      "val_auc_ecg": 0.9408436716933352,
      "val_delta_meta": 0.0015868958996757554,
      "lr": 9.639601130971382e-05,
      "epoch_time_s": 265.14598512649536
    },
    {
      "epoch": 9,
      "train_loss": 0.4080073900179032,
      "val_auc": 0.943294124016125,
      "val_f1": 0.7543650475539159,
      "val_auc_ecg": 0.9415357677562897,
      "val_delta_meta": 0.0019254696862380793,
      "lr": 2.5447270110570814e-05,
      "epoch_time_s": 265.6662368774414
    },
    {
      "epoch": 10,
      "train_loss": 0.394983904952303,
      "val_auc": 0.9438221688037551,
      "val_f1": 0.7594842510794149,
      "val_auc_ecg": 0.9420889890527093,
      "val_delta_meta": 0.0018308306656694695,
      "lr": 0.001,
      "epoch_time_s": 266.392737865448
    }
  ]
}