{
  "metadata": {
    "run_name": "ATLAS_A_v5_demo+anthro_meta_only_seed2031",
    "variant": "demo+anthro",
    "seed": 2031,
    "meta_hid": 128,
    "lauc_weight": 0.08,
    "no_aug": false,
    "arch_mode": "meta_only",
    "meta_mask_mode": "real",
    "test_fold": 10,
    "val_fold": 9,
    "timestamp": "2026-05-08T18:10:08.472825",
    "git_sha": "b8fda1f7a68a5b217a3f76d88337426561bd26e4",
    "analysis_plan_sha256": "4ad22e907fbd431a0b443255a3449c0560371997d5ee36a61e164de7aea5c3dc",
    "wall_time_s": 2493.770220041275,
    "train_time_s": 2464.5125637054443,
    "gpu_peak_mem_mb": 0,
    "num_parameters": 3951951,
    "dataset_sizes": {
      "train": 17418,
      "val": 2183,
      "test": 2198
    },
    "train_fold_ids": [
      1,
      2,
      3,
      4,
      5,
      6,
      7,
      8
    ],
    "pos_weights": [
      1.2930489778518677,
      2.9776203632354736,
      3.161012887954712,
      3.4581520557403564,
      7.21991491317749
    ],
    "loss_weights": {
      "fused": 0.52,
      "ecg": 0.3,
      "meta": 0.1,
      "lauc": 0.08
    },
    "hardware": {
      "python_version": "3.11.7 | packaged by Anaconda, Inc. | (main, Dec 15 2023, 18:05:47) [MSC v.1916 64 bit (AMD64)]",
      "torch_version": "2.3.1+cpu",
      "cuda_available": false,
      "numpy_version": "1.26.4",
      "sklearn_version": "1.4.2"
    },
    "best_val_auc": 0.6926786881395046,
    "best_val_epoch": 2
  },
  "test": {
    "macro_auc": 0.693763895866905,
    "macro_auc_ecg": 0.9033609184049132,
    "macro_auc_no_meta": 0.5,
    "delta_meta_auc": 0.193763895866905,
    "macro_f1_optimal": 0.4617733772704389,
    "macro_f1_fixed_05": 0.4580179229899432,
    "w_fused": 1.0,
    "thresholds": [
      0.28999999165534973,
      0.4099999964237213,
      0.48500001430511475,
      0.4699999988079071,
      0.5149999856948853
    ]
  },
  "per_class": {
    "NORM": {
      "auc": 0.7785345222630022,
      "f1": 0.6882307092751364,
      "threshold": 0.28999999165534973
    },
    "MI": {
      "auc": 0.6935210723742278,
      "f1": 0.4707080998471727,
      "threshold": 0.4099999964237213
    },
    "STTC": {
      "auc": 0.6871498437136967,
      "f1": 0.462479155086159,
      "threshold": 0.48500001430511475
    },
    "CD": {
      "auc": 0.6517148942420681,
      "f1": 0.4177215189873418,
      "threshold": 0.4699999988079071
    },
    "HYP": {
      "auc": 0.6578991467415305,
      "f1": 0.2697274031563845,
      "threshold": 0.5149999856948853
    }
  },
  "subgroups": {
    "sex_male": {
      "n": 1066,
      "macro_auc": 0.7009082066855917,
      "per_class_auc": [
        0.7834278424101803,
        0.7168322078477701,
        0.6797436373933667,
        0.6464998959850219,
        0.6780374497916195
      ]
    },
    "sex_female": {
      "n": 1132,
      "macro_auc": 0.6906221156714747,
      "per_class_auc": [
        0.7881556428068056,
        0.6720458073751487,
        0.6874223234536019,
        0.6663360190314123,
        0.6391507856904045
      ]
    },
    "age_lt45": {
      "n": 345,
      "macro_auc": 0.6281623394681884,
      "per_class_auc": [
        0.6008396352313168,
        0.6931137724550899,
        0.6672293224017363,
        0.5709755360918152,
        0.608653431160984
      ]
    },
    "age_45_65": {
      "n": 703,
      "macro_auc": 0.6406987335898318,
      "per_class_auc": [
        0.6568418560606061,
        0.6582252534287418,
        0.69636802295253,
        0.5681244743481917,
        0.6239340611590897
      ]
    },
    "age_gt65": {
      "n": 1150,
      "macro_auc": 0.6119084760995733,
      "per_class_auc": [
        0.6998692377981536,
        0.5942409254757315,
        0.5815541490857946,
        0.6259861759511901,
        0.5578918921869968
      ]
    },
    "meta_complete": {
      "n": 660,
      "macro_auc": 0.6959437350048695,
      "per_class_auc": [
        0.7721518987341772,
        0.7009810362195069,
        0.6801178203240059,
        0.6641936910587666,
        0.662274228687891
      ]
    },
    "meta_incomplete": {
      "n": 1538,
      "macro_auc": 0.6854706935324243,
      "per_class_auc": [
        0.7821075255387465,
        0.672700246886277,
        0.6867326007681267,
        0.6470136568782603,
        0.6387994375907111
      ]
    },
    "fairness_sex_gap": 0.010286091014117038
  },
  "training_history": [
    {
      "epoch": 1,
      "train_loss": 0.8298608931926412,
      "val_auc": 0.6893388114645591,
      "val_f1": 0.4552471956791777,
      "val_auc_ecg": 0.8974926640418452,
      "val_delta_meta": 0.1893388114645591,
      "lr": 0.0009755527298894294,
      "epoch_time_s": 242.77696418762207
    },
    {
      "epoch": 2,
      "train_loss": 0.7932766098494923,
      "val_auc": 0.6926786881395046,
      "val_f1": 0.4630780489661609,
      "val_auc_ecg": 0.9117846672775218,
      "val_delta_meta": 0.19267868813950462,
      "lr": 0.0009046039886902864,
      "epoch_time_s": 248.93603658676147
    },
    {
      "epoch": 3,
      "train_loss": 0.7788991157068025,
      "val_auc": 0.6895028471537452,
      "val_f1": 0.4578613900804804,
      "val_auc_ecg": 0.9201940180647,
      "val_delta_meta": 0.1895028471537452,
      "lr": 0.0007940987335200904,
      "epoch_time_s": 243.54401087760925
    },
    {
      "epoch": 4,
      "train_loss": 0.7675058361587175,
      "val_auc": 0.6871183751888505,
      "val_f1": 0.4553838494624369,
      "val_auc_ecg": 0.9174073178325258,
      "val_delta_meta": 0.18711837518885055,
      "lr": 0.0006548539886902864,
      "epoch_time_s": 244.61448454856873
    },
    {
      "epoch": 5,
      "train_loss": 0.7576038515895879,
      "val_auc": 0.692212783325889,
      "val_f1": 0.46287984346276795,
      "val_auc_ecg": 0.916010565784736,
      "val_delta_meta": 0.19221278332588898,
      "lr": 0.0005005000000000001,
      "epoch_time_s": 245.44245314598083
    },
    {
      "epoch": 6,
      "train_loss": 0.7514924623550625,
      "val_auc": 0.6919312638582671,
      "val_f1": 0.46138829132080145,
      "val_auc_ecg": 0.9259248145131507,
      "val_delta_meta": 0.1919312638582671,
      "lr": 0.0003461460113097139,
      "epoch_time_s": 246.25347304344177
    },
    {
      "epoch": 7,
      "train_loss": 0.7415246725082397,
      "val_auc": 0.6879905072490613,
      "val_f1": 0.4551482737760929,
      "val_auc_ecg": 0.9259018999933943,
      "val_delta_meta": 0.1879905072490613,
      "lr": 0.00020690126647990973,
      "epoch_time_s": 247.18278074264526
    },
    {
      "epoch": 8,
      "train_loss": 0.7314604821555112,
      "val_auc": 0.6902167917605426,
      "val_f1": 0.4604518992731529,
      "val_auc_ecg": 0.9285076788908521,
      "val_delta_meta": 0.19021679176054263,
      "lr": 9.639601130971382e-05,
      "epoch_time_s": 247.01477122306824
    },
    {
      "epoch": 9,
      "train_loss": 0.7213730705987423,
      "val_auc": 0.6904811830873456,
      "val_f1": 0.45977607374477125,
      "val_auc_ecg": 0.9284902693400016,
      "val_delta_meta": 0.19048118308734563,
      "lr": 2.5447270110570814e-05,
      "epoch_time_s": 247.07671356201172
    },
    {
      "epoch": 10,
      "train_loss": 0.7172706129354074,
      "val_auc": 0.6892629089813019,
      "val_f1": 0.45790331416197977,
      "val_auc_ecg": 0.9295603657326789,
      "val_delta_meta": 0.18926290898130194,
      "lr": 0.001,
      "epoch_time_s": 247.05645275115967
    }
  ]
}