{
  "metadata": {
    "run_name": "ATLAS_A_v5_demo+anthro_no_q_meta_seed2030",
    "variant": "demo+anthro",
    "seed": 2030,
    "meta_hid": 128,
    "lauc_weight": 0.08,
    "no_aug": false,
    "arch_mode": "no_q_meta",
    "meta_mask_mode": "real",
    "test_fold": 10,
    "val_fold": 9,
    "timestamp": "2026-05-10T04:55:40.271926",
    "git_sha": "b8fda1f7a68a5b217a3f76d88337426561bd26e4",
    "analysis_plan_sha256": "4ad22e907fbd431a0b443255a3449c0560371997d5ee36a61e164de7aea5c3dc",
    "wall_time_s": 2646.250669002533,
    "train_time_s": 2616.0599789619446,
    "gpu_peak_mem_mb": 0,
    "num_parameters": 3951951,
    "dataset_sizes": {
      "train": 17418,
      "val": 2183,
      "test": 2198
    },
    "train_fold_ids": [
      1,
      2,
      3,
      4,
      5,
      6,
      7,
      8
    ],
    "pos_weights": [
      1.2930489778518677,
      2.9776203632354736,
      3.161012887954712,
      3.4581520557403564,
      7.21991491317749
    ],
    "loss_weights": {
      "fused": 0.52,
      "ecg": 0.3,
      "meta": 0.1,
      "lauc": 0.08
    },
    "hardware": {
      "python_version": "3.11.7 | packaged by Anaconda, Inc. | (main, Dec 15 2023, 18:05:47) [MSC v.1916 64 bit (AMD64)]",
      "torch_version": "2.3.1+cpu",
      "cuda_available": false,
      "numpy_version": "1.26.4",
      "sklearn_version": "1.4.2"
    },
    "best_val_auc": 0.9320075408369828,
    "best_val_epoch": 7
  },
  "test": {
    "macro_auc": 0.9269050694183927,
    "macro_auc_ecg": 0.924768906531586,
    "macro_auc_no_meta": 0.924931118576638,
    "delta_meta_auc": 0.001973950841754668,
    "macro_f1_optimal": 0.7456963507142412,
    "macro_f1_fixed_05": 0.7269422003883558,
    "w_fused": 1.0,
    "thresholds": [
      0.5450000166893005,
      0.7099999785423279,
      0.6650000214576721,
      0.7099999785423279,
      0.7850000262260437
    ]
  },
  "per_class": {
    "NORM": {
      "auc": 0.9483799361812152,
      "f1": 0.8616915422885573,
      "threshold": 0.5450000166893005
    },
    "MI": {
      "auc": 0.9272473521624006,
      "f1": 0.7431597528684908,
      "threshold": 0.7099999785423279
    },
    "STTC": {
      "auc": 0.9360696884689208,
      "f1": 0.7778819119025304,
      "threshold": 0.6650000214576721
    },
    "CD": {
      "auc": 0.9150110401425269,
      "f1": 0.7441860465116279,
      "threshold": 0.7099999785423279
    },
    "HYP": {
      "auc": 0.9078173301368998,
      "f1": 0.6015625,
      "threshold": 0.7850000262260437
    }
  },
  "subgroups": {
    "sex_male": {
      "n": 1066,
      "macro_auc": 0.9195652072880491,
      "per_class_auc": [
        0.9442233811480594,
        0.9147888316827832,
        0.9235956249336307,
        0.9085240274599543,
        0.9066941712158184
      ]
    },
    "sex_female": {
      "n": 1132,
      "macro_auc": 0.9338871951106757,
      "per_class_auc": [
        0.9533373603141047,
        0.938135849513095,
        0.9461571568812353,
        0.9231537272743058,
        0.9086518815706378
      ]
    },
    "age_lt45": {
      "n": 345,
      "macro_auc": 0.9145433742917367,
      "per_class_auc": [
        0.8613767793594306,
        0.9850299401197604,
        0.946226187605498,
        0.8506493506493507,
        0.9294346137246439
      ]
    },
    "age_45_65": {
      "n": 703,
      "macro_auc": 0.9279200096636012,
      "per_class_auc": [
        0.9348386886102403,
        0.9256484794275492,
        0.9492696922274387,
        0.9062377347911411,
        0.9236054532616371
      ]
    },
    "age_gt65": {
      "n": 1150,
      "macro_auc": 0.9153089608052939,
      "per_class_auc": [
        0.9495502095346126,
        0.9007829658814653,
        0.9159106891701828,
        0.9229237085769079,
        0.8873772308633012
      ]
    },
    "meta_complete": {
      "n": 660,
      "macro_auc": 0.9361168534920961,
      "per_class_auc": [
        0.9613261701501326,
        0.9422619308311071,
        0.9380265095729013,
        0.9340571542708764,
        0.9049125026354629
      ]
    },
    "meta_incomplete": {
      "n": 1538,
      "macro_auc": 0.9231286923180162,
      "per_class_auc": [
        0.9436404227748896,
        0.9208836870051907,
        0.9352159871203011,
        0.9074989742688002,
        0.9084043904208999
      ]
    },
    "fairness_sex_gap": 0.014321987822626614
  },
  "training_history": [
    {
      "epoch": 1,
      "train_loss": 0.6428628381239165,
      "val_auc": 0.9083306601185954,
      "val_f1": 0.6592162522050395,
      "val_auc_ecg": 0.9057969662992607,
      "val_delta_meta": 0.0016737970833377025,
      "lr": 0.0009755527298894294,
      "epoch_time_s": 243.78470849990845
    },
    {
      "epoch": 2,
      "train_loss": 0.5569208681583404,
      "val_auc": 0.9124469744871231,
      "val_f1": 0.7032139187367997,
      "val_auc_ecg": 0.9108462628287054,
      "val_delta_meta": 0.00015617051280669703,
      "lr": 0.0009046039886902864,
      "epoch_time_s": 243.03286838531494
    },
    {
      "epoch": 3,
      "train_loss": 0.5239332300807358,
      "val_auc": 0.916332527835911,
      "val_f1": 0.7019316881223506,
      "val_auc_ecg": 0.9144952691682633,
      "val_delta_meta": -3.573310337301461e-05,
      "lr": 0.0007940987335200904,
      "epoch_time_s": 258.7703959941864
    },
    {
      "epoch": 4,
      "train_loss": 0.5018930332376322,
      "val_auc": 0.9257472683031803,
      "val_f1": 0.7335890670630436,
      "val_auc_ecg": 0.925559862561386,
      "val_delta_meta": -3.254393364893193e-05,
      "lr": 0.0006548539886902864,
      "epoch_time_s": 265.388699054718
    },
    {
      "epoch": 5,
      "train_loss": 0.4747492551803589,
      "val_auc": 0.9260801396251429,
      "val_f1": 0.7219112135694289,
      "val_auc_ecg": 0.9248246472831676,
      "val_delta_meta": 6.661312250888507e-05,
      "lr": 0.0005005000000000001,
      "epoch_time_s": 265.3720293045044
    },
    {
      "epoch": 6,
      "train_loss": 0.4556797121096095,
      "val_auc": 0.9282136252048719,
      "val_f1": 0.7292846630991836,
      "val_auc_ecg": 0.927842145585218,
      "val_delta_meta": -0.00017854572282638426,
      "lr": 0.0003461460113097139,
      "epoch_time_s": 265.56891918182373
    },
    {
      "epoch": 7,
      "train_loss": 0.430895072221756,
      "val_auc": 0.9320075408369828,
      "val_f1": 0.7321881128683752,
      "val_auc_ecg": 0.9310175825217207,
      "val_delta_meta": 0.0005545098652675051,
      "lr": 0.00020690126647990973,
      "epoch_time_s": 266.12507128715515
    },
    {
      "epoch": 8,
      "train_loss": 0.41051534698643816,
      "val_auc": 0.9289664169399817,
      "val_f1": 0.733104213641953,
      "val_auc_ecg": 0.9285975184460767,
      "val_delta_meta": -0.00010083378048209024,
      "lr": 9.639601130971382e-05,
      "epoch_time_s": 266.4620530605316
    },
    {
      "epoch": 9,
      "train_loss": 0.3915167312283035,
      "val_auc": 0.9312066326109745,
      "val_f1": 0.7383471200159993,
      "val_auc_ecg": 0.9306648613283972,
      "val_delta_meta": 0.0003585759478569317,
      "lr": 2.5447270110570814e-05,
      "epoch_time_s": 266.2697994709015
    },
    {
      "epoch": 10,
      "train_loss": 0.3803694653401681,
      "val_auc": 0.9306971841690643,
      "val_f1": 0.7417525141005175,
      "val_auc_ecg": 0.930435049058166,
      "val_delta_meta": -3.756624424400279e-05,
      "lr": 0.001,
      "epoch_time_s": 266.4448051452637
    }
  ]
}