{
  "metadata": {
    "run_name": "ATLAS_A_v5_demo+anthro_no_residual_seed2028",
    "variant": "demo+anthro",
    "seed": 2028,
    "meta_hid": 128,
    "lauc_weight": 0.08,
    "no_aug": false,
    "arch_mode": "no_residual",
    "meta_mask_mode": "real",
    "test_fold": 10,
    "val_fold": 9,
    "timestamp": "2026-05-09T19:52:24.699845",
    "git_sha": "b8fda1f7a68a5b217a3f76d88337426561bd26e4",
    "analysis_plan_sha256": "4ad22e907fbd431a0b443255a3449c0560371997d5ee36a61e164de7aea5c3dc",
    "wall_time_s": 2613.7218766212463,
    "train_time_s": 2584.050322532654,
    "gpu_peak_mem_mb": 0,
    "num_parameters": 3951951,
    "dataset_sizes": {
      "train": 17418,
      "val": 2183,
      "test": 2198
    },
    "train_fold_ids": [
      1,
      2,
      3,
      4,
      5,
      6,
      7,
      8
    ],
    "pos_weights": [
      1.2930489778518677,
      2.9776203632354736,
      3.161012887954712,
      3.4581520557403564,
      7.21991491317749
    ],
    "loss_weights": {
      "fused": 0.52,
      "ecg": 0.3,
      "meta": 0.1,
      "lauc": 0.08
    },
    "hardware": {
      "python_version": "3.11.7 | packaged by Anaconda, Inc. | (main, Dec 15 2023, 18:05:47) [MSC v.1916 64 bit (AMD64)]",
      "torch_version": "2.3.1+cpu",
      "cuda_available": false,
      "numpy_version": "1.26.4",
      "sklearn_version": "1.4.2"
    },
    "best_val_auc": 0.9336222754863843,
    "best_val_epoch": 10
  },
  "test": {
    "macro_auc": 0.9300148466936242,
    "macro_auc_ecg": 0.9282922152398099,
    "macro_auc_no_meta": 0.9285105398936198,
    "delta_meta_auc": 0.0015043068000044624,
    "macro_f1_optimal": 0.7500166086746318,
    "macro_f1_fixed_05": 0.7372534366332772,
    "w_fused": 1.0,
    "thresholds": [
      0.5450000166893005,
      0.5299999713897705,
      0.6050000190734863,
      0.7250000238418579,
      0.6949999928474426
    ]
  },
  "per_class": {
    "NORM": {
      "auc": 0.9516524356662085,
      "f1": 0.861969111969112,
      "threshold": 0.5450000166893005
    },
    "MI": {
      "auc": 0.9315291262135922,
      "f1": 0.7400508044030483,
      "threshold": 0.5299999713897705
    },
    "STTC": {
      "auc": 0.9372027784740369,
      "f1": 0.7703306523681859,
      "threshold": 0.6050000190734863
    },
    "CD": {
      "auc": 0.9174998104696562,
      "f1": 0.7476439790575916,
      "threshold": 0.7250000238418579
    },
    "HYP": {
      "auc": 0.912190082644628,
      "f1": 0.6300884955752213,
      "threshold": 0.6949999928474426
    }
  },
  "subgroups": {
    "sex_male": {
      "n": 1066,
      "macro_auc": 0.9214823567653385,
      "per_class_auc": [
        0.9459617699038284,
        0.9224557462965935,
        0.9210381933382888,
        0.9064905346369877,
        0.9114655396509942
      ]
    },
    "sex_female": {
      "n": 1132,
      "macro_auc": 0.9383936411166209,
      "per_class_auc": [
        0.958305018624786,
        0.9393737776971309,
        0.9503643846083167,
        0.9297825973710256,
        0.9141424272818455
      ]
    },
    "age_lt45": {
      "n": 345,
      "macro_auc": 0.9277129733005378,
      "per_class_auc": [
        0.8953514234875445,
        0.9757757212847034,
        0.9593682179889076,
        0.8613711869525823,
        0.9466983167889512
      ]
    },
    "age_45_65": {
      "n": 703,
      "macro_auc": 0.9274499862908222,
      "per_class_auc": [
        0.9325365726227796,
        0.932269926455973,
        0.9500521648408973,
        0.9006868516961032,
        0.9217044158383575
      ]
    },
    "age_gt65": {
      "n": 1150,
      "macro_auc": 0.9184183128357729,
      "per_class_auc": [
        0.9523190597725053,
        0.9056115349149132,
        0.9156082981715893,
        0.9268406458133568,
        0.8917120255064995
      ]
    },
    "meta_complete": {
      "n": 660,
      "macro_auc": 0.9417778224647437,
      "per_class_auc": [
        0.9598542831910509,
        0.9428458809617659,
        0.9402415316642121,
        0.9483671227404373,
        0.917580293766252
      ]
    },
    "meta_incomplete": {
      "n": 1538,
      "macro_auc": 0.9252066919709717,
      "per_class_auc": [
        0.949342298131582,
        0.9272376594075155,
        0.9355554370174962,
        0.9061649375769301,
        0.9077331277213353
      ]
    },
    "fairness_sex_gap": 0.01691128435128242
  },
  "training_history": [
    {
      "epoch": 1,
      "train_loss": 0.6506938887845486,
      "val_auc": 0.902799116594902,
      "val_f1": 0.6627991004128393,
      "val_auc_ecg": 0.8992342813821335,
      "val_delta_meta": 0.0020355968150631565,
      "lr": 0.0009755527298894294,
      "epoch_time_s": 242.4517650604248
    },
    {
      "epoch": 2,
      "train_loss": 0.563398584696131,
      "val_auc": 0.9072300680811652,
      "val_f1": 0.6861755094703923,
      "val_auc_ecg": 0.9035133027032476,
      "val_delta_meta": 0.0013593774120771451,
      "lr": 0.0009046039886902864,
      "epoch_time_s": 241.63958764076233
    },
    {
      "epoch": 3,
      "train_loss": 0.5282896092725456,
      "val_auc": 0.9187229613799165,
      "val_f1": 0.7157432994907454,
      "val_auc_ecg": 0.9166585634955918,
      "val_delta_meta": 0.0005020823681374242,
      "lr": 0.0007940987335200904,
      "epoch_time_s": 255.41805863380432
    },
    {
      "epoch": 4,
      "train_loss": 0.5007755160331726,
      "val_auc": 0.9238528998834535,
      "val_f1": 0.7188293850609426,
      "val_auc_ecg": 0.9230327941188288,
      "val_delta_meta": 0.001082692598666668,
      "lr": 0.0006548539886902864,
      "epoch_time_s": 261.6797797679901
    },
    {
      "epoch": 5,
      "train_loss": 0.47844107435383926,
      "val_auc": 0.92085193657219,
      "val_f1": 0.725168360153456,
      "val_auc_ecg": 0.9187981653588488,
      "val_delta_meta": 0.0003566997015204132,
      "lr": 0.0005005000000000001,
      "epoch_time_s": 261.8354170322418
    },
    {
      "epoch": 6,
      "train_loss": 0.45910363492615724,
      "val_auc": 0.926420898565954,
      "val_f1": 0.7180201389862069,
      "val_auc_ecg": 0.9256687608556339,
      "val_delta_meta": -0.0004510393249054223,
      "lr": 0.0003461460113097139,
      "epoch_time_s": 261.5441405773163
    },
    {
      "epoch": 7,
      "train_loss": 0.43782004440596345,
      "val_auc": 0.9283846019480517,
      "val_f1": 0.7312939491528712,
      "val_auc_ecg": 0.9276046001122686,
      "val_delta_meta": 0.00030521178012887784,
      "lr": 0.00020690126647990973,
      "epoch_time_s": 262.0626001358032
    },
    {
      "epoch": 8,
      "train_loss": 0.41627129980730354,
      "val_auc": 0.9308872642006056,
      "val_f1": 0.7429431402757544,
      "val_auc_ecg": 0.9305503572893905,
      "val_delta_meta": 0.0002664745142014757,
      "lr": 9.639601130971382e-05,
      "epoch_time_s": 262.6018831729889
    },
    {
      "epoch": 9,
      "train_loss": 0.4001342103021954,
      "val_auc": 0.9296654088556169,
      "val_f1": 0.7389617928082813,
      "val_auc_ecg": 0.9287873243056628,
      "val_delta_meta": 0.0009441797164850829,
      "lr": 2.5447270110570814e-05,
      "epoch_time_s": 262.5100927352905
    },
    {
      "epoch": 10,
      "train_loss": 0.3895060153729325,
      "val_auc": 0.9336222754863843,
      "val_f1": 0.7442619723036357,
      "val_auc_ecg": 0.9330230767802841,
      "val_delta_meta": 0.0006809201965651823,
      "lr": 0.001,
      "epoch_time_s": 262.8722085952759
    }
  ]
}