{
  "metadata": {
    "run_name": "ATLAS_A_v5_demo+anthro_tf2_vf3_seed2024",
    "variant": "demo+anthro",
    "seed": 2024,
    "meta_hid": 128,
    "lauc_weight": 0.08,
    "no_aug": false,
    "arch_mode": "standard",
    "meta_mask_mode": "real",
    "test_fold": 2,
    "val_fold": 3,
    "timestamp": "2026-05-10T22:33:48.884237",
    "git_sha": "b8fda1f7a68a5b217a3f76d88337426561bd26e4",
    "analysis_plan_sha256": "4ad22e907fbd431a0b443255a3449c0560371997d5ee36a61e164de7aea5c3dc",
    "wall_time_s": 2676.1733610630035,
    "train_time_s": 2646.6905603408813,
    "gpu_peak_mem_mb": 0,
    "num_parameters": 3951951,
    "dataset_sizes": {
      "train": 17426,
      "val": 2192,
      "test": 2181
    },
    "train_fold_ids": [
      1,
      4,
      5,
      6,
      7,
      8,
      9,
      10
    ],
    "pos_weights": [
      1.3062466382980347,
      2.9577560424804688,
      3.153002977371216,
      3.4386143684387207,
      7.215935707092285
    ],
    "loss_weights": {
      "fused": 0.52,
      "ecg": 0.3,
      "meta": 0.1,
      "lauc": 0.08
    },
    "hardware": {
      "python_version": "3.11.7 | packaged by Anaconda, Inc. | (main, Dec 15 2023, 18:05:47) [MSC v.1916 64 bit (AMD64)]",
      "torch_version": "2.3.1+cpu",
      "cuda_available": false,
      "numpy_version": "1.26.4",
      "sklearn_version": "1.4.2"
    },
    "best_val_auc": 0.9426360282611121,
    "best_val_epoch": 9
  },
  "test": {
    "macro_auc": 0.9431593086756713,
    "macro_auc_ecg": 0.9418308073630559,
    "macro_auc_no_meta": 0.9416055627336533,
    "delta_meta_auc": 0.00155374594201807,
    "macro_f1_optimal": 0.7669963053694302,
    "macro_f1_fixed_05": 0.7504758967934926,
    "w_fused": 1.0,
    "thresholds": [
      0.574999988079071,
      0.5600000023841858,
      0.7099999785423279,
      0.6349999904632568,
      0.8600000143051147
    ]
  },
  "per_class": {
    "NORM": {
      "auc": 0.9667222630155937,
      "f1": 0.9011099899091827,
      "threshold": 0.574999988079071
    },
    "MI": {
      "auc": 0.9355822946057059,
      "f1": 0.7413647851727043,
      "threshold": 0.5600000023841858
    },
    "STTC": {
      "auc": 0.9453221816305566,
      "f1": 0.7709707822808671,
      "threshold": 0.7099999785423279
    },
    "CD": {
      "auc": 0.9370076347014201,
      "f1": 0.7801857585139319,
      "threshold": 0.6349999904632568
    },
    "HYP": {
      "auc": 0.9311621694250802,
      "f1": 0.6413502109704642,
      "threshold": 0.8600000143051147
    }
  },
  "subgroups": {
    "sex_male": {
      "n": 1045,
      "macro_auc": 0.9407280675460947,
      "per_class_auc": [
        0.9603753251579339,
        0.920267988150937,
        0.9517857142857143,
        0.9368919343027513,
        0.9343193758331374
      ]
    },
    "sex_female": {
      "n": 1136,
      "macro_auc": 0.9417312151658633,
      "per_class_auc": [
        0.9706417431638591,
        0.9396816708071919,
        0.9389886366963192,
        0.9314166304692362,
        0.9279273946927099
      ]
    },
    "age_lt45": {
      "n": 344,
      "macro_auc": 0.9514476068928197,
      "per_class_auc": [
        0.9358612143742255,
        0.9816358024691357,
        0.9586206896551724,
        0.8990960364675886,
        0.9820242914979758
      ]
    },
    "age_45_65": {
      "n": 798,
      "macro_auc": 0.9487617085203073,
      "per_class_auc": [
        0.965890245740992,
        0.946756191140565,
        0.9484517494329883,
        0.947707994454209,
        0.9350023618327823
      ]
    },
    "age_gt65": {
      "n": 1039,
      "macro_auc": 0.9279597412484388,
      "per_class_auc": [
        0.9594876310800005,
        0.904128734453135,
        0.9323050667215533,
        0.9351503085091117,
        0.9087269654783938
      ]
    },
    "meta_complete": {
      "n": 663,
      "macro_auc": 0.9447911335854566,
      "per_class_auc": [
        0.9736621311056798,
        0.9399130190796858,
        0.949457105357356,
        0.9310516406670253,
        0.9298717717175365
      ]
    },
    "meta_incomplete": {
      "n": 1518,
      "macro_auc": 0.942301704600181,
      "per_class_auc": [
        0.9645829236185303,
        0.9340150663743895,
        0.943578057351428,
        0.9384224450013923,
        0.9309100306551651
      ]
    },
    "fairness_sex_gap": 0.0010031476197686073
  },
  "training_history": [
    {
      "epoch": 1,
      "train_loss": 0.6482302909050512,
      "val_auc": 0.9124961322411791,
      "val_f1": 0.6886483609603546,
      "val_auc_ecg": 0.9069034167617935,
      "val_delta_meta": 0.004090037745371866,
      "lr": 0.0009755527298894294,
      "epoch_time_s": 250.36645317077637
    },
    {
      "epoch": 2,
      "train_loss": 0.5684957569345421,
      "val_auc": 0.9196871904752639,
      "val_f1": 0.7026121755047675,
      "val_auc_ecg": 0.9167277709013775,
      "val_delta_meta": 0.003143518864738293,
      "lr": 0.0009046039886902864,
      "epoch_time_s": 246.6692864894867
    },
    {
      "epoch": 3,
      "train_loss": 0.5314295746864529,
      "val_auc": 0.9274086690908747,
      "val_f1": 0.7122644383551617,
      "val_auc_ecg": 0.9225012295780706,
      "val_delta_meta": 0.002241592245944224,
      "lr": 0.0007940987335200904,
      "epoch_time_s": 271.4500102996826
    },
    {
      "epoch": 4,
      "train_loss": 0.5116985832879303,
      "val_auc": 0.9281421733857697,
      "val_f1": 0.67708892984009,
      "val_auc_ecg": 0.9247669334094548,
      "val_delta_meta": 0.0029909185638355984,
      "lr": 0.0006548539886902864,
      "epoch_time_s": 266.46438670158386
    },
    {
      "epoch": 5,
      "train_loss": 0.49127016559653325,
      "val_auc": 0.938152903499132,
      "val_f1": 0.7292984160136411,
      "val_auc_ecg": 0.9359953368414328,
      "val_delta_meta": 0.0024886998929922743,
      "lr": 0.0005005000000000001,
      "epoch_time_s": 267.01841020584106
    },
    {
      "epoch": 6,
      "train_loss": 0.4659135308287559,
      "val_auc": 0.9359756790525784,
      "val_f1": 0.7308585477632864,
      "val_auc_ecg": 0.9339121918065892,
      "val_delta_meta": 0.002552605598912683,
      "lr": 0.0003461460113097139,
      "epoch_time_s": 266.68376779556274
    },
    {
      "epoch": 7,
      "train_loss": 0.4468669920339497,
      "val_auc": 0.9392639437717435,
      "val_f1": 0.7435231854151686,
      "val_auc_ecg": 0.936996914517582,
      "val_delta_meta": 0.0019107602301889903,
      "lr": 0.00020690126647990973,
      "epoch_time_s": 266.3028643131256
    },
    {
      "epoch": 8,
      "train_loss": 0.425498092830728,
      "val_auc": 0.9421128860148767,
      "val_f1": 0.746333645077286,
      "val_auc_ecg": 0.9401507134602485,
      "val_delta_meta": 0.0021638540901486314,
      "lr": 9.639601130971382e-05,
      "epoch_time_s": 267.03741550445557
    },
    {
      "epoch": 9,
      "train_loss": 0.4043296898723742,
      "val_auc": 0.9426360282611121,
      "val_f1": 0.754334330486679,
      "val_auc_ecg": 0.9403315379196673,
      "val_delta_meta": 0.00202031404112768,
      "lr": 2.5447270110570814e-05,
      "epoch_time_s": 267.018826007843
    },
    {
      "epoch": 10,
      "train_loss": 0.3967045794659798,
      "val_auc": 0.9424016089836489,
      "val_f1": 0.7589291350356419,
      "val_auc_ecg": 0.9402526534287732,
      "val_delta_meta": 0.0018881937796422221,
      "lr": 0.001,
      "epoch_time_s": 267.85476660728455
    }
  ]
}