{
  "metadata": {
    "run_name": "ATLAS_A_v5_none_seed2042",
    "variant": "none",
    "seed": 2042,
    "meta_hid": 128,
    "lauc_weight": 0.08,
    "no_aug": false,
    "arch_mode": "standard",
    "meta_mask_mode": "real",
    "test_fold": 10,
    "val_fold": 9,
    "timestamp": "2026-05-04T10:38:32.329024",
    "git_sha": "b8fda1f7a68a5b217a3f76d88337426561bd26e4",
    "analysis_plan_sha256": "4ad22e907fbd431a0b443255a3449c0560371997d5ee36a61e164de7aea5c3dc",
    "wall_time_s": 2605.350533723831,
    "train_time_s": 2576.0499761104584,
    "gpu_peak_mem_mb": 0,
    "num_parameters": 3951951,
    "dataset_sizes": {
      "train": 17418,
      "val": 2183,
      "test": 2198
    },
    "train_fold_ids": [
      1,
      2,
      3,
      4,
      5,
      6,
      7,
      8
    ],
    "pos_weights": [
      1.2930489778518677,
      2.9776203632354736,
      3.161012887954712,
      3.4581520557403564,
      7.21991491317749
    ],
    "loss_weights": {
      "fused": 0.52,
      "ecg": 0.3,
      "meta": 0.1,
      "lauc": 0.08
    },
    "hardware": {
      "python_version": "3.11.7 | packaged by Anaconda, Inc. | (main, Dec 15 2023, 18:05:47) [MSC v.1916 64 bit (AMD64)]",
      "torch_version": "2.3.1+cpu",
      "cuda_available": false,
      "numpy_version": "1.26.4",
      "sklearn_version": "1.4.2"
    },
    "best_val_auc": 0.9312407761144147,
    "best_val_epoch": 9
  },
  "test": {
    "macro_auc": 0.9271336182730527,
    "macro_auc_ecg": 0.9274174199645449,
    "macro_auc_no_meta": 0.9271336182730527,
    "delta_meta_auc": 0.0,
    "macro_f1_optimal": 0.7472834346303796,
    "macro_f1_fixed_05": 0.7361476516377247,
    "w_fused": 1.0,
    "thresholds": [
      0.6200000047683716,
      0.574999988079071,
      0.5899999737739563,
      0.6800000071525574,
      0.574999988079071
    ]
  },
  "per_class": {
    "NORM": {
      "auc": 0.9491165008135003,
      "f1": 0.8596070915189267,
      "threshold": 0.6200000047683716
    },
    "MI": {
      "auc": 0.9226787290379523,
      "f1": 0.726790450928382,
      "threshold": 0.574999988079071
    },
    "STTC": {
      "auc": 0.9340427163486575,
      "f1": 0.7685433422698839,
      "threshold": 0.5899999737739563
    },
    "CD": {
      "auc": 0.9160214737879534,
      "f1": 0.7617107942973523,
      "threshold": 0.6800000071525574
    },
    "HYP": {
      "auc": 0.9138086713772002,
      "f1": 0.6197654941373534,
      "threshold": 0.574999988079071
    }
  },
  "subgroups": {
    "sex_male": {
      "n": 1066,
      "macro_auc": 0.9183168058193527,
      "per_class_auc": [
        0.9425572746690376,
        0.9134324149565607,
        0.9195072740787936,
        0.9063657166631994,
        0.9097213487291724
      ]
    },
    "sex_female": {
      "n": 1132,
      "macro_auc": 0.9349396614975898,
      "per_class_auc": [
        0.9553351203060506,
        0.9301114941833506,
        0.9457267623206489,
        0.9259276945249961,
        0.9175972361529031
      ]
    },
    "age_lt45": {
      "n": 345,
      "macro_auc": 0.9264278984439003,
      "per_class_auc": [
        0.8888456405693951,
        0.9657049537289059,
        0.9590065107306487,
        0.8494412564180006,
        0.9691411307725507
      ]
    },
    "age_45_65": {
      "n": 703,
      "macro_auc": 0.9240215247586121,
      "per_class_auc": [
        0.9286262408568444,
        0.9192879149274498,
        0.9482655190401669,
        0.9029296327446032,
        0.9209983162239965
      ]
    },
    "age_gt65": {
      "n": 1150,
      "macro_auc": 0.9159409856069614,
      "per_class_auc": [
        0.9517361439329489,
        0.8986201693352334,
        0.9102777777777779,
        0.9263815718839432,
        0.8926892651049032
      ]
    },
    "meta_complete": {
      "n": 660,
      "macro_auc": 0.9397209183539619,
      "per_class_auc": [
        0.9587043715042685,
        0.9449335026788712,
        0.9343269513991163,
        0.9435162859710947,
        0.9171234802164594
      ]
    },
    "meta_incomplete": {
      "n": 1538,
      "macro_auc": 0.9229384291397886,
      "per_class_auc": [
        0.9472832394007046,
        0.9170644987740746,
        0.9340182139116266,
        0.9063524998534669,
        0.9099736937590709
      ]
    },
    "fairness_sex_gap": 0.01662285567823707
  },
  "training_history": [
    {
      "epoch": 1,
      "train_loss": 0.5985937528107145,
      "val_auc": 0.8984864447164609,
      "val_f1": 0.6783700700748578,
      "val_auc_ecg": 0.8985040114217533,
      "val_delta_meta": 0.0,
      "lr": 0.0009755527298894294,
      "epoch_time_s": 240.37495303153992
    },
    {
      "epoch": 2,
      "train_loss": 0.51352782254919,
      "val_auc": 0.9032438576762731,
      "val_f1": 0.684702135289632,
      "val_auc_ecg": 0.9020211763530185,
      "val_delta_meta": 0.0,
      "lr": 0.0009046039886902864,
      "epoch_time_s": 240.3269350528717
    },
    {
      "epoch": 3,
      "train_loss": 0.47671057095221425,
      "val_auc": 0.9162875403023081,
      "val_f1": 0.7080700871310405,
      "val_auc_ecg": 0.9154623820115113,
      "val_delta_meta": 0.0,
      "lr": 0.0007940987335200904,
      "epoch_time_s": 254.3880307674408
    },
    {
      "epoch": 4,
      "train_loss": 0.4538336159439262,
      "val_auc": 0.9205503569697532,
      "val_f1": 0.7257283596402757,
      "val_auc_ecg": 0.9200902739683581,
      "val_delta_meta": 0.0,
      "lr": 0.0006548539886902864,
      "epoch_time_s": 260.6434996128082
    },
    {
      "epoch": 5,
      "train_loss": 0.4328811617619401,
      "val_auc": 0.9259169968985201,
      "val_f1": 0.7153150923631082,
      "val_auc_ecg": 0.9263992237599421,
      "val_delta_meta": 0.0,
      "lr": 0.0005005000000000001,
      "epoch_time_s": 262.9755115509033
    },
    {
      "epoch": 6,
      "train_loss": 0.41381517211231617,
      "val_auc": 0.9136776081180431,
      "val_f1": 0.7039418965618733,
      "val_auc_ecg": 0.9133213899165946,
      "val_delta_meta": 0.0,
      "lr": 0.0003461460113097139,
      "epoch_time_s": 260.9712567329407
    },
    {
      "epoch": 7,
      "train_loss": 0.3897282231564915,
      "val_auc": 0.9258849971438667,
      "val_f1": 0.7267792242537039,
      "val_auc_ecg": 0.9266303019652298,
      "val_delta_meta": 0.0,
      "lr": 0.00020690126647990973,
      "epoch_time_s": 261.6994228363037
    },
    {
      "epoch": 8,
      "train_loss": 0.3690828765751025,
      "val_auc": 0.9303447589540295,
      "val_f1": 0.7368059507355001,
      "val_auc_ecg": 0.9311795212006017,
      "val_delta_meta": 0.0,
      "lr": 9.639601130971382e-05,
      "epoch_time_s": 262.83509969711304
    },
    {
      "epoch": 9,
      "train_loss": 0.34934296676325144,
      "val_auc": 0.9312407761144147,
      "val_f1": 0.7398399954528896,
      "val_auc_ecg": 0.9317520499387829,
      "val_delta_meta": 0.0,
      "lr": 2.5447270110570814e-05,
      "epoch_time_s": 261.90805220603943
    },
    {
      "epoch": 10,
      "train_loss": 0.33701139188140905,
      "val_auc": 0.9299437787377365,
      "val_f1": 0.742151193595905,
      "val_auc_ecg": 0.9303723163041179,
      "val_delta_meta": 0.0,
      "lr": 0.001,
      "epoch_time_s": 261.81704211235046
    }
  ]
}