{
  "metadata": {
    "run_name": "ATLAS_A_v5_none_seed2034",
    "variant": "none",
    "seed": 2034,
    "meta_hid": 128,
    "lauc_weight": 0.08,
    "no_aug": false,
    "arch_mode": "standard",
    "meta_mask_mode": "real",
    "test_fold": 10,
    "val_fold": 9,
    "timestamp": "2026-05-04T04:47:38.584352",
    "git_sha": "b8fda1f7a68a5b217a3f76d88337426561bd26e4",
    "analysis_plan_sha256": "4ad22e907fbd431a0b443255a3449c0560371997d5ee36a61e164de7aea5c3dc",
    "wall_time_s": 2597.7563779354095,
    "train_time_s": 2568.135830640793,
    "gpu_peak_mem_mb": 0,
    "num_parameters": 3951951,
    "dataset_sizes": {
      "train": 17418,
      "val": 2183,
      "test": 2198
    },
    "train_fold_ids": [
      1,
      2,
      3,
      4,
      5,
      6,
      7,
      8
    ],
    "pos_weights": [
      1.2930489778518677,
      2.9776203632354736,
      3.161012887954712,
      3.4581520557403564,
      7.21991491317749
    ],
    "loss_weights": {
      "fused": 0.52,
      "ecg": 0.3,
      "meta": 0.1,
      "lauc": 0.08
    },
    "hardware": {
      "python_version": "3.11.7 | packaged by Anaconda, Inc. | (main, Dec 15 2023, 18:05:47) [MSC v.1916 64 bit (AMD64)]",
      "torch_version": "2.3.1+cpu",
      "cuda_available": false,
      "numpy_version": "1.26.4",
      "sklearn_version": "1.4.2"
    },
    "best_val_auc": 0.931590669184233,
    "best_val_epoch": 9
  },
  "test": {
    "macro_auc": 0.9267178944474379,
    "macro_auc_ecg": 0.9266049925199088,
    "macro_auc_no_meta": 0.9267178944474379,
    "delta_meta_auc": 0.0,
    "macro_f1_optimal": 0.7430515242283275,
    "macro_f1_fixed_05": 0.7325426784978426,
    "w_fused": 1.0,
    "thresholds": [
      0.7099999785423279,
      0.5450000166893005,
      0.5450000166893005,
      0.574999988079071,
      0.5600000023841858
    ]
  },
  "per_class": {
    "NORM": {
      "auc": 0.9470186369350166,
      "f1": 0.8610271903323263,
      "threshold": 0.7099999785423279
    },
    "MI": {
      "auc": 0.9230052956751986,
      "f1": 0.7310344827586207,
      "threshold": 0.5450000166893005
    },
    "STTC": {
      "auc": 0.9355786828000371,
      "f1": 0.7624890446976337,
      "threshold": 0.5450000166893005
    },
    "CD": {
      "auc": 0.9182887305257571,
      "f1": 0.7495069033530573,
      "threshold": 0.574999988079071
    },
    "HYP": {
      "auc": 0.9096981263011796,
      "f1": 0.6112,
      "threshold": 0.5600000023841858
    }
  },
  "subgroups": {
    "sex_male": {
      "n": 1066,
      "macro_auc": 0.9174159465109237,
      "per_class_auc": [
        0.9392828875323915,
        0.9140838839218431,
        0.9194099323917738,
        0.9096213854795091,
        0.9046816432291012
      ]
    },
    "sex_female": {
      "n": 1132,
      "macro_auc": 0.9352450737331421,
      "per_class_auc": [
        0.9546461290647337,
        0.9303937579386681,
        0.9488652574871729,
        0.9279028981229054,
        0.9144173260522307
      ]
    },
    "age_lt45": {
      "n": 345,
      "macro_auc": 0.9280490173122251,
      "per_class_auc": [
        0.8884008007117438,
        0.9765922700054437,
        0.9620207378828068,
        0.8473270915131381,
        0.9659041864479931
      ]
    },
    "age_45_65": {
      "n": 703,
      "macro_auc": 0.9218439112143288,
      "per_class_auc": [
        0.926087382445141,
        0.9154119459352018,
        0.9455399061032864,
        0.905663022147463,
        0.9165172994405519
      ]
    },
    "age_gt65": {
      "n": 1150,
      "macro_auc": 0.9163109411447696,
      "per_class_auc": [
        0.9501252481330938,
        0.900601894542711,
        0.9138994374120957,
        0.9285954929306317,
        0.8883326327053158
      ]
    },
    "meta_complete": {
      "n": 660,
      "macro_auc": 0.9383383675700573,
      "per_class_auc": [
        0.9554570209007948,
        0.9421451408049752,
        0.9345743740795287,
        0.9454138191779259,
        0.9141014828870617
      ]
    },
    "meta_incomplete": {
      "n": 1538,
      "macro_auc": 0.9232255100973175,
      "per_class_auc": [
        0.9461053953583578,
        0.9194993375962506,
        0.93618584396943,
        0.9091120098470196,
        0.9052249637155296
      ]
    },
    "fairness_sex_gap": 0.01782912722221841
  },
  "training_history": [
    {
      "epoch": 1,
      "train_loss": 0.5960848682517306,
      "val_auc": 0.8950810569147837,
      "val_f1": 0.6241020297197458,
      "val_auc_ecg": 0.8918759020994746,
      "val_delta_meta": 0.0,
      "lr": 0.0009755527298894294,
      "epoch_time_s": 241.8516206741333
    },
    {
      "epoch": 2,
      "train_loss": 0.5165434038967167,
      "val_auc": 0.9111415063524284,
      "val_f1": 0.7113900452951105,
      "val_auc_ecg": 0.9093961529951038,
      "val_delta_meta": 0.0,
      "lr": 0.0009046039886902864,
      "epoch_time_s": 240.82097554206848
    },
    {
      "epoch": 3,
      "train_loss": 0.47849720669995754,
      "val_auc": 0.9186186035513433,
      "val_f1": 0.6826795681632187,
      "val_auc_ecg": 0.9179679328451738,
      "val_delta_meta": 0.0,
      "lr": 0.0007940987335200904,
      "epoch_time_s": 253.3607575893402
    },
    {
      "epoch": 4,
      "train_loss": 0.4560613226179683,
      "val_auc": 0.9225805006960464,
      "val_f1": 0.7227192768888491,
      "val_auc_ecg": 0.922378513347371,
      "val_delta_meta": 0.0,
      "lr": 0.0006548539886902864,
      "epoch_time_s": 259.9745395183563
    },
    {
      "epoch": 5,
      "train_loss": 0.43237236410105995,
      "val_auc": 0.9227717759994254,
      "val_f1": 0.7266007796023497,
      "val_auc_ecg": 0.9216591963611547,
      "val_delta_meta": 0.0,
      "lr": 0.0005005000000000001,
      "epoch_time_s": 259.7763855457306
    },
    {
      "epoch": 6,
      "train_loss": 0.4103055100648775,
      "val_auc": 0.9270328982924283,
      "val_f1": 0.722691797628187,
      "val_auc_ecg": 0.9273231272061834,
      "val_delta_meta": 0.0,
      "lr": 0.0003461460113097139,
      "epoch_time_s": 260.0629436969757
    },
    {
      "epoch": 7,
      "train_loss": 0.39084407670782245,
      "val_auc": 0.9282632856160105,
      "val_f1": 0.7350135428907741,
      "val_auc_ecg": 0.9277354997693777,
      "val_delta_meta": 0.0,
      "lr": 0.00020690126647990973,
      "epoch_time_s": 260.38454031944275
    },
    {
      "epoch": 8,
      "train_loss": 0.3672062806306629,
      "val_auc": 0.9293450420069206,
      "val_f1": 0.740869716416434,
      "val_auc_ecg": 0.9291917810739238,
      "val_delta_meta": 0.0,
      "lr": 9.639601130971382e-05,
      "epoch_time_s": 261.0482213497162
    },
    {
      "epoch": 9,
      "train_loss": 0.35173455681822713,
      "val_auc": 0.931590669184233,
      "val_f1": 0.7475649330996589,
      "val_auc_ecg": 0.9317392239954018,
      "val_delta_meta": 0.0,
      "lr": 2.5447270110570814e-05,
      "epoch_time_s": 260.01774621009827
    },
    {
      "epoch": 10,
      "train_loss": 0.34180448462656876,
      "val_auc": 0.9307854335687656,
      "val_f1": 0.7458788870570253,
      "val_auc_ecg": 0.9310802935690617,
      "val_delta_meta": 0.0,
      "lr": 0.001,
      "epoch_time_s": 260.7627372741699
    }
  ]
}