{
  "metadata": {
    "run_name": "ATLAS_A_v5_demo+anthro_seed2027",
    "variant": "demo+anthro",
    "seed": 2027,
    "meta_hid": 128,
    "lauc_weight": 0.08,
    "no_aug": false,
    "arch_mode": "standard",
    "meta_mask_mode": "real",
    "test_fold": 10,
    "val_fold": 9,
    "timestamp": "2026-05-05T04:56:59.245776",
    "git_sha": "b8fda1f7a68a5b217a3f76d88337426561bd26e4",
    "analysis_plan_sha256": "4ad22e907fbd431a0b443255a3449c0560371997d5ee36a61e164de7aea5c3dc",
    "wall_time_s": 2626.0222873687744,
    "train_time_s": 2596.758625984192,
    "gpu_peak_mem_mb": 0,
    "num_parameters": 3951951,
    "dataset_sizes": {
      "train": 17418,
      "val": 2183,
      "test": 2198
    },
    "train_fold_ids": [
      1,
      2,
      3,
      4,
      5,
      6,
      7,
      8
    ],
    "pos_weights": [
      1.2930489778518677,
      2.9776203632354736,
      3.161012887954712,
      3.4581520557403564,
      7.21991491317749
    ],
    "loss_weights": {
      "fused": 0.52,
      "ecg": 0.3,
      "meta": 0.1,
      "lauc": 0.08
    },
    "hardware": {
      "python_version": "3.11.7 | packaged by Anaconda, Inc. | (main, Dec 15 2023, 18:05:47) [MSC v.1916 64 bit (AMD64)]",
      "torch_version": "2.3.1+cpu",
      "cuda_available": false,
      "numpy_version": "1.26.4",
      "sklearn_version": "1.4.2"
    },
    "best_val_auc": 0.9335058380728484,
    "best_val_epoch": 9
  },
  "test": {
    "macro_auc": 0.928255523330136,
    "macro_auc_ecg": 0.9264198846855821,
    "macro_auc_no_meta": 0.9265048527920815,
    "delta_meta_auc": 0.001750670538054444,
    "macro_f1_optimal": 0.7418603250391428,
    "macro_f1_fixed_05": 0.7363444641242539,
    "w_fused": 1.0,
    "thresholds": [
      0.6050000190734863,
      0.7099999785423279,
      0.6200000047683716,
      0.7250000238418579,
      0.6349999904632568
    ]
  },
  "per_class": {
    "NORM": {
      "auc": 0.9483000575966636,
      "f1": 0.8607594936708861,
      "threshold": 0.6050000190734863
    },
    "MI": {
      "auc": 0.9294759488084731,
      "f1": 0.7377358490566037,
      "threshold": 0.7099999785423279
    },
    "STTC": {
      "auc": 0.9344410146534862,
      "f1": 0.7676950998185118,
      "threshold": 0.6200000047683716
    },
    "CD": {
      "auc": 0.9194531575755278,
      "f1": 0.7424400417101147,
      "threshold": 0.7250000238418579
    },
    "HYP": {
      "auc": 0.9096074380165289,
      "f1": 0.6006711409395973,
      "threshold": 0.6349999904632568
    }
  },
  "subgroups": {
    "sex_male": {
      "n": 1066,
      "macro_auc": 0.919212004248737,
      "per_class_auc": [
        0.9425572746690375,
        0.9177885059483005,
        0.9163569431170577,
        0.9120761389640109,
        0.9072811585452777
      ]
    },
    "sex_female": {
      "n": 1132,
      "macro_auc": 0.9369829516708512,
      "per_class_auc": [
        0.9548600624182019,
        0.9399705639226598,
        0.9496873594568325,
        0.9280374724339717,
        0.91235930012259
      ]
    },
    "age_lt45": {
      "n": 345,
      "macro_auc": 0.9278824039378373,
      "per_class_auc": [
        0.8890124555160143,
        0.979858464888405,
        0.9619001687967206,
        0.8628057988523106,
        0.9458351316357358
      ]
    },
    "age_45_65": {
      "n": 703,
      "macro_auc": 0.9241359083733529,
      "per_class_auc": [
        0.9269935344827586,
        0.926269628304512,
        0.9456442357850808,
        0.9073731426969442,
        0.9143990005974689
      ]
    },
    "age_gt65": {
      "n": 1150,
      "macro_auc": 0.9170320183193483,
      "per_class_auc": [
        0.9487230992217287,
        0.9053868723279404,
        0.9116842475386779,
        0.9269332010410612,
        0.8924326714673334
      ]
    },
    "meta_complete": {
      "n": 660,
      "macro_auc": 0.9406029878335713,
      "per_class_auc": [
        0.9589067559611423,
        0.941269215608987,
        0.934739322533137,
        0.9503787932830178,
        0.9177208517815729
      ]
    },
    "meta_incomplete": {
      "n": 1538,
      "macro_auc": 0.9233206665539629,
      "per_class_auc": [
        0.9454392803182086,
        0.924875121476129,
        0.9339527485743104,
        0.9075693101225017,
        0.9047668722786647
      ]
    },
    "fairness_sex_gap": 0.01777094742211427
  },
  "training_history": [
    {
      "epoch": 1,
      "train_loss": 0.6501915560403001,
      "val_auc": 0.900060430693113,
      "val_f1": 0.678458475220944,
      "val_auc_ecg": 0.898430925864619,
      "val_delta_meta": 0.0014966165025427358,
      "lr": 0.0009755527298894294,
      "epoch_time_s": 241.94130206108093
    },
    {
      "epoch": 2,
      "train_loss": 0.55892487928408,
      "val_auc": 0.9065343739120667,
      "val_f1": 0.6762972784712993,
      "val_auc_ecg": 0.9044562759652027,
      "val_delta_meta": 0.0007974825341994229,
      "lr": 0.0009046039886902864,
      "epoch_time_s": 242.28685331344604
    },
    {
      "epoch": 3,
      "train_loss": 0.5251151197000381,
      "val_auc": 0.9212484366621385,
      "val_f1": 0.7164630631741846,
      "val_auc_ecg": 0.9201163384719455,
      "val_delta_meta": 0.00024081631059968966,
      "lr": 0.0007940987335200904,
      "epoch_time_s": 257.3985381126404
    },
    {
      "epoch": 4,
      "train_loss": 0.4989258265823399,
      "val_auc": 0.919830765700856,
      "val_f1": 0.7057720259717898,
      "val_auc_ecg": 0.9194581170893276,
      "val_delta_meta": -9.618251023024715e-05,
      "lr": 0.0006548539886902864,
      "epoch_time_s": 263.2218494415283
    },
    {
      "epoch": 5,
      "train_loss": 0.4771078253011091,
      "val_auc": 0.9228808437363563,
      "val_f1": 0.7194805225025526,
      "val_auc_ecg": 0.9214439968603572,
      "val_delta_meta": 0.0002456054940052077,
      "lr": 0.0005005000000000001,
      "epoch_time_s": 263.4027111530304
    },
    {
      "epoch": 6,
      "train_loss": 0.4561252283120374,
      "val_auc": 0.9254465950459251,
      "val_f1": 0.7133308717696947,
      "val_auc_ecg": 0.9244702333173069,
      "val_delta_meta": -0.00022428799487916873,
      "lr": 0.0003461460113097139,
      "epoch_time_s": 263.32361793518066
    },
    {
      "epoch": 7,
      "train_loss": 0.4363458765482684,
      "val_auc": 0.93144803850013,
      "val_f1": 0.7396857924824293,
      "val_auc_ecg": 0.9307009980969598,
      "val_delta_meta": 0.0004352637797730985,
      "lr": 0.00020690126647990973,
      "epoch_time_s": 263.8151879310608
    },
    {
      "epoch": 8,
      "train_loss": 0.4158806517036683,
      "val_auc": 0.9302712244719082,
      "val_f1": 0.734510511492662,
      "val_auc_ecg": 0.9293657602966713,
      "val_delta_meta": 0.00014663678562498728,
      "lr": 9.639601130971382e-05,
      "epoch_time_s": 264.2061846256256
    },
    {
      "epoch": 9,
      "train_loss": 0.39325176343458507,
      "val_auc": 0.9335058380728484,
      "val_f1": 0.7393590869319407,
      "val_auc_ecg": 0.9328956623660776,
      "val_delta_meta": 0.00032177972251423714,
      "lr": 2.5447270110570814e-05,
      "epoch_time_s": 264.40563440322876
    },
    {
      "epoch": 10,
      "train_loss": 0.38107826190257293,
      "val_auc": 0.9328550650401372,
      "val_f1": 0.7425703586146393,
      "val_auc_ecg": 0.9325780992382393,
      "val_delta_meta": 6.724756975662327e-05,
      "lr": 0.001,
      "epoch_time_s": 264.37710094451904
    }
  ]
}