{
  "metadata": {
    "run_name": "ATLAS_A_v5_demo_seed2034",
    "variant": "demo",
    "seed": 2034,
    "meta_hid": 128,
    "lauc_weight": 0.08,
    "no_aug": false,
    "arch_mode": "standard",
    "meta_mask_mode": "real",
    "test_fold": 10,
    "val_fold": 9,
    "timestamp": "2026-05-04T19:24:33.797413",
    "git_sha": "b8fda1f7a68a5b217a3f76d88337426561bd26e4",
    "analysis_plan_sha256": "4ad22e907fbd431a0b443255a3449c0560371997d5ee36a61e164de7aea5c3dc",
    "wall_time_s": 2631.1735289096832,
    "train_time_s": 2601.9407637119293,
    "gpu_peak_mem_mb": 0,
    "num_parameters": 3951951,
    "dataset_sizes": {
      "train": 17418,
      "val": 2183,
      "test": 2198
    },
    "train_fold_ids": [
      1,
      2,
      3,
      4,
      5,
      6,
      7,
      8
    ],
    "pos_weights": [
      1.2930489778518677,
      2.9776203632354736,
      3.161012887954712,
      3.4581520557403564,
      7.21991491317749
    ],
    "loss_weights": {
      "fused": 0.52,
      "ecg": 0.3,
      "meta": 0.1,
      "lauc": 0.08
    },
    "hardware": {
      "python_version": "3.11.7 | packaged by Anaconda, Inc. | (main, Dec 15 2023, 18:05:47) [MSC v.1916 64 bit (AMD64)]",
      "torch_version": "2.3.1+cpu",
      "cuda_available": false,
      "numpy_version": "1.26.4",
      "sklearn_version": "1.4.2"
    },
    "best_val_auc": 0.9313439037441821,
    "best_val_epoch": 9
  },
  "test": {
    "macro_auc": 0.9275616566988536,
    "macro_auc_ecg": 0.9273883685091349,
    "macro_auc_no_meta": 0.9276832974003819,
    "delta_meta_auc": -0.00012164070152831385,
    "macro_f1_optimal": 0.742507388797703,
    "macro_f1_fixed_05": 0.7384592251586237,
    "w_fused": 1.0,
    "thresholds": [
      0.6050000190734863,
      0.7099999785423279,
      0.6349999904632568,
      0.7400000095367432,
      0.6800000071525574
    ]
  },
  "per_class": {
    "NORM": {
      "auc": 0.9469950937732541,
      "f1": 0.8638132295719845,
      "threshold": 0.6050000190734863
    },
    "MI": {
      "auc": 0.9242486760812003,
      "f1": 0.7152444870565676,
      "threshold": 0.7099999785423279
    },
    "STTC": {
      "auc": 0.9367026165222835,
      "f1": 0.7678075855689177,
      "threshold": 0.6349999904632568
    },
    "CD": {
      "auc": 0.920075054016148,
      "f1": 0.75,
      "threshold": 0.7400000095367432
    },
    "HYP": {
      "auc": 0.9097868431013816,
      "f1": 0.6156716417910447,
      "threshold": 0.6800000071525574
    }
  },
  "subgroups": {
    "sex_male": {
      "n": 1066,
      "macro_auc": 0.9180601132814836,
      "per_class_auc": [
        0.9411080150202571,
        0.9119204235520617,
        0.9206621004566209,
        0.912070938215103,
        0.9045390891633754
      ]
    },
    "sex_female": {
      "n": 1132,
      "macro_auc": 0.9367061463275054,
      "per_class_auc": [
        0.9535575858250277,
        0.9348212665577934,
        0.9500597232901488,
        0.9298129851186858,
        0.915279170845871
      ]
    },
    "age_lt45": {
      "n": 345,
      "macro_auc": 0.9170617456517896,
      "per_class_auc": [
        0.877446619217082,
        0.979858464888405,
        0.9640704123462743,
        0.8452884324977348,
        0.9186447993094519
      ]
    },
    "age_45_65": {
      "n": 703,
      "macro_auc": 0.9220965717675436,
      "per_class_auc": [
        0.9219811259143156,
        0.913051580202743,
        0.944679186228482,
        0.907246986262966,
        0.9235239802292107
      ]
    },
    "age_gt65": {
      "n": 1150,
      "macro_auc": 0.9184265424062568,
      "per_class_auc": [
        0.9510902101647919,
        0.9024327269678933,
        0.9163115330520393,
        0.9319237789188809,
        0.8903744629276789
      ]
    },
    "meta_complete": {
      "n": 660,
      "macro_auc": 0.9408225416273523,
      "per_class_auc": [
        0.9606638210185457,
        0.9393567789310793,
        0.9362474226804124,
        0.9526187384970966,
        0.9152259470096282
      ]
    },
    "meta_incomplete": {
      "n": 1538,
      "macro_auc": 0.9230312861873251,
      "per_class_auc": [
        0.9439942963899688,
        0.9213621487824742,
        0.9367677580789076,
        0.9084649199929664,
        0.9045673076923078
      ]
    },
    "fairness_sex_gap": 0.01864603304602175
  },
  "training_history": [
    {
      "epoch": 1,
      "train_loss": 0.646829571308346,
      "val_auc": 0.8985129133670389,
      "val_f1": 0.63052874989577,
      "val_auc_ecg": 0.8927311336636473,
      "val_delta_meta": 0.0021059784462611475,
      "lr": 0.0009755527298894294,
      "epoch_time_s": 241.36781811714172
    },
    {
      "epoch": 2,
      "train_loss": 0.5651144690469865,
      "val_auc": 0.9107845771414966,
      "val_f1": 0.7086873396836841,
      "val_auc_ecg": 0.9099652588548514,
      "val_delta_meta": -0.0004978824311854257,
      "lr": 0.0009046039886902864,
      "epoch_time_s": 240.46419262886047
    },
    {
      "epoch": 3,
      "train_loss": 0.527051971811767,
      "val_auc": 0.9158835368689152,
      "val_f1": 0.6726883456608447,
      "val_auc_ecg": 0.9150891794592028,
      "val_delta_meta": 0.00017526586499538865,
      "lr": 0.0007940987335200904,
      "epoch_time_s": 261.15755462646484
    },
    {
      "epoch": 4,
      "train_loss": 0.5052661973948872,
      "val_auc": 0.9231575235150616,
      "val_f1": 0.7230476725418394,
      "val_auc_ecg": 0.9229792557152848,
      "val_delta_meta": 0.0001933883353680832,
      "lr": 0.0006548539886902864,
      "epoch_time_s": 263.899751663208
    },
    {
      "epoch": 5,
      "train_loss": 0.48289386444135546,
      "val_auc": 0.9220833374906224,
      "val_f1": 0.7213865873521386,
      "val_auc_ecg": 0.9206085570251468,
      "val_delta_meta": 0.0007566896844032334,
      "lr": 0.0005005000000000001,
      "epoch_time_s": 263.8571915626526
    },
    {
      "epoch": 6,
      "train_loss": 0.4608798372089316,
      "val_auc": 0.9274216481841482,
      "val_f1": 0.7223293397236771,
      "val_auc_ecg": 0.9276893224682807,
      "val_delta_meta": -0.00045046168463114267,
      "lr": 0.0003461460113097139,
      "epoch_time_s": 263.88521814346313
    },
    {
      "epoch": 7,
      "train_loss": 0.4412818656602037,
      "val_auc": 0.9295516753957156,
      "val_f1": 0.7358544650252045,
      "val_auc_ecg": 0.9291754303326527,
      "val_delta_meta": -0.0003898773701347391,
      "lr": 0.00020690126647990973,
      "epoch_time_s": 264.32746601104736
    },
    {
      "epoch": 8,
      "train_loss": 0.41754814290672265,
      "val_auc": 0.9298553305796793,
      "val_f1": 0.7418374932151822,
      "val_auc_ecg": 0.9298067480505743,
      "val_delta_meta": -0.00015263895709083375,
      "lr": 9.639601130971382e-05,
      "epoch_time_s": 264.5327501296997
    },
    {
      "epoch": 9,
      "train_loss": 0.4010212114371291,
      "val_auc": 0.9313439037441821,
      "val_f1": 0.745236268678265,
      "val_auc_ecg": 0.931861354178991,
      "val_delta_meta": -0.0007642099634276311,
      "lr": 2.5447270110570814e-05,
      "epoch_time_s": 264.2284736633301
    },
    {
      "epoch": 10,
      "train_loss": 0.39166780764903497,
      "val_auc": 0.9307284312005845,
      "val_f1": 0.7434312369137535,
      "val_auc_ecg": 0.9314665173812516,
      "val_delta_meta": -0.0011027852522275117,
      "lr": 0.001,
      "epoch_time_s": 264.8765354156494
    }
  ]
}