{
  "metadata": {
    "run_name": "ATLAS_A_v5_demo+anthro_seed2025",
    "variant": "demo+anthro",
    "seed": 2025,
    "meta_hid": 128,
    "lauc_weight": 0.08,
    "no_aug": false,
    "arch_mode": "standard",
    "meta_mask_mode": "real",
    "test_fold": 10,
    "val_fold": 9,
    "timestamp": "2026-05-05T03:29:18.570041",
    "git_sha": "b8fda1f7a68a5b217a3f76d88337426561bd26e4",
    "analysis_plan_sha256": "4ad22e907fbd431a0b443255a3449c0560371997d5ee36a61e164de7aea5c3dc",
    "wall_time_s": 2643.937482357025,
    "train_time_s": 2614.849780321121,
    "gpu_peak_mem_mb": 0,
    "num_parameters": 3951951,
    "dataset_sizes": {
      "train": 17418,
      "val": 2183,
      "test": 2198
    },
    "train_fold_ids": [
      1,
      2,
      3,
      4,
      5,
      6,
      7,
      8
    ],
    "pos_weights": [
      1.2930489778518677,
      2.9776203632354736,
      3.161012887954712,
      3.4581520557403564,
      7.21991491317749
    ],
    "loss_weights": {
      "fused": 0.52,
      "ecg": 0.3,
      "meta": 0.1,
      "lauc": 0.08
    },
    "hardware": {
      "python_version": "3.11.7 | packaged by Anaconda, Inc. | (main, Dec 15 2023, 18:05:47) [MSC v.1916 64 bit (AMD64)]",
      "torch_version": "2.3.1+cpu",
      "cuda_available": false,
      "numpy_version": "1.26.4",
      "sklearn_version": "1.4.2"
    },
    "best_val_auc": 0.9324655287763806,
    "best_val_epoch": 10
  },
  "test": {
    "macro_auc": 0.9288322856805553,
    "macro_auc_ecg": 0.9272497559271372,
    "macro_auc_no_meta": 0.9274751420346024,
    "delta_meta_auc": 0.0013571436459529629,
    "macro_f1_optimal": 0.744484420392314,
    "macro_f1_fixed_05": 0.7390531473228945,
    "w_fused": 1.0,
    "thresholds": [
      0.7400000095367432,
      0.574999988079071,
      0.5600000023841858,
      0.6949999928474426,
      0.7250000238418579
    ]
  },
  "per_class": {
    "NORM": {
      "auc": 0.9500876562362053,
      "f1": 0.8642714570858283,
      "threshold": 0.7400000095367432
    },
    "MI": {
      "auc": 0.9336352603706973,
      "f1": 0.7403414195867026,
      "threshold": 0.574999988079071
    },
    "STTC": {
      "auc": 0.9373149429391897,
      "f1": 0.7652790079716564,
      "threshold": 0.5600000023841858
    },
    "CD": {
      "auc": 0.9182674083620787,
      "f1": 0.7479674796747967,
      "threshold": 0.6949999928474426
    },
    "HYP": {
      "auc": 0.904856160494606,
      "f1": 0.6045627376425855,
      "threshold": 0.7250000238418579
    }
  },
  "subgroups": {
    "sex_male": {
      "n": 1066,
      "macro_auc": 0.9208664950910153,
      "per_class_auc": [
        0.9461930731894194,
        0.9210458507747133,
        0.9203833492619731,
        0.909688995215311,
        0.9070212070136601
      ]
    },
    "sex_female": {
      "n": 1132,
      "macro_auc": 0.9363063599295629,
      "per_class_auc": [
        0.9544762408134501,
        0.9439141918183834,
        0.9521343217900545,
        0.9277639827050306,
        0.9032430625208959
      ]
    },
    "age_lt45": {
      "n": 345,
      "macro_auc": 0.924878822118721,
      "per_class_auc": [
        0.8911810498220641,
        0.9910179640718563,
        0.9614178924523753,
        0.8774539414074297,
        0.9033232628398792
      ]
    },
    "age_45_65": {
      "n": 703,
      "macro_auc": 0.9252136148636604,
      "per_class_auc": [
        0.9287650208986418,
        0.9282076128006361,
        0.9522170057381325,
        0.9054667788057191,
        0.9114116560751725
      ]
    },
    "age_gt65": {
      "n": 1150,
      "macro_auc": 0.9179056880166687,
      "per_class_auc": [
        0.9522639190849798,
        0.9103328024142845,
        0.9144831223628693,
        0.9250932031142982,
        0.887355393106912
      ]
    },
    "meta_complete": {
      "n": 660,
      "macro_auc": 0.9393416851241814,
      "per_class_auc": [
        0.9602314542243156,
        0.9446853238733413,
        0.9395463917525773,
        0.9406913869113009,
        0.9115538688593716
      ]
    },
    "meta_incomplete": {
      "n": 1538,
      "macro_auc": 0.9241777530924076,
      "per_class_auc": [
        0.9462268225792182,
        0.9294300775958678,
        0.935834270861621,
        0.9098692925385383,
        0.8995283018867924
      ]
    },
    "fairness_sex_gap": 0.015439864838547646
  },
  "training_history": [
    {
      "epoch": 1,
      "train_loss": 0.6436510332133791,
      "val_auc": 0.898643312654541,
      "val_f1": 0.6642372869532321,
      "val_auc_ecg": 0.8942958332694229,
      "val_delta_meta": 0.0029768886654593096,
      "lr": 0.0009755527298894294,
      "epoch_time_s": 242.9816756248474
    },
    {
      "epoch": 2,
      "train_loss": 0.5619826787108675,
      "val_auc": 0.9116962393692368,
      "val_f1": 0.6964871698125912,
      "val_auc_ecg": 0.9107934752558009,
      "val_delta_meta": 0.00012503141314623711,
      "lr": 0.0009046039886902864,
      "epoch_time_s": 242.28963947296143
    },
    {
      "epoch": 3,
      "train_loss": 0.5259862085001185,
      "val_auc": 0.9186113309269979,
      "val_f1": 0.713865128536656,
      "val_auc_ecg": 0.9167405509279007,
      "val_delta_meta": 0.0009715977319876279,
      "lr": 0.0007940987335200904,
      "epoch_time_s": 257.99735927581787
    },
    {
      "epoch": 4,
      "train_loss": 0.5000463942868993,
      "val_auc": 0.9200077393177055,
      "val_f1": 0.7109888452094344,
      "val_auc_ecg": 0.918457585959478,
      "val_delta_meta": 0.0009902806792352337,
      "lr": 0.0006548539886902864,
      "epoch_time_s": 264.3478856086731
    },
    {
      "epoch": 5,
      "train_loss": 0.4788904335520683,
      "val_auc": 0.9220936010183989,
      "val_f1": 0.7237203603990674,
      "val_auc_ecg": 0.9205725931008295,
      "val_delta_meta": 0.00029360660097810243,
      "lr": 0.0005005000000000001,
      "epoch_time_s": 264.34096026420593
    },
    {
      "epoch": 6,
      "train_loss": 0.4559502805591723,
      "val_auc": 0.9258208372078516,
      "val_f1": 0.7182234709088521,
      "val_auc_ecg": 0.9251229043624181,
      "val_delta_meta": 0.0004061232997106812,
      "lr": 0.0003461460113097139,
      "epoch_time_s": 265.03141736984253
    },
    {
      "epoch": 7,
      "train_loss": 0.4344790375013964,
      "val_auc": 0.9290868985439751,
      "val_f1": 0.7315026411791197,
      "val_auc_ecg": 0.9287876959410678,
      "val_delta_meta": -0.00020843019399396923,
      "lr": 0.00020690126647990973,
      "epoch_time_s": 268.32847690582275
    },
    {
      "epoch": 8,
      "train_loss": 0.41609705227230664,
      "val_auc": 0.9293519624470905,
      "val_f1": 0.7330365346552659,
      "val_auc_ecg": 0.928898952023486,
      "val_delta_meta": -0.0007169215983184873,
      "lr": 9.639601130971382e-05,
      "epoch_time_s": 265.9288034439087
    },
    {
      "epoch": 9,
      "train_loss": 0.3957382856432451,
      "val_auc": 0.9319778977187816,
      "val_f1": 0.738741406570304,
      "val_auc_ecg": 0.9318996367096662,
      "val_delta_meta": 3.971064721774997e-05,
      "lr": 2.5447270110570814e-05,
      "epoch_time_s": 266.7719159126282
    },
    {
      "epoch": 10,
      "train_loss": 0.38337444296670614,
      "val_auc": 0.9324655287763806,
      "val_f1": 0.7422194419755456,
      "val_auc_ecg": 0.9317300550199861,
      "val_delta_meta": 0.00031403075119329493,
      "lr": 0.001,
      "epoch_time_s": 265.80206394195557
    }
  ]
}