{
  "metadata": {
    "run_name": "ATLAS_A_v5_none_seed2033",
    "variant": "none",
    "seed": 2033,
    "meta_hid": 128,
    "lauc_weight": 0.08,
    "no_aug": false,
    "arch_mode": "standard",
    "meta_mask_mode": "real",
    "test_fold": 10,
    "val_fold": 9,
    "timestamp": "2026-05-04T04:04:17.288354",
    "git_sha": "b8fda1f7a68a5b217a3f76d88337426561bd26e4",
    "analysis_plan_sha256": "4ad22e907fbd431a0b443255a3449c0560371997d5ee36a61e164de7aea5c3dc",
    "wall_time_s": 2605.747316837311,
    "train_time_s": 2576.5946769714355,
    "gpu_peak_mem_mb": 0,
    "num_parameters": 3951951,
    "dataset_sizes": {
      "train": 17418,
      "val": 2183,
      "test": 2198
    },
    "train_fold_ids": [
      1,
      2,
      3,
      4,
      5,
      6,
      7,
      8
    ],
    "pos_weights": [
      1.2930489778518677,
      2.9776203632354736,
      3.161012887954712,
      3.4581520557403564,
      7.21991491317749
    ],
    "loss_weights": {
      "fused": 0.52,
      "ecg": 0.3,
      "meta": 0.1,
      "lauc": 0.08
    },
    "hardware": {
      "python_version": "3.11.7 | packaged by Anaconda, Inc. | (main, Dec 15 2023, 18:05:47) [MSC v.1916 64 bit (AMD64)]",
      "torch_version": "2.3.1+cpu",
      "cuda_available": false,
      "numpy_version": "1.26.4",
      "sklearn_version": "1.4.2"
    },
    "best_val_auc": 0.9302062296035057,
    "best_val_epoch": 9
  },
  "test": {
    "macro_auc": 0.9251709903179337,
    "macro_auc_ecg": 0.9251432311973569,
    "macro_auc_no_meta": 0.9251709903179337,
    "delta_meta_auc": 0.0,
    "macro_f1_optimal": 0.7385741552339551,
    "macro_f1_fixed_05": 0.7231303129587799,
    "w_fused": 1.0,
    "thresholds": [
      0.7549999952316284,
      0.5,
      0.48500001430511475,
      0.6800000071525574,
      0.6949999928474426
    ]
  },
  "per_class": {
    "NORM": {
      "auc": 0.945826343957185,
      "f1": 0.8534906588003933,
      "threshold": 0.7549999952316284
    },
    "MI": {
      "auc": 0.9241394527802295,
      "f1": 0.7254725472547254,
      "threshold": 0.5
    },
    "STTC": {
      "auc": 0.9357526521745599,
      "f1": 0.7523404255319149,
      "threshold": 0.48500001430511475
    },
    "CD": {
      "auc": 0.9158461582199309,
      "f1": 0.7515151515151515,
      "threshold": 0.6800000071525574
    },
    "HYP": {
      "auc": 0.9042903444577629,
      "f1": 0.610051993067591,
      "threshold": 0.6949999928474426
    }
  },
  "subgroups": {
    "sex_male": {
      "n": 1066,
      "macro_auc": 0.9162976905239478,
      "per_class_auc": [
        0.939319028670765,
        0.9087846214430524,
        0.920401047750522,
        0.9094341585188267,
        0.9035495962365727
      ]
    },
    "sex_female": {
      "n": 1132,
      "macro_auc": 0.9331037812163862,
      "per_class_auc": [
        0.9521009513742071,
        0.9367245307365066,
        0.9482220835932627,
        0.9230365173904738,
        0.905434822987481
      ]
    },
    "age_lt45": {
      "n": 345,
      "macro_auc": 0.9270107065163462,
      "per_class_auc": [
        0.8850645017793595,
        0.9782253674469243,
        0.959127079816735,
        0.8514799154334037,
        0.9611566681053086
      ]
    },
    "age_45_65": {
      "n": 703,
      "macro_auc": 0.9197522808487072,
      "per_class_auc": [
        0.9259812565308254,
        0.9215861657722124,
        0.9518648930620762,
        0.899215026633025,
        0.9001140622453968
      ]
    },
    "age_gt65": {
      "n": 1150,
      "macro_auc": 0.9134617184235314,
      "per_class_auc": [
        0.946194504836626,
        0.8973627294827731,
        0.9120815752461322,
        0.9263889763021596,
        0.8852808062499659
      ]
    },
    "meta_complete": {
      "n": 660,
      "macro_auc": 0.9345604689030157,
      "per_class_auc": [
        0.9530192081248161,
        0.936218046978788,
        0.9378144329896907,
        0.9432452097986903,
        0.9025054466230936
      ]
    },
    "meta_incomplete": {
      "n": 1538,
      "macro_auc": 0.922096218030893,
      "per_class_auc": [
        0.9450645906081248,
        0.9212451914591382,
        0.9348910850758426,
        0.9066994900650607,
        0.902580732946299
      ]
    },
    "fairness_sex_gap": 0.016806090692438325
  },
  "training_history": [
    {
      "epoch": 1,
      "train_loss": 0.6002582737065236,
      "val_auc": 0.896353780163224,
      "val_f1": 0.6602435783142736,
      "val_auc_ecg": 0.8978490908944508,
      "val_delta_meta": 0.0,
      "lr": 0.0009755527298894294,
      "epoch_time_s": 242.13359427452087
    },
    {
      "epoch": 2,
      "train_loss": 0.5134249167704801,
      "val_auc": 0.90610462017478,
      "val_f1": 0.6960073079012792,
      "val_auc_ecg": 0.9071456567950262,
      "val_delta_meta": 0.0,
      "lr": 0.0009046039886902864,
      "epoch_time_s": 242.19537711143494
    },
    {
      "epoch": 3,
      "train_loss": 0.47547612518345544,
      "val_auc": 0.9116007135812915,
      "val_f1": 0.7135875215823132,
      "val_auc_ecg": 0.9116950070210603,
      "val_delta_meta": 0.0,
      "lr": 0.0007940987335200904,
      "epoch_time_s": 253.9505271911621
    },
    {
      "epoch": 4,
      "train_loss": 0.4545615010305282,
      "val_auc": 0.9213043828165635,
      "val_f1": 0.7060445658256811,
      "val_auc_ecg": 0.9207057208856538,
      "val_delta_meta": 0.0,
      "lr": 0.0006548539886902864,
      "epoch_time_s": 260.62454104423523
    },
    {
      "epoch": 5,
      "train_loss": 0.43065939138241865,
      "val_auc": 0.9252517238349537,
      "val_f1": 0.7230888655187447,
      "val_auc_ecg": 0.9249919726740368,
      "val_delta_meta": 0.0,
      "lr": 0.0005005000000000001,
      "epoch_time_s": 260.77340960502625
    },
    {
      "epoch": 6,
      "train_loss": 0.4092379339791219,
      "val_auc": 0.9288479036824453,
      "val_f1": 0.728246957712348,
      "val_auc_ecg": 0.9286978537751569,
      "val_delta_meta": 0.0,
      "lr": 0.0003461460113097139,
      "epoch_time_s": 261.14259791374207
    },
    {
      "epoch": 7,
      "train_loss": 0.3879948502013443,
      "val_auc": 0.9287927147698966,
      "val_f1": 0.7278194209598606,
      "val_auc_ecg": 0.9290431799567239,
      "val_delta_meta": 0.0,
      "lr": 0.00020690126647990973,
      "epoch_time_s": 261.2401878833771
    },
    {
      "epoch": 8,
      "train_loss": 0.36536177199914915,
      "val_auc": 0.9297374710914758,
      "val_f1": 0.7359128888990554,
      "val_auc_ecg": 0.9297269618982231,
      "val_delta_meta": 0.0,
      "lr": 9.639601130971382e-05,
      "epoch_time_s": 261.9184424877167
    },
    {
      "epoch": 9,
      "train_loss": 0.34635291219851294,
      "val_auc": 0.9302062296035057,
      "val_f1": 0.7391923330037209,
      "val_auc_ecg": 0.9301713632105715,
      "val_delta_meta": 0.0,
      "lr": 2.5447270110570814e-05,
      "epoch_time_s": 261.5242028236389
    },
    {
      "epoch": 10,
      "train_loss": 0.3327017011172181,
      "val_auc": 0.9297748416631674,
      "val_f1": 0.7376461603645463,
      "val_auc_ecg": 0.929543308845169,
      "val_delta_meta": 0.0,
      "lr": 0.001,
      "epoch_time_s": 261.98286485671997
    }
  ]
}