{
  "metadata": {
    "run_name": "ATLAS_A_v5_demo_seed2028",
    "variant": "demo",
    "seed": 2028,
    "meta_hid": 128,
    "lauc_weight": 0.08,
    "no_aug": false,
    "arch_mode": "standard",
    "meta_mask_mode": "real",
    "test_fold": 10,
    "val_fold": 9,
    "timestamp": "2026-05-04T15:01:00.681038",
    "git_sha": "b8fda1f7a68a5b217a3f76d88337426561bd26e4",
    "analysis_plan_sha256": "4ad22e907fbd431a0b443255a3449c0560371997d5ee36a61e164de7aea5c3dc",
    "wall_time_s": 2640.6586389541626,
    "train_time_s": 2611.4143290519714,
    "gpu_peak_mem_mb": 0,
    "num_parameters": 3951951,
    "dataset_sizes": {
      "train": 17418,
      "val": 2183,
      "test": 2198
    },
    "train_fold_ids": [
      1,
      2,
      3,
      4,
      5,
      6,
      7,
      8
    ],
    "pos_weights": [
      1.2930489778518677,
      2.9776203632354736,
      3.161012887954712,
      3.4581520557403564,
      7.21991491317749
    ],
    "loss_weights": {
      "fused": 0.52,
      "ecg": 0.3,
      "meta": 0.1,
      "lauc": 0.08
    },
    "hardware": {
      "python_version": "3.11.7 | packaged by Anaconda, Inc. | (main, Dec 15 2023, 18:05:47) [MSC v.1916 64 bit (AMD64)]",
      "torch_version": "2.3.1+cpu",
      "cuda_available": false,
      "numpy_version": "1.26.4",
      "sklearn_version": "1.4.2"
    },
    "best_val_auc": 0.93182885317303,
    "best_val_epoch": 10
  },
  "test": {
    "macro_auc": 0.9275995068148829,
    "macro_auc_ecg": 0.9271092421067915,
    "macro_auc_no_meta": 0.9274365390560879,
    "delta_meta_auc": 0.00016296775879498515,
    "macro_f1_optimal": 0.7458410302876268,
    "macro_f1_fixed_05": 0.7270414412254695,
    "w_fused": 1.0,
    "thresholds": [
      0.5450000166893005,
      0.5299999713897705,
      0.6499999761581421,
      0.6650000214576721,
      0.7699999809265137
    ]
  },
  "per_class": {
    "NORM": {
      "auc": 0.9492401024127536,
      "f1": 0.8571428571428571,
      "threshold": 0.5450000166893005
    },
    "MI": {
      "auc": 0.924848852603707,
      "f1": 0.7309644670050761,
      "threshold": 0.5299999713897705
    },
    "STTC": {
      "auc": 0.9343082485518767,
      "f1": 0.7723132969034608,
      "threshold": 0.6499999761581421
    },
    "CD": {
      "auc": 0.9185753951707669,
      "f1": 0.75,
      "threshold": 0.6650000214576721
    },
    "HYP": {
      "auc": 0.91102493533531,
      "f1": 0.6187845303867403,
      "threshold": 0.7699999809265137
    }
  },
  "subgroups": {
    "sex_male": {
      "n": 1066,
      "macro_auc": 0.9198058771722051,
      "per_class_auc": [
        0.9444655267751624,
        0.9152750025523971,
        0.9180427241513573,
        0.9097722071978365,
        0.9114739251842721
      ]
    },
    "sex_female": {
      "n": 1132,
      "macro_auc": 0.9349660212863522,
      "per_class_auc": [
        0.9545454545454545,
        0.9328615496280167,
        0.9474870277145082,
        0.928758096164198,
        0.9111779783795833
      ]
    },
    "age_lt45": {
      "n": 345,
      "macro_auc": 0.9248514077332765,
      "per_class_auc": [
        0.8937388790035586,
        0.9689711486118672,
        0.9555100072341453,
        0.8746602234974328,
        0.9313767803193784
      ]
    },
    "age_45_65": {
      "n": 703,
      "macro_auc": 0.9235878961234917,
      "per_class_auc": [
        0.9272710945663533,
        0.9188531107135758,
        0.9517866458007302,
        0.9028595458368377,
        0.917169083699962
      ]
    },
    "age_gt65": {
      "n": 1150,
      "macro_auc": 0.916409589274273,
      "per_class_auc": [
        0.9515707218703721,
        0.9013228267247883,
        0.9101441631504924,
        0.9260261598095583,
        0.8929840748161534
      ]
    },
    "meta_complete": {
      "n": 660,
      "macro_auc": 0.9389510314836376,
      "per_class_auc": [
        0.958262805416544,
        0.9398093402823399,
        0.9356465390279823,
        0.9392218687135295,
        0.9218146039777919
      ]
    },
    "meta_incomplete": {
      "n": 1538,
      "macro_auc": 0.9233962399952051,
      "per_class_auc": [
        0.9472502805836139,
        0.9214387026668396,
        0.9336714900880629,
        0.9110603129945489,
        0.9035604136429607
      ]
    },
    "fairness_sex_gap": 0.015160144114147123
  },
  "training_history": [
    {
      "epoch": 1,
      "train_loss": 0.6497074241485071,
      "val_auc": 0.9008660841781395,
      "val_f1": 0.6552845457253141,
      "val_auc_ecg": 0.8981329143743413,
      "val_delta_meta": 0.001012159250165956,
      "lr": 0.0009755527298894294,
      "epoch_time_s": 241.69942045211792
    },
    {
      "epoch": 2,
      "train_loss": 0.5629324944741135,
      "val_auc": 0.9084365681356109,
      "val_f1": 0.6882233172690513,
      "val_auc_ecg": 0.9059815778654068,
      "val_delta_meta": 0.0006490339267264389,
      "lr": 0.0009046039886902864,
      "epoch_time_s": 241.46259331703186
    },
    {
      "epoch": 3,
      "train_loss": 0.5296473547406153,
      "val_auc": 0.9143754898221301,
      "val_f1": 0.7149655420339902,
      "val_auc_ecg": 0.9139752905731772,
      "val_delta_meta": -0.001080428271757028,
      "lr": 0.0007940987335200904,
      "epoch_time_s": 256.6413297653198
    },
    {
      "epoch": 4,
      "train_loss": 0.5016567375681816,
      "val_auc": 0.9231869093736405,
      "val_f1": 0.723401066609787,
      "val_auc_ecg": 0.9226633394141815,
      "val_delta_meta": 0.0004353054554614433,
      "lr": 0.0006548539886902864,
      "epoch_time_s": 263.2705645561218
    },
    {
      "epoch": 5,
      "train_loss": 0.4810224977655148,
      "val_auc": 0.9187432816192116,
      "val_f1": 0.7206201464561464,
      "val_auc_ecg": 0.9165092254317571,
      "val_delta_meta": 0.0006096953492376045,
      "lr": 0.0005005000000000001,
      "epoch_time_s": 263.2461950778961
    },
    {
      "epoch": 6,
      "train_loss": 0.4601368871850705,
      "val_auc": 0.9256838807814844,
      "val_f1": 0.7237227166437203,
      "val_auc_ecg": 0.9247958008307033,
      "val_delta_meta": -0.0004857583215407413,
      "lr": 0.0003461460113097139,
      "epoch_time_s": 263.21750378608704
    },
    {
      "epoch": 7,
      "train_loss": 0.4374899304788047,
      "val_auc": 0.926521042406408,
      "val_f1": 0.7279358945897958,
      "val_auc_ecg": 0.9257757072349451,
      "val_delta_meta": -0.00013114852874274163,
      "lr": 0.00020690126647990973,
      "epoch_time_s": 264.1303560733795
    },
    {
      "epoch": 8,
      "train_loss": 0.41723682265216055,
      "val_auc": 0.9289644573250746,
      "val_f1": 0.7367752815538262,
      "val_auc_ecg": 0.9283348014878106,
      "val_delta_meta": 0.00010574841422961168,
      "lr": 9.639601130971382e-05,
      "epoch_time_s": 274.08166098594666
    },
    {
      "epoch": 9,
      "train_loss": 0.4000099165997374,
      "val_auc": 0.9273976311440144,
      "val_f1": 0.7363935911609433,
      "val_auc_ecg": 0.9266273233552464,
      "val_delta_meta": 0.0002318918198390696,
      "lr": 2.5447270110570814e-05,
      "epoch_time_s": 269.7451150417328
    },
    {
      "epoch": 10,
      "train_loss": 0.38782718985452563,
      "val_auc": 0.93182885317303,
      "val_f1": 0.7396315525602735,
      "val_auc_ecg": 0.9312055008540578,
      "val_delta_meta": 0.00013649101013035736,
      "lr": 0.001,
      "epoch_time_s": 264.781986951828
    }
  ]
}