{
  "metadata": {
    "run_name": "ATLAS_A_v5_none_seed2030",
    "variant": "none",
    "seed": 2030,
    "meta_hid": 128,
    "lauc_weight": 0.08,
    "no_aug": false,
    "arch_mode": "standard",
    "meta_mask_mode": "real",
    "test_fold": 10,
    "val_fold": 9,
    "timestamp": "2026-05-04T01:53:51.574384",
    "git_sha": "b8fda1f7a68a5b217a3f76d88337426561bd26e4",
    "analysis_plan_sha256": "4ad22e907fbd431a0b443255a3449c0560371997d5ee36a61e164de7aea5c3dc",
    "wall_time_s": 2606.328104496002,
    "train_time_s": 2577.184625148773,
    "gpu_peak_mem_mb": 0,
    "num_parameters": 3951951,
    "dataset_sizes": {
      "train": 17418,
      "val": 2183,
      "test": 2198
    },
    "train_fold_ids": [
      1,
      2,
      3,
      4,
      5,
      6,
      7,
      8
    ],
    "pos_weights": [
      1.2930489778518677,
      2.9776203632354736,
      3.161012887954712,
      3.4581520557403564,
      7.21991491317749
    ],
    "loss_weights": {
      "fused": 0.52,
      "ecg": 0.3,
      "meta": 0.1,
      "lauc": 0.08
    },
    "hardware": {
      "python_version": "3.11.7 | packaged by Anaconda, Inc. | (main, Dec 15 2023, 18:05:47) [MSC v.1916 64 bit (AMD64)]",
      "torch_version": "2.3.1+cpu",
      "cuda_available": false,
      "numpy_version": "1.26.4",
      "sklearn_version": "1.4.2"
    },
    "best_val_auc": 0.9319826854677734,
    "best_val_epoch": 7
  },
  "test": {
    "macro_auc": 0.9250234705927436,
    "macro_auc_ecg": 0.9250397344918546,
    "macro_auc_no_meta": 0.9250234705927436,
    "delta_meta_auc": 0.0,
    "macro_f1_optimal": 0.7412282988669326,
    "macro_f1_fixed_05": 0.7221360325497286,
    "w_fused": 1.0,
    "thresholds": [
      0.5299999713897705,
      0.7099999785423279,
      0.6949999928474426,
      0.7099999785423279,
      0.7549999952316284
    ]
  },
  "per_class": {
    "NORM": {
      "auc": 0.9462122836446496,
      "f1": 0.863905325443787,
      "threshold": 0.5299999713897705
    },
    "MI": {
      "auc": 0.919680052956752,
      "f1": 0.7184986595174263,
      "threshold": 0.7099999785423279
    },
    "STTC": {
      "auc": 0.932791739201595,
      "f1": 0.7799086757990867,
      "threshold": 0.6949999928474426
    },
    "CD": {
      "auc": 0.9171373336871234,
      "f1": 0.7523316062176166,
      "threshold": 0.7099999785423279
    },
    "HYP": {
      "auc": 0.9092959434735979,
      "f1": 0.5914972273567468,
      "threshold": 0.7549999952316284
    }
  },
  "subgroups": {
    "sex_male": {
      "n": 1066,
      "macro_auc": 0.9163800003869751,
      "per_class_auc": [
        0.9373457225155679,
        0.9066795015776244,
        0.9196001911436763,
        0.9096265862284169,
        0.9086480004695899
      ]
    },
    "sex_female": {
      "n": 1132,
      "macro_auc": 0.9326685444605204,
      "per_class_auc": [
        0.9545202859156348,
        0.9305792455493055,
        0.942926779729867,
        0.9248293945024224,
        0.9104870166053717
      ]
    },
    "age_lt45": {
      "n": 345,
      "macro_auc": 0.922828667780269,
      "per_class_auc": [
        0.8753336298932385,
        0.9733260751224823,
        0.9496021220159152,
        0.8607671398369072,
        0.955114372032801
      ]
    },
    "age_45_65": {
      "n": 703,
      "macro_auc": 0.9227236209255205,
      "per_class_auc": [
        0.9295405564263323,
        0.9146292983502285,
        0.9459311424100156,
        0.9036865713484721,
        0.9198305360925534
      ]
    },
    "age_gt65": {
      "n": 1150,
      "macro_auc": 0.9139593707367147,
      "per_class_auc": [
        0.9482859123420613,
        0.8949417386201693,
        0.9111251758087201,
        0.9260631819006401,
        0.8893808450119836
      ]
    },
    "meta_complete": {
      "n": 660,
      "macro_auc": 0.9325933593996705,
      "per_class_auc": [
        0.9558249926405651,
        0.9357946831340604,
        0.9302974963181148,
        0.9432880112995962,
        0.8977616136060159
      ]
    },
    "meta_incomplete": {
      "n": 1538,
      "macro_auc": 0.9235176817067188,
      "per_class_auc": [
        0.9447419411355527,
        0.9169773124057697,
        0.9338436396787834,
        0.9083734833831547,
        0.9136520319303338
      ]
    },
    "fairness_sex_gap": 0.016288544073545297
  },
  "training_history": [
    {
      "epoch": 1,
      "train_loss": 0.5929655145614519,
      "val_auc": 0.9074378483196582,
      "val_f1": 0.6819434928760914,
      "val_auc_ecg": 0.9018058665991069,
      "val_delta_meta": 0.0,
      "lr": 0.0009755527298894294,
      "epoch_time_s": 245.4884648323059
    },
    {
      "epoch": 2,
      "train_loss": 0.5113332080731698,
      "val_auc": 0.9123401322206159,
      "val_f1": 0.7045161734795927,
      "val_auc_ecg": 0.9098929479620305,
      "val_delta_meta": 0.0,
      "lr": 0.0009046039886902864,
      "epoch_time_s": 242.28325295448303
    },
    {
      "epoch": 3,
      "train_loss": 0.4743683793676009,
      "val_auc": 0.9166360976627009,
      "val_f1": 0.7005261374658358,
      "val_auc_ecg": 0.9153683276660051,
      "val_delta_meta": 0.0,
      "lr": 0.0007940987335200904,
      "epoch_time_s": 256.54663014411926
    },
    {
      "epoch": 4,
      "train_loss": 0.45303161923491625,
      "val_auc": 0.9226288171123302,
      "val_f1": 0.7324779456482543,
      "val_auc_ecg": 0.9222202433242854,
      "val_delta_meta": 0.0,
      "lr": 0.0006548539886902864,
      "epoch_time_s": 260.3024423122406
    },
    {
      "epoch": 5,
      "train_loss": 0.427937499262871,
      "val_auc": 0.9246071152278643,
      "val_f1": 0.7234128635477339,
      "val_auc_ecg": 0.9240921987602899,
      "val_delta_meta": 0.0,
      "lr": 0.0005005000000000001,
      "epoch_time_s": 262.4448792934418
    },
    {
      "epoch": 6,
      "train_loss": 0.40889225531061857,
      "val_auc": 0.9293792243995102,
      "val_f1": 0.7289749959684311,
      "val_auc_ecg": 0.9288385766956384,
      "val_delta_meta": 0.0,
      "lr": 0.0003461460113097139,
      "epoch_time_s": 260.03385829925537
    },
    {
      "epoch": 7,
      "train_loss": 0.3850624717703653,
      "val_auc": 0.9319826854677734,
      "val_f1": 0.7367489834381556,
      "val_auc_ecg": 0.9320028781621129,
      "val_delta_meta": 0.0,
      "lr": 0.00020690126647990973,
      "epoch_time_s": 260.9431118965149
    },
    {
      "epoch": 8,
      "train_loss": 0.3638710051501563,
      "val_auc": 0.9290531737973458,
      "val_f1": 0.7349526608557873,
      "val_auc_ecg": 0.9289498178166771,
      "val_delta_meta": 0.0,
      "lr": 9.639601130971382e-05,
      "epoch_time_s": 260.0009136199951
    },
    {
      "epoch": 9,
      "train_loss": 0.3451987554994198,
      "val_auc": 0.9313336305997648,
      "val_f1": 0.7432305361579395,
      "val_auc_ecg": 0.931119980359218,
      "val_delta_meta": 0.0,
      "lr": 2.5447270110570814e-05,
      "epoch_time_s": 259.8645520210266
    },
    {
      "epoch": 10,
      "train_loss": 0.33484508772508814,
      "val_auc": 0.9307023367094571,
      "val_f1": 0.7396968788469842,
      "val_auc_ecg": 0.930672134383502,
      "val_delta_meta": 0.0,
      "lr": 0.001,
      "epoch_time_s": 260.682594537735
    }
  ]
}