{
  "metadata": {
    "run_name": "ATLAS_A_v5_demo+anthro_seed2040",
    "variant": "demo+anthro",
    "seed": 2040,
    "meta_hid": 128,
    "lauc_weight": 0.08,
    "no_aug": false,
    "arch_mode": "standard",
    "meta_mask_mode": "real",
    "test_fold": 10,
    "val_fold": 9,
    "timestamp": "2026-05-05T14:32:34.405499",
    "git_sha": "b8fda1f7a68a5b217a3f76d88337426561bd26e4",
    "analysis_plan_sha256": "4ad22e907fbd431a0b443255a3449c0560371997d5ee36a61e164de7aea5c3dc",
    "wall_time_s": 2628.837050676346,
    "train_time_s": 2599.5162115097046,
    "gpu_peak_mem_mb": 0,
    "num_parameters": 3951951,
    "dataset_sizes": {
      "train": 17418,
      "val": 2183,
      "test": 2198
    },
    "train_fold_ids": [
      1,
      2,
      3,
      4,
      5,
      6,
      7,
      8
    ],
    "pos_weights": [
      1.2930489778518677,
      2.9776203632354736,
      3.161012887954712,
      3.4581520557403564,
      7.21991491317749
    ],
    "loss_weights": {
      "fused": 0.52,
      "ecg": 0.3,
      "meta": 0.1,
      "lauc": 0.08
    },
    "hardware": {
      "python_version": "3.11.7 | packaged by Anaconda, Inc. | (main, Dec 15 2023, 18:05:47) [MSC v.1916 64 bit (AMD64)]",
      "torch_version": "2.3.1+cpu",
      "cuda_available": false,
      "numpy_version": "1.26.4",
      "sklearn_version": "1.4.2"
    },
    "best_val_auc": 0.9333342950988122,
    "best_val_epoch": 8
  },
  "test": {
    "macro_auc": 0.9266054514653426,
    "macro_auc_ecg": 0.9250056462559966,
    "macro_auc_no_meta": 0.9251137108133618,
    "delta_meta_auc": 0.0014917406519807663,
    "macro_f1_optimal": 0.7449324240929317,
    "macro_f1_fixed_05": 0.7322485785066655,
    "w_fused": 1.0,
    "thresholds": [
      0.5,
      0.6949999928474426,
      0.6050000190734863,
      0.7250000238418579,
      0.6349999904632568
    ]
  },
  "per_class": {
    "NORM": {
      "auc": 0.9477013886261303,
      "f1": 0.8599703117268679,
      "threshold": 0.5
    },
    "MI": {
      "auc": 0.9252449249779346,
      "f1": 0.7431111111111111,
      "threshold": 0.6949999928474426
    },
    "STTC": {
      "auc": 0.9363386542782159,
      "f1": 0.7626666666666667,
      "threshold": 0.6050000190734863
    },
    "CD": {
      "auc": 0.9146888385580532,
      "f1": 0.746177370030581,
      "threshold": 0.7250000238418579
    },
    "HYP": {
      "auc": 0.9090534508863795,
      "f1": 0.612736660929432,
      "threshold": 0.6349999904632568
    }
  },
  "subgroups": {
    "sex_male": {
      "n": 1066,
      "macro_auc": 0.9176110410843924,
      "per_class_auc": [
        0.9412200525492151,
        0.9138748304479092,
        0.9208125376092882,
        0.9076086956521738,
        0.9045390891633753
      ]
    },
    "sex_female": {
      "n": 1132,
      "macro_auc": 0.9358495557614688,
      "per_class_auc": [
        0.9558636615322662,
        0.9348696546301338,
        0.9502531590477157,
        0.9242303217628366,
        0.914030981834392
      ]
    },
    "age_lt45": {
      "n": 345,
      "macro_auc": 0.9286896211079322,
      "per_class_auc": [
        0.8926823843416368,
        0.9793140990745781,
        0.9697371593923318,
        0.8608426457263666,
        0.9408718170047475
      ]
    },
    "age_45_65": {
      "n": 703,
      "macro_auc": 0.9231896781452769,
      "per_class_auc": [
        0.9270751698014628,
        0.9250645994832042,
        0.9513693270735524,
        0.9007289038407625,
        0.9117103905274021
      ]
    },
    "age_gt65": {
      "n": 1150,
      "macro_auc": 0.914197173781871,
      "per_class_auc": [
        0.9469585972209094,
        0.8983150305977031,
        0.9107876230661041,
        0.922142542455083,
        0.8927820755695559
      ]
    },
    "meta_complete": {
      "n": 660,
      "macro_auc": 0.9396173096204581,
      "per_class_auc": [
        0.9617677362378569,
        0.9348749616782727,
        0.9366951399116348,
        0.9419326304375739,
        0.9228160798369527
      ]
    },
    "meta_incomplete": {
      "n": 1538,
      "macro_auc": 0.9212529270371164,
      "per_class_auc": [
        0.9428390031172103,
        0.9217470447010889,
        0.9357009155448656,
        0.9047394642752477,
        0.9012382075471699
      ]
    },
    "fairness_sex_gap": 0.01823851467707638
  },
  "training_history": [
    {
      "epoch": 1,
      "train_loss": 0.6518217765410012,
      "val_auc": 0.9018423984810007,
      "val_f1": 0.6627701817298608,
      "val_auc_ecg": 0.8998787915412418,
      "val_delta_meta": 0.0016831167096538202,
      "lr": 0.0009755527298894294,
      "epoch_time_s": 242.20401573181152
    },
    {
      "epoch": 2,
      "train_loss": 0.560212865007033,
      "val_auc": 0.9073709404078464,
      "val_f1": 0.6922259840712034,
      "val_auc_ecg": 0.9040243302019745,
      "val_delta_meta": -0.000794686340995443,
      "lr": 0.0009046039886902864,
      "epoch_time_s": 241.66204237937927
    },
    {
      "epoch": 3,
      "train_loss": 0.5212688802579127,
      "val_auc": 0.9193830106676547,
      "val_f1": 0.7157087782101345,
      "val_auc_ecg": 0.9178690111840473,
      "val_delta_meta": 0.0006358172814048269,
      "lr": 0.0007940987335200904,
      "epoch_time_s": 256.6818242073059
    },
    {
      "epoch": 4,
      "train_loss": 0.4986947656771459,
      "val_auc": 0.9223187277378176,
      "val_f1": 0.7231815812536796,
      "val_auc_ecg": 0.9216207047169658,
      "val_delta_meta": -0.0009791003183761138,
      "lr": 0.0006548539886902864,
      "epoch_time_s": 262.109738111496
    },
    {
      "epoch": 5,
      "train_loss": 0.47733545817366435,
      "val_auc": 0.9229746102535298,
      "val_f1": 0.7218478570745701,
      "val_auc_ecg": 0.92219431650627,
      "val_delta_meta": 0.0005423997052573792,
      "lr": 0.0005005000000000001,
      "epoch_time_s": 262.5512890815735
    },
    {
      "epoch": 6,
      "train_loss": 0.4545735112570841,
      "val_auc": 0.9295746610511438,
      "val_f1": 0.729055427722235,
      "val_auc_ecg": 0.928608231503883,
      "val_delta_meta": 5.0652039209175825e-05,
      "lr": 0.0003461460113097139,
      "epoch_time_s": 263.03213691711426
    },
    {
      "epoch": 7,
      "train_loss": 0.4330015043326474,
      "val_auc": 0.9308787020095138,
      "val_f1": 0.7388707452213954,
      "val_auc_ecg": 0.9298698161927005,
      "val_delta_meta": 0.0005189507844588492,
      "lr": 0.00020690126647990973,
      "epoch_time_s": 263.17653131484985
    },
    {
      "epoch": 8,
      "train_loss": 0.411835448484902,
      "val_auc": 0.9333342950988122,
      "val_f1": 0.7393406778847662,
      "val_auc_ecg": 0.9333296266469182,
      "val_delta_meta": 1.7182328067022468e-05,
      "lr": 9.639601130971382e-05,
      "epoch_time_s": 272.03622913360596
    },
    {
      "epoch": 9,
      "train_loss": 0.39390136687033767,
      "val_auc": 0.9314453964973481,
      "val_f1": 0.7419950619893834,
      "val_auc_ecg": 0.9314294049735766,
      "val_delta_meta": -0.0003580069032812494,
      "lr": 2.5447270110570814e-05,
      "epoch_time_s": 263.6304359436035
    },
    {
      "epoch": 10,
      "train_loss": 0.38087627094820004,
      "val_auc": 0.9332589782340405,
      "val_f1": 0.7421946661651102,
      "val_auc_ecg": 0.9331078626457089,
      "val_delta_meta": 0.00010310025261905942,
      "lr": 0.001,
      "epoch_time_s": 263.33928775787354
    }
  ]
}