{
  "metadata": {
    "run_name": "ATLAS_A_v5_demo_seed2030",
    "variant": "demo",
    "seed": 2030,
    "meta_hid": 128,
    "lauc_weight": 0.08,
    "no_aug": false,
    "arch_mode": "standard",
    "meta_mask_mode": "real",
    "test_fold": 10,
    "val_fold": 9,
    "timestamp": "2026-05-04T16:28:38.562350",
    "git_sha": "b8fda1f7a68a5b217a3f76d88337426561bd26e4",
    "analysis_plan_sha256": "4ad22e907fbd431a0b443255a3449c0560371997d5ee36a61e164de7aea5c3dc",
    "wall_time_s": 2627.834730863571,
    "train_time_s": 2598.4302332401276,
    "gpu_peak_mem_mb": 0,
    "num_parameters": 3951951,
    "dataset_sizes": {
      "train": 17418,
      "val": 2183,
      "test": 2198
    },
    "train_fold_ids": [
      1,
      2,
      3,
      4,
      5,
      6,
      7,
      8
    ],
    "pos_weights": [
      1.2930489778518677,
      2.9776203632354736,
      3.161012887954712,
      3.4581520557403564,
      7.21991491317749
    ],
    "loss_weights": {
      "fused": 0.52,
      "ecg": 0.3,
      "meta": 0.1,
      "lauc": 0.08
    },
    "hardware": {
      "python_version": "3.11.7 | packaged by Anaconda, Inc. | (main, Dec 15 2023, 18:05:47) [MSC v.1916 64 bit (AMD64)]",
      "torch_version": "2.3.1+cpu",
      "cuda_available": false,
      "numpy_version": "1.26.4",
      "sklearn_version": "1.4.2"
    },
    "best_val_auc": 0.9316132482862878,
    "best_val_epoch": 9
  },
  "test": {
    "macro_auc": 0.9265296132624808,
    "macro_auc_ecg": 0.9260617842824214,
    "macro_auc_no_meta": 0.9262072556364818,
    "delta_meta_auc": 0.00032235762599908124,
    "macro_f1_optimal": 0.7439911185317752,
    "macro_f1_fixed_05": 0.7406263662055825,
    "w_fused": 1.0,
    "thresholds": [
      0.5600000023841858,
      0.5299999713897705,
      0.574999988079071,
      0.6800000071525574,
      0.6200000047683716
    ]
  },
  "per_class": {
    "NORM": {
      "auc": 0.9466099949129955,
      "f1": 0.8586337760910816,
      "threshold": 0.5600000023841858
    },
    "MI": {
      "auc": 0.9216890997352162,
      "f1": 0.7369323050556984,
      "threshold": 0.5299999713897705
    },
    "STTC": {
      "auc": 0.9362310679544978,
      "f1": 0.7665198237885462,
      "threshold": 0.574999988079071
    },
    "CD": {
      "auc": 0.9195040938554264,
      "f1": 0.7494780793319415,
      "threshold": 0.6800000071525574
    },
    "HYP": {
      "auc": 0.9086138098542679,
      "f1": 0.6083916083916084,
      "threshold": 0.6200000047683716
    }
  },
  "subgroups": {
    "sex_male": {
      "n": 1066,
      "macro_auc": 0.9171195106824156,
      "per_class_auc": [
        0.9407899730025697,
        0.9071413639037577,
        0.9205426356589147,
        0.909096109839817,
        0.9080274710070186
      ]
    },
    "sex_female": {
      "n": 1132,
      "macro_auc": 0.9353494476179932,
      "per_class_auc": [
        0.9532398318735528,
        0.9340470574003508,
        0.9494455647598737,
        0.9306942298008298,
        0.9093205542553586
      ]
    },
    "age_lt45": {
      "n": 345,
      "macro_auc": 0.9252476712316102,
      "per_class_auc": [
        0.8833407473309609,
        0.9839412084921066,
        0.9681697612732095,
        0.8533675626698882,
        0.937419076391886
      ]
    },
    "age_45_65": {
      "n": 703,
      "macro_auc": 0.9205878253869451,
      "per_class_auc": [
        0.9225933908045978,
        0.9074612403100775,
        0.950717266562337,
        0.9069806560134567,
        0.9151865732442561
      ]
    },
    "age_gt65": {
      "n": 1150,
      "macro_auc": 0.9158511105694153,
      "per_class_auc": [
        0.9498692377981536,
        0.8998239584206555,
        0.911209563994374,
        0.9298727550729521,
        0.888480037560941
      ]
    },
    "meta_complete": {
      "n": 660,
      "macro_auc": 0.9400318093267683,
      "per_class_auc": [
        0.9581800117750958,
        0.9396487539964087,
        0.9367658321060383,
        0.9478963062304718,
        0.9176681425258275
      ]
    },
    "meta_incomplete": {
      "n": 1538,
      "macro_auc": 0.9218486528214749,
      "per_class_auc": [
        0.9442007226654315,
        0.9172388715106845,
        0.9362440353803779,
        0.9091331106031298,
        0.9024265239477504
      ]
    },
    "fairness_sex_gap": 0.018229936935577618
  },
  "training_history": [
    {
      "epoch": 1,
      "train_loss": 0.6427374782912229,
      "val_auc": 0.9077935693860824,
      "val_f1": 0.666720824203195,
      "val_auc_ecg": 0.9044092835457163,
      "val_delta_meta": 0.0008306575396954674,
      "lr": 0.0009755527298894294,
      "epoch_time_s": 241.84284734725952
    },
    {
      "epoch": 2,
      "train_loss": 0.5595890069773438,
      "val_auc": 0.9122373083851107,
      "val_f1": 0.6968713448715097,
      "val_auc_ecg": 0.9097958992192675,
      "val_delta_meta": 0.0008720130881235688,
      "lr": 0.0009046039886902864,
      "epoch_time_s": 242.06072330474854
    },
    {
      "epoch": 3,
      "train_loss": 0.5263526668242359,
      "val_auc": 0.9170554201462575,
      "val_f1": 0.7076651413413073,
      "val_auc_ecg": 0.9146212913593235,
      "val_delta_meta": 0.0007243562604709597,
      "lr": 0.0007940987335200904,
      "epoch_time_s": 257.937381029129
    },
    {
      "epoch": 4,
      "train_loss": 0.505676440416126,
      "val_auc": 0.9241201015080399,
      "val_f1": 0.7274975208365542,
      "val_auc_ecg": 0.9244009115035347,
      "val_delta_meta": -0.00010125448452391606,
      "lr": 0.0006548539886902864,
      "epoch_time_s": 263.725350856781
    },
    {
      "epoch": 5,
      "train_loss": 0.48018994202854437,
      "val_auc": 0.9263540890609253,
      "val_f1": 0.7171406384068065,
      "val_auc_ecg": 0.9258263204219865,
      "val_delta_meta": -0.000294866483390277,
      "lr": 0.0005005000000000001,
      "epoch_time_s": 263.8115699291229
    },
    {
      "epoch": 6,
      "train_loss": 0.45824904143810274,
      "val_auc": 0.9285916810872313,
      "val_f1": 0.7237838999801985,
      "val_auc_ecg": 0.9283437601404645,
      "val_delta_meta": -0.0004003544639344936,
      "lr": 0.0003461460113097139,
      "epoch_time_s": 263.1725251674652
    },
    {
      "epoch": 7,
      "train_loss": 0.4360270963076058,
      "val_auc": 0.9313116346330844,
      "val_f1": 0.7339590125147815,
      "val_auc_ecg": 0.9315293886037004,
      "val_delta_meta": 0.00015780087650318908,
      "lr": 0.00020690126647990973,
      "epoch_time_s": 264.0445520877838
    },
    {
      "epoch": 8,
      "train_loss": 0.4150773041018652,
      "val_auc": 0.9301039062345072,
      "val_f1": 0.7365845841732446,
      "val_auc_ecg": 0.9303580730744582,
      "val_delta_meta": -0.00021914456632166068,
      "lr": 9.639601130971382e-05,
      "epoch_time_s": 264.03451704978943
    },
    {
      "epoch": 9,
      "train_loss": 0.3964035122766407,
      "val_auc": 0.9316132482862878,
      "val_f1": 0.7431191949386405,
      "val_auc_ecg": 0.9315379285589673,
      "val_delta_meta": 4.0487648824250044e-05,
      "lr": 2.5447270110570814e-05,
      "epoch_time_s": 263.8772416114807
    },
    {
      "epoch": 10,
      "train_loss": 0.38558111584514654,
      "val_auc": 0.9311497493843603,
      "val_f1": 0.7436399472269184,
      "val_auc_ecg": 0.9315637820415607,
      "val_delta_meta": -0.00023456565365820303,
      "lr": 0.001,
      "epoch_time_s": 264.515508890152
    }
  ]
}