{
  "metadata": {
    "run_name": "ATLAS_A_v5_none_seed2043",
    "variant": "none",
    "seed": 2043,
    "meta_hid": 128,
    "lauc_weight": 0.08,
    "no_aug": false,
    "arch_mode": "standard",
    "meta_mask_mode": "real",
    "test_fold": 10,
    "val_fold": 9,
    "timestamp": "2026-05-04T11:21:44.191086",
    "git_sha": "b8fda1f7a68a5b217a3f76d88337426561bd26e4",
    "analysis_plan_sha256": "4ad22e907fbd431a0b443255a3449c0560371997d5ee36a61e164de7aea5c3dc",
    "wall_time_s": 2588.31396150589,
    "train_time_s": 2559.3155953884125,
    "gpu_peak_mem_mb": 0,
    "num_parameters": 3951951,
    "dataset_sizes": {
      "train": 17418,
      "val": 2183,
      "test": 2198
    },
    "train_fold_ids": [
      1,
      2,
      3,
      4,
      5,
      6,
      7,
      8
    ],
    "pos_weights": [
      1.2930489778518677,
      2.9776203632354736,
      3.161012887954712,
      3.4581520557403564,
      7.21991491317749
    ],
    "loss_weights": {
      "fused": 0.52,
      "ecg": 0.3,
      "meta": 0.1,
      "lauc": 0.08
    },
    "hardware": {
      "python_version": "3.11.7 | packaged by Anaconda, Inc. | (main, Dec 15 2023, 18:05:47) [MSC v.1916 64 bit (AMD64)]",
      "torch_version": "2.3.1+cpu",
      "cuda_available": false,
      "numpy_version": "1.26.4",
      "sklearn_version": "1.4.2"
    },
    "best_val_auc": 0.9341124216626058,
    "best_val_epoch": 10
  },
  "test": {
    "macro_auc": 0.927602209549452,
    "macro_auc_ecg": 0.9276627105177446,
    "macro_auc_no_meta": 0.927602209549452,
    "delta_meta_auc": 0.0,
    "macro_f1_optimal": 0.7434526254817281,
    "macro_f1_fixed_05": 0.7360124837138355,
    "w_fused": 1.0,
    "thresholds": [
      0.6050000190734863,
      0.6499999761581421,
      0.7400000095367432,
      0.6050000190734863,
      0.5600000023841858
    ]
  },
  "per_class": {
    "NORM": {
      "auc": 0.9489121798024898,
      "f1": 0.8592162554426706,
      "threshold": 0.6050000190734863
    },
    "MI": {
      "auc": 0.9238901147396293,
      "f1": 0.7309833024118738,
      "threshold": 0.6499999761581421
    },
    "STTC": {
      "auc": 0.938705553400014,
      "f1": 0.7741330834114339,
      "threshold": 0.7400000095367432
    },
    "CD": {
      "auc": 0.9177888442439635,
      "f1": 0.7464788732394366,
      "threshold": 0.6050000190734863
    },
    "HYP": {
      "auc": 0.9087143555611634,
      "f1": 0.6064516129032258,
      "threshold": 0.5600000023841858
    }
  },
  "subgroups": {
    "sex_male": {
      "n": 1066,
      "macro_auc": 0.9182159627601763,
      "per_class_auc": [
        0.9416176050713245,
        0.9108022305519499,
        0.9225204417542742,
        0.911374037861452,
        0.9047654985618812
      ]
    },
    "sex_female": {
      "n": 1132,
      "macro_auc": 0.9361525687562213,
      "per_class_auc": [
        0.9555930987617034,
        0.9347204580737516,
        0.9522939062900472,
        0.924577610307524,
        0.9135777703480813
      ]
    },
    "age_lt45": {
      "n": 345,
      "macro_auc": 0.9277008767725581,
      "per_class_auc": [
        0.8878447508896796,
        0.9760479041916167,
        0.955871714492404,
        0.8634098459679854,
        0.9553301683211048
      ]
    },
    "age_45_65": {
      "n": 703,
      "macro_auc": 0.9238713599902983,
      "per_class_auc": [
        0.9328467868338558,
        0.9181946929039951,
        0.9547600417318727,
        0.897771236333053,
        0.9157840421487154
      ]
    },
    "age_gt65": {
      "n": 1150,
      "macro_auc": 0.9160084788795515,
      "per_class_auc": [
        0.9486482654315153,
        0.9002900494593008,
        0.9160654008438818,
        0.928136419001218,
        0.8869022596618422
      ]
    },
    "meta_complete": {
      "n": 660,
      "macro_auc": 0.9415464420859971,
      "per_class_auc": [
        0.9584007948189579,
        0.9423787208572387,
        0.9384506627393225,
        0.9476537643920047,
        0.9208482676224612
      ]
    },
    "meta_incomplete": {
      "n": 1538,
      "macro_auc": 0.922561171636033,
      "per_class_auc": [
        0.9470299769114813,
        0.9196099154292228,
        0.9388917445785001,
        0.9070066232928904,
        0.9002675979680697
      ]
    },
    "fairness_sex_gap": 0.017936605996045074
  },
  "training_history": [
    {
      "epoch": 1,
      "train_loss": 0.589499505178644,
      "val_auc": 0.90174474646537,
      "val_f1": 0.6999111700287923,
      "val_auc_ecg": 0.8992996625715997,
      "val_delta_meta": 0.0,
      "lr": 0.0009755527298894294,
      "epoch_time_s": 241.58658146858215
    },
    {
      "epoch": 2,
      "train_loss": 0.5052243281941895,
      "val_auc": 0.9113507583228413,
      "val_f1": 0.6752158003301015,
      "val_auc_ecg": 0.9101806022800277,
      "val_delta_meta": 0.0,
      "lr": 0.0009046039886902864,
      "epoch_time_s": 241.87057852745056
    },
    {
      "epoch": 3,
      "train_loss": 0.4708760400430872,
      "val_auc": 0.917806636481315,
      "val_f1": 0.7146077016584427,
      "val_auc_ecg": 0.9180029241012692,
      "val_delta_meta": 0.0,
      "lr": 0.0007940987335200904,
      "epoch_time_s": 252.5462725162506
    },
    {
      "epoch": 4,
      "train_loss": 0.4483482934466196,
      "val_auc": 0.9260147990652516,
      "val_f1": 0.7194843235116061,
      "val_auc_ecg": 0.925195359185302,
      "val_delta_meta": 0.0,
      "lr": 0.0006548539886902864,
      "epoch_time_s": 258.26238775253296
    },
    {
      "epoch": 5,
      "train_loss": 0.4262030657551704,
      "val_auc": 0.9261285698523896,
      "val_f1": 0.7324239140964881,
      "val_auc_ecg": 0.9254580705403999,
      "val_delta_meta": 0.0,
      "lr": 0.0005005000000000001,
      "epoch_time_s": 258.76237297058105
    },
    {
      "epoch": 6,
      "train_loss": 0.4061075675378152,
      "val_auc": 0.9288499254536273,
      "val_f1": 0.7361677468766845,
      "val_auc_ecg": 0.9285628287517327,
      "val_delta_meta": 0.0,
      "lr": 0.0003461460113097139,
      "epoch_time_s": 259.25184321403503
    },
    {
      "epoch": 7,
      "train_loss": 0.3849201857223423,
      "val_auc": 0.9268564835109252,
      "val_f1": 0.7336006154761268,
      "val_auc_ecg": 0.9261164997972164,
      "val_delta_meta": 0.0,
      "lr": 0.00020690126647990973,
      "epoch_time_s": 259.0613226890564
    },
    {
      "epoch": 8,
      "train_loss": 0.36040210568029946,
      "val_auc": 0.9323052759845133,
      "val_f1": 0.7378038056862568,
      "val_auc_ecg": 0.9315079989859436,
      "val_delta_meta": 0.0,
      "lr": 9.639601130971382e-05,
      "epoch_time_s": 259.6318619251251
    },
    {
      "epoch": 9,
      "train_loss": 0.3443776932057984,
      "val_auc": 0.9330912660327841,
      "val_f1": 0.7438457697371594,
      "val_auc_ecg": 0.9323540754418248,
      "val_delta_meta": 0.0,
      "lr": 2.5447270110570814e-05,
      "epoch_time_s": 259.19477438926697
    },
    {
      "epoch": 10,
      "train_loss": 0.33106190067365626,
      "val_auc": 0.9341124216626058,
      "val_f1": 0.7484555140034646,
      "val_auc_ecg": 0.9334815269395211,
      "val_delta_meta": 0.0,
      "lr": 0.001,
      "epoch_time_s": 259.2239556312561
    }
  ]
}