{
  "metadata": {
    "run_name": "ATLAS_A_v5_demo_seed2037",
    "variant": "demo",
    "seed": 2037,
    "meta_hid": 128,
    "lauc_weight": 0.08,
    "no_aug": false,
    "arch_mode": "standard",
    "meta_mask_mode": "real",
    "test_fold": 10,
    "val_fold": 9,
    "timestamp": "2026-05-04T21:36:38.538069",
    "git_sha": "b8fda1f7a68a5b217a3f76d88337426561bd26e4",
    "analysis_plan_sha256": "4ad22e907fbd431a0b443255a3449c0560371997d5ee36a61e164de7aea5c3dc",
    "wall_time_s": 2631.797171831131,
    "train_time_s": 2602.236733675003,
    "gpu_peak_mem_mb": 0,
    "num_parameters": 3951951,
    "dataset_sizes": {
      "train": 17418,
      "val": 2183,
      "test": 2198
    },
    "train_fold_ids": [
      1,
      2,
      3,
      4,
      5,
      6,
      7,
      8
    ],
    "pos_weights": [
      1.2930489778518677,
      2.9776203632354736,
      3.161012887954712,
      3.4581520557403564,
      7.21991491317749
    ],
    "loss_weights": {
      "fused": 0.52,
      "ecg": 0.3,
      "meta": 0.1,
      "lauc": 0.08
    },
    "hardware": {
      "python_version": "3.11.7 | packaged by Anaconda, Inc. | (main, Dec 15 2023, 18:05:47) [MSC v.1916 64 bit (AMD64)]",
      "torch_version": "2.3.1+cpu",
      "cuda_available": false,
      "numpy_version": "1.26.4",
      "sklearn_version": "1.4.2"
    },
    "best_val_auc": 0.9332802515823264,
    "best_val_epoch": 10
  },
  "test": {
    "macro_auc": 0.9278265761284313,
    "macro_auc_ecg": 0.9273861948665172,
    "macro_auc_no_meta": 0.9274588035864173,
    "delta_meta_auc": 0.0003677725420140332,
    "macro_f1_optimal": 0.7431988768335517,
    "macro_f1_fixed_05": 0.7340529298010344,
    "w_fused": 1.0,
    "thresholds": [
      0.5899999737739563,
      0.6650000214576721,
      0.6200000047683716,
      0.7850000262260437,
      0.7699999809265137
    ]
  },
  "per_class": {
    "NORM": {
      "auc": 0.9496041805928673,
      "f1": 0.8602976476236198,
      "threshold": 0.5899999737739563
    },
    "MI": {
      "auc": 0.9236385701676963,
      "f1": 0.7152073732718894,
      "threshold": 0.6650000214576721
    },
    "STTC": {
      "auc": 0.9354768191531125,
      "f1": 0.7706255666364461,
      "threshold": 0.6200000047683716
    },
    "CD": {
      "auc": 0.9174168909442401,
      "f1": 0.751101321585903,
      "threshold": 0.7850000262260437
    },
    "HYP": {
      "auc": 0.9129964197842408,
      "f1": 0.6187624750499002,
      "threshold": 0.7699999809265137
    }
  },
  "subgroups": {
    "sex_male": {
      "n": 1066,
      "macro_auc": 0.9190467660581858,
      "per_class_auc": [
        0.9440209907731675,
        0.9141325010088046,
        0.920219638242894,
        0.9058144372789682,
        0.9110462629870947
      ]
    },
    "sex_female": {
      "n": 1132,
      "macro_auc": 0.9359430136531242,
      "per_class_auc": [
        0.9554861320849695,
        0.9314179721365351,
        0.9482510989568977,
        0.9291618190973971,
        0.9153980459898213
      ]
    },
    "age_lt45": {
      "n": 345,
      "macro_auc": 0.9242511151530296,
      "per_class_auc": [
        0.8868438612099644,
        0.9763200870985302,
        0.9617795997106342,
        0.8500453035336757,
        0.9462667242123435
      ]
    },
    "age_45_65": {
      "n": 703,
      "macro_auc": 0.9271274353811304,
      "per_class_auc": [
        0.9298426071055381,
        0.9170393559928444,
        0.9504825247782994,
        0.9091813849172975,
        0.9290913041116723
      ]
    },
    "age_gt65": {
      "n": 1150,
      "macro_auc": 0.9149414927161799,
      "per_class_auc": [
        0.9500425371018054,
        0.898543046357616,
        0.9109071729957805,
        0.9252005671784354,
        0.8900141399472619
      ]
    },
    "meta_complete": {
      "n": 660,
      "macro_auc": 0.9420827993705336,
      "per_class_auc": [
        0.9622277009125699,
        0.9413860056351188,
        0.9371546391752578,
        0.9449144683340229,
        0.9247311827956989
      ]
    },
    "meta_incomplete": {
      "n": 1538,
      "macro_auc": 0.9226972008483475,
      "per_class_auc": [
        0.9469293657856254,
        0.9193355973435802,
        0.9346219498002095,
        0.9075646210655881,
        0.9050344702467344
      ]
    },
    "fairness_sex_gap": 0.01689624759493835
  },
  "training_history": [
    {
      "epoch": 1,
      "train_loss": 0.6516485632012744,
      "val_auc": 0.8939744967928747,
      "val_f1": 0.6797832047467771,
      "val_auc_ecg": 0.8889348721061937,
      "val_delta_meta": 0.0008730945077017882,
      "lr": 0.0009755527298894294,
      "epoch_time_s": 244.86551070213318
    },
    {
      "epoch": 2,
      "train_loss": 0.5598726371559528,
      "val_auc": 0.9076680530312439,
      "val_f1": 0.6820455414961739,
      "val_auc_ecg": 0.905415276025073,
      "val_delta_meta": 0.0012445423507926323,
      "lr": 0.0009046039886902864,
      "epoch_time_s": 241.8072853088379
    },
    {
      "epoch": 3,
      "train_loss": 0.526179082459266,
      "val_auc": 0.91514899634621,
      "val_f1": 0.7115754181889361,
      "val_auc_ecg": 0.9123047322410436,
      "val_delta_meta": 0.0008207325415443556,
      "lr": 0.0007940987335200904,
      "epoch_time_s": 257.1848919391632
    },
    {
      "epoch": 4,
      "train_loss": 0.5030844713569781,
      "val_auc": 0.9209256028915132,
      "val_f1": 0.7181405753874082,
      "val_auc_ecg": 0.9201330165714665,
      "val_delta_meta": 0.0005672609668927464,
      "lr": 0.0006548539886902864,
      "epoch_time_s": 263.88092708587646
    },
    {
      "epoch": 5,
      "train_loss": 0.4823358903237439,
      "val_auc": 0.9253803835390899,
      "val_f1": 0.7172936790688045,
      "val_auc_ecg": 0.9238488243797989,
      "val_delta_meta": 0.0014444886553439673,
      "lr": 0.0005005000000000001,
      "epoch_time_s": 263.9298861026764
    },
    {
      "epoch": 6,
      "train_loss": 0.46102118437443307,
      "val_auc": 0.9247630396093418,
      "val_f1": 0.7161436695556994,
      "val_auc_ecg": 0.924337494215818,
      "val_delta_meta": -0.0009468379109917047,
      "lr": 0.0003461460113097139,
      "epoch_time_s": 263.77078223228455
    },
    {
      "epoch": 7,
      "train_loss": 0.4401368551298019,
      "val_auc": 0.9317691550027225,
      "val_f1": 0.7349590107502024,
      "val_auc_ecg": 0.9315059893298286,
      "val_delta_meta": 0.00018828329418285605,
      "lr": 0.00020690126647990973,
      "epoch_time_s": 264.00665760040283
    },
    {
      "epoch": 8,
      "train_loss": 0.4235209083885228,
      "val_auc": 0.9310189337266219,
      "val_f1": 0.7327417360891089,
      "val_auc_ecg": 0.930575595172004,
      "val_delta_meta": 0.00043515460320864285,
      "lr": 9.639601130971382e-05,
      "epoch_time_s": 264.6519424915314
    },
    {
      "epoch": 9,
      "train_loss": 0.40394468739492084,
      "val_auc": 0.9319748854906166,
      "val_f1": 0.7414091771176524,
      "val_auc_ecg": 0.9315011193528232,
      "val_delta_meta": 9.30238332539357e-05,
      "lr": 2.5447270110570814e-05,
      "epoch_time_s": 264.30123949050903
    },
    {
      "epoch": 10,
      "train_loss": 0.39318537703894696,
      "val_auc": 0.9332802515823264,
      "val_f1": 0.7386855732190352,
      "val_auc_ecg": 0.9329368407035092,
      "val_delta_meta": 0.0002963359060584869,
      "lr": 0.001,
      "epoch_time_s": 264.40003204345703
    }
  ]
}