{
  "metadata": {
    "run_name": "ATLAS_A_v5_none_seed2025",
    "variant": "none",
    "seed": 2025,
    "meta_hid": 128,
    "lauc_weight": 0.08,
    "no_aug": false,
    "arch_mode": "standard",
    "meta_mask_mode": "real",
    "test_fold": 10,
    "val_fold": 9,
    "timestamp": "2026-05-03T22:16:51.247840",
    "git_sha": "b8fda1f7a68a5b217a3f76d88337426561bd26e4",
    "analysis_plan_sha256": "4ad22e907fbd431a0b443255a3449c0560371997d5ee36a61e164de7aea5c3dc",
    "wall_time_s": 2614.259679079056,
    "train_time_s": 2584.510947227478,
    "gpu_peak_mem_mb": 0,
    "num_parameters": 3951951,
    "dataset_sizes": {
      "train": 17418,
      "val": 2183,
      "test": 2198
    },
    "train_fold_ids": [
      1,
      2,
      3,
      4,
      5,
      6,
      7,
      8
    ],
    "pos_weights": [
      1.2930489778518677,
      2.9776203632354736,
      3.161012887954712,
      3.4581520557403564,
      7.21991491317749
    ],
    "loss_weights": {
      "fused": 0.52,
      "ecg": 0.3,
      "meta": 0.1,
      "lauc": 0.08
    },
    "hardware": {
      "python_version": "3.11.7 | packaged by Anaconda, Inc. | (main, Dec 15 2023, 18:05:47) [MSC v.1916 64 bit (AMD64)]",
      "torch_version": "2.3.1+cpu",
      "cuda_available": false,
      "numpy_version": "1.26.4",
      "sklearn_version": "1.4.2"
    },
    "best_val_auc": 0.9317796489490755,
    "best_val_epoch": 10
  },
  "test": {
    "macro_auc": 0.9274215027439329,
    "macro_auc_ecg": 0.9275968737204281,
    "macro_auc_no_meta": 0.9274215027439329,
    "delta_meta_auc": 0.0,
    "macro_f1_optimal": 0.7458985716289546,
    "macro_f1_fixed_05": 0.7313869082548449,
    "w_fused": 1.0,
    "thresholds": [
      0.6200000047683716,
      0.5450000166893005,
      0.6050000190734863,
      0.7099999785423279,
      0.6800000071525574
    ]
  },
  "per_class": {
    "NORM": {
      "auc": 0.9484051609973891,
      "f1": 0.8643067846607669,
      "threshold": 0.6200000047683716
    },
    "MI": {
      "auc": 0.9246855692850839,
      "f1": 0.7353433835845896,
      "threshold": 0.5450000166893005
    },
    "STTC": {
      "auc": 0.9370620006249163,
      "f1": 0.7655677655677655,
      "threshold": 0.6050000190734863
    },
    "CD": {
      "auc": 0.917589837382965,
      "f1": 0.7538619979402678,
      "threshold": 0.7099999785423279
    },
    "HYP": {
      "auc": 0.9093649454293105,
      "f1": 0.6104129263913824,
      "threshold": 0.6800000071525574
    }
  },
  "subgroups": {
    "sex_male": {
      "n": 1066,
      "macro_auc": 0.9193788955491191,
      "per_class_auc": [
        0.9431391469968522,
        0.9116821998259509,
        0.921777105235213,
        0.9096941959642189,
        0.9106018297233612
      ]
    },
    "sex_female": {
      "n": 1132,
      "macro_auc": 0.9346017941060625,
      "per_class_auc": [
        0.9534569113057486,
        0.9354140204439605,
        0.9498324362750076,
        0.9261143621177655,
        0.9081912403878302
      ]
    },
    "age_lt45": {
      "n": 345,
      "macro_auc": 0.9315513934674972,
      "per_class_auc": [
        0.8981316725978649,
        0.9885683179096353,
        0.965758379551483,
        0.8545001510117789,
        0.9507984462667242
      ]
    },
    "age_45_65": {
      "n": 703,
      "macro_auc": 0.9224967825978135,
      "per_class_auc": [
        0.9269363897596655,
        0.9148777579010137,
        0.9495565988523735,
        0.9023689374824783,
        0.9187442289935365
      ]
    },
    "age_gt65": {
      "n": 1150,
      "macro_auc": 0.9163979902214981,
      "per_class_auc": [
        0.9493769102309607,
        0.9023388381255762,
        0.9140611814345992,
        0.9281697388831915,
        0.8880432824331629
      ]
    },
    "meta_complete": {
      "n": 660,
      "macro_auc": 0.9387350550282451,
      "per_class_auc": [
        0.9562665587282897,
        0.9452692740040001,
        0.9362709867452136,
        0.9416615542651695,
        0.9142069013985522
      ]
    },
    "meta_incomplete": {
      "n": 1538,
      "macro_auc": 0.9237080931178895,
      "per_class_auc": [
        0.9473959932486465,
        0.920239358478449,
        0.9369059626799086,
        0.9091143543754763,
        0.9048847968069667
      ]
    },
    "fairness_sex_gap": 0.015222898556943365
  },
  "training_history": [
    {
      "epoch": 1,
      "train_loss": 0.593923337853283,
      "val_auc": 0.8971205458188505,
      "val_f1": 0.6670616949695415,
      "val_auc_ecg": 0.895019246308172,
      "val_delta_meta": 0.0,
      "lr": 0.0009755527298894294,
      "epoch_time_s": 241.67486238479614
    },
    {
      "epoch": 2,
      "train_loss": 0.5113680078348982,
      "val_auc": 0.9127212873776444,
      "val_f1": 0.6892296367180691,
      "val_auc_ecg": 0.9120074749233742,
      "val_delta_meta": 0.0,
      "lr": 0.0009046039886902864,
      "epoch_time_s": 244.36341071128845
    },
    {
      "epoch": 3,
      "train_loss": 0.4775641876623171,
      "val_auc": 0.9166534341678336,
      "val_f1": 0.7029239209496165,
      "val_auc_ecg": 0.9155792782301697,
      "val_delta_meta": 0.0,
      "lr": 0.0007940987335200904,
      "epoch_time_s": 254.98230981826782
    },
    {
      "epoch": 4,
      "train_loss": 0.45019238823597585,
      "val_auc": 0.9186408937625608,
      "val_f1": 0.712179401889422,
      "val_auc_ecg": 0.9179064270956863,
      "val_delta_meta": 0.0,
      "lr": 0.0006548539886902864,
      "epoch_time_s": 260.8918550014496
    },
    {
      "epoch": 5,
      "train_loss": 0.4316264151706608,
      "val_auc": 0.921946571174454,
      "val_f1": 0.7227215815723921,
      "val_auc_ecg": 0.9209800386235191,
      "val_delta_meta": 0.0,
      "lr": 0.0005005000000000001,
      "epoch_time_s": 261.1951422691345
    },
    {
      "epoch": 6,
      "train_loss": 0.4072885936279909,
      "val_auc": 0.9265299403675729,
      "val_f1": 0.7175172065241718,
      "val_auc_ecg": 0.9259804559558095,
      "val_delta_meta": 0.0,
      "lr": 0.0003461460113097139,
      "epoch_time_s": 262.0239887237549
    },
    {
      "epoch": 7,
      "train_loss": 0.3847214870770043,
      "val_auc": 0.9283269663211845,
      "val_f1": 0.7305457658280863,
      "val_auc_ecg": 0.927985705391482,
      "val_delta_meta": 0.0,
      "lr": 0.00020690126647990973,
      "epoch_time_s": 261.7490735054016
    },
    {
      "epoch": 8,
      "train_loss": 0.36641209530174185,
      "val_auc": 0.929261771969073,
      "val_f1": 0.7463976597088656,
      "val_auc_ecg": 0.9292861884201976,
      "val_delta_meta": 0.0,
      "lr": 9.639601130971382e-05,
      "epoch_time_s": 262.2764766216278
    },
    {
      "epoch": 9,
      "train_loss": 0.34498636793652804,
      "val_auc": 0.9317796489490755,
      "val_f1": 0.739208235747522,
      "val_auc_ecg": 0.9316025104569231,
      "val_delta_meta": 0.0,
      "lr": 2.5447270110570814e-05,
      "epoch_time_s": 262.5273582935333
    },
    {
      "epoch": 10,
      "train_loss": 0.3335638598564568,
      "val_auc": 0.9317803724488968,
      "val_f1": 0.7407615625458296,
      "val_auc_ecg": 0.9317438825817239,
      "val_delta_meta": 0.0,
      "lr": 0.001,
      "epoch_time_s": 262.2209711074829
    }
  ]
}