{
  "metadata": {
    "run_name": "ATLAS_A_v5_none_seed2038",
    "variant": "none",
    "seed": 2038,
    "meta_hid": 128,
    "lauc_weight": 0.08,
    "no_aug": false,
    "arch_mode": "standard",
    "meta_mask_mode": "real",
    "test_fold": 10,
    "val_fold": 9,
    "timestamp": "2026-05-04T07:45:13.257860",
    "git_sha": "b8fda1f7a68a5b217a3f76d88337426561bd26e4",
    "analysis_plan_sha256": "4ad22e907fbd431a0b443255a3449c0560371997d5ee36a61e164de7aea5c3dc",
    "wall_time_s": 2596.003233194351,
    "train_time_s": 2566.8584263324738,
    "gpu_peak_mem_mb": 0,
    "num_parameters": 3951951,
    "dataset_sizes": {
      "train": 17418,
      "val": 2183,
      "test": 2198
    },
    "train_fold_ids": [
      1,
      2,
      3,
      4,
      5,
      6,
      7,
      8
    ],
    "pos_weights": [
      1.2930489778518677,
      2.9776203632354736,
      3.161012887954712,
      3.4581520557403564,
      7.21991491317749
    ],
    "loss_weights": {
      "fused": 0.52,
      "ecg": 0.3,
      "meta": 0.1,
      "lauc": 0.08
    },
    "hardware": {
      "python_version": "3.11.7 | packaged by Anaconda, Inc. | (main, Dec 15 2023, 18:05:47) [MSC v.1916 64 bit (AMD64)]",
      "torch_version": "2.3.1+cpu",
      "cuda_available": false,
      "numpy_version": "1.26.4",
      "sklearn_version": "1.4.2"
    },
    "best_val_auc": 0.9333816498110101,
    "best_val_epoch": 10
  },
  "test": {
    "macro_auc": 0.9276005605046871,
    "macro_auc_ecg": 0.9275599293845577,
    "macro_auc_no_meta": 0.9276005605046871,
    "delta_meta_auc": 0.0,
    "macro_f1_optimal": 0.745419396630296,
    "macro_f1_fixed_05": 0.7338520641739577,
    "w_fused": 1.0,
    "thresholds": [
      0.6349999904632568,
      0.45500001311302185,
      0.6949999928474426,
      0.6650000214576721,
      0.7099999785423279
    ]
  },
  "per_class": {
    "NORM": {
      "auc": 0.9468424836354006,
      "f1": 0.8615384615384616,
      "threshold": 0.6349999904632568
    },
    "MI": {
      "auc": 0.9218203883495145,
      "f1": 0.7241673783091375,
      "threshold": 0.45500001311302185
    },
    "STTC": {
      "auc": 0.9352650801117524,
      "f1": 0.770949720670391,
      "threshold": 0.6949999928474426
    },
    "CD": {
      "auc": 0.9205559872635609,
      "f1": 0.7578288100208769,
      "threshold": 0.6650000214576721
    },
    "HYP": {
      "auc": 0.9135188631632074,
      "f1": 0.6126126126126126,
      "threshold": 0.7099999785423279
    }
  },
  "subgroups": {
    "sex_male": {
      "n": 1066,
      "macro_auc": 0.9188220971232294,
      "per_class_auc": [
        0.9397057388513623,
        0.9120273811433767,
        0.9197462036742062,
        0.9120293322238404,
        0.9106018297233612
      ]
    },
    "sex_female": {
      "n": 1132,
      "macro_auc": 0.9358387227982293,
      "per_class_auc": [
        0.9542685996174367,
        0.9302364967035627,
        0.9479802888963038,
        0.9295047665352758,
        0.9172034622385675
      ]
    },
    "age_lt45": {
      "n": 345,
      "macro_auc": 0.9281868543714007,
      "per_class_auc": [
        0.8910142348754448,
        0.9727817093086554,
        0.9688931757897274,
        0.8514044095439444,
        0.9568407423392318
      ]
    },
    "age_45_65": {
      "n": 703,
      "macro_auc": 0.9260168161723084,
      "per_class_auc": [
        0.9282425548589341,
        0.9212507453786525,
        0.951225873761085,
        0.9074432296047098,
        0.9219216772581609
      ]
    },
    "age_gt65": {
      "n": 1150,
      "macro_auc": 0.9151139682404199,
      "per_class_auc": [
        0.9475257585783156,
        0.8952468773576996,
        0.9095991561181435,
        0.93046510853026,
        0.8927329406176809
      ]
    },
    "meta_complete": {
      "n": 660,
      "macro_auc": 0.9397060049852366,
      "per_class_auc": [
        0.9584283926994406,
        0.9406706667250617,
        0.9317938144329897,
        0.9488094049164658,
        0.9188277461522244
      ]
    },
    "meta_incomplete": {
      "n": 1538,
      "macro_auc": 0.9236030275508632,
      "per_class_auc": [
        0.9447636245678491,
        0.9173749673051118,
        0.9366053070566784,
        0.9105538948478987,
        0.908717343976778
      ]
    },
    "fairness_sex_gap": 0.017016625674999952
  },
  "training_history": [
    {
      "epoch": 1,
      "train_loss": 0.5936319591255363,
      "val_auc": 0.9010851858337361,
      "val_f1": 0.6786237245529225,
      "val_auc_ecg": 0.8995043675505755,
      "val_delta_meta": 0.0,
      "lr": 0.0009755527298894294,
      "epoch_time_s": 240.6309473514557
    },
    {
      "epoch": 2,
      "train_loss": 0.5048804070971428,
      "val_auc": 0.916033024013792,
      "val_f1": 0.7018878304193958,
      "val_auc_ecg": 0.9157577672230344,
      "val_delta_meta": 0.0,
      "lr": 0.0009046039886902864,
      "epoch_time_s": 240.30633544921875
    },
    {
      "epoch": 3,
      "train_loss": 0.4730780169504498,
      "val_auc": 0.9099736948524451,
      "val_f1": 0.6976388042100103,
      "val_auc_ecg": 0.9094418986177188,
      "val_delta_meta": 0.0,
      "lr": 0.0007940987335200904,
      "epoch_time_s": 252.5972638130188
    },
    {
      "epoch": 4,
      "train_loss": 0.4541381554866056,
      "val_auc": 0.9181019717909695,
      "val_f1": 0.7104891142563565,
      "val_auc_ecg": 0.9178058155573254,
      "val_delta_meta": 0.0,
      "lr": 0.0006548539886902864,
      "epoch_time_s": 260.9110119342804
    },
    {
      "epoch": 5,
      "train_loss": 0.4335055120220972,
      "val_auc": 0.9256117398234711,
      "val_f1": 0.7283170086812095,
      "val_auc_ecg": 0.9250831771393614,
      "val_delta_meta": 0.0,
      "lr": 0.0005005000000000001,
      "epoch_time_s": 259.9465401172638
    },
    {
      "epoch": 6,
      "train_loss": 0.4111990346821076,
      "val_auc": 0.9235431560491385,
      "val_f1": 0.7322422163044735,
      "val_auc_ecg": 0.9231746413367097,
      "val_delta_meta": 0.0,
      "lr": 0.0003461460113097139,
      "epoch_time_s": 260.3339729309082
    },
    {
      "epoch": 7,
      "train_loss": 0.3879184712784006,
      "val_auc": 0.9262588450814736,
      "val_f1": 0.7272083874833407,
      "val_auc_ecg": 0.9259506707818772,
      "val_delta_meta": 0.0,
      "lr": 0.00020690126647990973,
      "epoch_time_s": 260.55867767333984
    },
    {
      "epoch": 8,
      "train_loss": 0.36480337258325807,
      "val_auc": 0.9294190344967754,
      "val_f1": 0.7344414917290603,
      "val_auc_ecg": 0.9295507744187029,
      "val_delta_meta": 0.0,
      "lr": 9.639601130971382e-05,
      "epoch_time_s": 260.71820187568665
    },
    {
      "epoch": 9,
      "train_loss": 0.3491948494123756,
      "val_auc": 0.9320426962410309,
      "val_f1": 0.7388494836903164,
      "val_auc_ecg": 0.9321534287205292,
      "val_delta_meta": 0.0,
      "lr": 2.5447270110570814e-05,
      "epoch_time_s": 261.4287965297699
    },
    {
      "epoch": 10,
      "train_loss": 0.3356192065214892,
      "val_auc": 0.9333816498110101,
      "val_f1": 0.7455030589591851,
      "val_auc_ecg": 0.9337173555294445,
      "val_delta_meta": 0.0,
      "lr": 0.001,
      "epoch_time_s": 260.3676927089691
    }
  ]
}