{
  "metadata": {
    "run_name": "ATLAS_A_v5_demo+anthro_seed2024",
    "variant": "demo+anthro",
    "seed": 2024,
    "meta_hid": 128,
    "lauc_weight": 0.08,
    "no_aug": false,
    "arch_mode": "standard",
    "meta_mask_mode": "real",
    "test_fold": 10,
    "val_fold": 9,
    "timestamp": "2026-05-05T02:45:11.041697",
    "git_sha": "b8fda1f7a68a5b217a3f76d88337426561bd26e4",
    "analysis_plan_sha256": "4ad22e907fbd431a0b443255a3449c0560371997d5ee36a61e164de7aea5c3dc",
    "wall_time_s": 2640.092622756958,
    "train_time_s": 2610.6800303459167,
    "gpu_peak_mem_mb": 0,
    "num_parameters": 3951951,
    "dataset_sizes": {
      "train": 17418,
      "val": 2183,
      "test": 2198
    },
    "train_fold_ids": [
      1,
      2,
      3,
      4,
      5,
      6,
      7,
      8
    ],
    "pos_weights": [
      1.2930489778518677,
      2.9776203632354736,
      3.161012887954712,
      3.4581520557403564,
      7.21991491317749
    ],
    "loss_weights": {
      "fused": 0.52,
      "ecg": 0.3,
      "meta": 0.1,
      "lauc": 0.08
    },
    "hardware": {
      "python_version": "3.11.7 | packaged by Anaconda, Inc. | (main, Dec 15 2023, 18:05:47) [MSC v.1916 64 bit (AMD64)]",
      "torch_version": "2.3.1+cpu",
      "cuda_available": false,
      "numpy_version": "1.26.4",
      "sklearn_version": "1.4.2"
    },
    "best_val_auc": 0.9332657521998055,
    "best_val_epoch": 10
  },
  "test": {
    "macro_auc": 0.929901928301345,
    "macro_auc_ecg": 0.9287251496877655,
    "macro_auc_no_meta": 0.9283991301318922,
    "delta_meta_auc": 0.001502798169452757,
    "macro_f1_optimal": 0.7512615364500207,
    "macro_f1_fixed_05": 0.7394623330177625,
    "w_fused": 1.0,
    "thresholds": [
      0.6200000047683716,
      0.574999988079071,
      0.5299999713897705,
      0.6650000214576721,
      0.7400000095367432
    ]
  },
  "per_class": {
    "NORM": {
      "auc": 0.9512732225963904,
      "f1": 0.8649706457925636,
      "threshold": 0.6200000047683716
    },
    "MI": {
      "auc": 0.9327736098852604,
      "f1": 0.7484769364664926,
      "threshold": 0.574999988079071
    },
    "STTC": {
      "auc": 0.9371260946050036,
      "f1": 0.7660311958405546,
      "threshold": 0.5299999713897705
    },
    "CD": {
      "auc": 0.9155808157385998,
      "f1": 0.7532994923857868,
      "threshold": 0.6650000214576721
    },
    "HYP": {
      "auc": 0.9127558986814713,
      "f1": 0.6235294117647059,
      "threshold": 0.7400000095367432
    }
  },
  "subgroups": {
    "sex_male": {
      "n": 1066,
      "macro_auc": 0.9209248465680699,
      "per_class_auc": [
        0.9454485657389237,
        0.9222126608617865,
        0.92087448231921,
        0.9067193675889328,
        0.909369156331497
      ]
    },
    "sex_female": {
      "n": 1132,
      "macro_auc": 0.9382436265737804,
      "per_class_auc": [
        0.9579589499647639,
        0.9414665618258433,
        0.9505433126840662,
        0.9246253624824186,
        0.9166239459118095
      ]
    },
    "age_lt45": {
      "n": 345,
      "macro_auc": 0.9202739894572757,
      "per_class_auc": [
        0.8813389679715302,
        0.9844855743059335,
        0.9674463467566916,
        0.842117185140441,
        0.9259818731117825
      ]
    },
    "age_45_65": {
      "n": 703,
      "macro_auc": 0.9264082332578287,
      "per_class_auc": [
        0.9345611285266457,
        0.9267292784734644,
        0.953038601982264,
        0.8978273058592655,
        0.9198848514475042
      ]
    },
    "age_gt65": {
      "n": 1150,
      "macro_auc": 0.9198672638961224,
      "per_class_auc": [
        0.9522914894287425,
        0.9105272864447984,
        0.9114064697609,
        0.9285510664213336,
        0.8965600074248372
      ]
    },
    "meta_complete": {
      "n": 660,
      "macro_auc": 0.9424602207608013,
      "per_class_auc": [
        0.9606270238445687,
        0.948116030890962,
        0.9350103092783505,
        0.9464695895336063,
        0.9220781502565184
      ]
    },
    "meta_incomplete": {
      "n": 1538,
      "macro_auc": 0.9247987884965507,
      "per_class_auc": [
        0.9480291494717048,
        0.92693569686363,
        0.9378297513287039,
        0.9037383506242309,
        0.9074609941944847
      ]
    },
    "fairness_sex_gap": 0.01731878000571041
  },
  "training_history": [
    {
      "epoch": 1,
      "train_loss": 0.6443213689764705,
      "val_auc": 0.9040776183740078,
      "val_f1": 0.6657246078313512,
      "val_auc_ecg": 0.9008018028968499,
      "val_delta_meta": 0.002056028511626007,
      "lr": 0.0009755527298894294,
      "epoch_time_s": 242.52613854408264
    },
    {
      "epoch": 2,
      "train_loss": 0.5587907737548198,
      "val_auc": 0.9071617062863815,
      "val_f1": 0.6543450868812883,
      "val_auc_ecg": 0.9041356387131723,
      "val_delta_meta": 2.5664277818249204e-05,
      "lr": 0.0009046039886902864,
      "epoch_time_s": 242.34144592285156
    },
    {
      "epoch": 3,
      "train_loss": 0.5222957118935542,
      "val_auc": 0.9068527862769125,
      "val_f1": 0.6978764285516947,
      "val_auc_ecg": 0.9032378242698196,
      "val_delta_meta": 0.0005475423457583783,
      "lr": 0.0007940987335200904,
      "epoch_time_s": 258.88581371307373
    },
    {
      "epoch": 4,
      "train_loss": 0.49827232388181425,
      "val_auc": 0.9222816526572298,
      "val_f1": 0.717957683775583,
      "val_auc_ecg": 0.9211066102217244,
      "val_delta_meta": 0.000607979648290069,
      "lr": 0.0006548539886902864,
      "epoch_time_s": 264.7366659641266
    },
    {
      "epoch": 5,
      "train_loss": 0.4783816196502896,
      "val_auc": 0.9259768942044484,
      "val_f1": 0.7324956251386313,
      "val_auc_ecg": 0.9255161439577971,
      "val_delta_meta": 0.00039282766268344815,
      "lr": 0.0005005000000000001,
      "epoch_time_s": 264.5125072002411
    },
    {
      "epoch": 6,
      "train_loss": 0.45415331256498986,
      "val_auc": 0.9261432730556873,
      "val_f1": 0.714169763682731,
      "val_auc_ecg": 0.9258889984031198,
      "val_delta_meta": 0.0007015581975302609,
      "lr": 0.0003461460113097139,
      "epoch_time_s": 265.13575053215027
    },
    {
      "epoch": 7,
      "train_loss": 0.4347357699357042,
      "val_auc": 0.9303898794911081,
      "val_f1": 0.7396994369792907,
      "val_auc_ecg": 0.9298142205315632,
      "val_delta_meta": 0.0005817560635476005,
      "lr": 0.00020690126647990973,
      "epoch_time_s": 265.71158814430237
    },
    {
      "epoch": 8,
      "train_loss": 0.41295509242683376,
      "val_auc": 0.9279543186610415,
      "val_f1": 0.7357236756745984,
      "val_auc_ecg": 0.927285054909035,
      "val_delta_meta": 0.0005373464026403596,
      "lr": 9.639601130971382e-05,
      "epoch_time_s": 265.60220313072205
    },
    {
      "epoch": 9,
      "train_loss": 0.39114519934588615,
      "val_auc": 0.9325491923949165,
      "val_f1": 0.7416515861749933,
      "val_auc_ecg": 0.9322110880881118,
      "val_delta_meta": 0.0003193208314701268,
      "lr": 2.5447270110570814e-05,
      "epoch_time_s": 266.7470850944519
    },
    {
      "epoch": 10,
      "train_loss": 0.38203265795467095,
      "val_auc": 0.9332657521998055,
      "val_f1": 0.7460500056029108,
      "val_auc_ecg": 0.9330675187340042,
      "val_delta_meta": 0.0003684832750557865,
      "lr": 0.001,
      "epoch_time_s": 265.49272084236145
    }
  ]
}