{
  "metadata": {
    "run_name": "ATLAS_A_v5_demo+anthro_seed2038",
    "variant": "demo+anthro",
    "seed": 2038,
    "meta_hid": 128,
    "lauc_weight": 0.08,
    "no_aug": false,
    "arch_mode": "standard",
    "meta_mask_mode": "real",
    "test_fold": 10,
    "val_fold": 9,
    "timestamp": "2026-05-05T13:04:43.140947",
    "git_sha": "b8fda1f7a68a5b217a3f76d88337426561bd26e4",
    "analysis_plan_sha256": "4ad22e907fbd431a0b443255a3449c0560371997d5ee36a61e164de7aea5c3dc",
    "wall_time_s": 2641.7635202407837,
    "train_time_s": 2612.3854031562805,
    "gpu_peak_mem_mb": 0,
    "num_parameters": 3951951,
    "dataset_sizes": {
      "train": 17418,
      "val": 2183,
      "test": 2198
    },
    "train_fold_ids": [
      1,
      2,
      3,
      4,
      5,
      6,
      7,
      8
    ],
    "pos_weights": [
      1.2930489778518677,
      2.9776203632354736,
      3.161012887954712,
      3.4581520557403564,
      7.21991491317749
    ],
    "loss_weights": {
      "fused": 0.52,
      "ecg": 0.3,
      "meta": 0.1,
      "lauc": 0.08
    },
    "hardware": {
      "python_version": "3.11.7 | packaged by Anaconda, Inc. | (main, Dec 15 2023, 18:05:47) [MSC v.1916 64 bit (AMD64)]",
      "torch_version": "2.3.1+cpu",
      "cuda_available": false,
      "numpy_version": "1.26.4",
      "sklearn_version": "1.4.2"
    },
    "best_val_auc": 0.9350678478290817,
    "best_val_epoch": 10
  },
  "test": {
    "macro_auc": 0.9290184613023482,
    "macro_auc_ecg": 0.927851728892365,
    "macro_auc_no_meta": 0.9274830617923989,
    "delta_meta_auc": 0.0015353995099492979,
    "macro_f1_optimal": 0.7399766407049084,
    "macro_f1_fixed_05": 0.7358044262634419,
    "w_fused": 1.0,
    "thresholds": [
      0.574999988079071,
      0.6200000047683716,
      0.7549999952316284,
      0.5899999737739563,
      0.6349999904632568
    ]
  },
  "per_class": {
    "NORM": {
      "auc": 0.9498736657123278,
      "f1": 0.85727969348659,
      "threshold": 0.574999988079071
    },
    "MI": {
      "auc": 0.9281718887908208,
      "f1": 0.7265917602996255,
      "threshold": 0.6200000047683716
    },
    "STTC": {
      "auc": 0.936581295774261,
      "f1": 0.7652173913043478,
      "threshold": 0.7549999952316284
    },
    "CD": {
      "auc": 0.919160570107274,
      "f1": 0.7514792899408284,
      "threshold": 0.5899999737739563
    },
    "HYP": {
      "auc": 0.9113048861270582,
      "f1": 0.5993150684931506,
      "threshold": 0.6349999904632568
    }
  },
  "subgroups": {
    "sex_male": {
      "n": 1066,
      "macro_auc": 0.9222886805977693,
      "per_class_auc": [
        0.9443480680754481,
        0.920438137187696,
        0.9224806201550387,
        0.912929061784897,
        0.9112475157857665
      ]
    },
    "sex_female": {
      "n": 1132,
      "macro_auc": 0.9356325436728985,
      "per_class_auc": [
        0.9567728782845063,
        0.9352245004939617,
        0.9480915144569049,
        0.9269478546250152,
        0.9111259705041049
      ]
    },
    "age_lt45": {
      "n": 345,
      "macro_auc": 0.926994234917028,
      "per_class_auc": [
        0.9016347864768682,
        0.9833968426782798,
        0.9635881360019292,
        0.8554062216852916,
        0.9309451877427708
      ]
    },
    "age_45_65": {
      "n": 703,
      "macro_auc": 0.9276393864457892,
      "per_class_auc": [
        0.9323243207941484,
        0.9262323593718943,
        0.9543166405842461,
        0.9058732828707597,
        0.9194503286078974
      ]
    },
    "age_gt65": {
      "n": 1150,
      "macro_auc": 0.9169216173405695,
      "per_class_auc": [
        0.949459621262249,
        0.9029625282923968,
        0.9110443037974684,
        0.9283104228293023,
        0.8928312105214311
      ]
    },
    "meta_complete": {
      "n": 660,
      "macro_auc": 0.9384394320351588,
      "per_class_auc": [
        0.957977627318222,
        0.9396049577366092,
        0.9382974963181149,
        0.9425318514502575,
        0.9137852273525897
      ]
    },
    "meta_incomplete": {
      "n": 1538,
      "macro_auc": 0.9247891525873058,
      "per_class_auc": [
        0.9465607474365846,
        0.9229548948766313,
        0.935654847344532,
        0.9100896782134693,
        0.9086855950653122
      ]
    },
    "fairness_sex_gap": 0.013343863075129248
  },
  "training_history": [
    {
      "epoch": 1,
      "train_loss": 0.6451443708817893,
      "val_auc": 0.9034482107289223,
      "val_f1": 0.6983572485513747,
      "val_auc_ecg": 0.9000018355726983,
      "val_delta_meta": 0.0015928682840653519,
      "lr": 0.0009755527298894294,
      "epoch_time_s": 242.13047409057617
    },
    {
      "epoch": 2,
      "train_loss": 0.5546868112109123,
      "val_auc": 0.917675487790983,
      "val_f1": 0.6970687230778362,
      "val_auc_ecg": 0.9153667591705439,
      "val_delta_meta": 0.0015978098113113015,
      "lr": 0.0009046039886902864,
      "epoch_time_s": 242.06691241264343
    },
    {
      "epoch": 3,
      "train_loss": 0.5217724152114414,
      "val_auc": 0.9061161019312773,
      "val_f1": 0.6837787130419203,
      "val_auc_ecg": 0.9062617999787805,
      "val_delta_meta": 0.000411118394670118,
      "lr": 0.0007940987335200904,
      "epoch_time_s": 258.2221643924713
    },
    {
      "epoch": 4,
      "train_loss": 0.5027640840875993,
      "val_auc": 0.9181932303525538,
      "val_f1": 0.7145470286706918,
      "val_auc_ecg": 0.9157527389915593,
      "val_delta_meta": 0.0006698648842548005,
      "lr": 0.0006548539886902864,
      "epoch_time_s": 264.9012668132782
    },
    {
      "epoch": 5,
      "train_loss": 0.47992460847994606,
      "val_auc": 0.926775621531492,
      "val_f1": 0.7330487344157446,
      "val_auc_ecg": 0.9255403990753809,
      "val_delta_meta": 0.00044099207652337213,
      "lr": 0.0005005000000000001,
      "epoch_time_s": 265.02136754989624
    },
    {
      "epoch": 6,
      "train_loss": 0.4575625384072645,
      "val_auc": 0.9262317477085306,
      "val_f1": 0.7314282415112546,
      "val_auc_ecg": 0.9244565854423227,
      "val_delta_meta": 0.0014031798447895483,
      "lr": 0.0003461460113097139,
      "epoch_time_s": 266.5682098865509
    },
    {
      "epoch": 7,
      "train_loss": 0.43471756993083777,
      "val_auc": 0.9296729008860509,
      "val_f1": 0.7298180361189963,
      "val_auc_ecg": 0.9280638770149234,
      "val_delta_meta": 0.0013784447094198349,
      "lr": 0.00020690126647990973,
      "epoch_time_s": 265.50642490386963
    },
    {
      "epoch": 8,
      "train_loss": 0.4122015013880686,
      "val_auc": 0.9325030912611642,
      "val_f1": 0.7373673033909525,
      "val_auc_ecg": 0.9314299531875181,
      "val_delta_meta": 0.0003345924763419328,
      "lr": 9.639601130971382e-05,
      "epoch_time_s": 265.73094511032104
    },
    {
      "epoch": 9,
      "train_loss": 0.3943178706759706,
      "val_auc": 0.933762993379814,
      "val_f1": 0.7432193644469482,
      "val_auc_ecg": 0.9328392958734447,
      "val_delta_meta": 0.0006230047279395245,
      "lr": 2.5447270110570814e-05,
      "epoch_time_s": 266.3362567424774
    },
    {
      "epoch": 10,
      "train_loss": 0.3828512128886827,
      "val_auc": 0.9350678478290817,
      "val_f1": 0.7483175388811045,
      "val_auc_ecg": 0.9341232012066893,
      "val_delta_meta": 0.0006158885426819083,
      "lr": 0.001,
      "epoch_time_s": 266.46671748161316
    }
  ]
}