{
  "metadata": {
    "run_name": "ATLAS_A_v5_none_seed2031",
    "variant": "none",
    "seed": 2031,
    "meta_hid": 128,
    "lauc_weight": 0.08,
    "no_aug": false,
    "arch_mode": "standard",
    "meta_mask_mode": "real",
    "test_fold": 10,
    "val_fold": 9,
    "timestamp": "2026-05-04T02:37:13.314588",
    "git_sha": "b8fda1f7a68a5b217a3f76d88337426561bd26e4",
    "analysis_plan_sha256": "4ad22e907fbd431a0b443255a3449c0560371997d5ee36a61e164de7aea5c3dc",
    "wall_time_s": 2598.1819479465485,
    "train_time_s": 2568.7545852661133,
    "gpu_peak_mem_mb": 0,
    "num_parameters": 3951951,
    "dataset_sizes": {
      "train": 17418,
      "val": 2183,
      "test": 2198
    },
    "train_fold_ids": [
      1,
      2,
      3,
      4,
      5,
      6,
      7,
      8
    ],
    "pos_weights": [
      1.2930489778518677,
      2.9776203632354736,
      3.161012887954712,
      3.4581520557403564,
      7.21991491317749
    ],
    "loss_weights": {
      "fused": 0.52,
      "ecg": 0.3,
      "meta": 0.1,
      "lauc": 0.08
    },
    "hardware": {
      "python_version": "3.11.7 | packaged by Anaconda, Inc. | (main, Dec 15 2023, 18:05:47) [MSC v.1916 64 bit (AMD64)]",
      "torch_version": "2.3.1+cpu",
      "cuda_available": false,
      "numpy_version": "1.26.4",
      "sklearn_version": "1.4.2"
    },
    "best_val_auc": 0.9330807436115434,
    "best_val_epoch": 10
  },
  "test": {
    "macro_auc": 0.9273140961456479,
    "macro_auc_ecg": 0.9271496982477186,
    "macro_auc_no_meta": 0.9273140961456479,
    "delta_meta_auc": 0.0,
    "macro_f1_optimal": 0.7440898587563451,
    "macro_f1_fixed_05": 0.7379617321198596,
    "w_fused": 1.0,
    "thresholds": [
      0.6949999928474426,
      0.6050000190734863,
      0.6349999904632568,
      0.6800000071525574,
      0.574999988079071
    ]
  },
  "per_class": {
    "NORM": {
      "auc": 0.9489979441774818,
      "f1": 0.8531328320802005,
      "threshold": 0.6949999928474426
    },
    "MI": {
      "auc": 0.9264883053839363,
      "f1": 0.7332155477031802,
      "threshold": 0.6050000190734863
    },
    "STTC": {
      "auc": 0.9363695567329009,
      "f1": 0.7734303912647862,
      "threshold": 0.6349999904632568
    },
    "CD": {
      "auc": 0.91667653803874,
      "f1": 0.7445255474452555,
      "threshold": 0.6800000071525574
    },
    "HYP": {
      "auc": 0.90803813639518,
      "f1": 0.6161449752883031,
      "threshold": 0.574999988079071
    }
  },
  "subgroups": {
    "sex_male": {
      "n": 1066,
      "macro_auc": 0.917873030283787,
      "per_class_auc": [
        0.9420657551871569,
        0.9152895876784857,
        0.9206355527237974,
        0.9054347826086957,
        0.9059394732207995
      ]
    },
    "sex_female": {
      "n": 1132,
      "macro_auc": 0.9356836341866579,
      "per_class_auc": [
        0.9555459075807913,
        0.935712413556725,
        0.9489716471538346,
        0.927225685460765,
        0.9109625171811732
      ]
    },
    "age_lt45": {
      "n": 345,
      "macro_auc": 0.9252100751108294,
      "per_class_auc": [
        0.8904581850533808,
        0.9787697332607512,
        0.959850494333253,
        0.8442313500453035,
        0.9527406128614588
      ]
    },
    "age_45_65": {
      "n": 703,
      "macro_auc": 0.9244150608926363,
      "per_class_auc": [
        0.9315814393939393,
        0.9205674816139933,
        0.9510172143974961,
        0.906574151948416,
        0.9123350171093367
      ]
    },
    "age_gt65": {
      "n": 1150,
      "macro_auc": 0.9165597620552648,
      "per_class_auc": [
        0.9505781894949114,
        0.9045016346718082,
        0.913146976090014,
        0.9249673280046203,
        0.8896046820149698
      ]
    },
    "meta_complete": {
      "n": 660,
      "macro_auc": 0.9397868479539181,
      "per_class_auc": [
        0.9588791580806594,
        0.9430210660009635,
        0.9334550810014728,
        0.944329514488308,
        0.9192494201981868
      ]
    },
    "meta_incomplete": {
      "n": 1538,
      "macro_auc": 0.9229170278678588,
      "per_class_auc": [
        0.9473821158519768,
        0.9230654727096034,
        0.9375775885479304,
        0.9067323134634546,
        0.899827648766328
      ]
    },
    "fairness_sex_gap": 0.017810603902870925
  },
  "training_history": [
    {
      "epoch": 1,
      "train_loss": 0.6034164888049485,
      "val_auc": 0.8999364494313259,
      "val_f1": 0.6667789802307558,
      "val_auc_ecg": 0.8926340297212804,
      "val_delta_meta": 0.0,
      "lr": 0.0009755527298894294,
      "epoch_time_s": 240.1673629283905
    },
    {
      "epoch": 2,
      "train_loss": 0.5127606103179652,
      "val_auc": 0.9112889921636385,
      "val_f1": 0.7067055732913037,
      "val_auc_ecg": 0.9104795195236731,
      "val_delta_meta": 0.0,
      "lr": 0.0009046039886902864,
      "epoch_time_s": 240.81054615974426
    },
    {
      "epoch": 3,
      "train_loss": 0.4749470843634474,
      "val_auc": 0.9199279999626222,
      "val_f1": 0.6864977426767174,
      "val_auc_ecg": 0.919257237879766,
      "val_delta_meta": 0.0,
      "lr": 0.0007940987335200904,
      "epoch_time_s": 253.315039396286
    },
    {
      "epoch": 4,
      "train_loss": 0.4518107075756843,
      "val_auc": 0.9185720184292233,
      "val_f1": 0.7156907488535602,
      "val_auc_ecg": 0.9177141205734649,
      "val_delta_meta": 0.0,
      "lr": 0.0006548539886902864,
      "epoch_time_s": 260.21898460388184
    },
    {
      "epoch": 5,
      "train_loss": 0.42671977516708026,
      "val_auc": 0.9214221680925775,
      "val_f1": 0.712093361610622,
      "val_auc_ecg": 0.9203643279956252,
      "val_delta_meta": 0.0,
      "lr": 0.0005005000000000001,
      "epoch_time_s": 260.4447588920593
    },
    {
      "epoch": 6,
      "train_loss": 0.4106132264257571,
      "val_auc": 0.9273182838191925,
      "val_f1": 0.7186897945918345,
      "val_auc_ecg": 0.9266176121474524,
      "val_delta_meta": 0.0,
      "lr": 0.0003461460113097139,
      "epoch_time_s": 260.2646152973175
    },
    {
      "epoch": 7,
      "train_loss": 0.388135622482781,
      "val_auc": 0.929059527808618,
      "val_f1": 0.7276955368058265,
      "val_auc_ecg": 0.928829865584777,
      "val_delta_meta": 0.0,
      "lr": 0.00020690126647990973,
      "epoch_time_s": 261.2596957683563
    },
    {
      "epoch": 8,
      "train_loss": 0.3691583862818709,
      "val_auc": 0.9310695890558313,
      "val_f1": 0.7331323353452366,
      "val_auc_ecg": 0.9305686990569908,
      "val_delta_meta": 0.0,
      "lr": 9.639601130971382e-05,
      "epoch_time_s": 261.11595487594604
    },
    {
      "epoch": 9,
      "train_loss": 0.35139114580570013,
      "val_auc": 0.9319677068616832,
      "val_f1": 0.7408922035565723,
      "val_auc_ecg": 0.9315680917742165,
      "val_delta_meta": 0.0,
      "lr": 2.5447270110570814e-05,
      "epoch_time_s": 260.6505661010742
    },
    {
      "epoch": 10,
      "train_loss": 0.3368732157376928,
      "val_auc": 0.9330807436115434,
      "val_f1": 0.7470623002441138,
      "val_auc_ecg": 0.9326496116023202,
      "val_delta_meta": 0.0,
      "lr": 0.001,
      "epoch_time_s": 260.3346450328827
    }
  ]
}