{
  "metadata": {
    "run_name": "ATLAS_A_v5_demo+anthro_seed2035",
    "variant": "demo+anthro",
    "seed": 2035,
    "meta_hid": 128,
    "lauc_weight": 0.08,
    "no_aug": false,
    "arch_mode": "standard",
    "meta_mask_mode": "real",
    "test_fold": 10,
    "val_fold": 9,
    "timestamp": "2026-05-05T10:52:55.913944",
    "git_sha": "b8fda1f7a68a5b217a3f76d88337426561bd26e4",
    "analysis_plan_sha256": "4ad22e907fbd431a0b443255a3449c0560371997d5ee36a61e164de7aea5c3dc",
    "wall_time_s": 2630.933361053467,
    "train_time_s": 2601.8066470623016,
    "gpu_peak_mem_mb": 0,
    "num_parameters": 3951951,
    "dataset_sizes": {
      "train": 17418,
      "val": 2183,
      "test": 2198
    },
    "train_fold_ids": [
      1,
      2,
      3,
      4,
      5,
      6,
      7,
      8
    ],
    "pos_weights": [
      1.2930489778518677,
      2.9776203632354736,
      3.161012887954712,
      3.4581520557403564,
      7.21991491317749
    ],
    "loss_weights": {
      "fused": 0.52,
      "ecg": 0.3,
      "meta": 0.1,
      "lauc": 0.08
    },
    "hardware": {
      "python_version": "3.11.7 | packaged by Anaconda, Inc. | (main, Dec 15 2023, 18:05:47) [MSC v.1916 64 bit (AMD64)]",
      "torch_version": "2.3.1+cpu",
      "cuda_available": false,
      "numpy_version": "1.26.4",
      "sklearn_version": "1.4.2"
    },
    "best_val_auc": 0.934169879676157,
    "best_val_epoch": 10
  },
  "test": {
    "macro_auc": 0.9307897168846091,
    "macro_auc_ecg": 0.9294228531194773,
    "macro_auc_no_meta": 0.9293132053602244,
    "delta_meta_auc": 0.0014765115243846605,
    "macro_f1_optimal": 0.7491684741949427,
    "macro_f1_fixed_05": 0.7443212506246895,
    "w_fused": 1.0,
    "thresholds": [
      0.45500001311302185,
      0.7400000095367432,
      0.6800000071525574,
      0.6650000214576721,
      0.7400000095367432
    ]
  },
  "per_class": {
    "NORM": {
      "auc": 0.9497303046737381,
      "f1": 0.8634192932187201,
      "threshold": 0.45500001311302185
    },
    "MI": {
      "auc": 0.9331034863195058,
      "f1": 0.7367458866544789,
      "threshold": 0.7400000095367432
    },
    "STTC": {
      "auc": 0.9388005498347864,
      "f1": 0.776536312849162,
      "threshold": 0.6800000071525574
    },
    "CD": {
      "auc": 0.9207846082407792,
      "f1": 0.762487257900102,
      "threshold": 0.6650000214576721
    },
    "HYP": {
      "auc": 0.9115296353542363,
      "f1": 0.6066536203522505,
      "threshold": 0.7400000095367432
    }
  },
  "subgroups": {
    "sex_male": {
      "n": 1066,
      "macro_auc": 0.9228329249227359,
      "per_class_auc": [
        0.9449281333463442,
        0.9219306817574104,
        0.9257238681816573,
        0.9129758685250676,
        0.9086060728031998
      ]
    },
    "sex_female": {
      "n": 1132,
      "macro_auc": 0.9388907426736358,
      "per_class_auc": [
        0.9560996174368267,
        0.9432367588056211,
        0.949730882502285,
        0.9306942298008299,
        0.9146922248226159
      ]
    },
    "age_lt45": {
      "n": 345,
      "macro_auc": 0.9236131847264376,
      "per_class_auc": [
        0.8859541814946619,
        0.9790419161676647,
        0.9581625271280443,
        0.8568408335850197,
        0.9380664652567976
      ]
    },
    "age_45_65": {
      "n": 703,
      "macro_auc": 0.9274315512225222,
      "per_class_auc": [
        0.9330590386624869,
        0.9332886106141921,
        0.9508085550339072,
        0.9050322399775722,
        0.9149693118244528
      ]
    },
    "age_gt65": {
      "n": 1150,
      "macro_auc": 0.9208550007716834,
      "per_class_auc": [
        0.949573841257838,
        0.9084684382597032,
        0.9181399437412096,
        0.9332306587340667,
        0.8948621218655994
      ]
    },
    "meta_complete": {
      "n": 660,
      "macro_auc": 0.9411917504670427,
      "per_class_auc": [
        0.9570944951427731,
        0.9419407582592447,
        0.9382621502209131,
        0.9474968255553494,
        0.921164523156933
      ]
    },
    "meta_incomplete": {
      "n": 1538,
      "macro_auc": 0.9262082897762489,
      "per_class_auc": [
        0.9469831406977209,
        0.9291259885551943,
        0.9392045234123443,
        0.9101717367094544,
        0.9055560595065312
      ]
    },
    "fairness_sex_gap": 0.016057817750899872
  },
  "training_history": [
    {
      "epoch": 1,
      "train_loss": 0.6462259837246817,
      "val_auc": 0.8979424939671811,
      "val_f1": 0.6899060933662418,
      "val_auc_ecg": 0.8902039367876398,
      "val_delta_meta": 0.0017115090110383369,
      "lr": 0.0009755527298894294,
      "epoch_time_s": 242.18458676338196
    },
    {
      "epoch": 2,
      "train_loss": 0.5617509856683398,
      "val_auc": 0.9116198181294253,
      "val_f1": 0.6896124948317588,
      "val_auc_ecg": 0.9090846905423978,
      "val_delta_meta": 0.0010039569701274509,
      "lr": 0.0009046039886902864,
      "epoch_time_s": 241.25218391418457
    },
    {
      "epoch": 3,
      "train_loss": 0.5258725028519237,
      "val_auc": 0.9202566944817914,
      "val_f1": 0.717411540155553,
      "val_auc_ecg": 0.9173881093302862,
      "val_delta_meta": 0.0017646937444707467,
      "lr": 0.0007940987335200904,
      "epoch_time_s": 257.68945598602295
    },
    {
      "epoch": 4,
      "train_loss": 0.5016432113056882,
      "val_auc": 0.9251094629234272,
      "val_f1": 0.7072575554407797,
      "val_auc_ecg": 0.9243627647632632,
      "val_delta_meta": 0.00014060105330659933,
      "lr": 0.0006548539886902864,
      "epoch_time_s": 263.4125699996948
    },
    {
      "epoch": 5,
      "train_loss": 0.47707700193475144,
      "val_auc": 0.9277146669531842,
      "val_f1": 0.7150510007255282,
      "val_auc_ecg": 0.9262237923610162,
      "val_delta_meta": 0.0011560601414204452,
      "lr": 0.0005005000000000001,
      "epoch_time_s": 263.48211789131165
    },
    {
      "epoch": 6,
      "train_loss": 0.45909264399371014,
      "val_auc": 0.9277407379838933,
      "val_f1": 0.7320356805126791,
      "val_auc_ecg": 0.9269534902739525,
      "val_delta_meta": -0.00024064090268227645,
      "lr": 0.0003461460113097139,
      "epoch_time_s": 263.99929308891296
    },
    {
      "epoch": 7,
      "train_loss": 0.43707902322121717,
      "val_auc": 0.9321144404561705,
      "val_f1": 0.7361415199930288,
      "val_auc_ecg": 0.9309068506090121,
      "val_delta_meta": 0.0006154810732061922,
      "lr": 0.00020690126647990973,
      "epoch_time_s": 264.03661823272705
    },
    {
      "epoch": 8,
      "train_loss": 0.4167814506029864,
      "val_auc": 0.9327397743413037,
      "val_f1": 0.7329715727654149,
      "val_auc_ecg": 0.9314962327219842,
      "val_delta_meta": 0.000514195018425645,
      "lr": 9.639601130971382e-05,
      "epoch_time_s": 264.96498465538025
    },
    {
      "epoch": 9,
      "train_loss": 0.3993196135267205,
      "val_auc": 0.9339666483394945,
      "val_f1": 0.7429850173082017,
      "val_auc_ecg": 0.9325418377671486,
      "val_delta_meta": 0.0006971350882887251,
      "lr": 2.5447270110570814e-05,
      "epoch_time_s": 264.65821719169617
    },
    {
      "epoch": 10,
      "train_loss": 0.38814078755334974,
      "val_auc": 0.934169879676157,
      "val_f1": 0.743872154610887,
      "val_auc_ecg": 0.932985388028829,
      "val_delta_meta": 0.00044297100047108184,
      "lr": 0.001,
      "epoch_time_s": 265.0871901512146
    }
  ]
}