{
  "metadata": {
    "run_name": "ATLAS_A_v5_none_seed2027",
    "variant": "none",
    "seed": 2027,
    "meta_hid": 128,
    "lauc_weight": 0.08,
    "no_aug": false,
    "arch_mode": "standard",
    "meta_mask_mode": "real",
    "test_fold": 10,
    "val_fold": 9,
    "timestamp": "2026-05-03T23:43:46.495882",
    "git_sha": "b8fda1f7a68a5b217a3f76d88337426561bd26e4",
    "analysis_plan_sha256": "4ad22e907fbd431a0b443255a3449c0560371997d5ee36a61e164de7aea5c3dc",
    "wall_time_s": 2611.8392086029053,
    "train_time_s": 2582.480352640152,
    "gpu_peak_mem_mb": 0,
    "num_parameters": 3951951,
    "dataset_sizes": {
      "train": 17418,
      "val": 2183,
      "test": 2198
    },
    "train_fold_ids": [
      1,
      2,
      3,
      4,
      5,
      6,
      7,
      8
    ],
    "pos_weights": [
      1.2930489778518677,
      2.9776203632354736,
      3.161012887954712,
      3.4581520557403564,
      7.21991491317749
    ],
    "loss_weights": {
      "fused": 0.52,
      "ecg": 0.3,
      "meta": 0.1,
      "lauc": 0.08
    },
    "hardware": {
      "python_version": "3.11.7 | packaged by Anaconda, Inc. | (main, Dec 15 2023, 18:05:47) [MSC v.1916 64 bit (AMD64)]",
      "torch_version": "2.3.1+cpu",
      "cuda_available": false,
      "numpy_version": "1.26.4",
      "sklearn_version": "1.4.2"
    },
    "best_val_auc": 0.9333111473104498,
    "best_val_epoch": 9
  },
  "test": {
    "macro_auc": 0.9274166168842193,
    "macro_auc_ecg": 0.9274089469924091,
    "macro_auc_no_meta": 0.9274166168842193,
    "delta_meta_auc": 0.0,
    "macro_f1_optimal": 0.7413850709015681,
    "macro_f1_fixed_05": 0.7289073805188767,
    "w_fused": 1.0,
    "thresholds": [
      0.45500001311302185,
      0.6349999904632568,
      0.6349999904632568,
      0.7850000262260437,
      0.6949999928474426
    ]
  },
  "per_class": {
    "NORM": {
      "auc": 0.9476500981665762,
      "f1": 0.8507253158633599,
      "threshold": 0.45500001311302185
    },
    "MI": {
      "auc": 0.9257634598411297,
      "f1": 0.7256317689530686,
      "threshold": 0.6349999904632568
    },
    "STTC": {
      "auc": 0.9350075596560443,
      "f1": 0.7773722627737226,
      "threshold": 0.6349999904632568
    },
    "CD": {
      "auc": 0.9183408513703043,
      "f1": 0.7464940668824164,
      "threshold": 0.7850000262260437
    },
    "HYP": {
      "auc": 0.9103211153870417,
      "f1": 0.6067019400352733,
      "threshold": 0.6949999928474426
    }
  },
  "subgroups": {
    "sex_male": {
      "n": 1066,
      "macro_auc": 0.9184876561328181,
      "per_class_auc": [
        0.9406743213597741,
        0.9137192557696329,
        0.9190205656436939,
        0.9102922820886207,
        0.9087318558023697
      ]
    },
    "sex_female": {
      "n": 1132,
      "macro_auc": 0.9354861286218632,
      "per_class_auc": [
        0.954422757475083,
        0.93574870461098,
        0.9482801143205327,
        0.9266049071871363,
        0.9123741595155839
      ]
    },
    "age_lt45": {
      "n": 345,
      "macro_auc": 0.9300673679250437,
      "per_class_auc": [
        0.8998554270462634,
        0.9776810016330975,
        0.9639498432601881,
        0.8474781032920569,
        0.9613724643936123
      ]
    },
    "age_45_65": {
      "n": 703,
      "macro_auc": 0.9244849562672623,
      "per_class_auc": [
        0.9287405303030303,
        0.9234993043132579,
        0.9472352634324466,
        0.9107232968881414,
        0.9122263863994351
      ]
    },
    "age_gt65": {
      "n": 1150,
      "macro_auc": 0.9158674723497802,
      "per_class_auc": [
        0.9473879068595015,
        0.9011283426942744,
        0.9121554149085794,
        0.9266370243124071,
        0.8920286729741386
      ]
    },
    "meta_complete": {
      "n": 660,
      "macro_auc": 0.9386399364508538,
      "per_class_auc": [
        0.9520532823079187,
        0.939225390151681,
        0.9355051546391753,
        0.9472542837168824,
        0.9191615714386112
      ]
    },
    "meta_incomplete": {
      "n": 1538,
      "macro_auc": 0.9233324091373882,
      "per_class_auc": [
        0.9479632318375235,
        0.9225083305511668,
        0.9343576638088219,
        0.9074333274720122,
        0.9043994920174165
      ]
    },
    "fairness_sex_gap": 0.01699847248904507
  },
  "training_history": [
    {
      "epoch": 1,
      "train_loss": 0.6009880280275958,
      "val_auc": 0.9020851329261618,
      "val_f1": 0.6798608093533265,
      "val_auc_ecg": 0.9006022226019441,
      "val_delta_meta": 0.0,
      "lr": 0.0009755527298894294,
      "epoch_time_s": 243.16219305992126
    },
    {
      "epoch": 2,
      "train_loss": 0.5078474092374154,
      "val_auc": 0.909267717131694,
      "val_f1": 0.6715541388060171,
      "val_auc_ecg": 0.9072159976711507,
      "val_delta_meta": 0.0,
      "lr": 0.0009046039886902864,
      "epoch_time_s": 243.72552752494812
    },
    {
      "epoch": 3,
      "train_loss": 0.4735084692819403,
      "val_auc": 0.9193673850173163,
      "val_f1": 0.7133367339732534,
      "val_auc_ecg": 0.918915438700379,
      "val_delta_meta": 0.0,
      "lr": 0.0007940987335200904,
      "epoch_time_s": 255.20530033111572
    },
    {
      "epoch": 4,
      "train_loss": 0.45109313174125254,
      "val_auc": 0.9216275788730597,
      "val_f1": 0.7124021801149859,
      "val_auc_ecg": 0.9209616306755756,
      "val_delta_meta": 0.0,
      "lr": 0.0006548539886902864,
      "epoch_time_s": 260.67266726493835
    },
    {
      "epoch": 5,
      "train_loss": 0.4289512164002165,
      "val_auc": 0.9208475580139428,
      "val_f1": 0.7183008921859122,
      "val_auc_ecg": 0.9201684994487641,
      "val_delta_meta": 0.0,
      "lr": 0.0005005000000000001,
      "epoch_time_s": 260.49566173553467
    },
    {
      "epoch": 6,
      "train_loss": 0.4093388156059685,
      "val_auc": 0.9246180811456112,
      "val_f1": 0.7108659502972416,
      "val_auc_ecg": 0.9246050136023177,
      "val_delta_meta": 0.0,
      "lr": 0.0003461460113097139,
      "epoch_time_s": 260.0041468143463
    },
    {
      "epoch": 7,
      "train_loss": 0.389450766925418,
      "val_auc": 0.930576079542927,
      "val_f1": 0.744538876112873,
      "val_auc_ecg": 0.9303798982912056,
      "val_delta_meta": 0.0,
      "lr": 0.00020690126647990973,
      "epoch_time_s": 260.5975923538208
    },
    {
      "epoch": 8,
      "train_loss": 0.3679519421190297,
      "val_auc": 0.9293619038784906,
      "val_f1": 0.7370615271581695,
      "val_auc_ecg": 0.929200882590415,
      "val_delta_meta": 0.0,
      "lr": 9.639601130971382e-05,
      "epoch_time_s": 261.1562469005585
    },
    {
      "epoch": 9,
      "train_loss": 0.34669615169730755,
      "val_auc": 0.9333111473104498,
      "val_f1": 0.7409331263409802,
      "val_auc_ecg": 0.933268441570396,
      "val_delta_meta": 0.0,
      "lr": 2.5447270110570814e-05,
      "epoch_time_s": 267.2393047809601
    },
    {
      "epoch": 10,
      "train_loss": 0.3349625486846364,
      "val_auc": 0.9331526864219732,
      "val_f1": 0.7429060233783715,
      "val_auc_ecg": 0.9330316219841712,
      "val_delta_meta": 0.0,
      "lr": 0.001,
      "epoch_time_s": 261.5401632785797
    }
  ]
}