{
  "metadata": {
    "run_name": "ATLAS_A_v5_demo+anthro_seed2029",
    "variant": "demo+anthro",
    "seed": 2029,
    "meta_hid": 128,
    "lauc_weight": 0.08,
    "no_aug": false,
    "arch_mode": "standard",
    "meta_mask_mode": "real",
    "test_fold": 10,
    "val_fold": 9,
    "timestamp": "2026-05-05T06:24:48.980235",
    "git_sha": "b8fda1f7a68a5b217a3f76d88337426561bd26e4",
    "analysis_plan_sha256": "4ad22e907fbd431a0b443255a3449c0560371997d5ee36a61e164de7aea5c3dc",
    "wall_time_s": 2621.378970384598,
    "train_time_s": 2592.06809091568,
    "gpu_peak_mem_mb": 0,
    "num_parameters": 3951951,
    "dataset_sizes": {
      "train": 17418,
      "val": 2183,
      "test": 2198
    },
    "train_fold_ids": [
      1,
      2,
      3,
      4,
      5,
      6,
      7,
      8
    ],
    "pos_weights": [
      1.2930489778518677,
      2.9776203632354736,
      3.161012887954712,
      3.4581520557403564,
      7.21991491317749
    ],
    "loss_weights": {
      "fused": 0.52,
      "ecg": 0.3,
      "meta": 0.1,
      "lauc": 0.08
    },
    "hardware": {
      "python_version": "3.11.7 | packaged by Anaconda, Inc. | (main, Dec 15 2023, 18:05:47) [MSC v.1916 64 bit (AMD64)]",
      "torch_version": "2.3.1+cpu",
      "cuda_available": false,
      "numpy_version": "1.26.4",
      "sklearn_version": "1.4.2"
    },
    "best_val_auc": 0.9326157093238034,
    "best_val_epoch": 10
  },
  "test": {
    "macro_auc": 0.9287753534467977,
    "macro_auc_ecg": 0.9279856969778297,
    "macro_auc_no_meta": 0.9282764259790486,
    "delta_meta_auc": 0.0004989274677491551,
    "macro_f1_optimal": 0.7461995306245355,
    "macro_f1_fixed_05": 0.739875039987058,
    "w_fused": 1.0,
    "thresholds": [
      0.5899999737739563,
      0.6650000214576721,
      0.6349999904632568,
      0.7099999785423279,
      0.6050000190734863
    ]
  },
  "per_class": {
    "NORM": {
      "auc": 0.9505526336810154,
      "f1": 0.8666994589276931,
      "threshold": 0.5899999737739563
    },
    "MI": {
      "auc": 0.9298036187113856,
      "f1": 0.7396021699819169,
      "threshold": 0.6650000214576721
    },
    "STTC": {
      "auc": 0.9357629529927882,
      "f1": 0.7673397717295873,
      "threshold": 0.6349999904632568
    },
    "CD": {
      "auc": 0.918420217201774,
      "f1": 0.7478991596638656,
      "threshold": 0.7099999785423279
    },
    "HYP": {
      "auc": 0.9093373446470254,
      "f1": 0.6094570928196147,
      "threshold": 0.6050000190734863
    }
  },
  "subgroups": {
    "sex_male": {
      "n": 1066,
      "macro_auc": 0.9200022089173547,
      "per_class_auc": [
        0.9450690837860011,
        0.9209145846399176,
        0.9207196205444055,
        0.9088776783856876,
        0.9044300772307614
      ]
    },
    "sex_female": {
      "n": 1132,
      "macro_auc": 0.9371663410482667,
      "per_class_auc": [
        0.9564268096244839,
        0.9374866428758644,
        0.9485702679568833,
        0.9290272447863308,
        0.9143207399977711
      ]
    },
    "age_lt45": {
      "n": 345,
      "macro_auc": 0.9089533965199715,
      "per_class_auc": [
        0.881450177935943,
        0.9850299401197604,
        0.965034965034965,
        0.8504983388704319,
        0.862753560638757
      ]
    },
    "age_45_65": {
      "n": 703,
      "macro_auc": 0.9274664968803397,
      "per_class_auc": [
        0.9340549895506792,
        0.9296735241502683,
        0.9488393322900366,
        0.9044995794785534,
        0.92026505893216
      ]
    },
    "age_gt65": {
      "n": 1150,
      "macro_auc": 0.9182996619748527,
      "per_class_auc": [
        0.9510390080978037,
        0.9036700477827143,
        0.9121940928270043,
        0.9291434198786416,
        0.8954517412881001
      ]
    },
    "meta_complete": {
      "n": 660,
      "macro_auc": 0.9413448049763377,
      "per_class_auc": [
        0.959109140418016,
        0.9421743383115082,
        0.93640058910162,
        0.9460130401906093,
        0.923026916859934
      ]
    },
    "meta_incomplete": {
      "n": 1538,
      "macro_auc": 0.9236276028400063,
      "per_class_auc": [
        0.9475503792865976,
        0.9250558737031027,
        0.9356184777126896,
        0.9087884649199929,
        0.9011248185776488
      ]
    },
    "fairness_sex_gap": 0.017164132130911947
  },
  "training_history": [
    {
      "epoch": 1,
      "train_loss": 0.643319218694617,
      "val_auc": 0.8963696860436052,
      "val_f1": 0.6716313793823195,
      "val_auc_ecg": 0.8947278035059171,
      "val_delta_meta": 0.00022462361471342618,
      "lr": 0.0009755527298894294,
      "epoch_time_s": 241.66878533363342
    },
    {
      "epoch": 2,
      "train_loss": 0.5608408036035135,
      "val_auc": 0.914913901434843,
      "val_f1": 0.7092182330875667,
      "val_auc_ecg": 0.9136185583810311,
      "val_delta_meta": 0.00021557769517777103,
      "lr": 0.0009046039886902864,
      "epoch_time_s": 244.2333207130432
    },
    {
      "epoch": 3,
      "train_loss": 0.5237400028136892,
      "val_auc": 0.9103909852381766,
      "val_f1": 0.6847575070896867,
      "val_auc_ecg": 0.9100929216197662,
      "val_delta_meta": -0.0008567943644921527,
      "lr": 0.0007940987335200904,
      "epoch_time_s": 259.29661560058594
    },
    {
      "epoch": 4,
      "train_loss": 0.5014086341639178,
      "val_auc": 0.9222537223390319,
      "val_f1": 0.7215062010552645,
      "val_auc_ecg": 0.9202000918309376,
      "val_delta_meta": 0.0001324852950830291,
      "lr": 0.0006548539886902864,
      "epoch_time_s": 264.38824105262756
    },
    {
      "epoch": 5,
      "train_loss": 0.48005045269607405,
      "val_auc": 0.9241972096997912,
      "val_f1": 0.7188418702738129,
      "val_auc_ecg": 0.9234831281012108,
      "val_delta_meta": -0.000788698601678961,
      "lr": 0.0005005000000000001,
      "epoch_time_s": 261.87174463272095
    },
    {
      "epoch": 6,
      "train_loss": 0.46110823745027596,
      "val_auc": 0.9286525971741945,
      "val_f1": 0.7235105696187583,
      "val_auc_ecg": 0.9283532823589866,
      "val_delta_meta": 0.0002489905455268504,
      "lr": 0.0003461460113097139,
      "epoch_time_s": 261.9180517196655
    },
    {
      "epoch": 7,
      "train_loss": 0.43818554170087937,
      "val_auc": 0.9243867572100204,
      "val_f1": 0.7246631024222647,
      "val_auc_ecg": 0.9252107830524301,
      "val_delta_meta": -0.0010763180762365376,
      "lr": 0.00020690126647990973,
      "epoch_time_s": 262.118590593338
    },
    {
      "epoch": 8,
      "train_loss": 0.4196326281772841,
      "val_auc": 0.9317950171219165,
      "val_f1": 0.7337321869997723,
      "val_auc_ecg": 0.9317261212135127,
      "val_delta_meta": 0.00012129100752622524,
      "lr": 9.639601130971382e-05,
      "epoch_time_s": 262.5920214653015
    },
    {
      "epoch": 9,
      "train_loss": 0.39989766987091907,
      "val_auc": 0.9311347030151336,
      "val_f1": 0.7384089048304924,
      "val_auc_ecg": 0.9312845530526793,
      "val_delta_meta": -0.00035186953397070564,
      "lr": 2.5447270110570814e-05,
      "epoch_time_s": 262.43022775650024
    },
    {
      "epoch": 10,
      "train_loss": 0.3897431426092025,
      "val_auc": 0.9326157093238034,
      "val_f1": 0.7441059820698992,
      "val_auc_ecg": 0.9326229385506635,
      "val_delta_meta": -3.9507306077934956e-05,
      "lr": 0.001,
      "epoch_time_s": 262.85373997688293
    }
  ]
}