{
  "metadata": {
    "run_name": "ATLAS_A_v5_demo_seed2027",
    "variant": "demo",
    "seed": 2027,
    "meta_hid": 128,
    "lauc_weight": 0.08,
    "no_aug": false,
    "arch_mode": "standard",
    "meta_mask_mode": "real",
    "test_fold": 10,
    "val_fold": 9,
    "timestamp": "2026-05-04T14:16:56.526185",
    "git_sha": "b8fda1f7a68a5b217a3f76d88337426561bd26e4",
    "analysis_plan_sha256": "4ad22e907fbd431a0b443255a3449c0560371997d5ee36a61e164de7aea5c3dc",
    "wall_time_s": 2621.8192336559296,
    "train_time_s": 2592.069133043289,
    "gpu_peak_mem_mb": 0,
    "num_parameters": 3951951,
    "dataset_sizes": {
      "train": 17418,
      "val": 2183,
      "test": 2198
    },
    "train_fold_ids": [
      1,
      2,
      3,
      4,
      5,
      6,
      7,
      8
    ],
    "pos_weights": [
      1.2930489778518677,
      2.9776203632354736,
      3.161012887954712,
      3.4581520557403564,
      7.21991491317749
    ],
    "loss_weights": {
      "fused": 0.52,
      "ecg": 0.3,
      "meta": 0.1,
      "lauc": 0.08
    },
    "hardware": {
      "python_version": "3.11.7 | packaged by Anaconda, Inc. | (main, Dec 15 2023, 18:05:47) [MSC v.1916 64 bit (AMD64)]",
      "torch_version": "2.3.1+cpu",
      "cuda_available": false,
      "numpy_version": "1.26.4",
      "sklearn_version": "1.4.2"
    },
    "best_val_auc": 0.93194859788306,
    "best_val_epoch": 9
  },
  "test": {
    "macro_auc": 0.927168753503623,
    "macro_auc_ecg": 0.9273353084748344,
    "macro_auc_no_meta": 0.927667120578116,
    "delta_meta_auc": -0.0004983670744929114,
    "macro_f1_optimal": 0.7471538866245384,
    "macro_f1_fixed_05": 0.7365066043042523,
    "w_fused": 1.0,
    "thresholds": [
      0.7099999785423279,
      0.5450000166893005,
      0.6499999761581421,
      0.7250000238418579,
      0.7549999952316284
    ]
  },
  "per_class": {
    "NORM": {
      "auc": 0.9478174227805314,
      "f1": 0.8611388611388612,
      "threshold": 0.7099999785423279
    },
    "MI": {
      "auc": 0.9264210061782877,
      "f1": 0.7491467576791809,
      "threshold": 0.5450000166893005
    },
    "STTC": {
      "auc": 0.9342567444607349,
      "f1": 0.7697974217311234,
      "threshold": 0.6499999761581421
    },
    "CD": {
      "auc": 0.9178042435843978,
      "f1": 0.7361835245046924,
      "threshold": 0.7250000238418579
    },
    "HYP": {
      "auc": 0.9095443505141633,
      "f1": 0.6195028680688337,
      "threshold": 0.7549999952316284
    }
  },
  "subgroups": {
    "sex_male": {
      "n": 1066,
      "macro_auc": 0.9186999489324423,
      "per_class_auc": [
        0.9421018963255303,
        0.9159945354394257,
        0.9188922516017131,
        0.9084668192219679,
        0.9080442420735746
      ]
    },
    "sex_female": {
      "n": 1132,
      "macro_auc": 0.9352012405449942,
      "per_class_auc": [
        0.9543157907983488,
        0.9349906248109842,
        0.946897048653929,
        0.9282458455607843,
        0.9115568929009249
      ]
    },
    "age_lt45": {
      "n": 345,
      "macro_auc": 0.9154290355390634,
      "per_class_auc": [
        0.8781138790035588,
        0.9657049537289057,
        0.9652761032071377,
        0.8608426457263666,
        0.9072075960293483
      ]
    },
    "age_45_65": {
      "n": 703,
      "macro_auc": 0.9257893487279383,
      "per_class_auc": [
        0.9287486938349008,
        0.9234868813357185,
        0.9491001564945227,
        0.9065040650406504,
        0.9211069469338982
      ]
    },
    "age_gt65": {
      "n": 1150,
      "macro_auc": 0.9160465086371212,
      "per_class_auc": [
        0.9493690329898856,
        0.9020571715986252,
        0.9098699015471168,
        0.9246748534850746,
        0.8942615835649045
      ]
    },
    "meta_complete": {
      "n": 660,
      "macro_auc": 0.9413979670541771,
      "per_class_auc": [
        0.9579040329702679,
        0.9457802303683265,
        0.9328659793814432,
        0.9486952675807165,
        0.9217443249701314
      ]
    },
    "meta_incomplete": {
      "n": 1538,
      "macro_auc": 0.9221958174657738,
      "per_class_auc": [
        0.9459874374866648,
        0.9221319406197038,
        0.9346946890638942,
        0.9065775745853116,
        0.9015874455732947
      ]
    },
    "fairness_sex_gap": 0.01650129161255187
  },
  "training_history": [
    {
      "epoch": 1,
      "train_loss": 0.6507329748311174,
      "val_auc": 0.9000190348896131,
      "val_f1": 0.682780788302989,
      "val_auc_ecg": 0.8977814738397873,
      "val_delta_meta": 0.0016811343728526662,
      "lr": 0.0009755527298894294,
      "epoch_time_s": 241.69572687149048
    },
    {
      "epoch": 2,
      "train_loss": 0.5590380846360408,
      "val_auc": 0.9057315327996946,
      "val_f1": 0.6615369012541463,
      "val_auc_ecg": 0.9028223514677812,
      "val_delta_meta": 0.0016412900877146308,
      "lr": 0.0009046039886902864,
      "epoch_time_s": 242.29006481170654
    },
    {
      "epoch": 3,
      "train_loss": 0.524570734949287,
      "val_auc": 0.9197681580924169,
      "val_f1": 0.7154337667018419,
      "val_auc_ecg": 0.9187393048133516,
      "val_delta_meta": -0.00012175391954660775,
      "lr": 0.0007940987335200904,
      "epoch_time_s": 256.6443934440613
    },
    {
      "epoch": 4,
      "train_loss": 0.4999929771510833,
      "val_auc": 0.9204353385634174,
      "val_f1": 0.7052129982643157,
      "val_auc_ecg": 0.9202213389785611,
      "val_delta_meta": 4.1113387364344334e-05,
      "lr": 0.0006548539886902864,
      "epoch_time_s": 262.18935656547546
    },
    {
      "epoch": 5,
      "train_loss": 0.47874582038013214,
      "val_auc": 0.9207958239465915,
      "val_f1": 0.7178496942225602,
      "val_auc_ecg": 0.9194147909688564,
      "val_delta_meta": 0.00023505353217800895,
      "lr": 0.0005005000000000001,
      "epoch_time_s": 262.43453645706177
    },
    {
      "epoch": 6,
      "train_loss": 0.46019433764142725,
      "val_auc": 0.9248669155149851,
      "val_f1": 0.7138921517825475,
      "val_auc_ecg": 0.9241169530699466,
      "val_delta_meta": -0.00035881974805995753,
      "lr": 0.0003461460113097139,
      "epoch_time_s": 262.8029615879059
    },
    {
      "epoch": 7,
      "train_loss": 0.4398984341446413,
      "val_auc": 0.930015494947296,
      "val_f1": 0.7411240921026524,
      "val_auc_ecg": 0.9296876640461603,
      "val_delta_meta": 0.000343318903709644,
      "lr": 0.00020690126647990973,
      "epoch_time_s": 263.4673192501068
    },
    {
      "epoch": 8,
      "train_loss": 0.41941748253249245,
      "val_auc": 0.9283208232704172,
      "val_f1": 0.7333113402486025,
      "val_auc_ecg": 0.9284736080634144,
      "val_delta_meta": 0.0001953872120106226,
      "lr": 9.639601130971382e-05,
      "epoch_time_s": 263.4831635951996
    },
    {
      "epoch": 9,
      "train_loss": 0.39635439725644,
      "val_auc": 0.93194859788306,
      "val_f1": 0.7395417086894687,
      "val_auc_ecg": 0.931572172213993,
      "val_delta_meta": 0.0001776121267358377,
      "lr": 2.5447270110570814e-05,
      "epoch_time_s": 263.91290855407715
    },
    {
      "epoch": 10,
      "train_loss": 0.3845049839774403,
      "val_auc": 0.9319169526161797,
      "val_f1": 0.7374350617552519,
      "val_auc_ecg": 0.9317001183618308,
      "val_delta_meta": 0.00022913149489978135,
      "lr": 0.001,
      "epoch_time_s": 263.8849172592163
    }
  ]
}