{
  "metadata": {
    "run_name": "ATLAS_A_v5_none_seed2026",
    "variant": "none",
    "seed": 2026,
    "meta_hid": 128,
    "lauc_weight": 0.08,
    "no_aug": false,
    "arch_mode": "standard",
    "meta_mask_mode": "real",
    "test_fold": 10,
    "val_fold": 9,
    "timestamp": "2026-05-03T23:00:11.175059",
    "git_sha": "b8fda1f7a68a5b217a3f76d88337426561bd26e4",
    "analysis_plan_sha256": "4ad22e907fbd431a0b443255a3449c0560371997d5ee36a61e164de7aea5c3dc",
    "wall_time_s": 2596.3781266212463,
    "train_time_s": 2566.98264670372,
    "gpu_peak_mem_mb": 0,
    "num_parameters": 3951951,
    "dataset_sizes": {
      "train": 17418,
      "val": 2183,
      "test": 2198
    },
    "train_fold_ids": [
      1,
      2,
      3,
      4,
      5,
      6,
      7,
      8
    ],
    "pos_weights": [
      1.2930489778518677,
      2.9776203632354736,
      3.161012887954712,
      3.4581520557403564,
      7.21991491317749
    ],
    "loss_weights": {
      "fused": 0.52,
      "ecg": 0.3,
      "meta": 0.1,
      "lauc": 0.08
    },
    "hardware": {
      "python_version": "3.11.7 | packaged by Anaconda, Inc. | (main, Dec 15 2023, 18:05:47) [MSC v.1916 64 bit (AMD64)]",
      "torch_version": "2.3.1+cpu",
      "cuda_available": false,
      "numpy_version": "1.26.4",
      "sklearn_version": "1.4.2"
    },
    "best_val_auc": 0.9315615932489794,
    "best_val_epoch": 10
  },
  "test": {
    "macro_auc": 0.9278570371571403,
    "macro_auc_ecg": 0.9279625378747121,
    "macro_auc_no_meta": 0.9278570371571403,
    "delta_meta_auc": 0.0,
    "macro_f1_optimal": 0.7426379690922107,
    "macro_f1_fixed_05": 0.7346227256688418,
    "w_fused": 1.0,
    "thresholds": [
      0.5299999713897705,
      0.6349999904632568,
      0.6650000214576721,
      0.7099999785423279,
      0.6499999761581421
    ]
  },
  "per_class": {
    "NORM": {
      "auc": 0.9479107546003759,
      "f1": 0.8614945264159923,
      "threshold": 0.5299999713897705
    },
    "MI": {
      "auc": 0.9233362753751104,
      "f1": 0.7148217636022514,
      "threshold": 0.6349999904632568
    },
    "STTC": {
      "auc": 0.9363443769550094,
      "f1": 0.776255707762557,
      "threshold": 0.6650000214576721
    },
    "CD": {
      "auc": 0.9195017247261287,
      "f1": 0.7510288065843621,
      "threshold": 0.7099999785423279
    },
    "HYP": {
      "auc": 0.912192054129077,
      "f1": 0.6095890410958904,
      "threshold": 0.6499999761581421
    }
  },
  "subgroups": {
    "sex_male": {
      "n": 1066,
      "macro_auc": 0.920291889583061,
      "per_class_auc": [
        0.9415995345021378,
        0.9142443203088157,
        0.9229098085023538,
        0.9120033284793011,
        0.9107024561226971
      ]
    },
    "sex_female": {
      "n": 1132,
      "macro_auc": 0.9346203956461296,
      "per_class_auc": [
        0.9539130927212323,
        0.9310711909514305,
        0.9468728691842331,
        0.9275556095782181,
        0.9136892157955349
      ]
    },
    "age_lt45": {
      "n": 345,
      "macro_auc": 0.9286030156591693,
      "per_class_auc": [
        0.8977980427046263,
        0.9692433315187806,
        0.9599710634193392,
        0.8526880096647539,
        0.9633146309883469
      ]
    },
    "age_45_65": {
      "n": 703,
      "macro_auc": 0.9235763309233421,
      "per_class_auc": [
        0.9273037486938349,
        0.9204432518386007,
        0.9459963484611371,
        0.9057471264367816,
        0.918391179186356
      ]
    },
    "age_gt65": {
      "n": 1150,
      "macro_auc": 0.9170797823373927,
      "per_class_auc": [
        0.9496014116016005,
        0.8979830664766535,
        0.9158544303797469,
        0.9306465167765606,
        0.8913134864524018
      ]
    },
    "meta_complete": {
      "n": 660,
      "macro_auc": 0.9392981536798123,
      "per_class_auc": [
        0.9547026788342655,
        0.9412108205959211,
        0.93519882179676,
        0.9467263985390421,
        0.9186520486330733
      ]
    },
    "meta_incomplete": {
      "n": 1538,
      "macro_auc": 0.924017463743527,
      "per_class_auc": [
        0.9474306867403209,
        0.9193589888082475,
        0.9366150056251697,
        0.9096207725221264,
        0.9070618650217706
      ]
    },
    "fairness_sex_gap": 0.01432850606306868
  },
  "training_history": [
    {
      "epoch": 1,
      "train_loss": 0.5982132538196143,
      "val_auc": 0.9018378425608133,
      "val_f1": 0.6664480189950294,
      "val_auc_ecg": 0.8995752669853994,
      "val_delta_meta": 0.0,
      "lr": 0.0009755527298894294,
      "epoch_time_s": 242.3869984149933
    },
    {
      "epoch": 2,
      "train_loss": 0.5075950609434635,
      "val_auc": 0.9112608797202011,
      "val_f1": 0.6971569454591954,
      "val_auc_ecg": 0.9102875876823445,
      "val_delta_meta": 0.0,
      "lr": 0.0009046039886902864,
      "epoch_time_s": 242.18131470680237
    },
    {
      "epoch": 3,
      "train_loss": 0.47515774855919934,
      "val_auc": 0.9097915608598257,
      "val_f1": 0.6888248410024159,
      "val_auc_ecg": 0.9082473680083272,
      "val_delta_meta": 0.0,
      "lr": 0.0007940987335200904,
      "epoch_time_s": 253.8212969303131
    },
    {
      "epoch": 4,
      "train_loss": 0.4514079435156026,
      "val_auc": 0.923634975014234,
      "val_f1": 0.7272391905818424,
      "val_auc_ecg": 0.9232003589211386,
      "val_delta_meta": 0.0,
      "lr": 0.0006548539886902864,
      "epoch_time_s": 259.7237358093262
    },
    {
      "epoch": 5,
      "train_loss": 0.43152397305046747,
      "val_auc": 0.920570617842495,
      "val_f1": 0.7143649716050854,
      "val_auc_ecg": 0.9195484135714193,
      "val_delta_meta": 0.0,
      "lr": 0.0005005000000000001,
      "epoch_time_s": 259.9171986579895
    },
    {
      "epoch": 6,
      "train_loss": 0.4090528584401542,
      "val_auc": 0.9242585809858506,
      "val_f1": 0.7257548849058173,
      "val_auc_ecg": 0.9239246614237329,
      "val_delta_meta": 0.0,
      "lr": 0.0003461460113097139,
      "epoch_time_s": 260.6341030597687
    },
    {
      "epoch": 7,
      "train_loss": 0.38728887318471156,
      "val_auc": 0.9274084985819819,
      "val_f1": 0.7304545917375203,
      "val_auc_ecg": 0.9278212408486162,
      "val_delta_meta": 0.0,
      "lr": 0.00020690126647990973,
      "epoch_time_s": 260.43749046325684
    },
    {
      "epoch": 8,
      "train_loss": 0.36765617616132856,
      "val_auc": 0.9244782736506115,
      "val_f1": 0.7345669155106705,
      "val_auc_ecg": 0.924750527562862,
      "val_delta_meta": 0.0,
      "lr": 9.639601130971382e-05,
      "epoch_time_s": 259.85635018348694
    },
    {
      "epoch": 9,
      "train_loss": 0.34953597149717697,
      "val_auc": 0.9306261171926039,
      "val_f1": 0.737292978614857,
      "val_auc_ecg": 0.9307477835688724,
      "val_delta_meta": 0.0,
      "lr": 2.5447270110570814e-05,
      "epoch_time_s": 260.0781104564667
    },
    {
      "epoch": 10,
      "train_loss": 0.33684563962144587,
      "val_auc": 0.9315615932489794,
      "val_f1": 0.7401730087609767,
      "val_auc_ecg": 0.9317937760685527,
      "val_delta_meta": 0.0,
      "lr": 0.001,
      "epoch_time_s": 259.4593708515167
    }
  ]
}