{
  "metadata": {
    "run_name": "ATLAS_A_v5_demo_seed2029",
    "variant": "demo",
    "seed": 2029,
    "meta_hid": 128,
    "lauc_weight": 0.08,
    "no_aug": false,
    "arch_mode": "standard",
    "meta_mask_mode": "real",
    "test_fold": 10,
    "val_fold": 9,
    "timestamp": "2026-05-04T15:44:47.113633",
    "git_sha": "b8fda1f7a68a5b217a3f76d88337426561bd26e4",
    "analysis_plan_sha256": "4ad22e907fbd431a0b443255a3449c0560371997d5ee36a61e164de7aea5c3dc",
    "wall_time_s": 2622.6093220710754,
    "train_time_s": 2593.3542110919952,
    "gpu_peak_mem_mb": 0,
    "num_parameters": 3951951,
    "dataset_sizes": {
      "train": 17418,
      "val": 2183,
      "test": 2198
    },
    "train_fold_ids": [
      1,
      2,
      3,
      4,
      5,
      6,
      7,
      8
    ],
    "pos_weights": [
      1.2930489778518677,
      2.9776203632354736,
      3.161012887954712,
      3.4581520557403564,
      7.21991491317749
    ],
    "loss_weights": {
      "fused": 0.52,
      "ecg": 0.3,
      "meta": 0.1,
      "lauc": 0.08
    },
    "hardware": {
      "python_version": "3.11.7 | packaged by Anaconda, Inc. | (main, Dec 15 2023, 18:05:47) [MSC v.1916 64 bit (AMD64)]",
      "torch_version": "2.3.1+cpu",
      "cuda_available": false,
      "numpy_version": "1.26.4",
      "sklearn_version": "1.4.2"
    },
    "best_val_auc": 0.9321550988977118,
    "best_val_epoch": 10
  },
  "test": {
    "macro_auc": 0.9280750875025191,
    "macro_auc_ecg": 0.9271292883102051,
    "macro_auc_no_meta": 0.9276282578596687,
    "delta_meta_auc": 0.00044682964285036597,
    "macro_f1_optimal": 0.7472829539296623,
    "macro_f1_fixed_05": 0.7363830085161289,
    "w_fused": 1.0,
    "thresholds": [
      0.5450000166893005,
      0.6499999761581421,
      0.7250000238418579,
      0.7099999785423279,
      0.6499999761581421
    ]
  },
  "per_class": {
    "NORM": {
      "auc": 0.9499724629090098,
      "f1": 0.8647342995169082,
      "threshold": 0.5450000166893005
    },
    "MI": {
      "auc": 0.9269229920564872,
      "f1": 0.7338782924613987,
      "threshold": 0.6499999761581421
    },
    "STTC": {
      "auc": 0.9366030419460764,
      "f1": 0.7750229568411386,
      "threshold": 0.7250000238418579
    },
    "CD": {
      "auc": 0.9174725654827337,
      "f1": 0.7471143756558237,
      "threshold": 0.7099999785423279
    },
    "HYP": {
      "auc": 0.9094043751182891,
      "f1": 0.6156648451730419,
      "threshold": 0.6499999761581421
    }
  },
  "subgroups": {
    "sex_male": {
      "n": 1066,
      "macro_auc": 0.918926896712519,
      "per_class_auc": [
        0.9451052249243745,
        0.9156396307046074,
        0.9196178896322253,
        0.9093301435406698,
        0.9049415947607188
      ]
    },
    "sex_female": {
      "n": 1132,
      "macro_auc": 0.9364130551978664,
      "per_class_auc": [
        0.9548380398671097,
        0.9367366277545918,
        0.9500452156083313,
        0.926726458177777,
        0.9137189345815223
      ]
    },
    "age_lt45": {
      "n": 345,
      "macro_auc": 0.9295500983477906,
      "per_class_auc": [
        0.8935164590747331,
        0.9850299401197605,
        0.9693754521340727,
        0.852914527333132,
        0.946914113077255
      ]
    },
    "age_45_65": {
      "n": 703,
      "macro_auc": 0.9257837984000709,
      "per_class_auc": [
        0.9304140543364682,
        0.9271392367322601,
        0.9483568075117371,
        0.9008971124194002,
        0.9221117810004889
      ]
    },
    "age_gt65": {
      "n": 1150,
      "macro_auc": 0.916192890992588,
      "per_class_auc": [
        0.9509602356870529,
        0.9004845334898148,
        0.9130942334739803,
        0.9292174640608051,
        0.8872079882512871
      ]
    },
    "meta_complete": {
      "n": 660,
      "macro_auc": 0.9388666839870077,
      "per_class_auc": [
        0.9621081100971445,
        0.9398531365421394,
        0.932618556701031,
        0.9434734844701886,
        0.9162801321245344
      ]
    },
    "meta_incomplete": {
      "n": 1538,
      "macro_auc": 0.9243626549720971,
      "per_class_auc": [
        0.9469467125314626,
        0.9239522218701689,
        0.9382128447841099,
        0.9081296524236563,
        0.9045718432510886
      ]
    },
    "fairness_sex_gap": 0.017486158485347403
  },
  "training_history": [
    {
      "epoch": 1,
      "train_loss": 0.644820156338018,
      "val_auc": 0.895927514211811,
      "val_f1": 0.6823901944414739,
      "val_auc_ecg": 0.8950795826880554,
      "val_delta_meta": -0.0007544650494383243,
      "lr": 0.0009755527298894294,
      "epoch_time_s": 241.56348204612732
    },
    {
      "epoch": 2,
      "train_loss": 0.5637624106275926,
      "val_auc": 0.9143909564216969,
      "val_f1": 0.708303813176243,
      "val_auc_ecg": 0.9132228272721663,
      "val_delta_meta": 0.00026949571641587955,
      "lr": 0.0009046039886902864,
      "epoch_time_s": 241.81858015060425
    },
    {
      "epoch": 3,
      "train_loss": 0.5260598351102357,
      "val_auc": 0.9126021976713362,
      "val_f1": 0.6787004613154547,
      "val_auc_ecg": 0.9129178551132611,
      "val_delta_meta": -0.00112057314597791,
      "lr": 0.0007940987335200904,
      "epoch_time_s": 256.97464752197266
    },
    {
      "epoch": 4,
      "train_loss": 0.5014550257713423,
      "val_auc": 0.9200472957822589,
      "val_f1": 0.7168092343634833,
      "val_auc_ecg": 0.9190715996694948,
      "val_delta_meta": -1.5263226148531928e-06,
      "lr": 0.0006548539886902864,
      "epoch_time_s": 262.2239456176758
    },
    {
      "epoch": 5,
      "train_loss": 0.480213080496963,
      "val_auc": 0.9237899106815517,
      "val_f1": 0.7259448440319962,
      "val_auc_ecg": 0.9222205333381563,
      "val_delta_meta": -0.0005253932417493834,
      "lr": 0.0005005000000000001,
      "epoch_time_s": 267.34248638153076
    },
    {
      "epoch": 6,
      "train_loss": 0.46276201037091946,
      "val_auc": 0.9293162629309657,
      "val_f1": 0.7220271091448038,
      "val_auc_ecg": 0.929208430913725,
      "val_delta_meta": 0.00030018745300242067,
      "lr": 0.0003461460113097139,
      "epoch_time_s": 262.50981283187866
    },
    {
      "epoch": 7,
      "train_loss": 0.44010545923075545,
      "val_auc": 0.9260845111958936,
      "val_f1": 0.7239580773759913,
      "val_auc_ecg": 0.9263015800134878,
      "val_delta_meta": -0.00019858267827255194,
      "lr": 0.00020690126647990973,
      "epoch_time_s": 262.7810368537903
    },
    {
      "epoch": 8,
      "train_loss": 0.4209345923924665,
      "val_auc": 0.9304412164856656,
      "val_f1": 0.7309242778443723,
      "val_auc_ecg": 0.9303418268981043,
      "val_delta_meta": 0.00012038589705465341,
      "lr": 9.639601130971382e-05,
      "epoch_time_s": 262.5689289569855
    },
    {
      "epoch": 9,
      "train_loss": 0.4031433701515198,
      "val_auc": 0.9309966427668567,
      "val_f1": 0.7356542145903112,
      "val_auc_ecg": 0.9309074926425179,
      "val_delta_meta": -0.0001061731895279916,
      "lr": 2.5447270110570814e-05,
      "epoch_time_s": 263.3682737350464
    },
    {
      "epoch": 10,
      "train_loss": 0.3930222483676508,
      "val_auc": 0.9321550988977118,
      "val_f1": 0.7395306557603136,
      "val_auc_ecg": 0.9320942293712804,
      "val_delta_meta": 0.00019356345315557633,
      "lr": 0.001,
      "epoch_time_s": 262.7193365097046
    }
  ]
}