{
  "metadata": {
    "run_name": "ATLAS_A_v5_demo+anthro_seed2032",
    "variant": "demo+anthro",
    "seed": 2032,
    "meta_hid": 128,
    "lauc_weight": 0.08,
    "no_aug": false,
    "arch_mode": "standard",
    "meta_mask_mode": "real",
    "test_fold": 10,
    "val_fold": 9,
    "timestamp": "2026-05-05T08:40:52.419984",
    "git_sha": "b8fda1f7a68a5b217a3f76d88337426561bd26e4",
    "analysis_plan_sha256": "4ad22e907fbd431a0b443255a3449c0560371997d5ee36a61e164de7aea5c3dc",
    "wall_time_s": 2631.7352015972137,
    "train_time_s": 2602.4660992622375,
    "gpu_peak_mem_mb": 0,
    "num_parameters": 3951951,
    "dataset_sizes": {
      "train": 17418,
      "val": 2183,
      "test": 2198
    },
    "train_fold_ids": [
      1,
      2,
      3,
      4,
      5,
      6,
      7,
      8
    ],
    "pos_weights": [
      1.2930489778518677,
      2.9776203632354736,
      3.161012887954712,
      3.4581520557403564,
      7.21991491317749
    ],
    "loss_weights": {
      "fused": 0.52,
      "ecg": 0.3,
      "meta": 0.1,
      "lauc": 0.08
    },
    "hardware": {
      "python_version": "3.11.7 | packaged by Anaconda, Inc. | (main, Dec 15 2023, 18:05:47) [MSC v.1916 64 bit (AMD64)]",
      "torch_version": "2.3.1+cpu",
      "cuda_available": false,
      "numpy_version": "1.26.4",
      "sklearn_version": "1.4.2"
    },
    "best_val_auc": 0.9328869265566715,
    "best_val_epoch": 10
  },
  "test": {
    "macro_auc": 0.9285126985170933,
    "macro_auc_ecg": 0.926918972796661,
    "macro_auc_no_meta": 0.9269978122389222,
    "delta_meta_auc": 0.0015148862781710903,
    "macro_f1_optimal": 0.7459053645887109,
    "macro_f1_fixed_05": 0.7403730997747834,
    "w_fused": 1.0,
    "thresholds": [
      0.5899999737739563,
      0.7099999785423279,
      0.6349999904632568,
      0.7699999809265137,
      0.574999988079071
    ]
  },
  "per_class": {
    "NORM": {
      "auc": 0.9486817931480991,
      "f1": 0.8581179912237933,
      "threshold": 0.5899999737739563
    },
    "MI": {
      "auc": 0.9318303177405118,
      "f1": 0.7441424554826617,
      "threshold": 0.7099999785423279
    },
    "STTC": {
      "auc": 0.9389573511789288,
      "f1": 0.7719928186714542,
      "threshold": 0.6349999904632568
    },
    "CD": {
      "auc": 0.9166173098063001,
      "f1": 0.7542372881355932,
      "threshold": 0.7699999809265137
    },
    "HYP": {
      "auc": 0.9064767207116271,
      "f1": 0.6010362694300518,
      "threshold": 0.574999988079071
    }
  },
  "subgroups": {
    "sex_male": {
      "n": 1066,
      "macro_auc": 0.9204604092808093,
      "per_class_auc": [
        0.9438944967888598,
        0.9196748489224024,
        0.9214806555520159,
        0.9101050551279385,
        0.90714699001283
      ]
    },
    "sex_female": {
      "n": 1132,
      "macro_auc": 0.9360435643545479,
      "per_class_auc": [
        0.954123879995973,
        0.9423577088247748,
        0.9538800795020963,
        0.9244213304624146,
        0.905434822987481
      ]
    },
    "age_lt45": {
      "n": 345,
      "macro_auc": 0.9169215308569661,
      "per_class_auc": [
        0.8860097864768683,
        0.9828524768644529,
        0.9620207378828067,
        0.8499697976442162,
        0.9037548554164868
      ]
    },
    "age_45_65": {
      "n": 703,
      "macro_auc": 0.924699985765573,
      "per_class_auc": [
        0.9304467084639498,
        0.9276610017889088,
        0.9517344809598332,
        0.8967059153350153,
        0.9169518222801586
      ]
    },
    "age_gt65": {
      "n": 1150,
      "macro_auc": 0.9188898138354352,
      "per_class_auc": [
        0.9495659640167626,
        0.9083443708609272,
        0.917710970464135,
        0.9298727550729519,
        0.8889550087623997
      ]
    },
    "meta_complete": {
      "n": 660,
      "macro_auc": 0.9421224950760989,
      "per_class_auc": [
        0.9604614365616722,
        0.9469919268894436,
        0.9411605301914581,
        0.9465266582014809,
        0.9154719235364396
      ]
    },
    "meta_incomplete": {
      "n": 1538,
      "macro_auc": 0.9226727972293801,
      "per_class_auc": [
        0.9439717456203803,
        0.9253216858015936,
        0.9378758195290375,
        0.9052740167633787,
        0.9009207184325109
      ]
    },
    "fairness_sex_gap": 0.015583155073738642
  },
  "training_history": [
    {
      "epoch": 1,
      "train_loss": 0.6405127481583062,
      "val_auc": 0.9074543124037031,
      "val_f1": 0.7002790046352831,
      "val_auc_ecg": 0.9058238054716231,
      "val_delta_meta": 0.0006824091161513612,
      "lr": 0.0009755527298894294,
      "epoch_time_s": 241.8253104686737
    },
    {
      "epoch": 2,
      "train_loss": 0.554573167464055,
      "val_auc": 0.9042015432283147,
      "val_f1": 0.6698640437824073,
      "val_auc_ecg": 0.9006629745489148,
      "val_delta_meta": 0.0027073112055339132,
      "lr": 0.0009046039886902864,
      "epoch_time_s": 241.61332535743713
    },
    {
      "epoch": 3,
      "train_loss": 0.5253054838661754,
      "val_auc": 0.9126930057041406,
      "val_f1": 0.7036003832061608,
      "val_auc_ecg": 0.9119606297144263,
      "val_delta_meta": -0.0019755407820675197,
      "lr": 0.0007940987335200904,
      "epoch_time_s": 257.08187532424927
    },
    {
      "epoch": 4,
      "train_loss": 0.49871066365766964,
      "val_auc": 0.9226821312564099,
      "val_f1": 0.7188628785029072,
      "val_auc_ecg": 0.9203739911024813,
      "val_delta_meta": -0.00015457946829011693,
      "lr": 0.0006548539886902864,
      "epoch_time_s": 263.9210021495819
    },
    {
      "epoch": 5,
      "train_loss": 0.4750817768070676,
      "val_auc": 0.9277373034767852,
      "val_f1": 0.7113413292940645,
      "val_auc_ecg": 0.925799589969623,
      "val_delta_meta": 0.0008555020335977437,
      "lr": 0.0005005000000000001,
      "epoch_time_s": 264.00440096855164
    },
    {
      "epoch": 6,
      "train_loss": 0.4523531896258713,
      "val_auc": 0.9285379367983919,
      "val_f1": 0.7330725290212725,
      "val_auc_ecg": 0.9275221915848537,
      "val_delta_meta": 0.0005076560151016096,
      "lr": 0.0003461460113097139,
      "epoch_time_s": 264.31329798698425
    },
    {
      "epoch": 7,
      "train_loss": 0.4330284922494801,
      "val_auc": 0.9288900052220033,
      "val_f1": 0.7324201898366018,
      "val_auc_ecg": 0.9277932272776592,
      "val_delta_meta": -0.00013385687245526245,
      "lr": 0.00020690126647990973,
      "epoch_time_s": 264.7431354522705
    },
    {
      "epoch": 8,
      "train_loss": 0.40758499937866804,
      "val_auc": 0.9299289628527095,
      "val_f1": 0.7377538169079385,
      "val_auc_ecg": 0.9287396977906383,
      "val_delta_meta": -6.97590064785425e-05,
      "lr": 9.639601130971382e-05,
      "epoch_time_s": 265.5036725997925
    },
    {
      "epoch": 9,
      "train_loss": 0.38986751079012494,
      "val_auc": 0.9294666154337324,
      "val_f1": 0.7392330591063105,
      "val_auc_ecg": 0.9285576065887604,
      "val_delta_meta": -0.0001359334669057688,
      "lr": 2.5447270110570814e-05,
      "epoch_time_s": 264.7139723300934
    },
    {
      "epoch": 10,
      "train_loss": 0.3764166940789704,
      "val_auc": 0.9328869265566715,
      "val_f1": 0.7443069226723698,
      "val_auc_ecg": 0.9318221823907218,
      "val_delta_meta": 0.00021754107518345833,
      "lr": 0.001,
      "epoch_time_s": 265.45145630836487
    }
  ]
}