{
  "metadata": {
    "run_name": "ATLAS_A_v5_demo_seed2031",
    "variant": "demo",
    "seed": 2031,
    "meta_hid": 128,
    "lauc_weight": 0.08,
    "no_aug": false,
    "arch_mode": "standard",
    "meta_mask_mode": "real",
    "test_fold": 10,
    "val_fold": 9,
    "timestamp": "2026-05-04T17:12:33.606710",
    "git_sha": "b8fda1f7a68a5b217a3f76d88337426561bd26e4",
    "analysis_plan_sha256": "4ad22e907fbd431a0b443255a3449c0560371997d5ee36a61e164de7aea5c3dc",
    "wall_time_s": 2631.274152994156,
    "train_time_s": 2602.077069759369,
    "gpu_peak_mem_mb": 0,
    "num_parameters": 3951951,
    "dataset_sizes": {
      "train": 17418,
      "val": 2183,
      "test": 2198
    },
    "train_fold_ids": [
      1,
      2,
      3,
      4,
      5,
      6,
      7,
      8
    ],
    "pos_weights": [
      1.2930489778518677,
      2.9776203632354736,
      3.161012887954712,
      3.4581520557403564,
      7.21991491317749
    ],
    "loss_weights": {
      "fused": 0.52,
      "ecg": 0.3,
      "meta": 0.1,
      "lauc": 0.08
    },
    "hardware": {
      "python_version": "3.11.7 | packaged by Anaconda, Inc. | (main, Dec 15 2023, 18:05:47) [MSC v.1916 64 bit (AMD64)]",
      "torch_version": "2.3.1+cpu",
      "cuda_available": false,
      "numpy_version": "1.26.4",
      "sklearn_version": "1.4.2"
    },
    "best_val_auc": 0.9313582822672897,
    "best_val_epoch": 10
  },
  "test": {
    "macro_auc": 0.9289904820046626,
    "macro_auc_ecg": 0.9281848720916015,
    "macro_auc_no_meta": 0.9285948574277608,
    "delta_meta_auc": 0.00039562457690178743,
    "macro_f1_optimal": 0.742051859814998,
    "macro_f1_fixed_05": 0.7341092338038396,
    "w_fused": 1.0,
    "thresholds": [
      0.6499999761581421,
      0.7099999785423279,
      0.6499999761581421,
      0.7400000095367432,
      0.6200000047683716
    ]
  },
  "per_class": {
    "NORM": {
      "auc": 0.9490837085524739,
      "f1": 0.8598598598598599,
      "threshold": 0.6499999761581421
    },
    "MI": {
      "auc": 0.9255681818181818,
      "f1": 0.7090558766859345,
      "threshold": 0.7099999785423279
    },
    "STTC": {
      "auc": 0.935544346739276,
      "f1": 0.7686768676867687,
      "threshold": 0.6499999761581421
    },
    "CD": {
      "auc": 0.9171918236609681,
      "f1": 0.7531380753138075,
      "threshold": 0.7400000095367432
    },
    "HYP": {
      "auc": 0.917564349252413,
      "f1": 0.6195286195286195,
      "threshold": 0.6200000047683716
    }
  },
  "subgroups": {
    "sex_male": {
      "n": 1066,
      "macro_auc": 0.9199190705916547,
      "per_class_auc": [
        0.9423765689771696,
        0.9138407984870363,
        0.9209408516512689,
        0.90648533388808,
        0.9159517999547182
      ]
    },
    "sex_female": {
      "n": 1132,
      "macro_auc": 0.937721527677876,
      "per_class_auc": [
        0.9566501812141347,
        0.9357366075928951,
        0.9472355612296711,
        0.9290402681067564,
        0.919945020245923
      ]
    },
    "age_lt45": {
      "n": 345,
      "macro_auc": 0.926497925528181,
      "per_class_auc": [
        0.8865658362989324,
        0.9782253674469243,
        0.9641909814323608,
        0.8546511627906977,
        0.9488562796719896
      ]
    },
    "age_45_65": {
      "n": 703,
      "macro_auc": 0.9265568751875863,
      "per_class_auc": [
        0.9299079153605017,
        0.9205053667262969,
        0.9486828377673449,
        0.9080459770114944,
        0.9256422790722937
      ]
    },
    "age_gt65": {
      "n": 1150,
      "macro_auc": 0.9173110432116912,
      "per_class_auc": [
        0.9502197750259949,
        0.9018928661245704,
        0.9116807313642756,
        0.9239307094543313,
        0.8988311340892837
      ]
    },
    "meta_complete": {
      "n": 660,
      "macro_auc": 0.9411669672759457,
      "per_class_auc": [
        0.960599425964086,
        0.9444371450678112,
        0.9327481590574374,
        0.9449002011670542,
        0.9231499051233397
      ]
    },
    "meta_incomplete": {
      "n": 1538,
      "macro_auc": 0.92489702863415,
      "per_class_auc": [
        0.9464054940613416,
        0.9212622034334417,
        0.936816250921364,
        0.906943321024559,
        0.9130578737300437
      ]
    },
    "fairness_sex_gap": 0.0178024570862213
  },
  "training_history": [
    {
      "epoch": 1,
      "train_loss": 0.6538758610913513,
      "val_auc": 0.8964057809698531,
      "val_f1": 0.654666488308024,
      "val_auc_ecg": 0.8921523656166951,
      "val_delta_meta": 0.00039005499641664443,
      "lr": 0.0009755527298894294,
      "epoch_time_s": 242.22152280807495
    },
    {
      "epoch": 2,
      "train_loss": 0.5634755953736261,
      "val_auc": 0.9123977336176325,
      "val_f1": 0.7107954891667685,
      "val_auc_ecg": 0.9125370707830326,
      "val_delta_meta": 0.00013304956183557426,
      "lr": 0.0009046039886902864,
      "epoch_time_s": 241.49769139289856
    },
    {
      "epoch": 3,
      "train_loss": 0.5264027926899971,
      "val_auc": 0.9190792153663768,
      "val_f1": 0.6938380553874401,
      "val_auc_ecg": 0.9181003037843978,
      "val_delta_meta": 0.0010459901560014861,
      "lr": 0.0007940987335200904,
      "epoch_time_s": 257.65318965911865
    },
    {
      "epoch": 4,
      "train_loss": 0.5006148553769523,
      "val_auc": 0.9172473975167286,
      "val_f1": 0.6997629888749175,
      "val_auc_ecg": 0.9157187795220004,
      "val_delta_meta": 0.0006109333074748591,
      "lr": 0.0006548539886902864,
      "epoch_time_s": 263.98594975471497
    },
    {
      "epoch": 5,
      "train_loss": 0.47636527041776466,
      "val_auc": 0.9196225893275104,
      "val_f1": 0.7088834292460351,
      "val_auc_ecg": 0.9184119829777245,
      "val_delta_meta": -0.00029879940724353293,
      "lr": 0.0005005000000000001,
      "epoch_time_s": 263.7684051990509
    },
    {
      "epoch": 6,
      "train_loss": 0.46078651673203214,
      "val_auc": 0.9266369394854683,
      "val_f1": 0.7173566654945678,
      "val_auc_ecg": 0.9262002031339278,
      "val_delta_meta": 0.00030136994373797243,
      "lr": 0.0003461460113097139,
      "epoch_time_s": 264.0767753124237
    },
    {
      "epoch": 7,
      "train_loss": 0.4383955076200153,
      "val_auc": 0.9285183430569759,
      "val_f1": 0.7289357556313684,
      "val_auc_ecg": 0.928772600103103,
      "val_delta_meta": 7.046003254462807e-05,
      "lr": 0.00020690126647990973,
      "epoch_time_s": 264.3547201156616
    },
    {
      "epoch": 8,
      "train_loss": 0.4186900729979944,
      "val_auc": 0.9295435830645149,
      "val_f1": 0.7289071583832772,
      "val_auc_ecg": 0.9291905106005617,
      "val_delta_meta": -0.0001055330360155704,
      "lr": 9.639601130971382e-05,
      "epoch_time_s": 264.867262840271
    },
    {
      "epoch": 9,
      "train_loss": 0.40114043759643486,
      "val_auc": 0.9303649589780928,
      "val_f1": 0.7340488446556526,
      "val_auc_ecg": 0.930139733802872,
      "val_delta_meta": 9.288789862182956e-05,
      "lr": 2.5447270110570814e-05,
      "epoch_time_s": 264.81982946395874
    },
    {
      "epoch": 10,
      "train_loss": 0.3854807681720191,
      "val_auc": 0.9313582822672897,
      "val_f1": 0.7387477381799383,
      "val_auc_ecg": 0.9310048886948614,
      "val_delta_meta": 0.00015471991432303156,
      "lr": 0.001,
      "epoch_time_s": 264.8730285167694
    }
  ]
}