{
  "metadata": {
    "run_name": "ATLAS_A_v5_none_seed2037",
    "variant": "none",
    "seed": 2037,
    "meta_hid": 128,
    "lauc_weight": 0.08,
    "no_aug": false,
    "arch_mode": "standard",
    "meta_mask_mode": "real",
    "test_fold": 10,
    "val_fold": 9,
    "timestamp": "2026-05-04T07:01:53.680210",
    "git_sha": "b8fda1f7a68a5b217a3f76d88337426561bd26e4",
    "analysis_plan_sha256": "4ad22e907fbd431a0b443255a3449c0560371997d5ee36a61e164de7aea5c3dc",
    "wall_time_s": 2603.4707159996033,
    "train_time_s": 2573.8657207489014,
    "gpu_peak_mem_mb": 0,
    "num_parameters": 3951951,
    "dataset_sizes": {
      "train": 17418,
      "val": 2183,
      "test": 2198
    },
    "train_fold_ids": [
      1,
      2,
      3,
      4,
      5,
      6,
      7,
      8
    ],
    "pos_weights": [
      1.2930489778518677,
      2.9776203632354736,
      3.161012887954712,
      3.4581520557403564,
      7.21991491317749
    ],
    "loss_weights": {
      "fused": 0.52,
      "ecg": 0.3,
      "meta": 0.1,
      "lauc": 0.08
    },
    "hardware": {
      "python_version": "3.11.7 | packaged by Anaconda, Inc. | (main, Dec 15 2023, 18:05:47) [MSC v.1916 64 bit (AMD64)]",
      "torch_version": "2.3.1+cpu",
      "cuda_available": false,
      "numpy_version": "1.26.4",
      "sklearn_version": "1.4.2"
    },
    "best_val_auc": 0.9329966694886567,
    "best_val_epoch": 10
  },
  "test": {
    "macro_auc": 0.9276900994951494,
    "macro_auc_ecg": 0.9279481355124704,
    "macro_auc_no_meta": 0.9276900994951494,
    "delta_meta_auc": 0.0,
    "macro_f1_optimal": 0.7496109829361107,
    "macro_f1_fixed_05": 0.7348836654735633,
    "w_fused": 1.0,
    "thresholds": [
      0.5600000023841858,
      0.6349999904632568,
      0.5899999737739563,
      0.6800000071525574,
      0.6650000214576721
    ]
  },
  "per_class": {
    "NORM": {
      "auc": 0.9492611230928988,
      "f1": 0.8634403449928126,
      "threshold": 0.5600000023841858
    },
    "MI": {
      "auc": 0.9260403795233891,
      "f1": 0.7427536231884058,
      "threshold": 0.6349999904632568
    },
    "STTC": {
      "auc": 0.936207032711965,
      "f1": 0.7692307692307693,
      "threshold": 0.5899999737739563
    },
    "CD": {
      "auc": 0.9166090178537585,
      "f1": 0.7460815047021944,
      "threshold": 0.6800000071525574
    },
    "HYP": {
      "auc": 0.9103329442937355,
      "f1": 0.6265486725663717,
      "threshold": 0.6650000214576721
    }
  },
  "subgroups": {
    "sex_male": {
      "n": 1066,
      "macro_auc": 0.9198149717006154,
      "per_class_auc": [
        0.943590911226522,
        0.919772083096325,
        0.9234761601359244,
        0.9072186394840857,
        0.9050170645602208
      ]
    },
    "sex_female": {
      "n": 1132,
      "macro_auc": 0.9348223954311626,
      "per_class_auc": [
        0.9543975888452633,
        0.9313131313131312,
        0.9464908335630384,
        0.9256802514369062,
        0.9162301719974738
      ]
    },
    "age_lt45": {
      "n": 345,
      "macro_auc": 0.9222231852130556,
      "per_class_auc": [
        0.8974088078291814,
        0.9629831246597713,
        0.9657583795514829,
        0.8352461491996375,
        0.949719464825205
      ]
    },
    "age_45_65": {
      "n": 703,
      "macro_auc": 0.924493742823411,
      "per_class_auc": [
        0.9317692006269592,
        0.9192133770622143,
        0.9471830985915493,
        0.9066722736192879,
        0.9176307642170441
      ]
    },
    "age_gt65": {
      "n": 1150,
      "macro_auc": 0.9168558337984883,
      "per_class_auc": [
        0.9487782399092543,
        0.9038142342191298,
        0.9145886075949368,
        0.9265925978031091,
        0.8905054894660123
      ]
    },
    "meta_complete": {
      "n": 660,
      "macro_auc": 0.9413355961882377,
      "per_class_auc": [
        0.9596151015602001,
        0.9488459685542854,
        0.9366715758468336,
        0.942260775277853,
        0.919284559702017
      ]
    },
    "meta_incomplete": {
      "n": 1538,
      "macro_auc": 0.9230152524124628,
      "per_class_auc": [
        0.947267627329451,
        0.9205817244613052,
        0.9359603522520076,
        0.9075927554070689,
        0.9036738026124819
      ]
    },
    "fairness_sex_gap": 0.015007423730547198
  },
  "training_history": [
    {
      "epoch": 1,
      "train_loss": 0.6009371438157668,
      "val_auc": 0.8893107591921676,
      "val_f1": 0.6638160866033065,
      "val_auc_ecg": 0.8882315210062453,
      "val_delta_meta": 0.0,
      "lr": 0.0009755527298894294,
      "epoch_time_s": 242.2767996788025
    },
    {
      "epoch": 2,
      "train_loss": 0.5099297248442238,
      "val_auc": 0.9048457841115845,
      "val_f1": 0.6742309316137661,
      "val_auc_ecg": 0.9037984912360517,
      "val_delta_meta": 0.0,
      "lr": 0.0009046039886902864,
      "epoch_time_s": 246.4336280822754
    },
    {
      "epoch": 3,
      "train_loss": 0.473563916475401,
      "val_auc": 0.9140390260355826,
      "val_f1": 0.7100321778508298,
      "val_auc_ecg": 0.9117600754837094,
      "val_delta_meta": 0.0,
      "lr": 0.0007940987335200904,
      "epoch_time_s": 255.72065806388855
    },
    {
      "epoch": 4,
      "train_loss": 0.4528760908393685,
      "val_auc": 0.92216369868789,
      "val_f1": 0.7194611668117042,
      "val_auc_ecg": 0.9220668905752495,
      "val_delta_meta": 0.0,
      "lr": 0.0006548539886902864,
      "epoch_time_s": 260.00524163246155
    },
    {
      "epoch": 5,
      "train_loss": 0.4328340920286441,
      "val_auc": 0.9255064621215201,
      "val_f1": 0.7241576819446499,
      "val_auc_ecg": 0.9253803975671847,
      "val_delta_meta": 0.0,
      "lr": 0.0005005000000000001,
      "epoch_time_s": 260.3319265842438
    },
    {
      "epoch": 6,
      "train_loss": 0.41132963472003237,
      "val_auc": 0.925113621054672,
      "val_f1": 0.7200487655502108,
      "val_auc_ecg": 0.9243103462086368,
      "val_delta_meta": 0.0,
      "lr": 0.0003461460113097139,
      "epoch_time_s": 259.64336252212524
    },
    {
      "epoch": 7,
      "train_loss": 0.38999985841982954,
      "val_auc": 0.9310641228350015,
      "val_f1": 0.735875140620949,
      "val_auc_ecg": 0.9312332192132139,
      "val_delta_meta": 0.0,
      "lr": 0.00020690126647990973,
      "epoch_time_s": 259.9079647064209
    },
    {
      "epoch": 8,
      "train_loss": 0.37198339509307793,
      "val_auc": 0.9308529010573305,
      "val_f1": 0.7337596622093713,
      "val_auc_ecg": 0.9310095567129661,
      "val_delta_meta": 0.0,
      "lr": 9.639601130971382e-05,
      "epoch_time_s": 259.9450423717499
    },
    {
      "epoch": 9,
      "train_loss": 0.3528749602923699,
      "val_auc": 0.9310831777553329,
      "val_f1": 0.7414934098472551,
      "val_auc_ecg": 0.9312349643858635,
      "val_delta_meta": 0.0,
      "lr": 2.5447270110570814e-05,
      "epoch_time_s": 260.1231732368469
    },
    {
      "epoch": 10,
      "train_loss": 0.34244989523100194,
      "val_auc": 0.9329966694886567,
      "val_f1": 0.745180064559188,
      "val_auc_ecg": 0.9334028369659825,
      "val_delta_meta": 0.0,
      "lr": 0.001,
      "epoch_time_s": 260.16978907585144
    }
  ]
}