{
  "metadata": {
    "run_name": "ATLAS_A_v5_demo_seed2041",
    "variant": "demo",
    "seed": 2041,
    "meta_hid": 128,
    "lauc_weight": 0.08,
    "no_aug": false,
    "arch_mode": "standard",
    "meta_mask_mode": "real",
    "test_fold": 10,
    "val_fold": 9,
    "timestamp": "2026-05-05T00:32:47.613624",
    "git_sha": "b8fda1f7a68a5b217a3f76d88337426561bd26e4",
    "analysis_plan_sha256": "4ad22e907fbd431a0b443255a3449c0560371997d5ee36a61e164de7aea5c3dc",
    "wall_time_s": 2653.9933824539185,
    "train_time_s": 2624.3779907226562,
    "gpu_peak_mem_mb": 0,
    "num_parameters": 3951951,
    "dataset_sizes": {
      "train": 17418,
      "val": 2183,
      "test": 2198
    },
    "train_fold_ids": [
      1,
      2,
      3,
      4,
      5,
      6,
      7,
      8
    ],
    "pos_weights": [
      1.2930489778518677,
      2.9776203632354736,
      3.161012887954712,
      3.4581520557403564,
      7.21991491317749
    ],
    "loss_weights": {
      "fused": 0.52,
      "ecg": 0.3,
      "meta": 0.1,
      "lauc": 0.08
    },
    "hardware": {
      "python_version": "3.11.7 | packaged by Anaconda, Inc. | (main, Dec 15 2023, 18:05:47) [MSC v.1916 64 bit (AMD64)]",
      "torch_version": "2.3.1+cpu",
      "cuda_available": false,
      "numpy_version": "1.26.4",
      "sklearn_version": "1.4.2"
    },
    "best_val_auc": 0.9317998117066969,
    "best_val_epoch": 9
  },
  "test": {
    "macro_auc": 0.9272645912382507,
    "macro_auc_ecg": 0.9271812801161777,
    "macro_auc_no_meta": 0.9271335848977957,
    "delta_meta_auc": 0.0001310063404549311,
    "macro_f1_optimal": 0.745551186675006,
    "macro_f1_fixed_05": 0.7382559581047226,
    "w_fused": 1.0,
    "thresholds": [
      0.6650000214576721,
      0.6650000214576721,
      0.6800000071525574,
      0.6650000214576721,
      0.6050000190734863
    ]
  },
  "per_class": {
    "NORM": {
      "auc": 0.9481478678724129,
      "f1": 0.856019656019656,
      "threshold": 0.6650000214576721
    },
    "MI": {
      "auc": 0.9252824360105913,
      "f1": 0.7320954907161804,
      "threshold": 0.6650000214576721
    },
    "STTC": {
      "auc": 0.9352702305208666,
      "f1": 0.7699443413729128,
      "threshold": 0.6800000071525574
    },
    "CD": {
      "auc": 0.9154244532049582,
      "f1": 0.7497314715359829,
      "threshold": 0.6650000214576721
    },
    "HYP": {
      "auc": 0.9121979685824239,
      "f1": 0.6199649737302977,
      "threshold": 0.6050000190734863
    }
  },
  "subgroups": {
    "sex_male": {
      "n": 1066,
      "macro_auc": 0.9189709993493395,
      "per_class_auc": [
        0.9428102626376526,
        0.9179732508787539,
        0.918971894800184,
        0.906376118161015,
        0.9087234702690918
      ]
    },
    "sex_female": {
      "n": 1132,
      "macro_auc": 0.9350579474506435,
      "per_class_auc": [
        0.9536142152421221,
        0.9312445815439828,
        0.9489668112598953,
        0.9253676917466878,
        0.9160964374605297
      ]
    },
    "age_lt45": {
      "n": 345,
      "macro_auc": 0.9307235952560917,
      "per_class_auc": [
        0.8810609430604983,
        0.9888405008165487,
        0.9605739088497709,
        0.8622017517366355,
        0.9609408718170048
      ]
    },
    "age_45_65": {
      "n": 703,
      "macro_auc": 0.9253718809247131,
      "per_class_auc": [
        0.9277445794148382,
        0.9211389385807991,
        0.9519822639540949,
        0.9012475469582282,
        0.9247460757156049
      ]
    },
    "age_gt65": {
      "n": 1150,
      "macro_auc": 0.9143811767453057,
      "per_class_auc": [
        0.9496092888426758,
        0.8996898315030598,
        0.9101898734177215,
        0.9240787978186585,
        0.8883380921444131
      ]
    },
    "meta_complete": {
      "n": 660,
      "macro_auc": 0.9377893433519866,
      "per_class_auc": [
        0.9568277156314395,
        0.9381596811632287,
        0.933961708394698,
        0.9412050049221726,
        0.9187926066483941
      ]
    },
    "meta_incomplete": {
      "n": 1538,
      "macro_auc": 0.9236967031072488,
      "per_class_auc": [
        0.9466934500422394,
        0.9223786142471032,
        0.9357991135508399,
        0.9066502549674696,
        0.9069620827285921
      ]
    },
    "fairness_sex_gap": 0.016086948101304066
  },
  "training_history": [
    {
      "epoch": 1,
      "train_loss": 0.6506429464992033,
      "val_auc": 0.9005653855961786,
      "val_f1": 0.6992770333854736,
      "val_auc_ecg": 0.8966431747264376,
      "val_delta_meta": 0.0015098527718189203,
      "lr": 0.0009755527298894294,
      "epoch_time_s": 243.97137022018433
    },
    {
      "epoch": 2,
      "train_loss": 0.5636706199121038,
      "val_auc": 0.9064112233605728,
      "val_f1": 0.6853681894392735,
      "val_auc_ecg": 0.9067223296378302,
      "val_delta_meta": -0.00010561207731163424,
      "lr": 0.0009046039886902864,
      "epoch_time_s": 243.78817510604858
    },
    {
      "epoch": 3,
      "train_loss": 0.5314506271563538,
      "val_auc": 0.9204618760799548,
      "val_f1": 0.6999589895436386,
      "val_auc_ecg": 0.9192963972876644,
      "val_delta_meta": 0.0007490501059443933,
      "lr": 0.0007940987335200904,
      "epoch_time_s": 259.0047039985657
    },
    {
      "epoch": 4,
      "train_loss": 0.5064922275346353,
      "val_auc": 0.9222843002625579,
      "val_f1": 0.7288227534317236,
      "val_auc_ecg": 0.9211818901069886,
      "val_delta_meta": 0.0003186166283727365,
      "lr": 0.0006548539886902864,
      "epoch_time_s": 265.3730685710907
    },
    {
      "epoch": 5,
      "train_loss": 0.4794022402632127,
      "val_auc": 0.9200175209993395,
      "val_f1": 0.722288471712597,
      "val_auc_ecg": 0.9183199903790008,
      "val_delta_meta": -0.00010245889942883668,
      "lr": 0.0005005000000000001,
      "epoch_time_s": 266.383766412735
    },
    {
      "epoch": 6,
      "train_loss": 0.4596549216760408,
      "val_auc": 0.9255660308146976,
      "val_f1": 0.7292822419010655,
      "val_auc_ecg": 0.9248666953962928,
      "val_delta_meta": -6.0024015479887005e-05,
      "lr": 0.0003461460113097139,
      "epoch_time_s": 266.0964345932007
    },
    {
      "epoch": 7,
      "train_loss": 0.4376494754891877,
      "val_auc": 0.9310461448318753,
      "val_f1": 0.7271420931785781,
      "val_auc_ecg": 0.9303422961239576,
      "val_delta_meta": -0.00011656951336658228,
      "lr": 0.00020690126647990973,
      "epoch_time_s": 266.0202856063843
    },
    {
      "epoch": 8,
      "train_loss": 0.41614997370527423,
      "val_auc": 0.9302644414365708,
      "val_f1": 0.7415183740328865,
      "val_auc_ecg": 0.9295175221138827,
      "val_delta_meta": 0.0003848471820381283,
      "lr": 9.639601130971382e-05,
      "epoch_time_s": 269.95890045166016
    },
    {
      "epoch": 9,
      "train_loss": 0.39703228200247526,
      "val_auc": 0.9317998117066969,
      "val_f1": 0.7428731934706078,
      "val_auc_ecg": 0.9313919958115356,
      "val_delta_meta": 0.00010623979726764876,
      "lr": 2.5447270110570814e-05,
      "epoch_time_s": 268.4336531162262
    },
    {
      "epoch": 10,
      "train_loss": 0.3859043779996557,
      "val_auc": 0.9315020317529935,
      "val_f1": 0.7416195872532959,
      "val_auc_ecg": 0.9309134052469764,
      "val_delta_meta": 0.0001863360051524987,
      "lr": 0.001,
      "epoch_time_s": 266.55051493644714
    }
  ]
}