{
  "metadata": {
    "run_name": "ATLAS_A_v5_demo+anthro_seed2030",
    "variant": "demo+anthro",
    "seed": 2030,
    "meta_hid": 128,
    "lauc_weight": 0.08,
    "no_aug": false,
    "arch_mode": "standard",
    "meta_mask_mode": "real",
    "test_fold": 10,
    "val_fold": 9,
    "timestamp": "2026-05-05T07:13:07.818122",
    "git_sha": "b8fda1f7a68a5b217a3f76d88337426561bd26e4",
    "analysis_plan_sha256": "4ad22e907fbd431a0b443255a3449c0560371997d5ee36a61e164de7aea5c3dc",
    "wall_time_s": 2895.364815711975,
    "train_time_s": 2841.7738926410675,
    "gpu_peak_mem_mb": 0,
    "num_parameters": 3951951,
    "dataset_sizes": {
      "train": 17418,
      "val": 2183,
      "test": 2198
    },
    "train_fold_ids": [
      1,
      2,
      3,
      4,
      5,
      6,
      7,
      8
    ],
    "pos_weights": [
      1.2930489778518677,
      2.9776203632354736,
      3.161012887954712,
      3.4581520557403564,
      7.21991491317749
    ],
    "loss_weights": {
      "fused": 0.52,
      "ecg": 0.3,
      "meta": 0.1,
      "lauc": 0.08
    },
    "hardware": {
      "python_version": "3.11.7 | packaged by Anaconda, Inc. | (main, Dec 15 2023, 18:05:47) [MSC v.1916 64 bit (AMD64)]",
      "torch_version": "2.3.1+cpu",
      "cuda_available": false,
      "numpy_version": "1.26.4",
      "sklearn_version": "1.4.2"
    },
    "best_val_auc": 0.9340011818459782,
    "best_val_epoch": 9
  },
  "test": {
    "macro_auc": 0.9284302188647304,
    "macro_auc_ecg": 0.9259270035445409,
    "macro_auc_no_meta": 0.9261026972948972,
    "delta_meta_auc": 0.0023275215698331797,
    "macro_f1_optimal": 0.7417535184006647,
    "macro_f1_fixed_05": 0.7355781243503063,
    "w_fused": 1.0,
    "thresholds": [
      0.6050000190734863,
      0.5600000023841858,
      0.5450000166893005,
      0.6650000214576721,
      0.5
    ]
  },
  "per_class": {
    "NORM": {
      "auc": 0.949454513350234,
      "f1": 0.8602976476236198,
      "threshold": 0.6050000190734863
    },
    "MI": {
      "auc": 0.9278078111209179,
      "f1": 0.7381974248927039,
      "threshold": 0.5600000023841858
    },
    "STTC": {
      "auc": 0.9372668724541242,
      "f1": 0.770999115826702,
      "threshold": 0.5450000166893005
    },
    "CD": {
      "auc": 0.91979668132368,
      "f1": 0.7593360995850622,
      "threshold": 0.6650000214576721
    },
    "HYP": {
      "auc": 0.9078252160746956,
      "f1": 0.5799373040752351,
      "threshold": 0.5
    }
  },
  "subgroups": {
    "sex_male": {
      "n": 1066,
      "macro_auc": 0.9202639744031339,
      "per_class_auc": [
        0.9442920493109692,
        0.9151972152132589,
        0.921613394216134,
        0.9158206781776576,
        0.9043965350976495
      ]
    },
    "sex_female": {
      "n": 1132,
      "macro_auc": 0.9364556432682216,
      "per_class_auc": [
        0.9558825380046311,
        0.939285066231174,
        0.9510607533355578,
        0.9246861379777388,
        0.9113637207920057
      ]
    },
    "age_lt45": {
      "n": 345,
      "macro_auc": 0.9297698619299544,
      "per_class_auc": [
        0.8930716192170819,
        0.987751769188895,
        0.9685314685314685,
        0.8519329507701601,
        0.9475615019421666
      ]
    },
    "age_45_65": {
      "n": 703,
      "macro_auc": 0.9250559993201619,
      "per_class_auc": [
        0.9287405303030303,
        0.9224557741999603,
        0.952243088158581,
        0.9108634707036726,
        0.9109771332355656
      ]
    },
    "age_gt65": {
      "n": 1150,
      "macro_auc": 0.9171119480724341,
      "per_class_auc": [
        0.9509405425843651,
        0.9031804845334898,
        0.9123206751054853,
        0.9302503804019859,
        0.8888676577368441
      ]
    },
    "meta_complete": {
      "n": 660,
      "macro_auc": 0.9396058570768151,
      "per_class_auc": [
        0.9601670591698558,
        0.9415027956612506,
        0.9384388807069219,
        0.9440299039819663,
        0.9138906458640804
      ]
    },
    "meta_incomplete": {
      "n": 1538,
      "macro_auc": 0.9236555169525339,
      "per_class_auc": [
        0.9458729489641391,
        0.9221064226582486,
        0.9363725414128874,
        0.9103335091729674,
        0.9035921625544266
      ]
    },
    "fairness_sex_gap": 0.016191668865087716
  },
  "training_history": [
    {
      "epoch": 1,
      "train_loss": 0.6404357072957065,
      "val_auc": 0.9072187374275187,
      "val_f1": 0.665153487143764,
      "val_auc_ecg": 0.9045824182291208,
      "val_delta_meta": 0.0014823901010889706,
      "lr": 0.0009755527298894294,
      "epoch_time_s": 242.6888988018036
    },
    {
      "epoch": 2,
      "train_loss": 0.5564455057502886,
      "val_auc": 0.9133787414463127,
      "val_f1": 0.6907015728199044,
      "val_auc_ecg": 0.9122843279557376,
      "val_delta_meta": 0.0006694091831228599,
      "lr": 0.0009046039886902864,
      "epoch_time_s": 248.14443826675415
    },
    {
      "epoch": 3,
      "train_loss": 0.5228656469135109,
      "val_auc": 0.9184885611545237,
      "val_f1": 0.7041413584371362,
      "val_auc_ecg": 0.9168529133031379,
      "val_delta_meta": 0.00021821489760776025,
      "lr": 0.0007940987335200904,
      "epoch_time_s": 258.57447266578674
    },
    {
      "epoch": 4,
      "train_loss": 0.5011288262288505,
      "val_auc": 0.9254243309711567,
      "val_f1": 0.7351408284070196,
      "val_auc_ecg": 0.9249681968812498,
      "val_delta_meta": 0.0001647812476598398,
      "lr": 0.0006548539886902864,
      "epoch_time_s": 264.12335729599
    },
    {
      "epoch": 5,
      "train_loss": 0.47388183428060027,
      "val_auc": 0.9277762036363125,
      "val_f1": 0.7318618910238339,
      "val_auc_ecg": 0.9267666907379288,
      "val_delta_meta": -0.00011788281044289306,
      "lr": 0.0005005000000000001,
      "epoch_time_s": 264.4260342121124
    },
    {
      "epoch": 6,
      "train_loss": 0.45456503339863696,
      "val_auc": 0.9302344141858196,
      "val_f1": 0.7310390484916628,
      "val_auc_ecg": 0.9297766542276283,
      "val_delta_meta": -0.00016947472194628332,
      "lr": 0.0003461460113097139,
      "epoch_time_s": 264.2616810798645
    },
    {
      "epoch": 7,
      "train_loss": 0.4314853574704686,
      "val_auc": 0.9339057466647704,
      "val_f1": 0.7345356549308762,
      "val_auc_ecg": 0.9325617690207182,
      "val_delta_meta": 0.001063816370133197,
      "lr": 0.00020690126647990973,
      "epoch_time_s": 268.1139008998871
    },
    {
      "epoch": 8,
      "train_loss": 0.4105677386762899,
      "val_auc": 0.9314701035618143,
      "val_f1": 0.7408327142444,
      "val_auc_ecg": 0.9303229328549998,
      "val_delta_meta": 0.0007532058170889311,
      "lr": 9.639601130971382e-05,
      "epoch_time_s": 465.0239884853363
    },
    {
      "epoch": 9,
      "train_loss": 0.3912714207664542,
      "val_auc": 0.9340011818459782,
      "val_f1": 0.746927028549561,
      "val_auc_ecg": 0.9324872946642166,
      "val_delta_meta": 0.0011347362031296493,
      "lr": 2.5447270110570814e-05,
      "epoch_time_s": 291.30567932128906
    },
    {
      "epoch": 10,
      "train_loss": 0.380436613526913,
      "val_auc": 0.9330066230401869,
      "val_f1": 0.7463489581194815,
      "val_auc_ecg": 0.931849625423417,
      "val_delta_meta": 0.0007269171810019293,
      "lr": 0.001,
      "epoch_time_s": 265.4106185436249
    }
  ]
}