{
  "metadata": {
    "run_name": "ATLAS_A_v5_demo_seed2032",
    "variant": "demo",
    "seed": 2032,
    "meta_hid": 128,
    "lauc_weight": 0.08,
    "no_aug": false,
    "arch_mode": "standard",
    "meta_mask_mode": "real",
    "test_fold": 10,
    "val_fold": 9,
    "timestamp": "2026-05-04T17:56:32.497618",
    "git_sha": "b8fda1f7a68a5b217a3f76d88337426561bd26e4",
    "analysis_plan_sha256": "4ad22e907fbd431a0b443255a3449c0560371997d5ee36a61e164de7aea5c3dc",
    "wall_time_s": 2635.3119778633118,
    "train_time_s": 2605.760724544525,
    "gpu_peak_mem_mb": 0,
    "num_parameters": 3951951,
    "dataset_sizes": {
      "train": 17418,
      "val": 2183,
      "test": 2198
    },
    "train_fold_ids": [
      1,
      2,
      3,
      4,
      5,
      6,
      7,
      8
    ],
    "pos_weights": [
      1.2930489778518677,
      2.9776203632354736,
      3.161012887954712,
      3.4581520557403564,
      7.21991491317749
    ],
    "loss_weights": {
      "fused": 0.52,
      "ecg": 0.3,
      "meta": 0.1,
      "lauc": 0.08
    },
    "hardware": {
      "python_version": "3.11.7 | packaged by Anaconda, Inc. | (main, Dec 15 2023, 18:05:47) [MSC v.1916 64 bit (AMD64)]",
      "torch_version": "2.3.1+cpu",
      "cuda_available": false,
      "numpy_version": "1.26.4",
      "sklearn_version": "1.4.2"
    },
    "best_val_auc": 0.9328191308524095,
    "best_val_epoch": 10
  },
  "test": {
    "macro_auc": 0.9278980097357881,
    "macro_auc_ecg": 0.9274417282327704,
    "macro_auc_no_meta": 0.9277719472782124,
    "delta_meta_auc": 0.0001260624575756264,
    "macro_f1_optimal": 0.7490289727669978,
    "macro_f1_fixed_05": 0.7422394786063358,
    "w_fused": 1.0,
    "thresholds": [
      0.48500001430511475,
      0.5899999737739563,
      0.6200000047683716,
      0.6949999928474426,
      0.6200000047683716
    ]
  },
  "per_class": {
    "NORM": {
      "auc": 0.9502944997288331,
      "f1": 0.8625413320736892,
      "threshold": 0.48500001430511475
    },
    "MI": {
      "auc": 0.9294704324801413,
      "f1": 0.7464285714285714,
      "threshold": 0.5899999737739563
    },
    "STTC": {
      "auc": 0.9347425997205043,
      "f1": 0.7651245551601423,
      "threshold": 0.6200000047683716
    },
    "CD": {
      "auc": 0.913409508737349,
      "f1": 0.7426841574167508,
      "threshold": 0.6949999928474426
    },
    "HYP": {
      "auc": 0.9115730080121129,
      "f1": 0.6283662477558348,
      "threshold": 0.6200000047683716
    }
  },
  "subgroups": {
    "sex_male": {
      "n": 1066,
      "macro_auc": 0.9205109232959042,
      "per_class_auc": [
        0.9447149006299401,
        0.9185177622527214,
        0.9194497539910091,
        0.9040461826503017,
        0.9158260169555482
      ]
    },
    "sex_female": {
      "n": 1132,
      "macro_auc": 0.9346047378283402,
      "per_class_auc": [
        0.956068156649552,
        0.9386963446843687,
        0.9473371150023938,
        0.9235183802462276,
        0.9074036925591589
      ]
    },
    "age_lt45": {
      "n": 345,
      "macro_auc": 0.9154276164776587,
      "per_class_auc": [
        0.8868438612099645,
        0.977408818726184,
        0.9658789486375694,
        0.8372093023255813,
        0.9097971514889944
      ]
    },
    "age_45_65": {
      "n": 703,
      "macro_auc": 0.9213132593469865,
      "per_class_auc": [
        0.9293936128526645,
        0.920604750546611,
        0.9469744392279603,
        0.8904962153069806,
        0.9190972788007169
      ]
    },
    "age_gt65": {
      "n": 1150,
      "macro_auc": 0.9185438115853195,
      "per_class_auc": [
        0.9519291363392886,
        0.9086059183502389,
        0.9101230661040789,
        0.9286510260672542,
        0.8934099110657372
      ]
    },
    "meta_complete": {
      "n": 660,
      "macro_auc": 0.9455715406972537,
      "per_class_auc": [
        0.9633776125993524,
        0.9498678812829384,
        0.9390279823269514,
        0.9487095347476852,
        0.9268746925293415
      ]
    },
    "meta_incomplete": {
      "n": 1538,
      "macro_auc": 0.9212313946358069,
      "per_class_auc": [
        0.9469068150160371,
        0.9240564202127772,
        0.9328010435659696,
        0.9004560107848311,
        0.9019366835994195
      ]
    },
    "fairness_sex_gap": 0.014093814532435966
  },
  "training_history": [
    {
      "epoch": 1,
      "train_loss": 0.6419461621057003,
      "val_auc": 0.9067752279755619,
      "val_f1": 0.6945843557336792,
      "val_auc_ecg": 0.905711705402811,
      "val_delta_meta": 0.0003813351471700921,
      "lr": 0.0009755527298894294,
      "epoch_time_s": 241.45767951011658
    },
    {
      "epoch": 2,
      "train_loss": 0.5542698459887724,
      "val_auc": 0.9084297347800255,
      "val_f1": 0.6945296086448592,
      "val_auc_ecg": 0.9058270665958199,
      "val_delta_meta": 0.0021958356402013157,
      "lr": 0.0009046039886902864,
      "epoch_time_s": 240.8987159729004
    },
    {
      "epoch": 3,
      "train_loss": 0.5255878031800646,
      "val_auc": 0.9165502897605871,
      "val_f1": 0.7001483786543361,
      "val_auc_ecg": 0.914987352556766,
      "val_delta_meta": -8.75123957702062e-05,
      "lr": 0.0007940987335200904,
      "epoch_time_s": 257.1939027309418
    },
    {
      "epoch": 4,
      "train_loss": 0.5003932684933373,
      "val_auc": 0.9225268179835678,
      "val_f1": 0.7153535089876573,
      "val_auc_ecg": 0.9205532271416521,
      "val_delta_meta": -0.0001116787269692665,
      "lr": 0.0006548539886902864,
      "epoch_time_s": 268.2943642139435
    },
    {
      "epoch": 5,
      "train_loss": 0.47800196493984365,
      "val_auc": 0.927787142530897,
      "val_f1": 0.7174122376221226,
      "val_auc_ecg": 0.9264212016674517,
      "val_delta_meta": 0.0005589234354383965,
      "lr": 0.0005005000000000001,
      "epoch_time_s": 263.64382147789
    },
    {
      "epoch": 6,
      "train_loss": 0.4566439688205719,
      "val_auc": 0.9259401208299243,
      "val_f1": 0.7232345765714631,
      "val_auc_ecg": 0.9267890122537299,
      "val_delta_meta": -0.0007919216862748435,
      "lr": 0.0003461460113097139,
      "epoch_time_s": 263.99619698524475
    },
    {
      "epoch": 7,
      "train_loss": 0.43674487539934453,
      "val_auc": 0.928748189261292,
      "val_f1": 0.736533428843104,
      "val_auc_ecg": 0.9285006373837348,
      "val_delta_meta": -0.0010209786440820157,
      "lr": 0.00020690126647990973,
      "epoch_time_s": 264.8183877468109
    },
    {
      "epoch": 8,
      "train_loss": 0.41196209104782944,
      "val_auc": 0.9304438568551658,
      "val_f1": 0.7443254779468342,
      "val_auc_ecg": 0.9297547358943496,
      "val_delta_meta": -0.0002704064706042786,
      "lr": 9.639601130971382e-05,
      "epoch_time_s": 264.6582534313202
    },
    {
      "epoch": 9,
      "train_loss": 0.3954420313649221,
      "val_auc": 0.930208662987049,
      "val_f1": 0.7431987780730926,
      "val_auc_ecg": 0.9295647327274317,
      "val_delta_meta": -0.0002882938352848363,
      "lr": 2.5447270110570814e-05,
      "epoch_time_s": 265.49302434921265
    },
    {
      "epoch": 10,
      "train_loss": 0.38093855804806454,
      "val_auc": 0.9328191308524095,
      "val_f1": 0.7502351519680367,
      "val_auc_ecg": 0.9323145078614619,
      "val_delta_meta": -0.0005207339466862804,
      "lr": 0.001,
      "epoch_time_s": 265.96303963661194
    }
  ]
}