{
  "metadata": {
    "run_name": "ATLAS_A_v5_none_seed2035",
    "variant": "none",
    "seed": 2035,
    "meta_hid": 128,
    "lauc_weight": 0.08,
    "no_aug": false,
    "arch_mode": "standard",
    "meta_mask_mode": "real",
    "test_fold": 10,
    "val_fold": 9,
    "timestamp": "2026-05-04T05:35:11.849888",
    "git_sha": "b8fda1f7a68a5b217a3f76d88337426561bd26e4",
    "analysis_plan_sha256": "4ad22e907fbd431a0b443255a3449c0560371997d5ee36a61e164de7aea5c3dc",
    "wall_time_s": 2849.5857317447662,
    "train_time_s": 2796.252362012863,
    "gpu_peak_mem_mb": 0,
    "num_parameters": 3951951,
    "dataset_sizes": {
      "train": 17418,
      "val": 2183,
      "test": 2198
    },
    "train_fold_ids": [
      1,
      2,
      3,
      4,
      5,
      6,
      7,
      8
    ],
    "pos_weights": [
      1.2930489778518677,
      2.9776203632354736,
      3.161012887954712,
      3.4581520557403564,
      7.21991491317749
    ],
    "loss_weights": {
      "fused": 0.52,
      "ecg": 0.3,
      "meta": 0.1,
      "lauc": 0.08
    },
    "hardware": {
      "python_version": "3.11.7 | packaged by Anaconda, Inc. | (main, Dec 15 2023, 18:05:47) [MSC v.1916 64 bit (AMD64)]",
      "torch_version": "2.3.1+cpu",
      "cuda_available": false,
      "numpy_version": "1.26.4",
      "sklearn_version": "1.4.2"
    },
    "best_val_auc": 0.9333005201288138,
    "best_val_epoch": 10
  },
  "test": {
    "macro_auc": 0.9285735048555803,
    "macro_auc_ecg": 0.9287107009375948,
    "macro_auc_no_meta": 0.9285735048555803,
    "delta_meta_auc": 0.0,
    "macro_f1_optimal": 0.7445048174559189,
    "macro_f1_fixed_05": 0.7395646115948413,
    "w_fused": 1.0,
    "thresholds": [
      0.4399999976158142,
      0.6800000071525574,
      0.5450000166893005,
      0.6050000190734863,
      0.5149999856948853
    ]
  },
  "per_class": {
    "NORM": {
      "auc": 0.9481529128356478,
      "f1": 0.8553816974869607,
      "threshold": 0.4399999976158142
    },
    "MI": {
      "auc": 0.9269560900264784,
      "f1": 0.738073807380738,
      "threshold": 0.6800000071525574
    },
    "STTC": {
      "auc": 0.9357434958916904,
      "f1": 0.7681779298545766,
      "threshold": 0.5450000166893005
    },
    "CD": {
      "auc": 0.9219383742087108,
      "f1": 0.7559523809523809,
      "threshold": 0.6050000190734863
    },
    "HYP": {
      "auc": 0.9100766513153745,
      "f1": 0.6049382716049383,
      "threshold": 0.5149999856948853
    }
  },
  "subgroups": {
    "sex_male": {
      "n": 1066,
      "macro_auc": 0.9203707352686503,
      "per_class_auc": [
        0.9421416515777415,
        0.9199568280267784,
        0.9218478991894091,
        0.9126638235905971,
        0.9052434739587264
      ]
    },
    "sex_female": {
      "n": 1132,
      "macro_auc": 0.9362883386800742,
      "per_class_auc": [
        0.9544793868921777,
        0.9329099377003568,
        0.9474483405629948,
        0.93128027921999,
        0.9153237490248525
      ]
    },
    "age_lt45": {
      "n": 345,
      "macro_auc": 0.9315744345228089,
      "per_class_auc": [
        0.8959074733096086,
        0.9755035383777899,
        0.9587653725584759,
        0.8626547870733917,
        0.9650410012947777
      ]
    },
    "age_45_65": {
      "n": 703,
      "macro_auc": 0.926713000861127,
      "per_class_auc": [
        0.9305854885057472,
        0.9225178890876564,
        0.9460354720918102,
        0.9151387720773758,
        0.919287382543045
      ]
    },
    "age_gt65": {
      "n": 1150,
      "macro_auc": 0.9162953807939249,
      "per_class_auc": [
        0.9479668840785203,
        0.9036834604744739,
        0.9147433192686356,
        0.9279735218004583,
        0.8871097183475369
      ]
    },
    "meta_complete": {
      "n": 660,
      "macro_auc": 0.9385098624536274,
      "per_class_auc": [
        0.9551810420959671,
        0.9370355771617105,
        0.9346097201767305,
        0.9453139490091452,
        0.9204090238245837
      ]
    },
    "meta_incomplete": {
      "n": 1538,
      "macro_auc": 0.9251283843791208,
      "per_class_auc": [
        0.9475521139611816,
        0.9257937680885133,
        0.9364016371183613,
        0.9133907742805228,
        0.9025036284470247
      ]
    },
    "fairness_sex_gap": 0.015917603411423897
  },
  "training_history": [
    {
      "epoch": 1,
      "train_loss": 0.5967629719764814,
      "val_auc": 0.8934211520267089,
      "val_f1": 0.6864956372747252,
      "val_auc_ecg": 0.8893335361524184,
      "val_delta_meta": 0.0,
      "lr": 0.0009755527298894294,
      "epoch_time_s": 267.2736234664917
    },
    {
      "epoch": 2,
      "train_loss": 0.5121550742639314,
      "val_auc": 0.9073297378673629,
      "val_f1": 0.694146005872874,
      "val_auc_ecg": 0.9065773627919123,
      "val_delta_meta": 0.0,
      "lr": 0.0009046039886902864,
      "epoch_time_s": 439.7610263824463
    },
    {
      "epoch": 3,
      "train_loss": 0.4782773182753029,
      "val_auc": 0.9191692943298282,
      "val_f1": 0.7179119940164759,
      "val_auc_ecg": 0.9190914419159302,
      "val_delta_meta": 0.0,
      "lr": 0.0007940987335200904,
      "epoch_time_s": 252.95910263061523
    },
    {
      "epoch": 4,
      "train_loss": 0.45314204249906975,
      "val_auc": 0.9267509384790967,
      "val_f1": 0.7097390897312239,
      "val_auc_ecg": 0.9266015687036081,
      "val_delta_meta": 0.0,
      "lr": 0.0006548539886902864,
      "epoch_time_s": 261.07273268699646
    },
    {
      "epoch": 5,
      "train_loss": 0.4289713046692927,
      "val_auc": 0.9259176586111956,
      "val_f1": 0.7131177541890164,
      "val_auc_ecg": 0.9258340618409993,
      "val_delta_meta": 0.0,
      "lr": 0.0005005000000000001,
      "epoch_time_s": 260.70182728767395
    },
    {
      "epoch": 6,
      "train_loss": 0.41154818994189624,
      "val_auc": 0.9282518181941762,
      "val_f1": 0.7337883557490078,
      "val_auc_ecg": 0.9282199499964598,
      "val_delta_meta": 0.0,
      "lr": 0.0003461460113097139,
      "epoch_time_s": 260.9926931858063
    },
    {
      "epoch": 7,
      "train_loss": 0.38907667305491384,
      "val_auc": 0.9312159374737332,
      "val_f1": 0.7361548838736356,
      "val_auc_ecg": 0.9309724580504714,
      "val_delta_meta": 0.0,
      "lr": 0.00020690126647990973,
      "epoch_time_s": 261.3562808036804
    },
    {
      "epoch": 8,
      "train_loss": 0.3685514062643051,
      "val_auc": 0.9318135321306918,
      "val_f1": 0.7371739397584212,
      "val_auc_ecg": 0.9318397790112691,
      "val_delta_meta": 0.0,
      "lr": 9.639601130971382e-05,
      "epoch_time_s": 260.72692346572876
    },
    {
      "epoch": 9,
      "train_loss": 0.35056195636408044,
      "val_auc": 0.9332262846052408,
      "val_f1": 0.7470085766909945,
      "val_auc_ecg": 0.933258327783609,
      "val_delta_meta": 0.0,
      "lr": 2.5447270110570814e-05,
      "epoch_time_s": 261.0035283565521
    },
    {
      "epoch": 10,
      "train_loss": 0.3395372912971252,
      "val_auc": 0.9333005201288138,
      "val_f1": 0.7489470284134994,
      "val_auc_ecg": 0.9332767752748456,
      "val_delta_meta": 0.0,
      "lr": 0.001,
      "epoch_time_s": 260.0605399608612
    }
  ]
}