{
  "metadata": {
    "run_name": "ATLAS_A_v5_none_seed2032",
    "variant": "none",
    "seed": 2032,
    "meta_hid": 128,
    "lauc_weight": 0.08,
    "no_aug": false,
    "arch_mode": "standard",
    "meta_mask_mode": "real",
    "test_fold": 10,
    "val_fold": 9,
    "timestamp": "2026-05-04T03:20:47.983991",
    "git_sha": "b8fda1f7a68a5b217a3f76d88337426561bd26e4",
    "analysis_plan_sha256": "4ad22e907fbd431a0b443255a3449c0560371997d5ee36a61e164de7aea5c3dc",
    "wall_time_s": 2611.0754504203796,
    "train_time_s": 2581.810697555542,
    "gpu_peak_mem_mb": 0,
    "num_parameters": 3951951,
    "dataset_sizes": {
      "train": 17418,
      "val": 2183,
      "test": 2198
    },
    "train_fold_ids": [
      1,
      2,
      3,
      4,
      5,
      6,
      7,
      8
    ],
    "pos_weights": [
      1.2930489778518677,
      2.9776203632354736,
      3.161012887954712,
      3.4581520557403564,
      7.21991491317749
    ],
    "loss_weights": {
      "fused": 0.52,
      "ecg": 0.3,
      "meta": 0.1,
      "lauc": 0.08
    },
    "hardware": {
      "python_version": "3.11.7 | packaged by Anaconda, Inc. | (main, Dec 15 2023, 18:05:47) [MSC v.1916 64 bit (AMD64)]",
      "torch_version": "2.3.1+cpu",
      "cuda_available": false,
      "numpy_version": "1.26.4",
      "sklearn_version": "1.4.2"
    },
    "best_val_auc": 0.9311791164040857,
    "best_val_epoch": 10
  },
  "test": {
    "macro_auc": 0.9255902065361334,
    "macro_auc_ecg": 0.9257747939280166,
    "macro_auc_no_meta": 0.9255902065361334,
    "delta_meta_auc": 0.0,
    "macro_f1_optimal": 0.7443765325495681,
    "macro_f1_fixed_05": 0.7343793617576797,
    "w_fused": 1.0,
    "thresholds": [
      0.6050000190734863,
      0.6200000047683716,
      0.6800000071525574,
      0.6949999928474426,
      0.5450000166893005
    ]
  },
  "per_class": {
    "NORM": {
      "auc": 0.9482655836812256,
      "f1": 0.8622871046228711,
      "threshold": 0.6050000190734863
    },
    "MI": {
      "auc": 0.9250353045013238,
      "f1": 0.7361853832442068,
      "threshold": 0.6200000047683716
    },
    "STTC": {
      "auc": 0.9358693947811476,
      "f1": 0.7720588235294118,
      "threshold": 0.6800000071525574
    },
    "CD": {
      "auc": 0.9140586501648914,
      "f1": 0.75,
      "threshold": 0.6949999928474426
    },
    "HYP": {
      "auc": 0.9047220995520787,
      "f1": 0.6013513513513513,
      "threshold": 0.5450000166893005
    }
  },
  "subgroups": {
    "sex_male": {
      "n": 1066,
      "macro_auc": 0.9158448435881066,
      "per_class_auc": [
        0.9421994773991391,
        0.9132622551521957,
        0.9186931436055361,
        0.9034064905346371,
        0.9016628512490252
      ]
    },
    "sex_female": {
      "n": 1132,
      "macro_auc": 0.9339778474173898,
      "per_class_auc": [
        0.9537494966274037,
        0.9344301296397104,
        0.9502386513658982,
        0.9237180711594227,
        0.9077528882945132
      ]
    },
    "age_lt45": {
      "n": 345,
      "macro_auc": 0.9276028158789174,
      "per_class_auc": [
        0.9000222419928825,
        0.9771366358192706,
        0.9666023631540873,
        0.8445333736031411,
        0.949719464825205
      ]
    },
    "age_45_65": {
      "n": 703,
      "macro_auc": 0.9217212532970291,
      "per_class_auc": [
        0.9306589602925809,
        0.9177598886901214,
        0.948435054773083,
        0.8978693580039249,
        0.9138830047254358
      ]
    },
    "age_gt65": {
      "n": 1150,
      "macro_auc": 0.9143672686187487,
      "per_class_auc": [
        0.9486994674985033,
        0.902449492832593,
        0.9119479606188468,
        0.9255004461161976,
        0.8832389760276029
      ]
    },
    "meta_complete": {
      "n": 660,
      "macro_auc": 0.9381736612765487,
      "per_class_auc": [
        0.9556134088901972,
        0.9426706959225682,
        0.9378851251840942,
        0.9433736143014081,
        0.9113254620844754
      ]
    },
    "meta_incomplete": {
      "n": 1538,
      "macro_auc": 0.9210299842914906,
      "per_class_auc": [
        0.947087221172744,
        0.9205753449709415,
        0.9349565504131591,
        0.9032202098352969,
        0.899310595065312
      ]
    },
    "fairness_sex_gap": 0.01813300382928318
  },
  "training_history": [
    {
      "epoch": 1,
      "train_loss": 0.5910850280468617,
      "val_auc": 0.9079175489213565,
      "val_f1": 0.6952530217610505,
      "val_auc_ecg": 0.9073586530447528,
      "val_delta_meta": 0.0,
      "lr": 0.0009755527298894294,
      "epoch_time_s": 242.34098839759827
    },
    {
      "epoch": 2,
      "train_loss": 0.5067980567249684,
      "val_auc": 0.9054986154376682,
      "val_f1": 0.6760779515364572,
      "val_auc_ecg": 0.9066231036408698,
      "val_delta_meta": 0.0,
      "lr": 0.0009046039886902864,
      "epoch_time_s": 241.39179491996765
    },
    {
      "epoch": 3,
      "train_loss": 0.47724577281453195,
      "val_auc": 0.9129136567495852,
      "val_f1": 0.6960489007363383,
      "val_auc_ecg": 0.9117395275453288,
      "val_delta_meta": 0.0,
      "lr": 0.0007940987335200904,
      "epoch_time_s": 252.57104420661926
    },
    {
      "epoch": 4,
      "train_loss": 0.4514324583591671,
      "val_auc": 0.9205946936054822,
      "val_f1": 0.7231341224957362,
      "val_auc_ecg": 0.919876814050042,
      "val_delta_meta": 0.0,
      "lr": 0.0006548539886902864,
      "epoch_time_s": 260.42354345321655
    },
    {
      "epoch": 5,
      "train_loss": 0.4288135974505626,
      "val_auc": 0.9253384354077905,
      "val_f1": 0.7095947727881663,
      "val_auc_ecg": 0.9247347386261552,
      "val_delta_meta": 0.0,
      "lr": 0.0005005000000000001,
      "epoch_time_s": 260.3977429866791
    },
    {
      "epoch": 6,
      "train_loss": 0.40604444597292383,
      "val_auc": 0.9262980034427594,
      "val_f1": 0.72640420245302,
      "val_auc_ecg": 0.9268846212473509,
      "val_delta_meta": 0.0,
      "lr": 0.0003461460113097139,
      "epoch_time_s": 261.3022241592407
    },
    {
      "epoch": 7,
      "train_loss": 0.38324589291843797,
      "val_auc": 0.9272968724809024,
      "val_f1": 0.7337661220865844,
      "val_auc_ecg": 0.9273301180392446,
      "val_delta_meta": 0.0,
      "lr": 0.00020690126647990973,
      "epoch_time_s": 262.2253918647766
    },
    {
      "epoch": 8,
      "train_loss": 0.3582496863986374,
      "val_auc": 0.9287904212643425,
      "val_f1": 0.7383996222060929,
      "val_auc_ecg": 0.9287876674867247,
      "val_delta_meta": 0.0,
      "lr": 9.639601130971382e-05,
      "epoch_time_s": 262.2152740955353
    },
    {
      "epoch": 9,
      "train_loss": 0.3410119551857677,
      "val_auc": 0.9287946750463014,
      "val_f1": 0.74308195858661,
      "val_auc_ecg": 0.9289943303901576,
      "val_delta_meta": 0.0,
      "lr": 2.5447270110570814e-05,
      "epoch_time_s": 267.7323434352875
    },
    {
      "epoch": 10,
      "train_loss": 0.3273209992625298,
      "val_auc": 0.9311791164040857,
      "val_f1": 0.7454690195906492,
      "val_auc_ecg": 0.9314822442212138,
      "val_delta_meta": 0.0,
      "lr": 0.001,
      "epoch_time_s": 261.0181739330292
    }
  ]
}