{
  "metadata": {
    "run_name": "ATLAS_A_v5_demo+anthro_seed2042",
    "variant": "demo+anthro",
    "seed": 2042,
    "meta_hid": 128,
    "lauc_weight": 0.08,
    "no_aug": false,
    "arch_mode": "standard",
    "meta_mask_mode": "real",
    "test_fold": 10,
    "val_fold": 9,
    "timestamp": "2026-05-05T16:00:54.733430",
    "git_sha": "b8fda1f7a68a5b217a3f76d88337426561bd26e4",
    "analysis_plan_sha256": "4ad22e907fbd431a0b443255a3449c0560371997d5ee36a61e164de7aea5c3dc",
    "wall_time_s": 2652.150935649872,
    "train_time_s": 2622.424419403076,
    "gpu_peak_mem_mb": 0,
    "num_parameters": 3951951,
    "dataset_sizes": {
      "train": 17418,
      "val": 2183,
      "test": 2198
    },
    "train_fold_ids": [
      1,
      2,
      3,
      4,
      5,
      6,
      7,
      8
    ],
    "pos_weights": [
      1.2930489778518677,
      2.9776203632354736,
      3.161012887954712,
      3.4581520557403564,
      7.21991491317749
    ],
    "loss_weights": {
      "fused": 0.52,
      "ecg": 0.3,
      "meta": 0.1,
      "lauc": 0.08
    },
    "hardware": {
      "python_version": "3.11.7 | packaged by Anaconda, Inc. | (main, Dec 15 2023, 18:05:47) [MSC v.1916 64 bit (AMD64)]",
      "torch_version": "2.3.1+cpu",
      "cuda_available": false,
      "numpy_version": "1.26.4",
      "sklearn_version": "1.4.2"
    },
    "best_val_auc": 0.9314918613891369,
    "best_val_epoch": 8
  },
  "test": {
    "macro_auc": 0.927948537183131,
    "macro_auc_ecg": 0.9257085754273178,
    "macro_auc_no_meta": 0.9256108332098408,
    "delta_meta_auc": 0.0023377039732901395,
    "macro_f1_optimal": 0.7476206141781596,
    "macro_f1_fixed_05": 0.7323018788251991,
    "w_fused": 1.0,
    "thresholds": [
      0.6650000214576721,
      0.6200000047683716,
      0.6050000190734863,
      0.6949999928474426,
      0.6200000047683716
    ]
  },
  "per_class": {
    "NORM": {
      "auc": 0.9486498417142785,
      "f1": 0.8638638638638638,
      "threshold": 0.6650000214576721
    },
    "MI": {
      "auc": 0.9231807149161517,
      "f1": 0.7357512953367875,
      "threshold": 0.6200000047683716
    },
    "STTC": {
      "auc": 0.9372073566154716,
      "f1": 0.7678571428571429,
      "threshold": 0.6050000190734863
    },
    "CD": {
      "auc": 0.9160759637617981,
      "f1": 0.749238578680203,
      "threshold": 0.6949999928474426
    },
    "HYP": {
      "auc": 0.9146288089079552,
      "f1": 0.6213921901528013,
      "threshold": 0.6200000047683716
    }
  },
  "subgroups": {
    "sex_male": {
      "n": 1066,
      "macro_auc": 0.9197318731880983,
      "per_class_auc": [
        0.9439523226102575,
        0.9133449042000302,
        0.9212505752008778,
        0.906708966091117,
        0.9134025978382094
      ]
    },
    "sex_female": {
      "n": 1132,
      "macro_auc": 0.9358065279699757,
      "per_class_auc": [
        0.954315790798349,
        0.9315671686929172,
        0.9503788922901343,
        0.9262880063901092,
        0.9164827816783684
      ]
    },
    "age_lt45": {
      "n": 345,
      "macro_auc": 0.9273750560464966,
      "per_class_auc": [
        0.8866214412811388,
        0.9801306477953184,
        0.9605739088497709,
        0.8561612805798853,
        0.9533880017263703
      ]
    },
    "age_45_65": {
      "n": 703,
      "macro_auc": 0.9247709745971526,
      "per_class_auc": [
        0.929058908045977,
        0.9176108129596501,
        0.9503521126760562,
        0.9055088309503785,
        0.9213242083537015
      ]
    },
    "age_gt65": {
      "n": 1150,
      "macro_auc": 0.9165972892831279,
      "per_class_auc": [
        0.9502394681286827,
        0.89777852292732,
        0.9149929676511954,
        0.9246711512759664,
        0.8953043364324748
      ]
    },
    "meta_complete": {
      "n": 660,
      "macro_auc": 0.939287452137324,
      "per_class_auc": [
        0.9593759199293493,
        0.9361742507189885,
        0.9362827687776142,
        0.9409624630837055,
        0.9236418581769625
      ]
    },
    "meta_incomplete": {
      "n": 1538,
      "macro_auc": 0.9232768151212343,
      "per_class_auc": [
        0.9449466327364318,
        0.9184254567183475,
        0.9373302750514024,
        0.9065470957153743,
        0.9091346153846154
      ]
    },
    "fairness_sex_gap": 0.016074654781877307
  },
  "training_history": [
    {
      "epoch": 1,
      "train_loss": 0.648271843982399,
      "val_auc": 0.9011028531572121,
      "val_f1": 0.6771262050935105,
      "val_auc_ecg": 0.9003490152205421,
      "val_delta_meta": 0.0016881164773104862,
      "lr": 0.0009755527298894294,
      "epoch_time_s": 243.1724181175232
    },
    {
      "epoch": 2,
      "train_loss": 0.5590883045021547,
      "val_auc": 0.9049006300592014,
      "val_f1": 0.6882356798884117,
      "val_auc_ecg": 0.9023169389862904,
      "val_delta_meta": 0.0024200101908995464,
      "lr": 0.0009046039886902864,
      "epoch_time_s": 243.56345224380493
    },
    {
      "epoch": 3,
      "train_loss": 0.5223877566123227,
      "val_auc": 0.9199669987536343,
      "val_f1": 0.7131744038355612,
      "val_auc_ecg": 0.9188827898020836,
      "val_delta_meta": 0.00028091695406873285,
      "lr": 0.0007940987335200904,
      "epoch_time_s": 260.2863767147064
    },
    {
      "epoch": 4,
      "train_loss": 0.4997372152608469,
      "val_auc": 0.92187966838086,
      "val_f1": 0.7229679291901745,
      "val_auc_ecg": 0.9218564852342148,
      "val_delta_meta": -0.00048422331521380535,
      "lr": 0.0006548539886902864,
      "epoch_time_s": 266.57446217536926
    },
    {
      "epoch": 5,
      "train_loss": 0.4795416871888922,
      "val_auc": 0.926551511098636,
      "val_f1": 0.715615013163921,
      "val_auc_ecg": 0.9256430437822546,
      "val_delta_meta": 0.0010329244487126132,
      "lr": 0.0005005000000000001,
      "epoch_time_s": 266.2582824230194
    },
    {
      "epoch": 6,
      "train_loss": 0.4596812956103491,
      "val_auc": 0.9135100024187743,
      "val_f1": 0.6955228778046839,
      "val_auc_ecg": 0.9115808770948524,
      "val_delta_meta": 0.0016200177141645344,
      "lr": 0.0003461460113097139,
      "epoch_time_s": 267.7902820110321
    },
    {
      "epoch": 7,
      "train_loss": 0.4342255394939983,
      "val_auc": 0.9256957197069318,
      "val_f1": 0.7303629160114741,
      "val_auc_ecg": 0.9253019664911539,
      "val_delta_meta": 0.0003287498175771342,
      "lr": 0.00020690126647990973,
      "epoch_time_s": 266.06611227989197
    },
    {
      "epoch": 8,
      "train_loss": 0.4160389160891192,
      "val_auc": 0.9314918613891369,
      "val_f1": 0.7376541813330804,
      "val_auc_ecg": 0.9308470792059952,
      "val_delta_meta": 0.00047708275422064794,
      "lr": 9.639601130971382e-05,
      "epoch_time_s": 267.3613588809967
    },
    {
      "epoch": 9,
      "train_loss": 0.39544546177627843,
      "val_auc": 0.9312111100287481,
      "val_f1": 0.7419923037179647,
      "val_auc_ecg": 0.9307132467247637,
      "val_delta_meta": 0.0001646280263521982,
      "lr": 2.5447270110570814e-05,
      "epoch_time_s": 266.7269489765167
    },
    {
      "epoch": 10,
      "train_loss": 0.3827509498104043,
      "val_auc": 0.9302603750745554,
      "val_f1": 0.7420275137046415,
      "val_auc_ecg": 0.9296981574814941,
      "val_delta_meta": 0.000303309223021464,
      "lr": 0.001,
      "epoch_time_s": 266.8573532104492
    }
  ]
}