{
  "metadata": {
    "run_name": "ATLAS_A_v5_demo_seed2040",
    "variant": "demo",
    "seed": 2040,
    "meta_hid": 128,
    "lauc_weight": 0.08,
    "no_aug": false,
    "arch_mode": "standard",
    "meta_mask_mode": "real",
    "test_fold": 10,
    "val_fold": 9,
    "timestamp": "2026-05-04T23:48:30.080005",
    "git_sha": "b8fda1f7a68a5b217a3f76d88337426561bd26e4",
    "analysis_plan_sha256": "4ad22e907fbd431a0b443255a3449c0560371997d5ee36a61e164de7aea5c3dc",
    "wall_time_s": 2627.4581196308136,
    "train_time_s": 2597.702536344528,
    "gpu_peak_mem_mb": 0,
    "num_parameters": 3951951,
    "dataset_sizes": {
      "train": 17418,
      "val": 2183,
      "test": 2198
    },
    "train_fold_ids": [
      1,
      2,
      3,
      4,
      5,
      6,
      7,
      8
    ],
    "pos_weights": [
      1.2930489778518677,
      2.9776203632354736,
      3.161012887954712,
      3.4581520557403564,
      7.21991491317749
    ],
    "loss_weights": {
      "fused": 0.52,
      "ecg": 0.3,
      "meta": 0.1,
      "lauc": 0.08
    },
    "hardware": {
      "python_version": "3.11.7 | packaged by Anaconda, Inc. | (main, Dec 15 2023, 18:05:47) [MSC v.1916 64 bit (AMD64)]",
      "torch_version": "2.3.1+cpu",
      "cuda_available": false,
      "numpy_version": "1.26.4",
      "sklearn_version": "1.4.2"
    },
    "best_val_auc": 0.9332361863919516,
    "best_val_epoch": 8
  },
  "test": {
    "macro_auc": 0.926160657094256,
    "macro_auc_ecg": 0.9257382175711137,
    "macro_auc_no_meta": 0.9260435267522894,
    "delta_meta_auc": 0.000117130341966587,
    "macro_f1_optimal": 0.7481455468330472,
    "macro_f1_fixed_05": 0.7351288816520757,
    "w_fused": 1.0,
    "thresholds": [
      0.4399999976158142,
      0.5899999737739563,
      0.6949999928474426,
      0.7549999952316284,
      0.6949999928474426
    ]
  },
  "per_class": {
    "NORM": {
      "auc": 0.9479174812180222,
      "f1": 0.8626506024096385,
      "threshold": 0.4399999976158142
    },
    "MI": {
      "auc": 0.9264000441306266,
      "f1": 0.7457912457912458,
      "threshold": 0.5899999737739563
    },
    "STTC": {
      "auc": 0.936438228854423,
      "f1": 0.765639589169001,
      "threshold": 0.6949999928474426
    },
    "CD": {
      "auc": 0.9131548273378567,
      "f1": 0.7526427061310782,
      "threshold": 0.7549999952316284
    },
    "HYP": {
      "auc": 0.9068927039303514,
      "f1": 0.6140035906642729,
      "threshold": 0.6949999928474426
    }
  },
  "subgroups": {
    "sex_male": {
      "n": 1066,
      "macro_auc": 0.9186586506600951,
      "per_class_auc": [
        0.9434752595837264,
        0.9174579097569632,
        0.9200957488230505,
        0.9075826919076347,
        0.904681643229101
      ]
    },
    "sex_female": {
      "n": 1132,
      "macro_auc": 0.9337442451736212,
      "per_class_auc": [
        0.9542874760898017,
        0.934196253956733,
        0.9503547128204384,
        0.9198935560610534,
        0.9099892269400796
      ]
    },
    "age_lt45": {
      "n": 345,
      "macro_auc": 0.9194782726908912,
      "per_class_auc": [
        0.8722753558718861,
        0.9757757212847034,
        0.9622618760549795,
        0.8418906674720629,
        0.9451877427708243
      ]
    },
    "age_45_65": {
      "n": 703,
      "macro_auc": 0.9227373393172378,
      "per_class_auc": [
        0.927703761755486,
        0.9231141920095409,
        0.951904016692749,
        0.8961312026913373,
        0.9148335234370757
      ]
    },
    "age_gt65": {
      "n": 1150,
      "macro_auc": 0.9152904714866293,
      "per_class_auc": [
        0.9498771150392287,
        0.902415961103194,
        0.9127601969057665,
        0.9246933645306153,
        0.8867057198543422
      ]
    },
    "meta_complete": {
      "n": 660,
      "macro_auc": 0.9412974657214968,
      "per_class_auc": [
        0.962623270532823,
        0.9438531949371524,
        0.9359764359351987,
        0.9447147279964618,
        0.9193196992058472
      ]
    },
    "meta_incomplete": {
      "n": 1538,
      "macro_auc": 0.9207249312714462,
      "per_class_auc": [
        0.9444071489408944,
        0.9226104023969871,
        0.9364258835395897,
        0.9019682316394114,
        0.8982129898403483
      ]
    },
    "fairness_sex_gap": 0.01508559451352609
  },
  "training_history": [
    {
      "epoch": 1,
      "train_loss": 0.6511294444219782,
      "val_auc": 0.9056441497092125,
      "val_f1": 0.6818748674226534,
      "val_auc_ecg": 0.9038777917292146,
      "val_delta_meta": 0.00010661839886583202,
      "lr": 0.0009755527298894294,
      "epoch_time_s": 242.97765922546387
    },
    {
      "epoch": 2,
      "train_loss": 0.5613365906641024,
      "val_auc": 0.9102394280988093,
      "val_f1": 0.6955728025937776,
      "val_auc_ecg": 0.9069692922530846,
      "val_delta_meta": 0.0001720276603041082,
      "lr": 0.0009046039886902864,
      "epoch_time_s": 242.54197001457214
    },
    {
      "epoch": 3,
      "train_loss": 0.5203534603665728,
      "val_auc": 0.9161905589953605,
      "val_f1": 0.7136627646294843,
      "val_auc_ecg": 0.9144871696090202,
      "val_delta_meta": 0.000851667341239648,
      "lr": 0.0007940987335200904,
      "epoch_time_s": 257.5766842365265
    },
    {
      "epoch": 4,
      "train_loss": 0.49972780718715915,
      "val_auc": 0.9231337731295891,
      "val_f1": 0.7276573848697311,
      "val_auc_ecg": 0.9227726509875944,
      "val_delta_meta": -0.0006893930089338918,
      "lr": 0.0006548539886902864,
      "epoch_time_s": 263.23654675483704
    },
    {
      "epoch": 5,
      "train_loss": 0.47741332655652946,
      "val_auc": 0.9224458304109324,
      "val_f1": 0.7209075924368823,
      "val_auc_ecg": 0.9210351418660979,
      "val_delta_meta": 0.0005458741121207034,
      "lr": 0.0005005000000000001,
      "epoch_time_s": 263.4241123199463
    },
    {
      "epoch": 6,
      "train_loss": 0.45483299075463496,
      "val_auc": 0.9280708737123525,
      "val_f1": 0.7271381280062753,
      "val_auc_ecg": 0.9270335375272575,
      "val_delta_meta": -0.00013674695113774504,
      "lr": 0.0003461460113097139,
      "epoch_time_s": 263.8219892978668
    },
    {
      "epoch": 7,
      "train_loss": 0.4329831076051117,
      "val_auc": 0.9304417996379245,
      "val_f1": 0.7357745556922944,
      "val_auc_ecg": 0.9295643231886439,
      "val_delta_meta": 6.212874524125223e-05,
      "lr": 0.00020690126647990973,
      "epoch_time_s": 263.80637288093567
    },
    {
      "epoch": 8,
      "train_loss": 0.412079547167918,
      "val_auc": 0.9332361863919516,
      "val_f1": 0.7390820456683642,
      "val_auc_ecg": 0.9326730390741828,
      "val_delta_meta": -0.0001403388479026546,
      "lr": 9.639601130971382e-05,
      "epoch_time_s": 263.4713590145111
    },
    {
      "epoch": 9,
      "train_loss": 0.39327777752635673,
      "val_auc": 0.9310907749021512,
      "val_f1": 0.7435736412255691,
      "val_auc_ecg": 0.9305428962660942,
      "val_delta_meta": -0.00043406351175223623,
      "lr": 2.5447270110570814e-05,
      "epoch_time_s": 263.8438186645508
    },
    {
      "epoch": 10,
      "train_loss": 0.38125708300039307,
      "val_auc": 0.9329459671590999,
      "val_f1": 0.7415549994223036,
      "val_auc_ecg": 0.9323328710911802,
      "val_delta_meta": -2.4013028603997455e-05,
      "lr": 0.001,
      "epoch_time_s": 264.3468370437622
    }
  ]
}