{
  "metadata": {
    "run_name": "ATLAS_A_v5_demo+anthro_seed2034",
    "variant": "demo+anthro",
    "seed": 2034,
    "meta_hid": 128,
    "lauc_weight": 0.08,
    "no_aug": false,
    "arch_mode": "standard",
    "meta_mask_mode": "real",
    "test_fold": 10,
    "val_fold": 9,
    "timestamp": "2026-05-05T10:09:01.466820",
    "git_sha": "b8fda1f7a68a5b217a3f76d88337426561bd26e4",
    "analysis_plan_sha256": "4ad22e907fbd431a0b443255a3449c0560371997d5ee36a61e164de7aea5c3dc",
    "wall_time_s": 2636.4376504421234,
    "train_time_s": 2606.6488082408905,
    "gpu_peak_mem_mb": 0,
    "num_parameters": 3951951,
    "dataset_sizes": {
      "train": 17418,
      "val": 2183,
      "test": 2198
    },
    "train_fold_ids": [
      1,
      2,
      3,
      4,
      5,
      6,
      7,
      8
    ],
    "pos_weights": [
      1.2930489778518677,
      2.9776203632354736,
      3.161012887954712,
      3.4581520557403564,
      7.21991491317749
    ],
    "loss_weights": {
      "fused": 0.52,
      "ecg": 0.3,
      "meta": 0.1,
      "lauc": 0.08
    },
    "hardware": {
      "python_version": "3.11.7 | packaged by Anaconda, Inc. | (main, Dec 15 2023, 18:05:47) [MSC v.1916 64 bit (AMD64)]",
      "torch_version": "2.3.1+cpu",
      "cuda_available": false,
      "numpy_version": "1.26.4",
      "sklearn_version": "1.4.2"
    },
    "best_val_auc": 0.9334369149555339,
    "best_val_epoch": 9
  },
  "test": {
    "macro_auc": 0.9298315798910002,
    "macro_auc_ecg": 0.9292433446096802,
    "macro_auc_no_meta": 0.9289449019055549,
    "delta_meta_auc": 0.0008866779854452833,
    "macro_f1_optimal": 0.7472996410080512,
    "macro_f1_fixed_05": 0.7464072137285478,
    "w_fused": 1.0,
    "thresholds": [
      0.5149999856948853,
      0.6800000071525574,
      0.6050000190734863,
      0.7549999952316284,
      0.6200000047683716
    ]
  },
  "per_class": {
    "NORM": {
      "auc": 0.9481033040305052,
      "f1": 0.8597242035187826,
      "threshold": 0.5149999856948853
    },
    "MI": {
      "auc": 0.9320244924977935,
      "f1": 0.7388535031847133,
      "threshold": 0.6800000071525574
    },
    "STTC": {
      "auc": 0.9407016230655922,
      "f1": 0.7721866422689845,
      "threshold": 0.6050000190734863
    },
    "CD": {
      "auc": 0.9200774231454455,
      "f1": 0.7435897435897436,
      "threshold": 0.7549999952316284
    },
    "HYP": {
      "auc": 0.9082510567156646,
      "f1": 0.6221441124780316,
      "threshold": 0.6200000047683716
    }
  },
  "subgroups": {
    "sex_male": {
      "n": 1066,
      "macro_auc": 0.9218799395591987,
      "per_class_auc": [
        0.9425681170105497,
        0.9226745231879196,
        0.9253212275671658,
        0.9144476804659871,
        0.9043881495643715
      ]
    },
    "sex_female": {
      "n": 1132,
      "macro_auc": 0.9375275362543667,
      "per_class_auc": [
        0.9547121967180106,
        0.9395431359503216,
        0.9534013260021181,
        0.9274731285488549,
        0.912507894052528
      ]
    },
    "age_lt45": {
      "n": 345,
      "macro_auc": 0.9125638638575921,
      "per_class_auc": [
        0.8726645907473309,
        0.9858464888405009,
        0.9678080540149505,
        0.8629568106312292,
        0.8735433750539491
      ]
    },
    "age_45_65": {
      "n": 703,
      "macro_auc": 0.9246415068773203,
      "per_class_auc": [
        0.9271976227795193,
        0.9246297952693301,
        0.9512910798122065,
        0.9017521726941407,
        0.9183368638314051
      ]
    },
    "age_gt65": {
      "n": 1150,
      "macro_auc": 0.9205397940445342,
      "per_class_auc": [
        0.9498101584900904,
        0.909776175706262,
        0.919071729957806,
        0.9311278039606234,
        0.8929131021078894
      ]
    },
    "meta_complete": {
      "n": 660,
      "macro_auc": 0.9420229529895249,
      "per_class_auc": [
        0.9612065793347071,
        0.9419553570125111,
        0.9403946980854198,
        0.9461842461942331,
        0.9203738843207534
      ]
    },
    "meta_incomplete": {
      "n": 1538,
      "macro_auc": 0.9241634494559443,
      "per_class_auc": [
        0.9432188968510452,
        0.927426917621641,
        0.9405501997905109,
        0.9096348396928668,
        0.8999863933236575
      ]
    },
    "fairness_sex_gap": 0.01564759669516802
  },
  "training_history": [
    {
      "epoch": 1,
      "train_loss": 0.6442322287537636,
      "val_auc": 0.8955026814528626,
      "val_f1": 0.6483933974713704,
      "val_auc_ecg": 0.8906854669707134,
      "val_delta_meta": 0.001242426537583663,
      "lr": 0.0009755527298894294,
      "epoch_time_s": 242.55644035339355
    },
    {
      "epoch": 2,
      "train_loss": 0.5599492716679879,
      "val_auc": 0.9136913240337596,
      "val_f1": 0.7132050272387149,
      "val_auc_ecg": 0.9130951647610235,
      "val_delta_meta": -0.00038534596325934256,
      "lr": 0.0009046039886902864,
      "epoch_time_s": 242.07829093933105
    },
    {
      "epoch": 3,
      "train_loss": 0.5236004358037896,
      "val_auc": 0.9199574996945911,
      "val_f1": 0.6804247778098444,
      "val_auc_ecg": 0.9186135157657984,
      "val_delta_meta": 0.00033549701517376906,
      "lr": 0.0007940987335200904,
      "epoch_time_s": 257.7113721370697
    },
    {
      "epoch": 4,
      "train_loss": 0.4986599181223353,
      "val_auc": 0.9260241276549852,
      "val_f1": 0.7303562803533805,
      "val_auc_ecg": 0.9252764990750351,
      "val_delta_meta": 0.00044662696826414106,
      "lr": 0.0006548539886902864,
      "epoch_time_s": 265.20839262008667
    },
    {
      "epoch": 5,
      "train_loss": 0.47749282274771176,
      "val_auc": 0.9253244579223837,
      "val_f1": 0.724214887623328,
      "val_auc_ecg": 0.9237323801611697,
      "val_delta_meta": 0.0011462304940161872,
      "lr": 0.0005005000000000001,
      "epoch_time_s": 264.39247393608093
    },
    {
      "epoch": 6,
      "train_loss": 0.4562405789937448,
      "val_auc": 0.9274086916063997,
      "val_f1": 0.7258156127296302,
      "val_auc_ecg": 0.9274551966208664,
      "val_delta_meta": -0.0006292828458094313,
      "lr": 0.0003461460113097139,
      "epoch_time_s": 264.6808204650879
    },
    {
      "epoch": 7,
      "train_loss": 0.4369054488632657,
      "val_auc": 0.9304276737499053,
      "val_f1": 0.7352691597795558,
      "val_auc_ecg": 0.930103551120175,
      "val_delta_meta": -3.6748734946190353e-06,
      "lr": 0.00020690126647990973,
      "epoch_time_s": 264.46890354156494
    },
    {
      "epoch": 8,
      "train_loss": 0.4142022097056065,
      "val_auc": 0.9314201300618912,
      "val_f1": 0.7415566165641383,
      "val_auc_ecg": 0.9308269152516125,
      "val_delta_meta": 0.0005091496329996392,
      "lr": 9.639601130971382e-05,
      "epoch_time_s": 265.36545181274414
    },
    {
      "epoch": 9,
      "train_loss": 0.39797029555390734,
      "val_auc": 0.9334369149555339,
      "val_f1": 0.7480223295072123,
      "val_auc_ecg": 0.9332989670540182,
      "val_delta_meta": 0.00014406466199634593,
      "lr": 2.5447270110570814e-05,
      "epoch_time_s": 265.33290910720825
    },
    {
      "epoch": 10,
      "train_loss": 0.38966568910747496,
      "val_auc": 0.9326655104205749,
      "val_f1": 0.7456311261381312,
      "val_auc_ecg": 0.9328276726500148,
      "val_delta_meta": -0.00037675415485050046,
      "lr": 0.001,
      "epoch_time_s": 265.59073781967163
    }
  ]
}