{
  "metadata": {
    "run_name": "ATLAS_A_v5_demo_seed2043",
    "variant": "demo",
    "seed": 2043,
    "meta_hid": 128,
    "lauc_weight": 0.08,
    "no_aug": false,
    "arch_mode": "standard",
    "meta_mask_mode": "real",
    "test_fold": 10,
    "val_fold": 9,
    "timestamp": "2026-05-05T02:01:07.404781",
    "git_sha": "b8fda1f7a68a5b217a3f76d88337426561bd26e4",
    "analysis_plan_sha256": "4ad22e907fbd431a0b443255a3449c0560371997d5ee36a61e164de7aea5c3dc",
    "wall_time_s": 2640.1672105789185,
    "train_time_s": 2610.462842941284,
    "gpu_peak_mem_mb": 0,
    "num_parameters": 3951951,
    "dataset_sizes": {
      "train": 17418,
      "val": 2183,
      "test": 2198
    },
    "train_fold_ids": [
      1,
      2,
      3,
      4,
      5,
      6,
      7,
      8
    ],
    "pos_weights": [
      1.2930489778518677,
      2.9776203632354736,
      3.161012887954712,
      3.4581520557403564,
      7.21991491317749
    ],
    "loss_weights": {
      "fused": 0.52,
      "ecg": 0.3,
      "meta": 0.1,
      "lauc": 0.08
    },
    "hardware": {
      "python_version": "3.11.7 | packaged by Anaconda, Inc. | (main, Dec 15 2023, 18:05:47) [MSC v.1916 64 bit (AMD64)]",
      "torch_version": "2.3.1+cpu",
      "cuda_available": false,
      "numpy_version": "1.26.4",
      "sklearn_version": "1.4.2"
    },
    "best_val_auc": 0.9325051121366273,
    "best_val_epoch": 10
  },
  "test": {
    "macro_auc": 0.9293013330760443,
    "macro_auc_ecg": 0.9292684632096948,
    "macro_auc_no_meta": 0.9291304275744215,
    "delta_meta_auc": 0.00017090550162279783,
    "macro_f1_optimal": 0.7451498622824845,
    "macro_f1_fixed_05": 0.7368098803846463,
    "w_fused": 1.0,
    "thresholds": [
      0.6800000071525574,
      0.6349999904632568,
      0.6050000190734863,
      0.6349999904632568,
      0.7250000238418579
    ]
  },
  "per_class": {
    "NORM": {
      "auc": 0.9498454980009334,
      "f1": 0.8629795714997509,
      "threshold": 0.6800000071525574
    },
    "MI": {
      "auc": 0.9303971756398941,
      "f1": 0.7347310847766636,
      "threshold": 0.6349999904632568
    },
    "STTC": {
      "auc": 0.9386609165210245,
      "f1": 0.7624890446976337,
      "threshold": 0.6050000190734863
    },
    "CD": {
      "auc": 0.9156850574276941,
      "f1": 0.7542288557213931,
      "threshold": 0.6349999904632568
    },
    "HYP": {
      "auc": 0.9119180177906757,
      "f1": 0.6113207547169811,
      "threshold": 0.7250000238418579
    }
  },
  "subgroups": {
    "sex_male": {
      "n": 1066,
      "macro_auc": 0.920686028161182,
      "per_class_auc": [
        0.94471490062994,
        0.9203506264311655,
        0.9222416905596261,
        0.9052527563969212,
        0.9108701667882569
      ]
    },
    "sex_female": {
      "n": 1132,
      "macro_auc": 0.9373986679092781,
      "per_class_auc": [
        0.9551778163696768,
        0.9390310288513882,
        0.9527968392597214,
        0.9262315720015974,
        0.9137560830640069
      ]
    },
    "age_lt45": {
      "n": 345,
      "macro_auc": 0.9214848810840607,
      "per_class_auc": [
        0.8851201067615657,
        0.9662493195427327,
        0.9612973233662889,
        0.8521594684385382,
        0.9425981873111782
      ]
    },
    "age_45_65": {
      "n": 703,
      "macro_auc": 0.9272589339578566,
      "per_class_auc": [
        0.9324222831765935,
        0.9260335917312661,
        0.9530646844027126,
        0.9000280347631063,
        0.9247460757156047
      ]
    },
    "age_gt65": {
      "n": 1150,
      "macro_auc": 0.9186973818860398,
      "per_class_auc": [
        0.951098087405867,
        0.9088171682454522,
        0.9163748241912799,
        0.925866964817907,
        0.8913298647696934
      ]
    },
    "meta_complete": {
      "n": 660,
      "macro_auc": 0.9419805538013362,
      "per_class_auc": [
        0.9618689284662938,
        0.9447875151462065,
        0.9380382916053019,
        0.9470830777132584,
        0.9181249560756202
      ]
    },
    "meta_incomplete": {
      "n": 1538,
      "macro_auc": 0.9248334409350575,
      "per_class_auc": [
        0.9469102843652045,
        0.9266188488422288,
        0.9392117973387127,
        0.9045050114295762,
        0.9069212626995646
      ]
    },
    "fairness_sex_gap": 0.016712639748096114
  },
  "training_history": [
    {
      "epoch": 1,
      "train_loss": 0.6417583405971528,
      "val_auc": 0.906207841552445,
      "val_f1": 0.7023235072355931,
      "val_auc_ecg": 0.8987246175715136,
      "val_delta_meta": 0.0018832569930842258,
      "lr": 0.0009755527298894294,
      "epoch_time_s": 244.2761697769165
    },
    {
      "epoch": 2,
      "train_loss": 0.5570799821560536,
      "val_auc": 0.9141229285066996,
      "val_f1": 0.6862270297433225,
      "val_auc_ecg": 0.9137548908059868,
      "val_delta_meta": -0.00036728979428868325,
      "lr": 0.0009046039886902864,
      "epoch_time_s": 243.71442914009094
    },
    {
      "epoch": 3,
      "train_loss": 0.5196916973372118,
      "val_auc": 0.9187042101972633,
      "val_f1": 0.7250184289859667,
      "val_auc_ecg": 0.9180831912524493,
      "val_delta_meta": 0.0008141605400242558,
      "lr": 0.0007940987335200904,
      "epoch_time_s": 258.754159450531
    },
    {
      "epoch": 4,
      "train_loss": 0.49826815543918435,
      "val_auc": 0.9252735463891236,
      "val_f1": 0.7261920217514568,
      "val_auc_ecg": 0.9237944987920768,
      "val_delta_meta": 0.0002642358905451392,
      "lr": 0.0006548539886902864,
      "epoch_time_s": 263.8706076145172
    },
    {
      "epoch": 5,
      "train_loss": 0.47615110628101803,
      "val_auc": 0.9240610880635401,
      "val_f1": 0.7229674893787246,
      "val_auc_ecg": 0.9232317452731713,
      "val_delta_meta": 0.0006245150092113461,
      "lr": 0.0005005000000000001,
      "epoch_time_s": 265.04846239089966
    },
    {
      "epoch": 6,
      "train_loss": 0.4563372402016176,
      "val_auc": 0.9268998234224837,
      "val_f1": 0.7339294114463,
      "val_auc_ecg": 0.9262925872234258,
      "val_delta_meta": 0.0007453118583292673,
      "lr": 0.0003461460113097139,
      "epoch_time_s": 264.8892047405243
    },
    {
      "epoch": 7,
      "train_loss": 0.43681809494801616,
      "val_auc": 0.9242072783630491,
      "val_f1": 0.7288535682892124,
      "val_auc_ecg": 0.9238328044223735,
      "val_delta_meta": -0.00030704772066891817,
      "lr": 0.00020690126647990973,
      "epoch_time_s": 264.82252645492554
    },
    {
      "epoch": 8,
      "train_loss": 0.4129890589539064,
      "val_auc": 0.9304590029945471,
      "val_f1": 0.7368165574066695,
      "val_auc_ecg": 0.9300858445969405,
      "val_delta_meta": 0.00014722607753636652,
      "lr": 9.639601130971382e-05,
      "epoch_time_s": 265.13000106811523
    },
    {
      "epoch": 9,
      "train_loss": 0.3976418276718997,
      "val_auc": 0.9314785080813243,
      "val_f1": 0.7443722887733079,
      "val_auc_ecg": 0.93105671401834,
      "val_delta_meta": 0.00015093378104946709,
      "lr": 2.5447270110570814e-05,
      "epoch_time_s": 265.6376373767853
    },
    {
      "epoch": 10,
      "train_loss": 0.3844220367046671,
      "val_auc": 0.9325051121366273,
      "val_f1": 0.7445331674741942,
      "val_auc_ecg": 0.93187349476092,
      "val_delta_meta": 0.00019222910368787982,
      "lr": 0.001,
      "epoch_time_s": 264.9814884662628
    }
  ]
}