{
  "metadata": {
    "run_name": "ATLAS_A_v5_none_seed2040",
    "variant": "none",
    "seed": 2040,
    "meta_hid": 128,
    "lauc_weight": 0.08,
    "no_aug": false,
    "arch_mode": "standard",
    "meta_mask_mode": "real",
    "test_fold": 10,
    "val_fold": 9,
    "timestamp": "2026-05-04T09:11:53.171082",
    "git_sha": "b8fda1f7a68a5b217a3f76d88337426561bd26e4",
    "analysis_plan_sha256": "4ad22e907fbd431a0b443255a3449c0560371997d5ee36a61e164de7aea5c3dc",
    "wall_time_s": 2591.9515199661255,
    "train_time_s": 2562.352725982666,
    "gpu_peak_mem_mb": 0,
    "num_parameters": 3951951,
    "dataset_sizes": {
      "train": 17418,
      "val": 2183,
      "test": 2198
    },
    "train_fold_ids": [
      1,
      2,
      3,
      4,
      5,
      6,
      7,
      8
    ],
    "pos_weights": [
      1.2930489778518677,
      2.9776203632354736,
      3.161012887954712,
      3.4581520557403564,
      7.21991491317749
    ],
    "loss_weights": {
      "fused": 0.52,
      "ecg": 0.3,
      "meta": 0.1,
      "lauc": 0.08
    },
    "hardware": {
      "python_version": "3.11.7 | packaged by Anaconda, Inc. | (main, Dec 15 2023, 18:05:47) [MSC v.1916 64 bit (AMD64)]",
      "torch_version": "2.3.1+cpu",
      "cuda_available": false,
      "numpy_version": "1.26.4",
      "sklearn_version": "1.4.2"
    },
    "best_val_auc": 0.9317427786765544,
    "best_val_epoch": 8
  },
  "test": {
    "macro_auc": 0.9250939961965015,
    "macro_auc_ecg": 0.9251853670091977,
    "macro_auc_no_meta": 0.9250939961965015,
    "delta_meta_auc": 0.0,
    "macro_f1_optimal": 0.7449960680005469,
    "macro_f1_fixed_05": 0.7325338968736087,
    "w_fused": 1.0,
    "thresholds": [
      0.5899999737739563,
      0.7400000095367432,
      0.6050000190734863,
      0.7099999785423279,
      0.6499999761581421
    ]
  },
  "per_class": {
    "NORM": {
      "auc": 0.9455555975969158,
      "f1": 0.852956038403234,
      "threshold": 0.5899999737739563
    },
    "MI": {
      "auc": 0.9210436893203885,
      "f1": 0.7234432234432234,
      "threshold": 0.7400000095367432
    },
    "STTC": {
      "auc": 0.9353131505968179,
      "f1": 0.7690972222222222,
      "threshold": 0.6050000190734863
    },
    "CD": {
      "auc": 0.9142576570258899,
      "f1": 0.7521008403361344,
      "threshold": 0.7099999785423279
    },
    "HYP": {
      "auc": 0.9092998864424957,
      "f1": 0.6273830155979203,
      "threshold": 0.6499999761581421
    }
  },
  "subgroups": {
    "sex_male": {
      "n": 1066,
      "macro_auc": 0.9167524907451516,
      "per_class_auc": [
        0.9392431322801805,
        0.9123774241694985,
        0.9203435276627376,
        0.9073850634491367,
        0.9044133061642053
      ]
    },
    "sex_female": {
      "n": 1132,
      "macro_auc": 0.9330839437631109,
      "per_class_auc": [
        0.9524501661129567,
        0.9286114639408053,
        0.9477820172447977,
        0.9212523224921428,
        0.9153237490248523
      ]
    },
    "age_lt45": {
      "n": 345,
      "macro_auc": 0.9284866306107082,
      "per_class_auc": [
        0.892404359430605,
        0.9755035383777899,
        0.9686520376175549,
        0.8453639383871941,
        0.9605092792403971
      ]
    },
    "age_45_65": {
      "n": 703,
      "macro_auc": 0.9214363338336945,
      "per_class_auc": [
        0.9267486285266457,
        0.9183189226793879,
        0.9476264997391758,
        0.9037005887300252,
        0.9107870294932376
      ]
    },
    "age_gt65": {
      "n": 1150,
      "macro_auc": 0.9127706919015088,
      "per_class_auc": [
        0.9449814097110628,
        0.894250984994551,
        0.9118670886075949,
        0.9217352994531837,
        0.8910186767411515
      ]
    },
    "meta_complete": {
      "n": 660,
      "macro_auc": 0.9379173591418924,
      "per_class_auc": [
        0.9543163085075066,
        0.9364370282777851,
        0.9312282768777614,
        0.9414332795936711,
        0.9261719024527375
      ]
    },
    "meta_incomplete": {
      "n": 1538,
      "macro_auc": 0.9207368745208419,
      "per_class_auc": [
        0.9440324592308107,
        0.9185913234678059,
        0.9372429879349808,
        0.9045659691694506,
        0.8992516328011612
      ]
    },
    "fairness_sex_gap": 0.01633145301795924
  },
  "training_history": [
    {
      "epoch": 1,
      "train_loss": 0.6018775999546051,
      "val_auc": 0.9052049346245117,
      "val_f1": 0.6873383173321305,
      "val_auc_ecg": 0.9033101267128572,
      "val_delta_meta": 0.0,
      "lr": 0.0009755527298894294,
      "epoch_time_s": 242.0852620601654
    },
    {
      "epoch": 2,
      "train_loss": 0.5107267001353273,
      "val_auc": 0.9082697613024504,
      "val_f1": 0.693173055510937,
      "val_auc_ecg": 0.9053537916662588,
      "val_delta_meta": 0.0,
      "lr": 0.0009046039886902864,
      "epoch_time_s": 241.23334121704102
    },
    {
      "epoch": 3,
      "train_loss": 0.472902257453411,
      "val_auc": 0.9170617667723888,
      "val_f1": 0.7205449580410784,
      "val_auc_ecg": 0.9161859097053053,
      "val_delta_meta": 0.0,
      "lr": 0.0007940987335200904,
      "epoch_time_s": 253.557270526886
    },
    {
      "epoch": 4,
      "train_loss": 0.45037485221657186,
      "val_auc": 0.9207399744509479,
      "val_f1": 0.7261861808943297,
      "val_auc_ecg": 0.9208300513321912,
      "val_delta_meta": 0.0,
      "lr": 0.0006548539886902864,
      "epoch_time_s": 259.3317530155182
    },
    {
      "epoch": 5,
      "train_loss": 0.42907799378447575,
      "val_auc": 0.9223583960313164,
      "val_f1": 0.7201408176375805,
      "val_auc_ecg": 0.9221343718748084,
      "val_delta_meta": 0.0,
      "lr": 0.0005005000000000001,
      "epoch_time_s": 260.181352853775
    },
    {
      "epoch": 6,
      "train_loss": 0.40573743781365385,
      "val_auc": 0.927800553458891,
      "val_f1": 0.7301972801109999,
      "val_auc_ecg": 0.9275250503846507,
      "val_delta_meta": 0.0,
      "lr": 0.0003461460113097139,
      "epoch_time_s": 259.06311869621277
    },
    {
      "epoch": 7,
      "train_loss": 0.3845921397755999,
      "val_auc": 0.9289708312866571,
      "val_f1": 0.7347359420106551,
      "val_auc_ecg": 0.92869698427535,
      "val_delta_meta": 0.0,
      "lr": 0.00020690126647990973,
      "epoch_time_s": 259.0992703437805
    },
    {
      "epoch": 8,
      "train_loss": 0.3633588216446955,
      "val_auc": 0.9317427786765544,
      "val_f1": 0.7403008496465469,
      "val_auc_ecg": 0.9317718819680183,
      "val_delta_meta": 0.0,
      "lr": 9.639601130971382e-05,
      "epoch_time_s": 259.33600187301636
    },
    {
      "epoch": 9,
      "train_loss": 0.3455307585110358,
      "val_auc": 0.929680162941219,
      "val_f1": 0.7412993295974247,
      "val_auc_ecg": 0.9297101131203348,
      "val_delta_meta": 0.0,
      "lr": 2.5447270110570814e-05,
      "epoch_time_s": 259.76728773117065
    },
    {
      "epoch": 10,
      "train_loss": 0.3328354522449161,
      "val_auc": 0.9313241300852427,
      "val_f1": 0.739158150172118,
      "val_auc_ecg": 0.9313674183621335,
      "val_delta_meta": 0.0,
      "lr": 0.001,
      "epoch_time_s": 259.8005156517029
    }
  ]
}