{
  "metadata": {
    "run_name": "ATLAS_A_v5_demo+anthro_seed2033",
    "variant": "demo+anthro",
    "seed": 2033,
    "meta_hid": 128,
    "lauc_weight": 0.08,
    "no_aug": false,
    "arch_mode": "standard",
    "meta_mask_mode": "real",
    "test_fold": 10,
    "val_fold": 9,
    "timestamp": "2026-05-05T09:25:01.480017",
    "git_sha": "b8fda1f7a68a5b217a3f76d88337426561bd26e4",
    "analysis_plan_sha256": "4ad22e907fbd431a0b443255a3449c0560371997d5ee36a61e164de7aea5c3dc",
    "wall_time_s": 2645.5735323429108,
    "train_time_s": 2616.047877073288,
    "gpu_peak_mem_mb": 0,
    "num_parameters": 3951951,
    "dataset_sizes": {
      "train": 17418,
      "val": 2183,
      "test": 2198
    },
    "train_fold_ids": [
      1,
      2,
      3,
      4,
      5,
      6,
      7,
      8
    ],
    "pos_weights": [
      1.2930489778518677,
      2.9776203632354736,
      3.161012887954712,
      3.4581520557403564,
      7.21991491317749
    ],
    "loss_weights": {
      "fused": 0.52,
      "ecg": 0.3,
      "meta": 0.1,
      "lauc": 0.08
    },
    "hardware": {
      "python_version": "3.11.7 | packaged by Anaconda, Inc. | (main, Dec 15 2023, 18:05:47) [MSC v.1916 64 bit (AMD64)]",
      "torch_version": "2.3.1+cpu",
      "cuda_available": false,
      "numpy_version": "1.26.4",
      "sklearn_version": "1.4.2"
    },
    "best_val_auc": 0.9313963374565726,
    "best_val_epoch": 9
  },
  "test": {
    "macro_auc": 0.9262236280898893,
    "macro_auc_ecg": 0.9253833884750957,
    "macro_auc_no_meta": 0.9258834423726885,
    "delta_meta_auc": 0.0003401857172008471,
    "macro_f1_optimal": 0.7428810787018053,
    "macro_f1_fixed_05": 0.7341617562665019,
    "w_fused": 1.0,
    "thresholds": [
      0.7250000238418579,
      0.6200000047683716,
      0.6349999904632568,
      0.6800000071525574,
      0.6650000214576721
    ]
  },
  "per_class": {
    "NORM": {
      "auc": 0.9481133939569748,
      "f1": 0.8655834564254062,
      "threshold": 0.7250000238418579
    },
    "MI": {
      "auc": 0.930346425419241,
      "f1": 0.7294776119402985,
      "threshold": 0.6200000047683716
    },
    "STTC": {
      "auc": 0.9373630134242552,
      "f1": 0.7750229568411386,
      "threshold": 0.6349999904632568
    },
    "CD": {
      "auc": 0.9136014082104545,
      "f1": 0.7482014388489209,
      "threshold": 0.6800000071525574
    },
    "HYP": {
      "auc": 0.9016938994385212,
      "f1": 0.5961199294532628,
      "threshold": 0.6650000214576721
    }
  },
  "subgroups": {
    "sex_male": {
      "n": 1066,
      "macro_auc": 0.9184489645300182,
      "per_class_auc": [
        0.9419320329751747,
        0.919349114439761,
        0.922285936780999,
        0.9052371541501976,
        0.9034405843039589
      ]
    },
    "sex_female": {
      "n": 1132,
      "macro_auc": 0.9340309451574959,
      "per_class_auc": [
        0.9555081546360616,
        0.9397326559003207,
        0.949871123426521,
        0.9243258261126257,
        0.9007169657119507
      ]
    },
    "age_lt45": {
      "n": 345,
      "macro_auc": 0.9182933769678817,
      "per_class_auc": [
        0.881283362989324,
        0.9910179640718563,
        0.9534603327706777,
        0.8371337964361221,
        0.9285714285714285
      ]
    },
    "age_45_65": {
      "n": 703,
      "macro_auc": 0.9231095251879475,
      "per_class_auc": [
        0.9261200365726228,
        0.9322575034784337,
        0.9532863849765257,
        0.8993972525932156,
        0.9044864483189398
      ]
    },
    "age_gt65": {
      "n": 1150,
      "macro_auc": 0.9153252773062966,
      "per_class_auc": [
        0.950373381226959,
        0.901876100259871,
        0.9149191279887483,
        0.9248266440585097,
        0.8846311329973958
      ]
    },
    "meta_complete": {
      "n": 660,
      "macro_auc": 0.9350961122196886,
      "per_class_auc": [
        0.955852590521048,
        0.9337216601702215,
        0.93660088365243,
        0.9410195317515802,
        0.9082858950031626
      ]
    },
    "meta_incomplete": {
      "n": 1538,
      "macro_auc": 0.9222318717304073,
      "per_class_auc": [
        0.945425402921539,
        0.928322172769358,
        0.9374684796524032,
        0.9032905456889982,
        0.8966527576197387
      ]
    },
    "fairness_sex_gap": 0.01558198062747762
  },
  "training_history": [
    {
      "epoch": 1,
      "train_loss": 0.6478853944791566,
      "val_auc": 0.8987515510947792,
      "val_f1": 0.6749209149245553,
      "val_auc_ecg": 0.8976107793216561,
      "val_delta_meta": 0.0013543929373021069,
      "lr": 0.0009755527298894294,
      "epoch_time_s": 242.84937953948975
    },
    {
      "epoch": 2,
      "train_loss": 0.5617083025088004,
      "val_auc": 0.9055641842618712,
      "val_f1": 0.6942818840219757,
      "val_auc_ecg": 0.9038721671696461,
      "val_delta_meta": 0.0014137524584981742,
      "lr": 0.0009046039886902864,
      "epoch_time_s": 242.8322994709015
    },
    {
      "epoch": 3,
      "train_loss": 0.524030526624907,
      "val_auc": 0.9098624945760226,
      "val_f1": 0.7146092068409506,
      "val_auc_ecg": 0.9116807826097428,
      "val_delta_meta": 0.0002451981897783062,
      "lr": 0.0007940987335200904,
      "epoch_time_s": 258.72336316108704
    },
    {
      "epoch": 4,
      "train_loss": 0.5033500516633375,
      "val_auc": 0.9236754168610453,
      "val_f1": 0.7025053380260788,
      "val_auc_ecg": 0.9226633564280318,
      "val_delta_meta": 0.0008344676405694917,
      "lr": 0.0006548539886902864,
      "epoch_time_s": 265.57643961906433
    },
    {
      "epoch": 5,
      "train_loss": 0.4791341016598798,
      "val_auc": 0.9275032457629269,
      "val_f1": 0.7329856617836199,
      "val_auc_ecg": 0.9270050598365092,
      "val_delta_meta": 5.754291534110223e-05,
      "lr": 0.0005005000000000001,
      "epoch_time_s": 265.2820258140564
    },
    {
      "epoch": 6,
      "train_loss": 0.45803443510597996,
      "val_auc": 0.9296961190618331,
      "val_f1": 0.7298544564898566,
      "val_auc_ecg": 0.9289239561593596,
      "val_delta_meta": 0.0005796748084876402,
      "lr": 0.0003461460113097139,
      "epoch_time_s": 265.2441725730896
    },
    {
      "epoch": 7,
      "train_loss": 0.43720446026653326,
      "val_auc": 0.9285216456111895,
      "val_f1": 0.7372832443079584,
      "val_auc_ecg": 0.9280368356897458,
      "val_delta_meta": -0.00010773488123194674,
      "lr": 0.00020690126647990973,
      "epoch_time_s": 266.1156949996948
    },
    {
      "epoch": 8,
      "train_loss": 0.4161828840544464,
      "val_auc": 0.9312454513790795,
      "val_f1": 0.7340883085091873,
      "val_auc_ecg": 0.9307635700322521,
      "val_delta_meta": 0.00017448033291656007,
      "lr": 9.639601130971382e-05,
      "epoch_time_s": 266.6617090702057
    },
    {
      "epoch": 9,
      "train_loss": 0.3976989921079863,
      "val_auc": 0.9313963374565726,
      "val_f1": 0.741980632153224,
      "val_auc_ecg": 0.9313430577057075,
      "val_delta_meta": -0.00018827887278616284,
      "lr": 2.5447270110570814e-05,
      "epoch_time_s": 266.7747735977173
    },
    {
      "epoch": 10,
      "train_loss": 0.3833512494050035,
      "val_auc": 0.930874628772212,
      "val_f1": 0.7426394044077014,
      "val_auc_ecg": 0.9306972226366268,
      "val_delta_meta": -0.00010958760652757249,
      "lr": 0.001,
      "epoch_time_s": 266.99804949760437
    }
  ]
}