{
  "metadata": {
    "run_name": "ATLAS_A_v5_demo_seed2035",
    "variant": "demo",
    "seed": 2035,
    "meta_hid": 128,
    "lauc_weight": 0.08,
    "no_aug": false,
    "arch_mode": "standard",
    "meta_mask_mode": "real",
    "test_fold": 10,
    "val_fold": 9,
    "timestamp": "2026-05-04T20:08:23.253757",
    "git_sha": "b8fda1f7a68a5b217a3f76d88337426561bd26e4",
    "analysis_plan_sha256": "4ad22e907fbd431a0b443255a3449c0560371997d5ee36a61e164de7aea5c3dc",
    "wall_time_s": 2625.638412952423,
    "train_time_s": 2596.358453273773,
    "gpu_peak_mem_mb": 0,
    "num_parameters": 3951951,
    "dataset_sizes": {
      "train": 17418,
      "val": 2183,
      "test": 2198
    },
    "train_fold_ids": [
      1,
      2,
      3,
      4,
      5,
      6,
      7,
      8
    ],
    "pos_weights": [
      1.2930489778518677,
      2.9776203632354736,
      3.161012887954712,
      3.4581520557403564,
      7.21991491317749
    ],
    "loss_weights": {
      "fused": 0.52,
      "ecg": 0.3,
      "meta": 0.1,
      "lauc": 0.08
    },
    "hardware": {
      "python_version": "3.11.7 | packaged by Anaconda, Inc. | (main, Dec 15 2023, 18:05:47) [MSC v.1916 64 bit (AMD64)]",
      "torch_version": "2.3.1+cpu",
      "cuda_available": false,
      "numpy_version": "1.26.4",
      "sklearn_version": "1.4.2"
    },
    "best_val_auc": 0.9330782851797587,
    "best_val_epoch": 10
  },
  "test": {
    "macro_auc": 0.9295051929671599,
    "macro_auc_ecg": 0.9292878541396241,
    "macro_auc_no_meta": 0.9297289866862787,
    "delta_meta_auc": -0.0002237937191187367,
    "macro_f1_optimal": 0.7481893271217241,
    "macro_f1_fixed_05": 0.7413886998066523,
    "w_fused": 1.0,
    "thresholds": [
      0.7099999785423279,
      0.6499999761581421,
      0.574999988079071,
      0.5899999737739563,
      0.6949999928474426
    ]
  },
  "per_class": {
    "NORM": {
      "auc": 0.9499758262178332,
      "f1": 0.8629648497198166,
      "threshold": 0.7099999785423279
    },
    "MI": {
      "auc": 0.9305825242718447,
      "f1": 0.7427055702917772,
      "threshold": 0.6499999761581421
    },
    "STTC": {
      "auc": 0.9387421785314926,
      "f1": 0.7741935483870968,
      "threshold": 0.574999988079071
    },
    "CD": {
      "auc": 0.9180304954323187,
      "f1": 0.7468230694037146,
      "threshold": 0.5899999737739563
    },
    "HYP": {
      "auc": 0.9101949403823102,
      "f1": 0.6142595978062158,
      "threshold": 0.6949999928474426
    }
  },
  "subgroups": {
    "sex_male": {
      "n": 1066,
      "macro_auc": 0.9218351281658922,
      "per_class_auc": [
        0.9453582128929896,
        0.9187754328136166,
        0.9248787653534387,
        0.9097878094445601,
        0.9103754203248555
      ]
    },
    "sex_female": {
      "n": 1132,
      "macro_auc": 0.9369425620172398,
      "per_class_auc": [
        0.9559832125239102,
        0.9403576685013811,
        0.9504417589113435,
        0.9273168487037455,
        0.9106133214458189
      ]
    },
    "age_lt45": {
      "n": 345,
      "macro_auc": 0.9233305156176383,
      "per_class_auc": [
        0.8798932384341637,
        0.979858464888405,
        0.9644321196045333,
        0.8569918453639384,
        0.9354769097971515
      ]
    },
    "age_45_65": {
      "n": 703,
      "macro_auc": 0.9252794578642598,
      "per_class_auc": [
        0.9308875391849529,
        0.9285430331941961,
        0.9511606677099634,
        0.9028735632183909,
        0.9129324860137961
      ]
    },
    "age_gt65": {
      "n": 1150,
      "macro_auc": 0.9193528186058852,
      "per_class_auc": [
        0.9518661184106878,
        0.9061983401793947,
        0.9166420534458508,
        0.9293137214976177,
        0.8927438594958753
      ]
    },
    "meta_complete": {
      "n": 660,
      "macro_auc": 0.9417439358702419,
      "per_class_auc": [
        0.9607742125404769,
        0.9410940305697892,
        0.93660088365243,
        0.9470830777132585,
        0.9231674748752547
      ]
    },
    "meta_incomplete": {
      "n": 1538,
      "macro_auc": 0.9250855531121147,
      "per_class_auc": [
        0.9476770105312095,
        0.9287644841012467,
        0.9396579314893121,
        0.9075458648379345,
        0.9017824746008709
      ]
    },
    "fairness_sex_gap": 0.015107433851347607
  },
  "training_history": [
    {
      "epoch": 1,
      "train_loss": 0.6476236893496382,
      "val_auc": 0.8937772755358179,
      "val_f1": 0.6935766550811169,
      "val_auc_ecg": 0.8870782871540847,
      "val_delta_meta": 0.0012452424740699852,
      "lr": 0.0009755527298894294,
      "epoch_time_s": 242.28158473968506
    },
    {
      "epoch": 2,
      "train_loss": 0.5631904859061635,
      "val_auc": 0.9079455703853097,
      "val_f1": 0.6888829444602046,
      "val_auc_ecg": 0.9064746013973908,
      "val_delta_meta": 0.00045230233691373467,
      "lr": 0.0009046039886902864,
      "epoch_time_s": 241.8109929561615
    },
    {
      "epoch": 3,
      "train_loss": 0.5271582940302858,
      "val_auc": 0.9188513570832306,
      "val_f1": 0.7193510415062618,
      "val_auc_ecg": 0.917499605360549,
      "val_delta_meta": 0.0005703436796231642,
      "lr": 0.0007940987335200904,
      "epoch_time_s": 257.22820949554443
    },
    {
      "epoch": 4,
      "train_loss": 0.5022306080805052,
      "val_auc": 0.9261552622646061,
      "val_f1": 0.708846090545989,
      "val_auc_ecg": 0.9252861739989913,
      "val_delta_meta": -0.00010988577308934655,
      "lr": 0.0006548539886902864,
      "epoch_time_s": 263.60510420799255
    },
    {
      "epoch": 5,
      "train_loss": 0.47802383948903565,
      "val_auc": 0.9271375977269193,
      "val_f1": 0.7148476605733499,
      "val_auc_ecg": 0.9257060264435575,
      "val_delta_meta": 0.000492826271746738,
      "lr": 0.0005005000000000001,
      "epoch_time_s": 262.6112468242645
    },
    {
      "epoch": 6,
      "train_loss": 0.46135458946228025,
      "val_auc": 0.9272744317347902,
      "val_f1": 0.7373548832817489,
      "val_auc_ecg": 0.9267188021557333,
      "val_delta_meta": -0.00026714591478838035,
      "lr": 0.0003461460113097139,
      "epoch_time_s": 262.60437059402466
    },
    {
      "epoch": 7,
      "train_loss": 0.43870516230753803,
      "val_auc": 0.9304300133532879,
      "val_f1": 0.7332991823378945,
      "val_auc_ecg": 0.9295630415900732,
      "val_delta_meta": 0.00046937954508941004,
      "lr": 0.00020690126647990973,
      "epoch_time_s": 263.2017123699188
    },
    {
      "epoch": 8,
      "train_loss": 0.4207944569511151,
      "val_auc": 0.9316277210528281,
      "val_f1": 0.7374895844005184,
      "val_auc_ecg": 0.9306304608108684,
      "val_delta_meta": 0.0005528728364858626,
      "lr": 9.639601130971382e-05,
      "epoch_time_s": 263.33646750450134
    },
    {
      "epoch": 9,
      "train_loss": 0.40248725220150905,
      "val_auc": 0.9325652681973994,
      "val_f1": 0.7523884823289058,
      "val_auc_ecg": 0.9319255382125308,
      "val_delta_meta": -8.907773104138705e-06,
      "lr": 2.5447270110570814e-05,
      "epoch_time_s": 264.1023676395416
    },
    {
      "epoch": 10,
      "train_loss": 0.39212700374629517,
      "val_auc": 0.9330782851797587,
      "val_f1": 0.7475826732315056,
      "val_auc_ecg": 0.9322757581609296,
      "val_delta_meta": 0.0001453658911930722,
      "lr": 0.001,
      "epoch_time_s": 264.7303807735443
    }
  ]
}