{
  "metadata": {
    "run_name": "ATLAS_A_v5_demo_seed2026",
    "variant": "demo",
    "seed": 2026,
    "meta_hid": 128,
    "lauc_weight": 0.08,
    "no_aug": false,
    "arch_mode": "standard",
    "meta_mask_mode": "real",
    "test_fold": 10,
    "val_fold": 9,
    "timestamp": "2026-05-04T13:33:11.079905",
    "git_sha": "b8fda1f7a68a5b217a3f76d88337426561bd26e4",
    "analysis_plan_sha256": "4ad22e907fbd431a0b443255a3449c0560371997d5ee36a61e164de7aea5c3dc",
    "wall_time_s": 2617.4172813892365,
    "train_time_s": 2587.9566781520844,
    "gpu_peak_mem_mb": 0,
    "num_parameters": 3951951,
    "dataset_sizes": {
      "train": 17418,
      "val": 2183,
      "test": 2198
    },
    "train_fold_ids": [
      1,
      2,
      3,
      4,
      5,
      6,
      7,
      8
    ],
    "pos_weights": [
      1.2930489778518677,
      2.9776203632354736,
      3.161012887954712,
      3.4581520557403564,
      7.21991491317749
    ],
    "loss_weights": {
      "fused": 0.52,
      "ecg": 0.3,
      "meta": 0.1,
      "lauc": 0.08
    },
    "hardware": {
      "python_version": "3.11.7 | packaged by Anaconda, Inc. | (main, Dec 15 2023, 18:05:47) [MSC v.1916 64 bit (AMD64)]",
      "torch_version": "2.3.1+cpu",
      "cuda_available": false,
      "numpy_version": "1.26.4",
      "sklearn_version": "1.4.2"
    },
    "best_val_auc": 0.9324199661134038,
    "best_val_epoch": 10
  },
  "test": {
    "macro_auc": 0.9278572662001675,
    "macro_auc_ecg": 0.9278857890394031,
    "macro_auc_no_meta": 0.9279339247179937,
    "delta_meta_auc": -7.665851782623356e-05,
    "macro_f1_optimal": 0.7466063549867064,
    "macro_f1_fixed_05": 0.7362647428043689,
    "w_fused": 1.0,
    "thresholds": [
      0.6949999928474426,
      0.48500001430511475,
      0.6050000190734863,
      0.7549999952316284,
      0.6949999928474426
    ]
  },
  "per_class": {
    "NORM": {
      "auc": 0.9485489424495819,
      "f1": 0.8657751362060426,
      "threshold": 0.6949999928474426
    },
    "MI": {
      "auc": 0.9280152250661959,
      "f1": 0.7446626814688301,
      "threshold": 0.48500001430511475
    },
    "STTC": {
      "auc": 0.9359300551551588,
      "f1": 0.7707404103479036,
      "threshold": 0.6050000190734863
    },
    "CD": {
      "auc": 0.9168731757704408,
      "f1": 0.7431578947368421,
      "threshold": 0.7549999952316284
    },
    "HYP": {
      "auc": 0.90991893255946,
      "f1": 0.6086956521739131,
      "threshold": 0.6949999928474426
    }
  },
  "subgroups": {
    "sex_male": {
      "n": 1066,
      "macro_auc": 0.9215264351515943,
      "per_class_auc": [
        0.9463810071089619,
        0.9180704850526766,
        0.9216266680825458,
        0.9076399001456209,
        0.9139141153681669
      ]
    },
    "sex_female": {
      "n": 1132,
      "macro_auc": 0.9337717204636945,
      "per_class_auc": [
        0.9517800513440047,
        0.9363051674428919,
        0.9475450584417782,
        0.926887079129695,
        0.9063412459601026
      ]
    },
    "age_lt45": {
      "n": 345,
      "macro_auc": 0.9182182907356061,
      "per_class_auc": [
        0.8751668149466192,
        0.9839412084921068,
        0.9626235833132385,
        0.8474781032920568,
        0.9218817436340095
      ]
    },
    "age_45_65": {
      "n": 703,
      "macro_auc": 0.923813457851596,
      "per_class_auc": [
        0.9254424634273772,
        0.9226421188630493,
        0.9490740740740741,
        0.9026212503504345,
        0.9192873825430449
      ]
    },
    "age_gt65": {
      "n": 1150,
      "macro_auc": 0.9173728452249144,
      "per_class_auc": [
        0.9515392129060717,
        0.9029189370441781,
        0.912598452883263,
        0.9288435409408795,
        0.8909640823501793
      ]
    },
    "meta_complete": {
      "n": 660,
      "macro_auc": 0.9406085882198887,
      "per_class_auc": [
        0.9592103326464527,
        0.9428604797150322,
        0.9373313696612666,
        0.9456563610163929,
        0.9179843980602993
      ]
    },
    "meta_incomplete": {
      "n": 1538,
      "macro_auc": 0.9233427907831858,
      "per_class_auc": [
        0.9461643742942042,
        0.9249686873347978,
        0.9354123831322497,
        0.906540062130004,
        0.9036284470246734
      ]
    },
    "fairness_sex_gap": 0.01224528531210023
  },
  "training_history": [
    {
      "epoch": 1,
      "train_loss": 0.6513333538803485,
      "val_auc": 0.9015185696009766,
      "val_f1": 0.6683538766441783,
      "val_auc_ecg": 0.8985666916551013,
      "val_delta_meta": 0.0012498580683376614,
      "lr": 0.0009755527298894294,
      "epoch_time_s": 241.94970703125
    },
    {
      "epoch": 2,
      "train_loss": 0.5611884413509194,
      "val_auc": 0.9132892314875191,
      "val_f1": 0.6956537939621495,
      "val_auc_ecg": 0.9127824928842987,
      "val_delta_meta": -8.667368327075486e-05,
      "lr": 0.0009046039886902864,
      "epoch_time_s": 241.9870629310608
    },
    {
      "epoch": 3,
      "train_loss": 0.5275751252239997,
      "val_auc": 0.9121389450025804,
      "val_f1": 0.691381365923133,
      "val_auc_ecg": 0.9107425192018864,
      "val_delta_meta": 0.0009104891993508835,
      "lr": 0.0007940987335200904,
      "epoch_time_s": 256.9785420894623
    },
    {
      "epoch": 4,
      "train_loss": 0.5042163798568445,
      "val_auc": 0.9248508640367493,
      "val_f1": 0.7229569190939336,
      "val_auc_ecg": 0.9238221340185637,
      "val_delta_meta": 0.0011019894285100307,
      "lr": 0.0006548539886902864,
      "epoch_time_s": 262.4196677207947
    },
    {
      "epoch": 5,
      "train_loss": 0.4835547688630743,
      "val_auc": 0.919053283160214,
      "val_f1": 0.7165604350935484,
      "val_auc_ecg": 0.919013333685667,
      "val_delta_meta": -0.0017120248579930442,
      "lr": 0.0005005000000000001,
      "epoch_time_s": 262.54344511032104
    },
    {
      "epoch": 6,
      "train_loss": 0.4612940675621733,
      "val_auc": 0.9257057779256783,
      "val_f1": 0.7291351927991654,
      "val_auc_ecg": 0.9241260708637438,
      "val_delta_meta": -2.4549426005160413e-05,
      "lr": 0.0003461460113097139,
      "epoch_time_s": 262.23565888404846
    },
    {
      "epoch": 7,
      "train_loss": 0.44073378421844694,
      "val_auc": 0.9285844400993314,
      "val_f1": 0.7284507701853979,
      "val_auc_ecg": 0.9284740156988427,
      "val_delta_meta": -5.34263911836641e-05,
      "lr": 0.00020690126647990973,
      "epoch_time_s": 261.91734790802
    },
    {
      "epoch": 8,
      "train_loss": 0.4203115369475216,
      "val_auc": 0.9265628053532271,
      "val_f1": 0.7333688525531123,
      "val_auc_ecg": 0.9266549640989844,
      "val_delta_meta": -0.0006253603742953917,
      "lr": 9.639601130971382e-05,
      "epoch_time_s": 263.18658447265625
    },
    {
      "epoch": 9,
      "train_loss": 0.4025441845896047,
      "val_auc": 0.9314831988129086,
      "val_f1": 0.7383633987560023,
      "val_auc_ecg": 0.9321604323547208,
      "val_delta_meta": -0.0004124688821576239,
      "lr": 2.5447270110570814e-05,
      "epoch_time_s": 263.39584040641785
    },
    {
      "epoch": 10,
      "train_loss": 0.39044584115163994,
      "val_auc": 0.9324199661134038,
      "val_f1": 0.7414949879691217,
      "val_auc_ecg": 0.9330655540489845,
      "val_delta_meta": -0.00025519656931172197,
      "lr": 0.001,
      "epoch_time_s": 262.6647198200226
    }
  ]
}