{
  "metadata": {
    "run_name": "ATLAS_A_v5_none_seed2029",
    "variant": "none",
    "seed": 2029,
    "meta_hid": 128,
    "lauc_weight": 0.08,
    "no_aug": false,
    "arch_mode": "standard",
    "meta_mask_mode": "real",
    "test_fold": 10,
    "val_fold": 9,
    "timestamp": "2026-05-04T01:10:21.753840",
    "git_sha": "b8fda1f7a68a5b217a3f76d88337426561bd26e4",
    "analysis_plan_sha256": "4ad22e907fbd431a0b443255a3449c0560371997d5ee36a61e164de7aea5c3dc",
    "wall_time_s": 2589.4838790893555,
    "train_time_s": 2560.3398776054382,
    "gpu_peak_mem_mb": 0,
    "num_parameters": 3951951,
    "dataset_sizes": {
      "train": 17418,
      "val": 2183,
      "test": 2198
    },
    "train_fold_ids": [
      1,
      2,
      3,
      4,
      5,
      6,
      7,
      8
    ],
    "pos_weights": [
      1.2930489778518677,
      2.9776203632354736,
      3.161012887954712,
      3.4581520557403564,
      7.21991491317749
    ],
    "loss_weights": {
      "fused": 0.52,
      "ecg": 0.3,
      "meta": 0.1,
      "lauc": 0.08
    },
    "hardware": {
      "python_version": "3.11.7 | packaged by Anaconda, Inc. | (main, Dec 15 2023, 18:05:47) [MSC v.1916 64 bit (AMD64)]",
      "torch_version": "2.3.1+cpu",
      "cuda_available": false,
      "numpy_version": "1.26.4",
      "sklearn_version": "1.4.2"
    },
    "best_val_auc": 0.9326287493709893,
    "best_val_epoch": 10
  },
  "test": {
    "macro_auc": 0.9282569471227532,
    "macro_auc_ecg": 0.9280051096040729,
    "macro_auc_no_meta": 0.9282569471227532,
    "delta_meta_auc": 0.0,
    "macro_f1_optimal": 0.7458391481635969,
    "macro_f1_fixed_05": 0.7403567445077917,
    "w_fused": 1.0,
    "thresholds": [
      0.6650000214576721,
      0.6800000071525574,
      0.6200000047683716,
      0.7850000262260437,
      0.5600000023841858
    ]
  },
  "per_class": {
    "NORM": {
      "auc": 0.9494292885340597,
      "f1": 0.8685657171414293,
      "threshold": 0.6650000214576721
    },
    "MI": {
      "auc": 0.9282060900264785,
      "f1": 0.724233983286908,
      "threshold": 0.6800000071525574
    },
    "STTC": {
      "auc": 0.9367152064112293,
      "f1": 0.7794245858761988,
      "threshold": 0.6200000047683716
    },
    "CD": {
      "auc": 0.9200099029604639,
      "f1": 0.7519294377067255,
      "threshold": 0.7850000262260437
    },
    "HYP": {
      "auc": 0.9069242476815342,
      "f1": 0.6050420168067226,
      "threshold": 0.5600000023841858
    }
  },
  "subgroups": {
    "sex_male": {
      "n": 1066,
      "macro_auc": 0.9188897750512011,
      "per_class_auc": [
        0.9429692836464962,
        0.9179586657526653,
        0.9189586209337722,
        0.9101154566257541,
        0.9044468482973176
      ]
    },
    "sex_female": {
      "n": 1132,
      "macro_auc": 0.9365721202895567,
      "per_class_auc": [
        0.9553948958018725,
        0.9363091997822538,
        0.9513315633961515,
        0.930459810033166,
        0.90936513243434
      ]
    },
    "age_lt45": {
      "n": 345,
      "macro_auc": 0.9313856473933843,
      "per_class_auc": [
        0.8991881672597866,
        0.9866630375612412,
        0.96684350132626,
        0.844155844155844,
        0.9600776866637895
      ]
    },
    "age_45_65": {
      "n": 703,
      "macro_auc": 0.9229852802187363,
      "per_class_auc": [
        0.9287650208986415,
        0.9234247664480223,
        0.9516953573291601,
        0.9046537706756379,
        0.9063874857422193
      ]
    },
    "age_gt65": {
      "n": 1150,
      "macro_auc": 0.9175303297259173,
      "per_class_auc": [
        0.9501685729590068,
        0.9045251068823874,
        0.9119127988748242,
        0.9327234560862466,
        0.8883217138271214
      ]
    },
    "meta_complete": {
      "n": 660,
      "macro_auc": 0.9405353743535031,
      "per_class_auc": [
        0.9588883573741538,
        0.9455174528095301,
        0.9344094256259204,
        0.9491803512576508,
        0.9146812847002601
      ]
    },
    "meta_incomplete": {
      "n": 1538,
      "macro_auc": 0.9240320207284828,
      "per_class_auc": [
        0.9475451752628465,
        0.9243583827566629,
        0.9376866974434573,
        0.9097942676279234,
        0.9007755805515238
      ]
    },
    "fairness_sex_gap": 0.017682345238355657
  },
  "training_history": [
    {
      "epoch": 1,
      "train_loss": 0.5955443796214708,
      "val_auc": 0.8935189104218502,
      "val_f1": 0.6658720891708203,
      "val_auc_ecg": 0.892595425005845,
      "val_delta_meta": 0.0,
      "lr": 0.0009755527298894294,
      "epoch_time_s": 241.8942792415619
    },
    {
      "epoch": 2,
      "train_loss": 0.5150752748918096,
      "val_auc": 0.9138329264283644,
      "val_f1": 0.7071366685334,
      "val_auc_ecg": 0.9131558748160067,
      "val_delta_meta": 0.0,
      "lr": 0.0009046039886902864,
      "epoch_time_s": 240.9583034515381
    },
    {
      "epoch": 3,
      "train_loss": 0.4770081137298444,
      "val_auc": 0.911833531992991,
      "val_f1": 0.6771973363651054,
      "val_auc_ecg": 0.912669124126165,
      "val_delta_meta": 0.0,
      "lr": 0.0007940987335200904,
      "epoch_time_s": 255.90219902992249
    },
    {
      "epoch": 4,
      "train_loss": 0.4524992202946899,
      "val_auc": 0.9186070538123869,
      "val_f1": 0.7119467323030546,
      "val_auc_ecg": 0.9180533979296459,
      "val_delta_meta": 0.0,
      "lr": 0.0006548539886902864,
      "epoch_time_s": 258.6476266384125
    },
    {
      "epoch": 5,
      "train_loss": 0.4302306384668438,
      "val_auc": 0.9230408213449091,
      "val_f1": 0.7182370278846681,
      "val_auc_ecg": 0.9222384009027502,
      "val_delta_meta": 0.0,
      "lr": 0.0005005000000000001,
      "epoch_time_s": 259.12717294692993
    },
    {
      "epoch": 6,
      "train_loss": 0.4116672566451064,
      "val_auc": 0.9280757854054725,
      "val_f1": 0.7284715582595702,
      "val_auc_ecg": 0.9283375634003308,
      "val_delta_meta": 0.0,
      "lr": 0.0003461460113097139,
      "epoch_time_s": 258.75861287117004
    },
    {
      "epoch": 7,
      "train_loss": 0.38905420401774415,
      "val_auc": 0.9254611278642907,
      "val_f1": 0.719546544562738,
      "val_auc_ecg": 0.9255674944654434,
      "val_delta_meta": 0.0,
      "lr": 0.00020690126647990973,
      "epoch_time_s": 258.8940694332123
    },
    {
      "epoch": 8,
      "train_loss": 0.36989992572626934,
      "val_auc": 0.93127891821707,
      "val_f1": 0.7349289131312307,
      "val_auc_ecg": 0.9316470650764265,
      "val_delta_meta": 0.0,
      "lr": 9.639601130971382e-05,
      "epoch_time_s": 259.2925765514374
    },
    {
      "epoch": 9,
      "train_loss": 0.3515315210873928,
      "val_auc": 0.9314349354772069,
      "val_f1": 0.742954942958496,
      "val_auc_ecg": 0.9316422918000701,
      "val_delta_meta": 0.0,
      "lr": 2.5447270110570814e-05,
      "epoch_time_s": 258.82235836982727
    },
    {
      "epoch": 10,
      "train_loss": 0.3403579348817878,
      "val_auc": 0.9326287493709893,
      "val_f1": 0.748922284828346,
      "val_auc_ecg": 0.9328455358166614,
      "val_delta_meta": 0.0,
      "lr": 0.001,
      "epoch_time_s": 258.78206276893616
    }
  ]
}