{
  "metadata": {
    "run_name": "ATLAS_A_v5_demo_seed2038",
    "variant": "demo",
    "seed": 2038,
    "meta_hid": 128,
    "lauc_weight": 0.08,
    "no_aug": false,
    "arch_mode": "standard",
    "meta_mask_mode": "real",
    "test_fold": 10,
    "val_fold": 9,
    "timestamp": "2026-05-04T22:20:36.880562",
    "git_sha": "b8fda1f7a68a5b217a3f76d88337426561bd26e4",
    "analysis_plan_sha256": "4ad22e907fbd431a0b443255a3449c0560371997d5ee36a61e164de7aea5c3dc",
    "wall_time_s": 2634.7073590755463,
    "train_time_s": 2605.3275792598724,
    "gpu_peak_mem_mb": 0,
    "num_parameters": 3951951,
    "dataset_sizes": {
      "train": 17418,
      "val": 2183,
      "test": 2198
    },
    "train_fold_ids": [
      1,
      2,
      3,
      4,
      5,
      6,
      7,
      8
    ],
    "pos_weights": [
      1.2930489778518677,
      2.9776203632354736,
      3.161012887954712,
      3.4581520557403564,
      7.21991491317749
    ],
    "loss_weights": {
      "fused": 0.52,
      "ecg": 0.3,
      "meta": 0.1,
      "lauc": 0.08
    },
    "hardware": {
      "python_version": "3.11.7 | packaged by Anaconda, Inc. | (main, Dec 15 2023, 18:05:47) [MSC v.1916 64 bit (AMD64)]",
      "torch_version": "2.3.1+cpu",
      "cuda_available": false,
      "numpy_version": "1.26.4",
      "sklearn_version": "1.4.2"
    },
    "best_val_auc": 0.9332354970261975,
    "best_val_epoch": 10
  },
  "test": {
    "macro_auc": 0.9259502473332123,
    "macro_auc_ecg": 0.9260313695012543,
    "macro_auc_no_meta": 0.9257761324333167,
    "delta_meta_auc": 0.00017411489989560547,
    "macro_f1_optimal": 0.7412084295014517,
    "macro_f1_fixed_05": 0.7249924982579069,
    "w_fused": 1.0,
    "thresholds": [
      0.6349999904632568,
      0.42500001192092896,
      0.7250000238418579,
      0.6499999761581421,
      0.7250000238418579
    ]
  },
  "per_class": {
    "NORM": {
      "auc": 0.9473608536077793,
      "f1": 0.8628404669260701,
      "threshold": 0.6349999904632568
    },
    "MI": {
      "auc": 0.9230814210061782,
      "f1": 0.7232597623089984,
      "threshold": 0.42500001192092896
    },
    "STTC": {
      "auc": 0.9362436578434435,
      "f1": 0.765639589169001,
      "threshold": 0.7250000238418579
    },
    "CD": {
      "auc": 0.9149837951556044,
      "f1": 0.7448132780082988,
      "threshold": 0.6499999761581421
    },
    "HYP": {
      "auc": 0.9080815090530566,
      "f1": 0.6094890510948905,
      "threshold": 0.7250000238418579
    }
  },
  "subgroups": {
    "sex_male": {
      "n": 1066,
      "macro_auc": 0.9181634017485318,
      "per_class_auc": [
        0.9421561080330908,
        0.91411305417402,
        0.9217018866588794,
        0.9055648013313916,
        0.9072811585452777
      ]
    },
    "sex_female": {
      "n": 1132,
      "macro_auc": 0.9336315180510141,
      "per_class_auc": [
        0.9543787123728984,
        0.9312647432407912,
        0.947815868502372,
        0.9254371494556253,
        0.9092611166833835
      ]
    },
    "age_lt45": {
      "n": 345,
      "macro_auc": 0.9258823786846634,
      "per_class_auc": [
        0.8899021352313167,
        0.9793140990745781,
        0.9658789486375694,
        0.8474025974025975,
        0.946914113077255
      ]
    },
    "age_45_65": {
      "n": 703,
      "macro_auc": 0.9221842617746088,
      "per_class_auc": [
        0.9265690308254962,
        0.9178220035778175,
        0.9526473656755348,
        0.8973927670311186,
        0.9164901417630764
      ]
    },
    "age_gt65": {
      "n": 1150,
      "macro_auc": 0.9141610548412265,
      "per_class_auc": [
        0.9488255033557047,
        0.8988649509598458,
        0.9104008438818566,
        0.9250746920687575,
        0.8876392839399679
      ]
    },
    "meta_complete": {
      "n": 660,
      "macro_auc": 0.9383454665277855,
      "per_class_auc": [
        0.9578396379158081,
        0.9402765003868669,
        0.9371428571428572,
        0.9449144683340229,
        0.9115538688593717
      ]
    },
    "meta_incomplete": {
      "n": 1538,
      "macro_auc": 0.9215340988223808,
      "per_class_auc": [
        0.9450455091877039,
        0.9188379970952054,
        0.9356596966287776,
        0.9041087861203916,
        0.9040185050798258
      ]
    },
    "fairness_sex_gap": 0.015468116302482238
  },
  "training_history": [
    {
      "epoch": 1,
      "train_loss": 0.6439200438490701,
      "val_auc": 0.9032371096745179,
      "val_f1": 0.6962777789878813,
      "val_auc_ecg": 0.899864400532336,
      "val_delta_meta": 0.0012086256837674503,
      "lr": 0.0009755527298894294,
      "epoch_time_s": 241.76330137252808
    },
    {
      "epoch": 2,
      "train_loss": 0.5561582987461615,
      "val_auc": 0.9173298174742452,
      "val_f1": 0.7016435871390344,
      "val_auc_ecg": 0.9160013306175152,
      "val_delta_meta": 0.0007781537986364384,
      "lr": 0.0009046039886902864,
      "epoch_time_s": 241.44644975662231
    },
    {
      "epoch": 3,
      "train_loss": 0.5217860925635066,
      "val_auc": 0.9057652680556109,
      "val_f1": 0.691704892824524,
      "val_auc_ecg": 0.9041589866097317,
      "val_delta_meta": 0.0007130424349526265,
      "lr": 0.0007940987335200904,
      "epoch_time_s": 258.33650970458984
    },
    {
      "epoch": 4,
      "train_loss": 0.5040683099982936,
      "val_auc": 0.9188059835652581,
      "val_f1": 0.7100782931716844,
      "val_auc_ecg": 0.9174017467543922,
      "val_delta_meta": 6.16226145067067e-06,
      "lr": 0.0006548539886902864,
      "epoch_time_s": 264.45120644569397
    },
    {
      "epoch": 5,
      "train_loss": 0.4818459168486639,
      "val_auc": 0.9256506785605731,
      "val_f1": 0.7264197802704845,
      "val_auc_ecg": 0.9251380285876805,
      "val_delta_meta": -0.00023083113160571322,
      "lr": 0.0005005000000000001,
      "epoch_time_s": 262.9434733390808
    },
    {
      "epoch": 6,
      "train_loss": 0.45906973366343645,
      "val_auc": 0.9253940576850102,
      "val_f1": 0.7315431736149137,
      "val_auc_ecg": 0.9248907308760567,
      "val_delta_meta": 0.000375990666738657,
      "lr": 0.0003461460113097139,
      "epoch_time_s": 264.08003973960876
    },
    {
      "epoch": 7,
      "train_loss": 0.43589145516583677,
      "val_auc": 0.9274784378547988,
      "val_f1": 0.7296305317766605,
      "val_auc_ecg": 0.9272693620974207,
      "val_delta_meta": -0.00013336613826753219,
      "lr": 0.00020690126647990973,
      "epoch_time_s": 265.8321249485016
    },
    {
      "epoch": 8,
      "train_loss": 0.4118476557622262,
      "val_auc": 0.9293514534998082,
      "val_f1": 0.7325888786376247,
      "val_auc_ecg": 0.9298262356357265,
      "val_delta_meta": -0.00037773527775752935,
      "lr": 9.639601130971382e-05,
      "epoch_time_s": 265.6006124019623
    },
    {
      "epoch": 9,
      "train_loss": 0.39533528639089077,
      "val_auc": 0.9321373975280174,
      "val_f1": 0.7378857005351687,
      "val_auc_ecg": 0.9327200155938693,
      "val_delta_meta": -0.0004607158918830123,
      "lr": 2.5447270110570814e-05,
      "epoch_time_s": 265.5776014328003
    },
    {
      "epoch": 10,
      "train_loss": 0.38203987944016765,
      "val_auc": 0.9332354970261975,
      "val_f1": 0.7405641703562877,
      "val_auc_ecg": 0.9336882679844909,
      "val_delta_meta": -0.0003681488548646916,
      "lr": 0.001,
      "epoch_time_s": 265.8116316795349
    }
  ]
}