{
  "metadata": {
    "run_name": "ATLAS_A_v5_demo_seed2042",
    "variant": "demo",
    "seed": 2042,
    "meta_hid": 128,
    "lauc_weight": 0.08,
    "no_aug": false,
    "arch_mode": "standard",
    "meta_mask_mode": "real",
    "test_fold": 10,
    "val_fold": 9,
    "timestamp": "2026-05-05T01:17:03.613576",
    "git_sha": "b8fda1f7a68a5b217a3f76d88337426561bd26e4",
    "analysis_plan_sha256": "4ad22e907fbd431a0b443255a3449c0560371997d5ee36a61e164de7aea5c3dc",
    "wall_time_s": 2652.3567340373993,
    "train_time_s": 2622.8381366729736,
    "gpu_peak_mem_mb": 0,
    "num_parameters": 3951951,
    "dataset_sizes": {
      "train": 17418,
      "val": 2183,
      "test": 2198
    },
    "train_fold_ids": [
      1,
      2,
      3,
      4,
      5,
      6,
      7,
      8
    ],
    "pos_weights": [
      1.2930489778518677,
      2.9776203632354736,
      3.161012887954712,
      3.4581520557403564,
      7.21991491317749
    ],
    "loss_weights": {
      "fused": 0.52,
      "ecg": 0.3,
      "meta": 0.1,
      "lauc": 0.08
    },
    "hardware": {
      "python_version": "3.11.7 | packaged by Anaconda, Inc. | (main, Dec 15 2023, 18:05:47) [MSC v.1916 64 bit (AMD64)]",
      "torch_version": "2.3.1+cpu",
      "cuda_available": false,
      "numpy_version": "1.26.4",
      "sklearn_version": "1.4.2"
    },
    "best_val_auc": 0.9319555772837544,
    "best_val_epoch": 9
  },
  "test": {
    "macro_auc": 0.9282751998331552,
    "macro_auc_ecg": 0.9280582017181949,
    "macro_auc_no_meta": 0.9280219607594656,
    "delta_meta_auc": 0.00025323907368957066,
    "macro_f1_optimal": 0.7491450857692243,
    "macro_f1_fixed_05": 0.7383064025334928,
    "w_fused": 1.0,
    "thresholds": [
      0.800000011920929,
      0.5600000023841858,
      0.6499999761581421,
      0.6650000214576721,
      0.574999988079071
    ]
  },
  "per_class": {
    "NORM": {
      "auc": 0.9495570942693421,
      "f1": 0.8648648648648649,
      "threshold": 0.800000011920929
    },
    "MI": {
      "auc": 0.9255753530450131,
      "f1": 0.7361963190184049,
      "threshold": 0.5600000023841858
    },
    "STTC": {
      "auc": 0.9345875151794003,
      "f1": 0.773602199816682,
      "threshold": 0.6499999761581421
    },
    "CD": {
      "auc": 0.9170686289374929,
      "f1": 0.746268656716418,
      "threshold": 0.6650000214576721
    },
    "HYP": {
      "auc": 0.9145874077345277,
      "f1": 0.6247933884297521,
      "threshold": 0.574999988079071
    }
  },
  "subgroups": {
    "sex_male": {
      "n": 1066,
      "macro_auc": 0.9198135119424318,
      "per_class_auc": [
        0.9437571604630403,
        0.9165584936481777,
        0.9173967293193162,
        0.909361348034117,
        0.9119938282475074
      ]
    },
    "sex_female": {
      "n": 1132,
      "macro_auc": 0.9364774360358323,
      "per_class_auc": [
        0.9561531007751938,
        0.9334986592471622,
        0.949426221184117,
        0.9253850561739221,
        0.9179241427987667
      ]
    },
    "age_lt45": {
      "n": 345,
      "macro_auc": 0.9266870245859226,
      "per_class_auc": [
        0.8857317615658363,
        0.977408818726184,
        0.958403665300217,
        0.8554817275747507,
        0.956409149762624
      ]
    },
    "age_45_65": {
      "n": 703,
      "macro_auc": 0.9262874579257975,
      "per_class_auc": [
        0.9298262800417973,
        0.9226545418405884,
        0.9501434533124674,
        0.908031959629941,
        0.9207810548041931
      ]
    },
    "age_gt65": {
      "n": 1150,
      "macro_auc": 0.9165975789223977,
      "per_class_auc": [
        0.9509326653432901,
        0.9003504065722191,
        0.910351617440225,
        0.9261853548012098,
        0.8951678504550443
      ]
    },
    "meta_complete": {
      "n": 660,
      "macro_auc": 0.9413578473531807,
      "per_class_auc": [
        0.9593759199293495,
        0.9441305712492153,
        0.9350103092783505,
        0.9459131700218287,
        0.92235926628716
      ]
    },
    "meta_incomplete": {
      "n": 1538,
      "macro_auc": 0.9237697614912603,
      "per_class_auc": [
        0.948108944502556,
        0.9209613041379501,
        0.9341709663653646,
        0.9067768595041322,
        0.9088307329462989
      ]
    },
    "fairness_sex_gap": 0.01666392409340056
  },
  "training_history": [
    {
      "epoch": 1,
      "train_loss": 0.6509215611930287,
      "val_auc": 0.9019578873714229,
      "val_f1": 0.6827688217882514,
      "val_auc_ecg": 0.901322275445839,
      "val_delta_meta": 0.0009105773272102269,
      "lr": 0.0009755527298894294,
      "epoch_time_s": 243.349604845047
    },
    {
      "epoch": 2,
      "train_loss": 0.5619297011729774,
      "val_auc": 0.9057959028067122,
      "val_f1": 0.6923036378565626,
      "val_auc_ecg": 0.9028252792640072,
      "val_delta_meta": 0.0018060651199316435,
      "lr": 0.0009046039886902864,
      "epoch_time_s": 243.77024745941162
    },
    {
      "epoch": 3,
      "train_loss": 0.5247766800429843,
      "val_auc": 0.9193655383586664,
      "val_f1": 0.7146532210492325,
      "val_auc_ecg": 0.9181602592700647,
      "val_delta_meta": 0.00017036977187612212,
      "lr": 0.0007940987335200904,
      "epoch_time_s": 259.8321330547333
    },
    {
      "epoch": 4,
      "train_loss": 0.501302963331205,
      "val_auc": 0.9223474516772334,
      "val_f1": 0.7239786365017961,
      "val_auc_ecg": 0.9214136316704191,
      "val_delta_meta": 0.0003167318702249622,
      "lr": 0.0006548539886902864,
      "epoch_time_s": 266.3876163959503
    },
    {
      "epoch": 5,
      "train_loss": 0.4806144457891447,
      "val_auc": 0.9274389161985788,
      "val_f1": 0.714607878333293,
      "val_auc_ecg": 0.9265679298147903,
      "val_delta_meta": 0.0005726083824904027,
      "lr": 0.0005005000000000001,
      "epoch_time_s": 266.72388792037964
    },
    {
      "epoch": 6,
      "train_loss": 0.46134348610125553,
      "val_auc": 0.9156194112860501,
      "val_f1": 0.705053781692192,
      "val_auc_ecg": 0.9135100811581787,
      "val_delta_meta": 0.001053277541136488,
      "lr": 0.0003461460113097139,
      "epoch_time_s": 266.25112867355347
    },
    {
      "epoch": 7,
      "train_loss": 0.43720997416098184,
      "val_auc": 0.9270781590027566,
      "val_f1": 0.7307917076572283,
      "val_auc_ecg": 0.9265259975184504,
      "val_delta_meta": 0.0002744028831589418,
      "lr": 0.00020690126647990973,
      "epoch_time_s": 266.1896560192108
    },
    {
      "epoch": 8,
      "train_loss": 0.4179351395423259,
      "val_auc": 0.9307370102944839,
      "val_f1": 0.7407232540918979,
      "val_auc_ecg": 0.9300843242296553,
      "val_delta_meta": 0.00023497583165243974,
      "lr": 9.639601130971382e-05,
      "epoch_time_s": 266.79310131073
    },
    {
      "epoch": 9,
      "train_loss": 0.397833987222899,
      "val_auc": 0.9319555772837544,
      "val_f1": 0.7426374825394988,
      "val_auc_ecg": 0.9316379459359231,
      "val_delta_meta": 6.591004340383844e-05,
      "lr": 2.5447270110570814e-05,
      "epoch_time_s": 267.5429120063782
    },
    {
      "epoch": 10,
      "train_loss": 0.3851511210750002,
      "val_auc": 0.9311039572138791,
      "val_f1": 0.7396213095698772,
      "val_auc_ecg": 0.9305761090769369,
      "val_delta_meta": 0.0001033526731231138,
      "lr": 0.001,
      "epoch_time_s": 267.39733719825745
    }
  ]
}