{
  "metadata": {
    "run_name": "ATLAS_A_v5_none_seed2024",
    "variant": "none",
    "seed": 2024,
    "meta_hid": 128,
    "lauc_weight": 0.08,
    "no_aug": false,
    "arch_mode": "standard",
    "meta_mask_mode": "real",
    "test_fold": 10,
    "val_fold": 9,
    "timestamp": "2026-05-03T21:33:11.512593",
    "git_sha": "b8fda1f7a68a5b217a3f76d88337426561bd26e4",
    "analysis_plan_sha256": "4ad22e907fbd431a0b443255a3449c0560371997d5ee36a61e164de7aea5c3dc",
    "wall_time_s": 18208.20970916748,
    "train_time_s": 18153.611964702606,
    "gpu_peak_mem_mb": 0,
    "num_parameters": 3951951,
    "dataset_sizes": {
      "train": 17418,
      "val": 2183,
      "test": 2198
    },
    "train_fold_ids": [
      1,
      2,
      3,
      4,
      5,
      6,
      7,
      8
    ],
    "pos_weights": [
      1.2930489778518677,
      2.9776203632354736,
      3.161012887954712,
      3.4581520557403564,
      7.21991491317749
    ],
    "loss_weights": {
      "fused": 0.52,
      "ecg": 0.3,
      "meta": 0.1,
      "lauc": 0.08
    },
    "hardware": {
      "python_version": "3.11.7 | packaged by Anaconda, Inc. | (main, Dec 15 2023, 18:05:47) [MSC v.1916 64 bit (AMD64)]",
      "torch_version": "2.3.1+cpu",
      "cuda_available": false,
      "numpy_version": "1.26.4",
      "sklearn_version": "1.4.2"
    },
    "best_val_auc": 0.9322013792566599,
    "best_val_epoch": 10
  },
  "test": {
    "macro_auc": 0.9262520893972702,
    "macro_auc_ecg": 0.9267117855647505,
    "macro_auc_no_meta": 0.9262520893972702,
    "delta_meta_auc": 0.0,
    "macro_f1_optimal": 0.7482930624169458,
    "macro_f1_fixed_05": 0.7331321604124954,
    "w_fused": 1.0,
    "thresholds": [
      0.6349999904632568,
      0.6200000047683716,
      0.6650000214576721,
      0.6349999904632568,
      0.6200000047683716
    ]
  },
  "per_class": {
    "NORM": {
      "auc": 0.9493334342325981,
      "f1": 0.8642822146006859,
      "threshold": 0.6349999904632568
    },
    "MI": {
      "auc": 0.9248201676963812,
      "f1": 0.7397504456327986,
      "threshold": 0.6200000047683716
    },
    "STTC": {
      "auc": 0.9331705804053257,
      "f1": 0.7666971637694419,
      "threshold": 0.6650000214576721
    },
    "CD": {
      "auc": 0.9163495981956712,
      "f1": 0.7529880478087649,
      "threshold": 0.6349999904632568
    },
    "HYP": {
      "auc": 0.9075866664563749,
      "f1": 0.6177474402730375,
      "threshold": 0.6200000047683716
    }
  },
  "subgroups": {
    "sex_male": {
      "n": 1066,
      "macro_auc": 0.9170697426792163,
      "per_class_auc": [
        0.9422645314482114,
        0.9164272275133819,
        0.9184232416551626,
        0.905455585604327,
        0.9027781271749977
      ]
    },
    "sex_female": {
      "n": 1132,
      "macro_auc": 0.9345944749398185,
      "per_class_auc": [
        0.9561122017517366,
        0.9320833081312123,
        0.9441986198358698,
        0.9276988661029016,
        0.9128793788773728
      ]
    },
    "age_lt45": {
      "n": 345,
      "macro_auc": 0.9270193093071526,
      "per_class_auc": [
        0.8927379893238434,
        0.9733260751224824,
        0.9659995177236556,
        0.8537450921171851,
        0.9492878722485973
      ]
    },
    "age_45_65": {
      "n": 703,
      "macro_auc": 0.9209925845345536,
      "per_class_auc": [
        0.9299242424242424,
        0.9172008547008547,
        0.9460485133020344,
        0.9020885898514158,
        0.909700722394221
      ]
    },
    "age_gt65": {
      "n": 1150,
      "macro_auc": 0.9156352144529782,
      "per_class_auc": [
        0.9506805936288873,
        0.9026708022466259,
        0.9088713080168777,
        0.9250820964869737,
        0.8908712718855264
      ]
    },
    "meta_complete": {
      "n": 660,
      "macro_auc": 0.9377373863643618,
      "per_class_auc": [
        0.9546566823667942,
        0.937955298617498,
        0.9345861561119293,
        0.9450856743376468,
        0.9164031203879401
      ]
    },
    "meta_incomplete": {
      "n": 1538,
      "macro_auc": 0.922117977385058,
      "per_class_auc": [
        0.9492416870057262,
        0.9220468807481866,
        0.9326434418279862,
        0.9057054099994138,
        0.9009524673439767
      ]
    },
    "fairness_sex_gap": 0.01752473226060225
  },
  "training_history": [
    {
      "epoch": 1,
      "train_loss": 0.5935274895178069,
      "val_auc": 0.9005582205438911,
      "val_f1": 0.6551656015144303,
      "val_auc_ecg": 0.8997990910876907,
      "val_delta_meta": 0.0,
      "lr": 0.0009755527298894294,
      "epoch_time_s": 442.95477080345154
    },
    {
      "epoch": 2,
      "train_loss": 0.5102890297907208,
      "val_auc": 0.907886486433363,
      "val_f1": 0.662301960955524,
      "val_auc_ecg": 0.9059964918038999,
      "val_delta_meta": 0.0,
      "lr": 0.0009046039886902864,
      "epoch_time_s": 237.41276955604553
    },
    {
      "epoch": 3,
      "train_loss": 0.47433422306262024,
      "val_auc": 0.9029339245576423,
      "val_f1": 0.6835457070611242,
      "val_auc_ecg": 0.9018797534440873,
      "val_delta_meta": 0.0,
      "lr": 0.0007940987335200904,
      "epoch_time_s": 251.4916262626648
    },
    {
      "epoch": 4,
      "train_loss": 0.4486799616605864,
      "val_auc": 0.9198220966519749,
      "val_f1": 0.7224827351646544,
      "val_auc_ecg": 0.9189014370475774,
      "val_delta_meta": 0.0,
      "lr": 0.0006548539886902864,
      "epoch_time_s": 263.7112412452698
    },
    {
      "epoch": 5,
      "train_loss": 0.4301137698079468,
      "val_auc": 0.9267450419914276,
      "val_f1": 0.7310803354709285,
      "val_auc_ecg": 0.9267991839118854,
      "val_delta_meta": 0.0,
      "lr": 0.0005005000000000001,
      "epoch_time_s": 15457.393984794617
    },
    {
      "epoch": 6,
      "train_loss": 0.40498906089625225,
      "val_auc": 0.9248560033372393,
      "val_f1": 0.7143851120454405,
      "val_auc_ecg": 0.9246533291126087,
      "val_delta_meta": 0.0,
      "lr": 0.0003461460113097139,
      "epoch_time_s": 443.49987053871155
    },
    {
      "epoch": 7,
      "train_loss": 0.38556360659796163,
      "val_auc": 0.928975373310689,
      "val_f1": 0.7405215844592036,
      "val_auc_ecg": 0.9289794337858652,
      "val_delta_meta": 0.0,
      "lr": 0.00020690126647990973,
      "epoch_time_s": 262.2042124271393
    },
    {
      "epoch": 8,
      "train_loss": 0.36355402188016733,
      "val_auc": 0.9259293096363684,
      "val_f1": 0.7350656777608702,
      "val_auc_ecg": 0.9259751433793765,
      "val_delta_meta": 0.0,
      "lr": 9.639601130971382e-05,
      "epoch_time_s": 263.8446879386902
    },
    {
      "epoch": 9,
      "train_loss": 0.34218133491113645,
      "val_auc": 0.9316057637857152,
      "val_f1": 0.739585573382514,
      "val_auc_ecg": 0.9315921985132635,
      "val_delta_meta": 0.0,
      "lr": 2.5447270110570814e-05,
      "epoch_time_s": 260.8343720436096
    },
    {
      "epoch": 10,
      "train_loss": 0.3316915387680771,
      "val_auc": 0.9322013792566599,
      "val_f1": 0.7437980523308287,
      "val_auc_ecg": 0.9322447246120202,
      "val_delta_meta": 0.0,
      "lr": 0.001,
      "epoch_time_s": 260.7385609149933
    }
  ]
}