{
  "metadata": {
    "run_name": "ATLAS_A_v5_none_seed2039",
    "variant": "none",
    "seed": 2039,
    "meta_hid": 128,
    "lauc_weight": 0.08,
    "no_aug": false,
    "arch_mode": "standard",
    "meta_mask_mode": "real",
    "test_fold": 10,
    "val_fold": 9,
    "timestamp": "2026-05-04T08:28:37.673883",
    "git_sha": "b8fda1f7a68a5b217a3f76d88337426561bd26e4",
    "analysis_plan_sha256": "4ad22e907fbd431a0b443255a3449c0560371997d5ee36a61e164de7aea5c3dc",
    "wall_time_s": 2600.9274384975433,
    "train_time_s": 2571.950001478195,
    "gpu_peak_mem_mb": 0,
    "num_parameters": 3951951,
    "dataset_sizes": {
      "train": 17418,
      "val": 2183,
      "test": 2198
    },
    "train_fold_ids": [
      1,
      2,
      3,
      4,
      5,
      6,
      7,
      8
    ],
    "pos_weights": [
      1.2930489778518677,
      2.9776203632354736,
      3.161012887954712,
      3.4581520557403564,
      7.21991491317749
    ],
    "loss_weights": {
      "fused": 0.52,
      "ecg": 0.3,
      "meta": 0.1,
      "lauc": 0.08
    },
    "hardware": {
      "python_version": "3.11.7 | packaged by Anaconda, Inc. | (main, Dec 15 2023, 18:05:47) [MSC v.1916 64 bit (AMD64)]",
      "torch_version": "2.3.1+cpu",
      "cuda_available": false,
      "numpy_version": "1.26.4",
      "sklearn_version": "1.4.2"
    },
    "best_val_auc": 0.9333638510057003,
    "best_val_epoch": 10
  },
  "test": {
    "macro_auc": 0.9279808517975663,
    "macro_auc_ecg": 0.9278908080656716,
    "macro_auc_no_meta": 0.9279808517975663,
    "delta_meta_auc": 0.0,
    "macro_f1_optimal": 0.742092557468957,
    "macro_f1_fixed_05": 0.7329434200706109,
    "w_fused": 1.0,
    "thresholds": [
      0.6650000214576721,
      0.6949999928474426,
      0.574999988079071,
      0.7099999785423279,
      0.7099999785423279
    ]
  },
  "per_class": {
    "NORM": {
      "auc": 0.9480789200415369,
      "f1": 0.8588410104011887,
      "threshold": 0.6650000214576721
    },
    "MI": {
      "auc": 0.9245476610767872,
      "f1": 0.7149489322191273,
      "threshold": 0.6949999928474426
    },
    "STTC": {
      "auc": 0.936530936218478,
      "f1": 0.7653239929947461,
      "threshold": 0.574999988079071
    },
    "CD": {
      "auc": 0.9215000852886547,
      "f1": 0.7487073422957601,
      "threshold": 0.7099999785423279
    },
    "HYP": {
      "auc": 0.9092466563623746,
      "f1": 0.6226415094339622,
      "threshold": 0.7099999785423279
    }
  },
  "subgroups": {
    "sex_male": {
      "n": 1066,
      "macro_auc": 0.918421214851296,
      "per_class_auc": [
        0.9411586126139802,
        0.9121683706955648,
        0.920250610597855,
        0.9110879966715206,
        0.9074404836775596
      ]
    },
    "sex_female": {
      "n": 1132,
      "macro_auc": 0.9365497005652414,
      "per_class_auc": [
        0.9546775898520085,
        0.9345793261960927,
        0.949566462108353,
        0.9324871069127785,
        0.9114380177569746
      ]
    },
    "age_lt45": {
      "n": 345,
      "macro_auc": 0.9324625168571696,
      "per_class_auc": [
        0.8966303380782918,
        0.9784975503538378,
        0.9686520376175548,
        0.8711869525823014,
        0.9473457056538628
      ]
    },
    "age_45_65": {
      "n": 703,
      "macro_auc": 0.9259643061766246,
      "per_class_auc": [
        0.9289527821316614,
        0.9197972570065593,
        0.951264997391758,
        0.9089711241940006,
        0.920835370159144
      ]
    },
    "age_gt65": {
      "n": 1150,
      "macro_auc": 0.915744869380952,
      "per_class_auc": [
        0.9494871916060118,
        0.9010914577919357,
        0.9116947960618846,
        0.9284622134027374,
        0.8879886880421906
      ]
    },
    "meta_complete": {
      "n": 660,
      "macro_auc": 0.9369528610823185,
      "per_class_auc": [
        0.9534975713865175,
        0.9436634111446882,
        0.9341620029455081,
        0.9441012398168096,
        0.9093400801180688
      ]
    },
    "meta_incomplete": {
      "n": 1538,
      "macro_auc": 0.9250251001037183,
      "per_class_auc": [
        0.9476232356191141,
        0.919573764983828,
        0.9376188074640183,
        0.913388429752066,
        0.9069212626995645
      ]
    },
    "fairness_sex_gap": 0.01812848571394543
  },
  "training_history": [
    {
      "epoch": 1,
      "train_loss": 0.5991759052517217,
      "val_auc": 0.9019439951162657,
      "val_f1": 0.689659200374263,
      "val_auc_ecg": 0.902279547291867,
      "val_delta_meta": 0.0,
      "lr": 0.0009755527298894294,
      "epoch_time_s": 240.65194010734558
    },
    {
      "epoch": 2,
      "train_loss": 0.5100970518151554,
      "val_auc": 0.9113585233404784,
      "val_f1": 0.6944508188883297,
      "val_auc_ecg": 0.9096696096511732,
      "val_delta_meta": 0.0,
      "lr": 0.0009046039886902864,
      "epoch_time_s": 241.4670877456665
    },
    {
      "epoch": 3,
      "train_loss": 0.4788057741768863,
      "val_auc": 0.917960822188919,
      "val_f1": 0.6937689800634319,
      "val_auc_ecg": 0.9172398765560145,
      "val_delta_meta": 0.0,
      "lr": 0.0007940987335200904,
      "epoch_time_s": 253.31879472732544
    },
    {
      "epoch": 4,
      "train_loss": 0.4522741538668991,
      "val_auc": 0.9215838267323759,
      "val_f1": 0.7072732774192165,
      "val_auc_ecg": 0.921118703027821,
      "val_delta_meta": 0.0,
      "lr": 0.0006548539886902864,
      "epoch_time_s": 260.02880597114563
    },
    {
      "epoch": 5,
      "train_loss": 0.43037537175034163,
      "val_auc": 0.9265820339220234,
      "val_f1": 0.6976007847950395,
      "val_auc_ecg": 0.9256425147464522,
      "val_delta_meta": 0.0,
      "lr": 0.0005005000000000001,
      "epoch_time_s": 260.30369329452515
    },
    {
      "epoch": 6,
      "train_loss": 0.40938050621146455,
      "val_auc": 0.9259586685623995,
      "val_f1": 0.7275706348587561,
      "val_auc_ecg": 0.9255132223062977,
      "val_delta_meta": 0.0,
      "lr": 0.0003461460113097139,
      "epoch_time_s": 261.2135076522827
    },
    {
      "epoch": 7,
      "train_loss": 0.38648863314488613,
      "val_auc": 0.930419377805196,
      "val_f1": 0.7444300756891902,
      "val_auc_ecg": 0.9296508165533052,
      "val_delta_meta": 0.0,
      "lr": 0.00020690126647990973,
      "epoch_time_s": 260.99523997306824
    },
    {
      "epoch": 8,
      "train_loss": 0.3642502342068821,
      "val_auc": 0.9324576094506943,
      "val_f1": 0.7421993257596962,
      "val_auc_ecg": 0.9319285076412553,
      "val_delta_meta": 0.0,
      "lr": 9.639601130971382e-05,
      "epoch_time_s": 260.8470604419708
    },
    {
      "epoch": 9,
      "train_loss": 0.34350239325554,
      "val_auc": 0.9327968740433654,
      "val_f1": 0.7472763465468981,
      "val_auc_ecg": 0.9323803454830969,
      "val_delta_meta": 0.0,
      "lr": 2.5447270110570814e-05,
      "epoch_time_s": 261.89274764060974
    },
    {
      "epoch": 10,
      "train_loss": 0.3321800089483961,
      "val_auc": 0.9333638510057003,
      "val_f1": 0.7443353545899101,
      "val_auc_ecg": 0.9329482271087048,
      "val_delta_meta": 0.0,
      "lr": 0.001,
      "epoch_time_s": 261.0721786022186
    }
  ]
}