{
  "metadata": {
    "run_name": "ATLAS_A_v5_none_seed2041",
    "variant": "none",
    "seed": 2041,
    "meta_hid": 128,
    "lauc_weight": 0.08,
    "no_aug": false,
    "arch_mode": "standard",
    "meta_mask_mode": "real",
    "test_fold": 10,
    "val_fold": 9,
    "timestamp": "2026-05-04T09:55:03.448804",
    "git_sha": "b8fda1f7a68a5b217a3f76d88337426561bd26e4",
    "analysis_plan_sha256": "4ad22e907fbd431a0b443255a3449c0560371997d5ee36a61e164de7aea5c3dc",
    "wall_time_s": 2586.677053451538,
    "train_time_s": 2557.493979215622,
    "gpu_peak_mem_mb": 0,
    "num_parameters": 3951951,
    "dataset_sizes": {
      "train": 17418,
      "val": 2183,
      "test": 2198
    },
    "train_fold_ids": [
      1,
      2,
      3,
      4,
      5,
      6,
      7,
      8
    ],
    "pos_weights": [
      1.2930489778518677,
      2.9776203632354736,
      3.161012887954712,
      3.4581520557403564,
      7.21991491317749
    ],
    "loss_weights": {
      "fused": 0.52,
      "ecg": 0.3,
      "meta": 0.1,
      "lauc": 0.08
    },
    "hardware": {
      "python_version": "3.11.7 | packaged by Anaconda, Inc. | (main, Dec 15 2023, 18:05:47) [MSC v.1916 64 bit (AMD64)]",
      "torch_version": "2.3.1+cpu",
      "cuda_available": false,
      "numpy_version": "1.26.4",
      "sklearn_version": "1.4.2"
    },
    "best_val_auc": 0.9307820684613446,
    "best_val_epoch": 9
  },
  "test": {
    "macro_auc": 0.9270054712705431,
    "macro_auc_ecg": 0.9271800617906305,
    "macro_auc_no_meta": 0.9270054712705431,
    "delta_meta_auc": 0.0,
    "macro_f1_optimal": 0.7380223948079715,
    "macro_f1_fixed_05": 0.7351504478134313,
    "w_fused": 1.0,
    "thresholds": [
      0.45500001311302185,
      0.6349999904632568,
      0.7250000238418579,
      0.7699999809265137,
      0.5299999713897705
    ]
  },
  "per_class": {
    "NORM": {
      "auc": 0.9471960514754415,
      "f1": 0.8481189038550859,
      "threshold": 0.45500001311302185
    },
    "MI": {
      "auc": 0.923918799646955,
      "f1": 0.7358156028368794,
      "threshold": 0.6349999904632568
    },
    "STTC": {
      "auc": 0.9335482770736978,
      "f1": 0.7573739295908658,
      "threshold": 0.7250000238418579
    },
    "CD": {
      "auc": 0.9195147549372655,
      "f1": 0.7508305647840532,
      "threshold": 0.7699999809265137
    },
    "HYP": {
      "auc": 0.9108494732193553,
      "f1": 0.597972972972973,
      "threshold": 0.5299999713897705
    }
  },
  "subgroups": {
    "sex_male": {
      "n": 1066,
      "macro_auc": 0.9177889957340334,
      "per_class_auc": [
        0.9411224714756065,
        0.9138019048174671,
        0.916095890410959,
        0.9125806116080715,
        0.9053441003580622
      ]
    },
    "sex_female": {
      "n": 1132,
      "macro_auc": 0.9351003408293801,
      "per_class_auc": [
        0.9526578073089701,
        0.9321115345067439,
        0.9479367658508514,
        0.9266917293233083,
        0.9161038671570266
      ]
    },
    "age_lt45": {
      "n": 345,
      "macro_auc": 0.9271584405338225,
      "per_class_auc": [
        0.8873443060498221,
        0.9804028307022319,
        0.9592476489028213,
        0.8448353971609786,
        0.9639620198532585
      ]
    },
    "age_45_65": {
      "n": 703,
      "macro_auc": 0.9253715627962924,
      "per_class_auc": [
        0.9299568965517241,
        0.9215985887497515,
        0.9492436098069901,
        0.9085365853658537,
        0.9175221335071424
      ]
    },
    "age_gt65": {
      "n": 1150,
      "macro_auc": 0.9140522028959397,
      "per_class_auc": [
        0.946738034470807,
        0.8978657054237572,
        0.9080907172995781,
        0.928791710013365,
        0.8887748472721914
      ]
    },
    "meta_complete": {
      "n": 660,
      "macro_auc": 0.9356516105196476,
      "per_class_auc": [
        0.9528996173093905,
        0.9377217185652345,
        0.9302621502209131,
        0.9425175842832889,
        0.9148569822194111
      ]
    },
    "meta_incomplete": {
      "n": 1538,
      "macro_auc": 0.9242621132303841,
      "per_class_auc": [
        0.9470681397523232,
        0.9216279608809651,
        0.9350050432556154,
        0.9111916065881249,
        0.9064178156748912
      ]
    },
    "fairness_sex_gap": 0.01731134509534671
  },
  "training_history": [
    {
      "epoch": 1,
      "train_loss": 0.601910316506657,
      "val_auc": 0.8944355482020269,
      "val_f1": 0.6898217577900813,
      "val_auc_ecg": 0.8927153690044097,
      "val_delta_meta": 0.0,
      "lr": 0.0009755527298894294,
      "epoch_time_s": 240.83137464523315
    },
    {
      "epoch": 2,
      "train_loss": 0.5136049518344599,
      "val_auc": 0.9069413590169708,
      "val_f1": 0.694722679938762,
      "val_auc_ecg": 0.9066424311441923,
      "val_delta_meta": 0.0,
      "lr": 0.0009046039886902864,
      "epoch_time_s": 239.96789717674255
    },
    {
      "epoch": 3,
      "train_loss": 0.48137492028945084,
      "val_auc": 0.9178850355522925,
      "val_f1": 0.6936317365334678,
      "val_auc_ecg": 0.9169930094035763,
      "val_delta_meta": 0.0,
      "lr": 0.0007940987335200904,
      "epoch_time_s": 252.39343905448914
    },
    {
      "epoch": 4,
      "train_loss": 0.45613504506032404,
      "val_auc": 0.9197110147567493,
      "val_f1": 0.7236140644476015,
      "val_auc_ecg": 0.9185690625344491,
      "val_delta_meta": 0.0,
      "lr": 0.0006548539886902864,
      "epoch_time_s": 259.1002540588379
    },
    {
      "epoch": 5,
      "train_loss": 0.42982844251011487,
      "val_auc": 0.9201808688887054,
      "val_f1": 0.7176971853488437,
      "val_auc_ecg": 0.9188520489472412,
      "val_delta_meta": 0.0,
      "lr": 0.0005005000000000001,
      "epoch_time_s": 258.6994380950928
    },
    {
      "epoch": 6,
      "train_loss": 0.40978899179795464,
      "val_auc": 0.9264324053246696,
      "val_f1": 0.7318937702841035,
      "val_auc_ecg": 0.9258369307236972,
      "val_delta_meta": 0.0,
      "lr": 0.0003461460113097139,
      "epoch_time_s": 259.06849932670593
    },
    {
      "epoch": 7,
      "train_loss": 0.38764013907778155,
      "val_auc": 0.9303558197690194,
      "val_f1": 0.7245463562628409,
      "val_auc_ecg": 0.930095404285375,
      "val_delta_meta": 0.0,
      "lr": 0.00020690126647990973,
      "epoch_time_s": 259.6287519931793
    },
    {
      "epoch": 8,
      "train_loss": 0.3669883086047041,
      "val_auc": 0.929298504494041,
      "val_f1": 0.7435263080155393,
      "val_auc_ecg": 0.9286626221946535,
      "val_delta_meta": 0.0,
      "lr": 9.639601130971382e-05,
      "epoch_time_s": 259.0813891887665
    },
    {
      "epoch": 9,
      "train_loss": 0.34808455784933284,
      "val_auc": 0.9307820684613446,
      "val_f1": 0.7457475425823821,
      "val_auc_ecg": 0.9304028739712852,
      "val_delta_meta": 0.0,
      "lr": 2.5447270110570814e-05,
      "epoch_time_s": 260.3414011001587
    },
    {
      "epoch": 10,
      "train_loss": 0.3370343570042094,
      "val_auc": 0.9306138540212764,
      "val_f1": 0.7399744184952138,
      "val_auc_ecg": 0.9301830690777096,
      "val_delta_meta": 0.0,
      "lr": 0.001,
      "epoch_time_s": 259.20843410491943
    }
  ]
}