{
  "metadata": {
    "run_name": "ATLAS_A_v5_demo+anthro_seed2028",
    "variant": "demo+anthro",
    "seed": 2028,
    "meta_hid": 128,
    "lauc_weight": 0.08,
    "no_aug": false,
    "arch_mode": "standard",
    "meta_mask_mode": "real",
    "test_fold": 10,
    "val_fold": 9,
    "timestamp": "2026-05-05T05:41:03.854521",
    "git_sha": "b8fda1f7a68a5b217a3f76d88337426561bd26e4",
    "analysis_plan_sha256": "4ad22e907fbd431a0b443255a3449c0560371997d5ee36a61e164de7aea5c3dc",
    "wall_time_s": 2640.966002225876,
    "train_time_s": 2611.2878589630127,
    "gpu_peak_mem_mb": 0,
    "num_parameters": 3951951,
    "dataset_sizes": {
      "train": 17418,
      "val": 2183,
      "test": 2198
    },
    "train_fold_ids": [
      1,
      2,
      3,
      4,
      5,
      6,
      7,
      8
    ],
    "pos_weights": [
      1.2930489778518677,
      2.9776203632354736,
      3.161012887954712,
      3.4581520557403564,
      7.21991491317749
    ],
    "loss_weights": {
      "fused": 0.52,
      "ecg": 0.3,
      "meta": 0.1,
      "lauc": 0.08
    },
    "hardware": {
      "python_version": "3.11.7 | packaged by Anaconda, Inc. | (main, Dec 15 2023, 18:05:47) [MSC v.1916 64 bit (AMD64)]",
      "torch_version": "2.3.1+cpu",
      "cuda_available": false,
      "numpy_version": "1.26.4",
      "sklearn_version": "1.4.2"
    },
    "best_val_auc": 0.934502263683265,
    "best_val_epoch": 10
  },
  "test": {
    "macro_auc": 0.9300183375096115,
    "macro_auc_ecg": 0.9278574511318318,
    "macro_auc_no_meta": 0.9287162591914349,
    "delta_meta_auc": 0.001302078318176636,
    "macro_f1_optimal": 0.7512389397041619,
    "macro_f1_fixed_05": 0.7404010282414534,
    "w_fused": 1.0,
    "thresholds": [
      0.6650000214576721,
      0.5299999713897705,
      0.574999988079071,
      0.6949999928474426,
      0.6650000214576721
    ]
  },
  "per_class": {
    "NORM": {
      "auc": 0.9521493645448391,
      "f1": 0.8661338661338661,
      "threshold": 0.6650000214576721
    },
    "MI": {
      "auc": 0.9330494263018534,
      "f1": 0.7463952502120441,
      "threshold": 0.5299999713897705
    },
    "STTC": {
      "auc": 0.9368834531089587,
      "f1": 0.771960958296362,
      "threshold": 0.574999988079071
    },
    "CD": {
      "auc": 0.9164147492513551,
      "f1": 0.7494824016563147,
      "threshold": 0.6949999928474426
    },
    "HYP": {
      "auc": 0.9115946943410512,
      "f1": 0.6222222222222222,
      "threshold": 0.6650000214576721
    }
  },
  "subgroups": {
    "sex_male": {
      "n": 1066,
      "macro_auc": 0.922419218409287,
      "per_class_auc": [
        0.9466231527360649,
        0.9221494586487367,
        0.9217372836359775,
        0.910120657374662,
        0.9114655396509942
      ]
    },
    "sex_female": {
      "n": 1132,
      "macro_auc": 0.9374022391902969,
      "per_class_auc": [
        0.9584874911909795,
        0.9426641666162623,
        0.9492376213204892,
        0.9239134209658095,
        0.9127084958579442
      ]
    },
    "age_lt45": {
      "n": 345,
      "macro_auc": 0.933457970504457,
      "per_class_auc": [
        0.9050822953736655,
        0.9896570495372891,
        0.9561128526645768,
        0.877076411960133,
        0.9393612429866206
      ]
    },
    "age_45_65": {
      "n": 703,
      "macro_auc": 0.9270159293947108,
      "per_class_auc": [
        0.9318508359456634,
        0.9320338898827271,
        0.953377673448096,
        0.8968460891505466,
        0.920971158546521
      ]
    },
    "age_gt65": {
      "n": 1150,
      "macro_auc": 0.9181227364181505,
      "per_class_auc": [
        0.9529689321612,
        0.9077240338670467,
        0.9132383966244725,
        0.9246045115120194,
        0.8920778079260137
      ]
    },
    "meta_complete": {
      "n": 660,
      "macro_auc": 0.9397337241326055,
      "per_class_auc": [
        0.9580512216661761,
        0.9423641221039722,
        0.9375670103092785,
        0.9409624630837055,
        0.9197238034998947
      ]
    },
    "meta_incomplete": {
      "n": 1538,
      "macro_auc": 0.9259324361068506,
      "per_class_auc": [
        0.9508254449006638,
        0.9294343305894436,
        0.9362197889591496,
        0.9073090674638064,
        0.9058735486211901
      ]
    },
    "fairness_sex_gap": 0.014983020781009881
  },
  "training_history": [
    {
      "epoch": 1,
      "train_loss": 0.6493859157649748,
      "val_auc": 0.9034891006663252,
      "val_f1": 0.6732957930117811,
      "val_auc_ecg": 0.9009145349075265,
      "val_delta_meta": 0.0014854435697962964,
      "lr": 0.0009755527298894294,
      "epoch_time_s": 243.3598084449768
    },
    {
      "epoch": 2,
      "train_loss": 0.5647154704146429,
      "val_auc": 0.9089825310106792,
      "val_f1": 0.6920064349625759,
      "val_auc_ecg": 0.9062909275916476,
      "val_delta_meta": 0.001644871789051372,
      "lr": 0.0009046039886902864,
      "epoch_time_s": 242.32384610176086
    },
    {
      "epoch": 3,
      "train_loss": 0.5297694959224911,
      "val_auc": 0.9181288002389134,
      "val_f1": 0.714243208146866,
      "val_auc_ecg": 0.9162191400483521,
      "val_delta_meta": -0.00023352366032369787,
      "lr": 0.0007940987335200904,
      "epoch_time_s": 258.4648628234863
    },
    {
      "epoch": 4,
      "train_loss": 0.5011754417638167,
      "val_auc": 0.924803893283652,
      "val_f1": 0.7234286200364641,
      "val_auc_ecg": 0.9229043305262821,
      "val_delta_meta": 0.001233332543068455,
      "lr": 0.0006548539886902864,
      "epoch_time_s": 264.96518874168396
    },
    {
      "epoch": 5,
      "train_loss": 0.4789282851809755,
      "val_auc": 0.9199630711486902,
      "val_f1": 0.7215414966695272,
      "val_auc_ecg": 0.9175953632377176,
      "val_delta_meta": 0.00024671257063235696,
      "lr": 0.0005005000000000001,
      "epoch_time_s": 264.45642280578613
    },
    {
      "epoch": 6,
      "train_loss": 0.45851962391389617,
      "val_auc": 0.9287684486846517,
      "val_f1": 0.7248927253443378,
      "val_auc_ecg": 0.9278035667889799,
      "val_delta_meta": -0.0006159325329074816,
      "lr": 0.0003461460113097139,
      "epoch_time_s": 267.1943621635437
    },
    {
      "epoch": 7,
      "train_loss": 0.4366677438447235,
      "val_auc": 0.9282645902669302,
      "val_f1": 0.7325740959274885,
      "val_auc_ecg": 0.9274316471816946,
      "val_delta_meta": -0.00011307417651251761,
      "lr": 0.00020690126647990973,
      "epoch_time_s": 264.9092535972595
    },
    {
      "epoch": 8,
      "train_loss": 0.41597534885647103,
      "val_auc": 0.9315978385845586,
      "val_f1": 0.7411860002198988,
      "val_auc_ecg": 0.9306589077582791,
      "val_delta_meta": -0.00021818750702029543,
      "lr": 9.639601130971382e-05,
      "epoch_time_s": 265.4501829147339
    },
    {
      "epoch": 9,
      "train_loss": 0.39906821814152077,
      "val_auc": 0.9295386800151981,
      "val_f1": 0.7356389530724698,
      "val_auc_ecg": 0.9279897505983487,
      "val_delta_meta": 0.0003388098337308021,
      "lr": 2.5447270110570814e-05,
      "epoch_time_s": 265.5374655723572
    },
    {
      "epoch": 10,
      "train_loss": 0.3879855793277058,
      "val_auc": 0.934502263683265,
      "val_f1": 0.7473947280382307,
      "val_auc_ecg": 0.9334693577517494,
      "val_delta_meta": 0.00036166710389384793,
      "lr": 0.001,
      "epoch_time_s": 265.7493782043457
    }
  ]
}