{
  "metadata": {
    "run_name": "ATLAS_A_v5_demo_seed2036",
    "variant": "demo",
    "seed": 2036,
    "meta_hid": 128,
    "lauc_weight": 0.08,
    "no_aug": false,
    "arch_mode": "standard",
    "meta_mask_mode": "real",
    "test_fold": 10,
    "val_fold": 9,
    "timestamp": "2026-05-04T20:52:42.637492",
    "git_sha": "b8fda1f7a68a5b217a3f76d88337426561bd26e4",
    "analysis_plan_sha256": "4ad22e907fbd431a0b443255a3449c0560371997d5ee36a61e164de7aea5c3dc",
    "wall_time_s": 2655.9849309921265,
    "train_time_s": 2626.1867678165436,
    "gpu_peak_mem_mb": 0,
    "num_parameters": 3951951,
    "dataset_sizes": {
      "train": 17418,
      "val": 2183,
      "test": 2198
    },
    "train_fold_ids": [
      1,
      2,
      3,
      4,
      5,
      6,
      7,
      8
    ],
    "pos_weights": [
      1.2930489778518677,
      2.9776203632354736,
      3.161012887954712,
      3.4581520557403564,
      7.21991491317749
    ],
    "loss_weights": {
      "fused": 0.52,
      "ecg": 0.3,
      "meta": 0.1,
      "lauc": 0.08
    },
    "hardware": {
      "python_version": "3.11.7 | packaged by Anaconda, Inc. | (main, Dec 15 2023, 18:05:47) [MSC v.1916 64 bit (AMD64)]",
      "torch_version": "2.3.1+cpu",
      "cuda_available": false,
      "numpy_version": "1.26.4",
      "sklearn_version": "1.4.2"
    },
    "best_val_auc": 0.9327053285877553,
    "best_val_epoch": 10
  },
  "test": {
    "macro_auc": 0.9270983233060563,
    "macro_auc_ecg": 0.926624339798827,
    "macro_auc_no_meta": 0.9268451487485629,
    "delta_meta_auc": 0.00025317455749340745,
    "macro_f1_optimal": 0.7478018139311274,
    "macro_f1_fixed_05": 0.734386958378311,
    "w_fused": 1.0,
    "thresholds": [
      0.7400000095367432,
      0.6800000071525574,
      0.5299999713897705,
      0.7549999952316284,
      0.7250000238418579
    ]
  },
  "per_class": {
    "NORM": {
      "auc": 0.9491686321002603,
      "f1": 0.8601716304896517,
      "threshold": 0.7400000095367432
    },
    "MI": {
      "auc": 0.9293413503971757,
      "f1": 0.7333333333333333,
      "threshold": 0.6800000071525574
    },
    "STTC": {
      "auc": 0.9327253561507902,
      "f1": 0.7705779334500875,
      "threshold": 0.5299999713897705
    },
    "CD": {
      "auc": 0.9137281566278761,
      "f1": 0.7510729613733905,
      "threshold": 0.7549999952316284
    },
    "HYP": {
      "auc": 0.9105281212541796,
      "f1": 0.6238532110091743,
      "threshold": 0.7250000238418579
    }
  },
  "subgroups": {
    "sex_male": {
      "n": 1066,
      "macro_auc": 0.9206127554497325,
      "per_class_auc": [
        0.9446751453777291,
        0.9212694893747357,
        0.9156844005521928,
        0.9085604327023091,
        0.9128743092416961
      ]
    },
    "sex_female": {
      "n": 1132,
      "macro_auc": 0.9335152067964652,
      "per_class_auc": [
        0.9548097251585624,
        0.9363212968003387,
        0.9472839201690628,
        0.9196547951865807,
        0.9095062966677812
      ]
    },
    "age_lt45": {
      "n": 345,
      "macro_auc": 0.9192094428499032,
      "per_class_auc": [
        0.8792259786476868,
        0.9711486118671747,
        0.9527369182541597,
        0.8471005738447599,
        0.9458351316357358
      ]
    },
    "age_45_65": {
      "n": 703,
      "macro_auc": 0.9230433714055672,
      "per_class_auc": [
        0.929173197492163,
        0.9227290797058239,
        0.9494913928012519,
        0.8933137089991591,
        0.9205094780294388
      ]
    },
    "age_gt65": {
      "n": 1150,
      "macro_auc": 0.9167990570276929,
      "per_class_auc": [
        0.9517046349686485,
        0.9072780618660408,
        0.9084985935302391,
        0.9264889359480801,
        0.8900250588254562
      ]
    },
    "meta_complete": {
      "n": 660,
      "macro_auc": 0.9400057568496594,
      "per_class_auc": [
        0.9575728584044745,
        0.947064920655776,
        0.9319941089837998,
        0.9420039662724172,
        0.9213929299318293
      ]
    },
    "meta_incomplete": {
      "n": 1538,
      "macro_auc": 0.9225249515362229,
      "per_class_auc": [
        0.9481297605975607,
        0.9251345540842562,
        0.9327355782286535,
        0.9034499736240549,
        0.9031748911465893
      ]
    },
    "fairness_sex_gap": 0.012902451346732624
  },
  "training_history": [
    {
      "epoch": 1,
      "train_loss": 0.6503630196829454,
      "val_auc": 0.9025923656440961,
      "val_f1": 0.6771006634245984,
      "val_auc_ecg": 0.9018984413361866,
      "val_delta_meta": 0.0007023326240414018,
      "lr": 0.0009755527298894294,
      "epoch_time_s": 242.61154508590698
    },
    {
      "epoch": 2,
      "train_loss": 0.5618787918068947,
      "val_auc": 0.9066863948051369,
      "val_f1": 0.6800886541143355,
      "val_auc_ecg": 0.9030601282511819,
      "val_delta_meta": 3.8846735677333655e-05,
      "lr": 0.0009046039886902864,
      "epoch_time_s": 241.6550567150116
    },
    {
      "epoch": 3,
      "train_loss": 0.5275506889054534,
      "val_auc": 0.9169363896053155,
      "val_f1": 0.7003411672291279,
      "val_auc_ecg": 0.9159974666319146,
      "val_delta_meta": -0.00013644451196792584,
      "lr": 0.0007940987335200904,
      "epoch_time_s": 257.7879455089569
    },
    {
      "epoch": 4,
      "train_loss": 0.49766900916712,
      "val_auc": 0.9132062542285968,
      "val_f1": 0.6921202839013896,
      "val_auc_ecg": 0.9122384614319916,
      "val_delta_meta": 0.00016486791375702747,
      "lr": 0.0006548539886902864,
      "epoch_time_s": 264.46765971183777
    },
    {
      "epoch": 5,
      "train_loss": 0.4810342443098716,
      "val_auc": 0.9234515699943333,
      "val_f1": 0.7188762903730862,
      "val_auc_ecg": 0.922180168573022,
      "val_delta_meta": 0.0010960400998244468,
      "lr": 0.0005005000000000001,
      "epoch_time_s": 264.39702892303467
    },
    {
      "epoch": 6,
      "train_loss": 0.46030597910968535,
      "val_auc": 0.9277761723139182,
      "val_f1": 0.743668723267637,
      "val_auc_ecg": 0.927017515478178,
      "val_delta_meta": 0.0005752776706970941,
      "lr": 0.0003461460113097139,
      "epoch_time_s": 264.72601795196533
    },
    {
      "epoch": 7,
      "train_loss": 0.43712102929386526,
      "val_auc": 0.929819183814238,
      "val_f1": 0.7416881970831593,
      "val_auc_ecg": 0.9294509884955782,
      "val_delta_meta": 0.0003159314090206422,
      "lr": 0.00020690126647990973,
      "epoch_time_s": 269.6069326400757
    },
    {
      "epoch": 8,
      "train_loss": 0.4175429100290351,
      "val_auc": 0.9302295465550035,
      "val_f1": 0.7470349381002066,
      "val_auc_ecg": 0.930334639378436,
      "val_delta_meta": -5.495977719038869e-06,
      "lr": 9.639601130971382e-05,
      "epoch_time_s": 265.86690306663513
    },
    {
      "epoch": 9,
      "train_loss": 0.4014108118387537,
      "val_auc": 0.9309029997631578,
      "val_f1": 0.742913923653228,
      "val_auc_ecg": 0.931015245118018,
      "val_delta_meta": -1.9642859405699653e-05,
      "lr": 2.5447270110570814e-05,
      "epoch_time_s": 273.469842672348
    },
    {
      "epoch": 10,
      "train_loss": 0.38771548604746475,
      "val_auc": 0.9327053285877553,
      "val_f1": 0.7434684211255681,
      "val_auc_ecg": 0.932634404888419,
      "val_delta_meta": 0.00011141421160743015,
      "lr": 0.001,
      "epoch_time_s": 270.89118933677673
    }
  ]
}