{
  "metadata": {
    "run_name": "ATLAS_A_v5_demo+anthro_seed2026",
    "variant": "demo+anthro",
    "seed": 2026,
    "meta_hid": 128,
    "lauc_weight": 0.08,
    "no_aug": false,
    "arch_mode": "standard",
    "meta_mask_mode": "real",
    "test_fold": 10,
    "val_fold": 9,
    "timestamp": "2026-05-05T04:13:09.525775",
    "git_sha": "b8fda1f7a68a5b217a3f76d88337426561bd26e4",
    "analysis_plan_sha256": "4ad22e907fbd431a0b443255a3449c0560371997d5ee36a61e164de7aea5c3dc",
    "wall_time_s": 2627.439882993698,
    "train_time_s": 2597.632224082947,
    "gpu_peak_mem_mb": 0,
    "num_parameters": 3951951,
    "dataset_sizes": {
      "train": 17418,
      "val": 2183,
      "test": 2198
    },
    "train_fold_ids": [
      1,
      2,
      3,
      4,
      5,
      6,
      7,
      8
    ],
    "pos_weights": [
      1.2930489778518677,
      2.9776203632354736,
      3.161012887954712,
      3.4581520557403564,
      7.21991491317749
    ],
    "loss_weights": {
      "fused": 0.52,
      "ecg": 0.3,
      "meta": 0.1,
      "lauc": 0.08
    },
    "hardware": {
      "python_version": "3.11.7 | packaged by Anaconda, Inc. | (main, Dec 15 2023, 18:05:47) [MSC v.1916 64 bit (AMD64)]",
      "torch_version": "2.3.1+cpu",
      "cuda_available": false,
      "numpy_version": "1.26.4",
      "sklearn_version": "1.4.2"
    },
    "best_val_auc": 0.9340307036724793,
    "best_val_epoch": 10
  },
  "test": {
    "macro_auc": 0.9304675760853833,
    "macro_auc_ecg": 0.9286134571677593,
    "macro_auc_no_meta": 0.9291018195118348,
    "delta_meta_auc": 0.0013657565735485377,
    "macro_f1_optimal": 0.7468595338140773,
    "macro_f1_fixed_05": 0.7370293185110679,
    "w_fused": 1.0,
    "thresholds": [
      0.6949999928474426,
      0.574999988079071,
      0.6499999761581421,
      0.6800000071525574,
      0.6200000047683716
    ]
  },
  "per_class": {
    "NORM": {
      "auc": 0.9506791781754892,
      "f1": 0.8667992047713717,
      "threshold": 0.6949999928474426
    },
    "MI": {
      "auc": 0.9325364077669902,
      "f1": 0.7425474254742548,
      "threshold": 0.574999988079071
    },
    "STTC": {
      "auc": 0.93883259682483,
      "f1": 0.7802197802197802,
      "threshold": 0.6499999761581421
    },
    "CD": {
      "auc": 0.9164396251089798,
      "f1": 0.7370517928286853,
      "threshold": 0.6800000071525574
    },
    "HYP": {
      "auc": 0.9138500725506277,
      "f1": 0.6076794657762938,
      "threshold": 0.6200000047683716
    }
  },
  "subgroups": {
    "sex_male": {
      "n": 1066,
      "macro_auc": 0.9233772326920823,
      "per_class_auc": [
        0.9461117556280787,
        0.9229565022922956,
        0.9244938232274964,
        0.9093093405450383,
        0.9140147417675027
      ]
    },
    "sex_female": {
      "n": 1132,
      "macro_auc": 0.9372131212834575,
      "per_class_auc": [
        0.9560870331219167,
        0.9403858948769129,
        0.9506835536083023,
        0.9247295490458247,
        0.9141795757643301
      ]
    },
    "age_lt45": {
      "n": 345,
      "macro_auc": 0.9316892855937766,
      "per_class_auc": [
        0.9037477758007118,
        0.9863908546543276,
        0.9625030142271521,
        0.8575958924796134,
        0.9482088908070782
      ]
    },
    "age_45_65": {
      "n": 703,
      "macro_auc": 0.9252013007620168,
      "per_class_auc": [
        0.9269690438871474,
        0.9291517590936196,
        0.9483959311424099,
        0.8996495654611719,
        0.9218402042257346
      ]
    },
    "age_gt65": {
      "n": 1150,
      "macro_auc": 0.9200734969782444,
      "per_class_auc": [
        0.9515845070422535,
        0.907838041747003,
        0.9182700421940928,
        0.9275070434528283,
        0.8951678504550443
      ]
    },
    "meta_complete": {
      "n": 660,
      "macro_auc": 0.9439426673862001,
      "per_class_auc": [
        0.962200103032087,
        0.9472401056949737,
        0.9412783505154638,
        0.9462841163630138,
        0.9227106613254621
      ]
    },
    "meta_incomplete": {
      "n": 1538,
      "macro_auc": 0.9250431053446311,
      "per_class_auc": [
        0.9468747235362382,
        0.9273227192790325,
        0.9375290957054739,
        0.9053068401617725,
        0.9081821480406386
      ]
    },
    "fairness_sex_gap": 0.01383588859137519
  },
  "training_history": [
    {
      "epoch": 1,
      "train_loss": 0.6474131285597425,
      "val_auc": 0.9023608396979764,
      "val_f1": 0.6575788874252769,
      "val_auc_ecg": 0.8974086099425289,
      "val_delta_meta": 0.001345332306846303,
      "lr": 0.0009755527298894294,
      "epoch_time_s": 242.50965809822083
    },
    {
      "epoch": 2,
      "train_loss": 0.5563063528559623,
      "val_auc": 0.9147543955454633,
      "val_f1": 0.6947616159101668,
      "val_auc_ecg": 0.9138237349996906,
      "val_delta_meta": 0.0006829017390856951,
      "lr": 0.0009046039886902864,
      "epoch_time_s": 242.64134883880615
    },
    {
      "epoch": 3,
      "train_loss": 0.5243686724693404,
      "val_auc": 0.910948668317513,
      "val_f1": 0.6891586552462606,
      "val_auc_ecg": 0.9093972350257411,
      "val_delta_meta": 0.0005147749948032354,
      "lr": 0.0007940987335200904,
      "epoch_time_s": 258.1290509700775
    },
    {
      "epoch": 4,
      "train_loss": 0.49736173426339386,
      "val_auc": 0.9264102044963254,
      "val_f1": 0.7196364195307781,
      "val_auc_ecg": 0.9254286687073456,
      "val_delta_meta": 0.0005782174461177458,
      "lr": 0.0006548539886902864,
      "epoch_time_s": 263.9779806137085
    },
    {
      "epoch": 5,
      "train_loss": 0.4790020926556456,
      "val_auc": 0.922046610372879,
      "val_f1": 0.7155740170916542,
      "val_auc_ecg": 0.921634831357078,
      "val_delta_meta": -0.00047929858059281294,
      "lr": 0.0005005000000000001,
      "epoch_time_s": 263.62770915031433
    },
    {
      "epoch": 6,
      "train_loss": 0.4575626576712372,
      "val_auc": 0.9275524696664744,
      "val_f1": 0.7323840815456526,
      "val_auc_ecg": 0.9255092604754168,
      "val_delta_meta": 0.00039890372063999813,
      "lr": 0.0003461460113097139,
      "epoch_time_s": 263.0381934642792
    },
    {
      "epoch": 7,
      "train_loss": 0.4348504042133279,
      "val_auc": 0.9308807268883287,
      "val_f1": 0.737556811085898,
      "val_auc_ecg": 0.9300342246817804,
      "val_delta_meta": -1.2576483678694572e-05,
      "lr": 0.00020690126647990973,
      "epoch_time_s": 263.26840901374817
    },
    {
      "epoch": 8,
      "train_loss": 0.4144732817597345,
      "val_auc": 0.9283841979146705,
      "val_f1": 0.7324119461628997,
      "val_auc_ecg": 0.926831729135877,
      "val_delta_meta": 0.0001708059438582099,
      "lr": 9.639601130971382e-05,
      "epoch_time_s": 264.15765023231506
    },
    {
      "epoch": 9,
      "train_loss": 0.39535100938530143,
      "val_auc": 0.9334916339029853,
      "val_f1": 0.740056806870672,
      "val_auc_ecg": 0.932440055193511,
      "val_delta_meta": 0.0005284548980079018,
      "lr": 2.5447270110570814e-05,
      "epoch_time_s": 263.72522139549255
    },
    {
      "epoch": 10,
      "train_loss": 0.3828733664040172,
      "val_auc": 0.9340307036724793,
      "val_f1": 0.7440731772598593,
      "val_auc_ecg": 0.9330654185201658,
      "val_delta_meta": 0.00028332887465187806,
      "lr": 0.001,
      "epoch_time_s": 263.84131026268005
    }
  ]
}