{
  "metadata": {
    "run_name": "ATLAS_A_v5_demo+anthro_seed2043",
    "variant": "demo+anthro",
    "seed": 2043,
    "meta_hid": 128,
    "lauc_weight": 0.08,
    "no_aug": false,
    "arch_mode": "standard",
    "meta_mask_mode": "real",
    "test_fold": 10,
    "val_fold": 9,
    "timestamp": "2026-05-05T16:44:38.481410",
    "git_sha": "b8fda1f7a68a5b217a3f76d88337426561bd26e4",
    "analysis_plan_sha256": "4ad22e907fbd431a0b443255a3449c0560371997d5ee36a61e164de7aea5c3dc",
    "wall_time_s": 2620.0460591316223,
    "train_time_s": 2591.0201964378357,
    "gpu_peak_mem_mb": 0,
    "num_parameters": 3951951,
    "dataset_sizes": {
      "train": 17418,
      "val": 2183,
      "test": 2198
    },
    "train_fold_ids": [
      1,
      2,
      3,
      4,
      5,
      6,
      7,
      8
    ],
    "pos_weights": [
      1.2930489778518677,
      2.9776203632354736,
      3.161012887954712,
      3.4581520557403564,
      7.21991491317749
    ],
    "loss_weights": {
      "fused": 0.52,
      "ecg": 0.3,
      "meta": 0.1,
      "lauc": 0.08
    },
    "hardware": {
      "python_version": "3.11.7 | packaged by Anaconda, Inc. | (main, Dec 15 2023, 18:05:47) [MSC v.1916 64 bit (AMD64)]",
      "torch_version": "2.3.1+cpu",
      "cuda_available": false,
      "numpy_version": "1.26.4",
      "sklearn_version": "1.4.2"
    },
    "best_val_auc": 0.934149491571732,
    "best_val_epoch": 10
  },
  "test": {
    "macro_auc": 0.9299863711650918,
    "macro_auc_ecg": 0.928079826325251,
    "macro_auc_no_meta": 0.9283138645412411,
    "delta_meta_auc": 0.0016725066238506558,
    "macro_f1_optimal": 0.7514682924190088,
    "macro_f1_fixed_05": 0.7391006946179449,
    "w_fused": 1.0,
    "thresholds": [
      0.5450000166893005,
      0.5450000166893005,
      0.7099999785423279,
      0.6650000214576721,
      0.7400000095367432
    ]
  },
  "per_class": {
    "NORM": {
      "auc": 0.9493855655193578,
      "f1": 0.8565928777670837,
      "threshold": 0.5450000166893005
    },
    "MI": {
      "auc": 0.9296778464254194,
      "f1": 0.7399650959860384,
      "threshold": 0.5450000166893005
    },
    "STTC": {
      "auc": 0.9398787021426847,
      "f1": 0.7784986098239111,
      "threshold": 0.7099999785423279
    },
    "CD": {
      "auc": 0.9176739414730297,
      "f1": 0.7558257345491388,
      "threshold": 0.6650000214576721
    },
    "HYP": {
      "auc": 0.9133158002649674,
      "f1": 0.6264591439688716,
      "threshold": 0.7400000095367432
    }
  },
  "subgroups": {
    "sex_male": {
      "n": 1066,
      "macro_auc": 0.9213854464187982,
      "per_class_auc": [
        0.9435439277466362,
        0.9170349411003991,
        0.9253300768114403,
        0.9105003120449344,
        0.9105179743905814
      ]
    },
    "sex_female": {
      "n": 1132,
      "macro_auc": 0.938069717311404,
      "per_class_auc": [
        0.955284783046411,
        0.9403496038226578,
        0.9521971884112638,
        0.926331417458195,
        0.9161855938184926
      ]
    },
    "age_lt45": {
      "n": 345,
      "macro_auc": 0.9235032423708729,
      "per_class_auc": [
        0.889957740213523,
        0.9738704409363093,
        0.966120086809742,
        0.8643914225309574,
        0.9231765213638325
      ]
    },
    "age_45_65": {
      "n": 703,
      "macro_auc": 0.9308154150848882,
      "per_class_auc": [
        0.9344223484848484,
        0.9295492943748758,
        0.9545513823682837,
        0.9025791982057751,
        0.9329748519906578
      ]
    },
    "age_gt65": {
      "n": 1150,
      "macro_auc": 0.9172109252701091,
      "per_class_auc": [
        0.9473800296184265,
        0.9043205633330538,
        0.9164627285513363,
        0.925933604581854,
        0.8919577002658746
      ]
    },
    "meta_complete": {
      "n": 660,
      "macro_auc": 0.9416161012851543,
      "per_class_auc": [
        0.9594035178098321,
        0.942261930831107,
        0.9382739322533137,
        0.9451142086715841,
        0.923026916859934
      ]
    },
    "meta_incomplete": {
      "n": 1538,
      "macro_auc": 0.9250485063820444,
      "per_class_auc": [
        0.9455780542849065,
        0.92409469715496,
        0.940479885168949,
        0.9073114119922632,
        0.9077784833091437
      ]
    },
    "fairness_sex_gap": 0.016684270892605824
  },
  "training_history": [
    {
      "epoch": 1,
      "train_loss": 0.6382782276070446,
      "val_auc": 0.9014095744226612,
      "val_f1": 0.6991557792759577,
      "val_auc_ecg": 0.8959310084726683,
      "val_delta_meta": 0.0009275738795547772,
      "lr": 0.0009755527298894294,
      "epoch_time_s": 241.98148393630981
    },
    {
      "epoch": 2,
      "train_loss": 0.5539770390462437,
      "val_auc": 0.9129877615478431,
      "val_f1": 0.6897673976754521,
      "val_auc_ecg": 0.9116087244371134,
      "val_delta_meta": -7.566340027131968e-05,
      "lr": 0.0009046039886902864,
      "epoch_time_s": 241.67124319076538
    },
    {
      "epoch": 3,
      "train_loss": 0.5185865367771288,
      "val_auc": 0.9196766780619958,
      "val_f1": 0.7232191613745418,
      "val_auc_ecg": 0.9180970780640351,
      "val_delta_meta": 0.0006756283383205774,
      "lr": 0.0007940987335200904,
      "epoch_time_s": 257.02741718292236
    },
    {
      "epoch": 4,
      "train_loss": 0.49534508771852614,
      "val_auc": 0.9249583275326506,
      "val_f1": 0.7170155373235294,
      "val_auc_ecg": 0.9240216414680698,
      "val_delta_meta": 1.7715299744480717e-05,
      "lr": 0.0006548539886902864,
      "epoch_time_s": 262.041766166687
    },
    {
      "epoch": 5,
      "train_loss": 0.47363461461089074,
      "val_auc": 0.9261528148179309,
      "val_f1": 0.7231906334062241,
      "val_auc_ecg": 0.9249820711027983,
      "val_delta_meta": 0.0004479999996662709,
      "lr": 0.0005005000000000001,
      "epoch_time_s": 261.9084966182709
    },
    {
      "epoch": 6,
      "train_loss": 0.45329255674957136,
      "val_auc": 0.9273697706275819,
      "val_f1": 0.7286774809122096,
      "val_auc_ecg": 0.9257963209272588,
      "val_delta_meta": 0.001145707378448102,
      "lr": 0.0003461460113097139,
      "epoch_time_s": 262.72849893569946
    },
    {
      "epoch": 7,
      "train_loss": 0.4334700981684781,
      "val_auc": 0.9242715656073166,
      "val_f1": 0.7300378130074766,
      "val_auc_ecg": 0.9241891026039462,
      "val_delta_meta": -0.0006753246816421088,
      "lr": 0.00020690126647990973,
      "epoch_time_s": 263.3384213447571
    },
    {
      "epoch": 8,
      "train_loss": 0.4090812464919659,
      "val_auc": 0.9312311888503352,
      "val_f1": 0.7337487196623214,
      "val_auc_ecg": 0.9306351009874808,
      "val_delta_meta": 0.00014536639612494628,
      "lr": 9.639601130971382e-05,
      "epoch_time_s": 263.11088132858276
    },
    {
      "epoch": 9,
      "train_loss": 0.3934475710359188,
      "val_auc": 0.9319447864019661,
      "val_f1": 0.742887268273105,
      "val_auc_ecg": 0.9315307047525627,
      "val_delta_meta": -0.00021278346720399188,
      "lr": 2.5447270110570814e-05,
      "epoch_time_s": 263.09755301475525
    },
    {
      "epoch": 10,
      "train_loss": 0.3811099579301449,
      "val_auc": 0.934149491571732,
      "val_f1": 0.7443341434205843,
      "val_auc_ecg": 0.9330999789721371,
      "val_delta_meta": 0.0005035240625609338,
      "lr": 0.001,
      "epoch_time_s": 263.89094376564026
    }
  ]
}