{
  "metadata": {
    "run_name": "ATLAS_A_v5_demo+anthro_seed2036",
    "variant": "demo+anthro",
    "seed": 2036,
    "meta_hid": 128,
    "lauc_weight": 0.08,
    "no_aug": false,
    "arch_mode": "standard",
    "meta_mask_mode": "real",
    "test_fold": 10,
    "val_fold": 9,
    "timestamp": "2026-05-05T11:36:48.499589",
    "git_sha": "b8fda1f7a68a5b217a3f76d88337426561bd26e4",
    "analysis_plan_sha256": "4ad22e907fbd431a0b443255a3449c0560371997d5ee36a61e164de7aea5c3dc",
    "wall_time_s": 2629.0952491760254,
    "train_time_s": 2599.743683576584,
    "gpu_peak_mem_mb": 0,
    "num_parameters": 3951951,
    "dataset_sizes": {
      "train": 17418,
      "val": 2183,
      "test": 2198
    },
    "train_fold_ids": [
      1,
      2,
      3,
      4,
      5,
      6,
      7,
      8
    ],
    "pos_weights": [
      1.2930489778518677,
      2.9776203632354736,
      3.161012887954712,
      3.4581520557403564,
      7.21991491317749
    ],
    "loss_weights": {
      "fused": 0.52,
      "ecg": 0.3,
      "meta": 0.1,
      "lauc": 0.08
    },
    "hardware": {
      "python_version": "3.11.7 | packaged by Anaconda, Inc. | (main, Dec 15 2023, 18:05:47) [MSC v.1916 64 bit (AMD64)]",
      "torch_version": "2.3.1+cpu",
      "cuda_available": false,
      "numpy_version": "1.26.4",
      "sklearn_version": "1.4.2"
    },
    "best_val_auc": 0.9342264190069726,
    "best_val_epoch": 10
  },
  "test": {
    "macro_auc": 0.9307585465980341,
    "macro_auc_ecg": 0.9291801826398846,
    "macro_auc_no_meta": 0.9293513168552607,
    "delta_meta_auc": 0.0014072297427734082,
    "macro_f1_optimal": 0.7510656359976706,
    "macro_f1_fixed_05": 0.7391307482378555,
    "w_fused": 1.0,
    "thresholds": [
      0.5899999737739563,
      0.6650000214576721,
      0.6349999904632568,
      0.6650000214576721,
      0.7549999952316284
    ]
  },
  "per_class": {
    "NORM": {
      "auc": 0.9523217341220291,
      "f1": 0.861969111969112,
      "threshold": 0.5899999737739563
    },
    "MI": {
      "auc": 0.9344240953221535,
      "f1": 0.7357798165137615,
      "threshold": 0.6650000214576721
    },
    "STTC": {
      "auc": 0.9370459771298945,
      "f1": 0.7738317757009345,
      "threshold": 0.6349999904632568
    },
    "CD": {
      "auc": 0.9205216348887457,
      "f1": 0.7563710499490316,
      "threshold": 0.6650000214576721
    },
    "HYP": {
      "auc": 0.9094792915273484,
      "f1": 0.6273764258555133,
      "threshold": 0.7549999952316284
    }
  },
  "subgroups": {
    "sex_male": {
      "n": 1066,
      "macro_auc": 0.92265543366846,
      "per_class_auc": [
        0.9455389185848576,
        0.924303195601126,
        0.921843474567272,
        0.9091533180778033,
        0.9124382615112407
      ]
    },
    "sex_female": {
      "n": 1132,
      "macro_auc": 0.9386423900978068,
      "per_class_auc": [
        0.9602115423336354,
        0.9428496542268997,
        0.9494890878053263,
        0.932886488739169,
        0.9077751773840038
      ]
    },
    "age_lt45": {
      "n": 345,
      "macro_auc": 0.9285481831513579,
      "per_class_auc": [
        0.8915702846975089,
        0.9787697332607512,
        0.9629852905714975,
        0.8700543642404107,
        0.9393612429866206
      ]
    },
    "age_45_65": {
      "n": 703,
      "macro_auc": 0.9287541509851568,
      "per_class_auc": [
        0.9331243469174504,
        0.9332140727489565,
        0.949660928534168,
        0.9085926548920661,
        0.9191787518331432
      ]
    },
    "age_gt65": {
      "n": 1150,
      "macro_auc": 0.9194915460728741,
      "per_class_auc": [
        0.9540441755679491,
        0.9114930002514879,
        0.914549929676512,
        0.927858753318105,
        0.889511871550317
      ]
    },
    "meta_complete": {
      "n": 660,
      "macro_auc": 0.9424447061749343,
      "per_class_auc": [
        0.9622736973800412,
        0.9472839019547731,
        0.9385095729013255,
        0.9503359917821118,
        0.91382036685642
      ]
    },
    "meta_incomplete": {
      "n": 1538,
      "macro_auc": 0.9258403327130873,
      "per_class_auc": [
        0.9488218957564656,
        0.9293024877885923,
        0.9361058307793769,
        0.9091659340015239,
        0.9058055152394775
      ]
    },
    "fairness_sex_gap": 0.015986956429346777
  },
  "training_history": [
    {
      "epoch": 1,
      "train_loss": 0.6469347505394472,
      "val_auc": 0.9010394621330233,
      "val_f1": 0.6696117400516312,
      "val_auc_ecg": 0.9005891089144331,
      "val_delta_meta": 0.002060591793023425,
      "lr": 0.0009755527298894294,
      "epoch_time_s": 241.35124254226685
    },
    {
      "epoch": 2,
      "train_loss": 0.5591358843746536,
      "val_auc": 0.9068366702303832,
      "val_f1": 0.6852688936559213,
      "val_auc_ecg": 0.9059078700372721,
      "val_delta_meta": -0.0004347313061581204,
      "lr": 0.0009046039886902864,
      "epoch_time_s": 240.90430092811584
    },
    {
      "epoch": 3,
      "train_loss": 0.5254207172525038,
      "val_auc": 0.9164401658951457,
      "val_f1": 0.7040290975036279,
      "val_auc_ecg": 0.915414974993704,
      "val_delta_meta": -0.00028120212392868105,
      "lr": 0.0007940987335200904,
      "epoch_time_s": 257.19749450683594
    },
    {
      "epoch": 4,
      "train_loss": 0.49549617067389534,
      "val_auc": 0.9135839735487921,
      "val_f1": 0.6871615352282279,
      "val_auc_ecg": 0.9122637873369245,
      "val_delta_meta": 3.6468169091308233e-05,
      "lr": 0.0006548539886902864,
      "epoch_time_s": 263.8273723125458
    },
    {
      "epoch": 5,
      "train_loss": 0.4783612127697796,
      "val_auc": 0.9251942799068573,
      "val_f1": 0.7222707769866055,
      "val_auc_ecg": 0.9243144107962589,
      "val_delta_meta": 0.0004293266438794019,
      "lr": 0.0005005000000000001,
      "epoch_time_s": 264.3263113498688
    },
    {
      "epoch": 6,
      "train_loss": 0.45680190078709104,
      "val_auc": 0.9292782755297188,
      "val_f1": 0.7372644625897897,
      "val_auc_ecg": 0.9278158531364703,
      "val_delta_meta": 0.0008896472452993853,
      "lr": 0.0003461460113097139,
      "epoch_time_s": 264.04481172561646
    },
    {
      "epoch": 7,
      "train_loss": 0.4336711469593398,
      "val_auc": 0.9314516026607785,
      "val_f1": 0.7390456492204462,
      "val_auc_ecg": 0.9312853050057065,
      "val_delta_meta": 3.488427761211277e-05,
      "lr": 0.00020690126647990973,
      "epoch_time_s": 263.8797571659088
    },
    {
      "epoch": 8,
      "train_loss": 0.4134762202380994,
      "val_auc": 0.9318241656639948,
      "val_f1": 0.7440155990422287,
      "val_auc_ecg": 0.931561751158859,
      "val_delta_meta": -7.187652790707766e-05,
      "lr": 9.639601130971382e-05,
      "epoch_time_s": 264.37953758239746
    },
    {
      "epoch": 9,
      "train_loss": 0.39690521416860985,
      "val_auc": 0.9318760599043612,
      "val_f1": 0.7445968936089525,
      "val_auc_ecg": 0.9313163191898426,
      "val_delta_meta": -7.335051128531944e-05,
      "lr": 2.5447270110570814e-05,
      "epoch_time_s": 264.6883113384247
    },
    {
      "epoch": 10,
      "train_loss": 0.38328355342969983,
      "val_auc": 0.9342264190069726,
      "val_f1": 0.7429438268030003,
      "val_auc_ecg": 0.933732379728309,
      "val_delta_meta": 0.0001112728955489084,
      "lr": 0.001,
      "epoch_time_s": 264.999064207077
    }
  ]
}