{
  "metadata": {
    "run_name": "ATLAS_A_v5_demo_seed2025",
    "variant": "demo",
    "seed": 2025,
    "meta_hid": 128,
    "lauc_weight": 0.08,
    "no_aug": false,
    "arch_mode": "standard",
    "meta_mask_mode": "real",
    "test_fold": 10,
    "val_fold": 9,
    "timestamp": "2026-05-04T12:49:29.982510",
    "git_sha": "b8fda1f7a68a5b217a3f76d88337426561bd26e4",
    "analysis_plan_sha256": "4ad22e907fbd431a0b443255a3449c0560371997d5ee36a61e164de7aea5c3dc",
    "wall_time_s": 2634.7934913635254,
    "train_time_s": 2605.312884092331,
    "gpu_peak_mem_mb": 0,
    "num_parameters": 3951951,
    "dataset_sizes": {
      "train": 17418,
      "val": 2183,
      "test": 2198
    },
    "train_fold_ids": [
      1,
      2,
      3,
      4,
      5,
      6,
      7,
      8
    ],
    "pos_weights": [
      1.2930489778518677,
      2.9776203632354736,
      3.161012887954712,
      3.4581520557403564,
      7.21991491317749
    ],
    "loss_weights": {
      "fused": 0.52,
      "ecg": 0.3,
      "meta": 0.1,
      "lauc": 0.08
    },
    "hardware": {
      "python_version": "3.11.7 | packaged by Anaconda, Inc. | (main, Dec 15 2023, 18:05:47) [MSC v.1916 64 bit (AMD64)]",
      "torch_version": "2.3.1+cpu",
      "cuda_available": false,
      "numpy_version": "1.26.4",
      "sklearn_version": "1.4.2"
    },
    "best_val_auc": 0.9334971682329846,
    "best_val_epoch": 10
  },
  "test": {
    "macro_auc": 0.9293103529741005,
    "macro_auc_ecg": 0.929166179549213,
    "macro_auc_no_meta": 0.9295097627010206,
    "delta_meta_auc": -0.00019940972692011893,
    "macro_f1_optimal": 0.7517161893010412,
    "macro_f1_fixed_05": 0.7348085770210598,
    "w_fused": 1.0,
    "thresholds": [
      0.7699999809265137,
      0.39500001072883606,
      0.6800000071525574,
      0.7549999952316284,
      0.6800000071525574
    ]
  },
  "per_class": {
    "NORM": {
      "auc": 0.9484976519900278,
      "f1": 0.8616004026170105,
      "threshold": 0.7699999809265137
    },
    "MI": {
      "auc": 0.9302305825242719,
      "f1": 0.7319932998324958,
      "threshold": 0.39500001072883606
    },
    "STTC": {
      "auc": 0.9362516695909545,
      "f1": 0.7767527675276753,
      "threshold": 0.6800000071525574
    },
    "CD": {
      "auc": 0.9194448656229861,
      "f1": 0.7547169811320755,
      "threshold": 0.7549999952316284
    },
    "HYP": {
      "auc": 0.9121269951422624,
      "f1": 0.6335174953959485,
      "threshold": 0.6800000071525574
    }
  },
  "subgroups": {
    "sex_male": {
      "n": 1066,
      "macro_auc": 0.92091926622574,
      "per_class_auc": [
        0.9434571890145396,
        0.9189455926179815,
        0.9212417259566034,
        0.9093353442895777,
        0.9116164792499979
      ]
    },
    "sex_female": {
      "n": 1132,
      "macro_auc": 0.9370234672464169,
      "per_class_auc": [
        0.9537809574146784,
        0.9394221657694711,
        0.9484445347144647,
        0.930746323082533,
        0.912723355250938
      ]
    },
    "age_lt45": {
      "n": 345,
      "macro_auc": 0.9277687826358194,
      "per_class_auc": [
        0.8948509786476868,
        0.9866630375612412,
        0.965034965034965,
        0.860918151615826,
        0.9313767803193785
      ]
    },
    "age_45_65": {
      "n": 703,
      "macro_auc": 0.9239877733150486,
      "per_class_auc": [
        0.9240056818181819,
        0.9216607036374479,
        0.9503129890453834,
        0.9030698065601346,
        0.9208896855140948
      ]
    },
    "age_gt65": {
      "n": 1150,
      "macro_auc": 0.9186478727695044,
      "per_class_auc": [
        0.9500701074455683,
        0.9076435577164892,
        0.912317158931083,
        0.9302244649382287,
        0.8929840748161534
      ]
    },
    "meta_complete": {
      "n": 660,
      "macro_auc": 0.9429645184664442,
      "per_class_auc": [
        0.9584191934059465,
        0.9485101972291566,
        0.9362238586156112,
        0.950821075459046,
        0.9208482676224611
      ]
    },
    "meta_incomplete": {
      "n": 1538,
      "macro_auc": 0.9244527233656561,
      "per_class_auc": [
        0.945942335947488,
        0.926004291270518,
        0.9361203786321138,
        0.9082187445050114,
        0.9059778664731496
      ]
    },
    "fairness_sex_gap": 0.01610420102067689
  },
  "training_history": [
    {
      "epoch": 1,
      "train_loss": 0.64393860364179,
      "val_auc": 0.8990411513613316,
      "val_f1": 0.6649636041396089,
      "val_auc_ecg": 0.8959511740529613,
      "val_delta_meta": 0.0015407994180778317,
      "lr": 0.0009755527298894294,
      "epoch_time_s": 242.10851740837097
    },
    {
      "epoch": 2,
      "train_loss": 0.5617449945266094,
      "val_auc": 0.9142670083797182,
      "val_f1": 0.6914288462267837,
      "val_auc_ecg": 0.9131292166997194,
      "val_delta_meta": -1.4092041877189487e-05,
      "lr": 0.0009046039886902864,
      "epoch_time_s": 242.26512145996094
    },
    {
      "epoch": 3,
      "train_loss": 0.5285269339150245,
      "val_auc": 0.9155098822726394,
      "val_f1": 0.7044841063272704,
      "val_auc_ecg": 0.9121951465427841,
      "val_delta_meta": 0.0011291473260924834,
      "lr": 0.0007940987335200904,
      "epoch_time_s": 257.951833486557
    },
    {
      "epoch": 4,
      "train_loss": 0.4996461916407314,
      "val_auc": 0.9217680075350053,
      "val_f1": 0.7102765903245227,
      "val_auc_ecg": 0.9200818313291901,
      "val_delta_meta": 0.0004976171125374851,
      "lr": 0.0006548539886902864,
      "epoch_time_s": 263.6450719833374
    },
    {
      "epoch": 5,
      "train_loss": 0.48020995674876993,
      "val_auc": 0.9224142023547242,
      "val_f1": 0.7256284170156561,
      "val_auc_ecg": 0.9206614566125845,
      "val_delta_meta": 0.0004122521930183254,
      "lr": 0.0005005000000000001,
      "epoch_time_s": 263.90221071243286
    },
    {
      "epoch": 6,
      "train_loss": 0.4569246970185446,
      "val_auc": 0.9260585010561562,
      "val_f1": 0.7198031252140653,
      "val_auc_ecg": 0.9255081413728015,
      "val_delta_meta": -0.0002657291977943288,
      "lr": 0.0003461460113097139,
      "epoch_time_s": 264.51814556121826
    },
    {
      "epoch": 7,
      "train_loss": 0.43544370685148676,
      "val_auc": 0.9312889870145742,
      "val_f1": 0.7373697708640515,
      "val_auc_ecg": 0.9303426799166526,
      "val_delta_meta": -0.00024005864919629527,
      "lr": 0.00020690126647990973,
      "epoch_time_s": 263.54022765159607
    },
    {
      "epoch": 8,
      "train_loss": 0.41758268655986963,
      "val_auc": 0.9315353270253283,
      "val_f1": 0.7451488062857354,
      "val_auc_ecg": 0.9306217497942647,
      "val_delta_meta": -0.0004619348826189196,
      "lr": 9.639601130971382e-05,
      "epoch_time_s": 264.4788796901703
    },
    {
      "epoch": 9,
      "train_loss": 0.39719126295605933,
      "val_auc": 0.9334497023013822,
      "val_f1": 0.7382422991115218,
      "val_auc_ecg": 0.9330332125078991,
      "val_delta_meta": -2.3142642281981374e-05,
      "lr": 2.5447270110570814e-05,
      "epoch_time_s": 267.4725167751312
    },
    {
      "epoch": 10,
      "train_loss": 0.3856618324004182,
      "val_auc": 0.9334971682329846,
      "val_f1": 0.7429434649727731,
      "val_auc_ecg": 0.9330006385763923,
      "val_delta_meta": -0.0002581443845289799,
      "lr": 0.001,
      "epoch_time_s": 264.6061284542084
    }
  ]
}