{
  "metadata": {
    "run_name": "ATLAS_A_v5_none_seed2028",
    "variant": "none",
    "seed": 2028,
    "meta_hid": 128,
    "lauc_weight": 0.08,
    "no_aug": false,
    "arch_mode": "standard",
    "meta_mask_mode": "real",
    "test_fold": 10,
    "val_fold": 9,
    "timestamp": "2026-05-04T00:27:08.480663",
    "git_sha": "b8fda1f7a68a5b217a3f76d88337426561bd26e4",
    "analysis_plan_sha256": "4ad22e907fbd431a0b443255a3449c0560371997d5ee36a61e164de7aea5c3dc",
    "wall_time_s": 2598.3563928604126,
    "train_time_s": 2568.7612643241882,
    "gpu_peak_mem_mb": 0,
    "num_parameters": 3951951,
    "dataset_sizes": {
      "train": 17418,
      "val": 2183,
      "test": 2198
    },
    "train_fold_ids": [
      1,
      2,
      3,
      4,
      5,
      6,
      7,
      8
    ],
    "pos_weights": [
      1.2930489778518677,
      2.9776203632354736,
      3.161012887954712,
      3.4581520557403564,
      7.21991491317749
    ],
    "loss_weights": {
      "fused": 0.52,
      "ecg": 0.3,
      "meta": 0.1,
      "lauc": 0.08
    },
    "hardware": {
      "python_version": "3.11.7 | packaged by Anaconda, Inc. | (main, Dec 15 2023, 18:05:47) [MSC v.1916 64 bit (AMD64)]",
      "torch_version": "2.3.1+cpu",
      "cuda_available": false,
      "numpy_version": "1.26.4",
      "sklearn_version": "1.4.2"
    },
    "best_val_auc": 0.9314648587273281,
    "best_val_epoch": 10
  },
  "test": {
    "macro_auc": 0.9271831788073989,
    "macro_auc_ecg": 0.9272394203962474,
    "macro_auc_no_meta": 0.9271831788073989,
    "delta_meta_auc": 0.0,
    "macro_f1_optimal": 0.7443683873139534,
    "macro_f1_fixed_05": 0.732805324935426,
    "w_fused": 1.0,
    "thresholds": [
      0.6499999761581421,
      0.5899999737739563,
      0.5600000023841858,
      0.7400000095367432,
      0.7099999785423279
    ]
  },
  "per_class": {
    "NORM": {
      "auc": 0.9485405341775238,
      "f1": 0.8587119321018473,
      "threshold": 0.6499999761581421
    },
    "MI": {
      "auc": 0.9262963371579878,
      "f1": 0.7167113494191242,
      "threshold": 0.5899999737739563
    },
    "STTC": {
      "auc": 0.9339076611763306,
      "f1": 0.7715030408340573,
      "threshold": 0.5600000023841858
    },
    "CD": {
      "auc": 0.9173884613926689,
      "f1": 0.7508021390374332,
      "threshold": 0.7400000095367432
    },
    "HYP": {
      "auc": 0.9097829001324839,
      "f1": 0.624113475177305,
      "threshold": 0.7099999785423279
    }
  },
  "subgroups": {
    "sex_male": {
      "n": 1066,
      "macro_auc": 0.9184385219266608,
      "per_class_auc": [
        0.9421127386670426,
        0.9147742465566948,
        0.9189851686665959,
        0.906682962346578,
        0.9096374933963925
      ]
    },
    "sex_female": {
      "n": 1132,
      "macro_auc": 0.9349147114811031,
      "per_class_auc": [
        0.9546303986710963,
        0.9354825702131091,
        0.9458138084115539,
        0.927855145948011,
        0.9107916341617445
      ]
    },
    "age_lt45": {
      "n": 345,
      "macro_auc": 0.9290150425841942,
      "per_class_auc": [
        0.8961298932384342,
        0.9703320631464344,
        0.959127079816735,
        0.857897916037451,
        0.9615882606819163
      ]
    },
    "age_45_65": {
      "n": 703,
      "macro_auc": 0.9220900664167416,
      "per_class_auc": [
        0.9304793625914316,
        0.9229402703239913,
        0.9498435054773082,
        0.8964816372301654,
        0.9107055564608113
      ]
    },
    "age_gt65": {
      "n": 1150,
      "macro_auc": 0.9157849637698373,
      "per_class_auc": [
        0.9483016668242116,
        0.9020269930421662,
        0.9090506329113924,
        0.9298098175181132,
        0.8897357085533032
      ]
    },
    "meta_complete": {
      "n": 660,
      "macro_auc": 0.9390410739861931,
      "per_class_auc": [
        0.9554846187812776,
        0.9443495525482124,
        0.9321237113402062,
        0.9440156368149977,
        0.9192318504462716
      ]
    },
    "meta_incomplete": {
      "n": 1538,
      "macro_auc": 0.9229741242210494,
      "per_class_auc": [
        0.9477134386974675,
        0.9217385387139373,
        0.9348692632967374,
        0.9079913252447103,
        0.9025580551523946
      ]
    },
    "fairness_sex_gap": 0.0164761895544423
  },
  "training_history": [
    {
      "epoch": 1,
      "train_loss": 0.6003150489352165,
      "val_auc": 0.9027205784561048,
      "val_f1": 0.678312053399833,
      "val_auc_ecg": 0.9006328262349699,
      "val_delta_meta": 0.0,
      "lr": 0.0009755527298894294,
      "epoch_time_s": 241.12203931808472
    },
    {
      "epoch": 2,
      "train_loss": 0.5129522130030011,
      "val_auc": 0.9087362682827527,
      "val_f1": 0.6895478104107865,
      "val_auc_ecg": 0.9071599169377464,
      "val_delta_meta": 0.0,
      "lr": 0.0009046039886902864,
      "epoch_time_s": 242.42525172233582
    },
    {
      "epoch": 3,
      "train_loss": 0.4804430805215048,
      "val_auc": 0.913622500678696,
      "val_f1": 0.7080680625054532,
      "val_auc_ecg": 0.9133334276507172,
      "val_delta_meta": 0.0,
      "lr": 0.0007940987335200904,
      "epoch_time_s": 253.5099937915802
    },
    {
      "epoch": 4,
      "train_loss": 0.45265463820291224,
      "val_auc": 0.9229209084021892,
      "val_f1": 0.7180400423289882,
      "val_auc_ecg": 0.9228454374923262,
      "val_delta_meta": 0.0,
      "lr": 0.0006548539886902864,
      "epoch_time_s": 260.46601366996765
    },
    {
      "epoch": 5,
      "train_loss": 0.4306182511082483,
      "val_auc": 0.9180609250631632,
      "val_f1": 0.7199811868503628,
      "val_auc_ecg": 0.9167857905626953,
      "val_delta_meta": 0.0,
      "lr": 0.0005005000000000001,
      "epoch_time_s": 259.76172709465027
    },
    {
      "epoch": 6,
      "train_loss": 0.41040443072625254,
      "val_auc": 0.9267740893315928,
      "val_f1": 0.7213055734494997,
      "val_auc_ecg": 0.9270955280351917,
      "val_delta_meta": 0.0,
      "lr": 0.0003461460113097139,
      "epoch_time_s": 259.98488545417786
    },
    {
      "epoch": 7,
      "train_loss": 0.3897621915427917,
      "val_auc": 0.9262712694281129,
      "val_f1": 0.7323805044291636,
      "val_auc_ecg": 0.9261009609794403,
      "val_delta_meta": 0.0,
      "lr": 0.00020690126647990973,
      "epoch_time_s": 261.02757501602173
    },
    {
      "epoch": 8,
      "train_loss": 0.3710561113346607,
      "val_auc": 0.9296882968405141,
      "val_f1": 0.7412946994138506,
      "val_auc_ecg": 0.92973308204481,
      "val_delta_meta": 0.0,
      "lr": 9.639601130971382e-05,
      "epoch_time_s": 260.54585123062134
    },
    {
      "epoch": 9,
      "train_loss": 0.3535936481635505,
      "val_auc": 0.9276613910671745,
      "val_f1": 0.7414701134396519,
      "val_auc_ecg": 0.927366169898038,
      "val_delta_meta": 0.0,
      "lr": 2.5447270110570814e-05,
      "epoch_time_s": 260.85683941841125
    },
    {
      "epoch": 10,
      "train_loss": 0.3429851328014234,
      "val_auc": 0.9314648587273281,
      "val_f1": 0.741110549566917,
      "val_auc_ecg": 0.9314615675454944,
      "val_delta_meta": 0.0,
      "lr": 0.001,
      "epoch_time_s": 260.86024475097656
    }
  ]
}