{
  "metadata": {
    "run_name": "ATLAS_A_v5_demo+anthro_seed2031",
    "variant": "demo+anthro",
    "seed": 2031,
    "meta_hid": 128,
    "lauc_weight": 0.08,
    "no_aug": false,
    "arch_mode": "standard",
    "meta_mask_mode": "real",
    "test_fold": 10,
    "val_fold": 9,
    "timestamp": "2026-05-05T07:56:57.023336",
    "git_sha": "b8fda1f7a68a5b217a3f76d88337426561bd26e4",
    "analysis_plan_sha256": "4ad22e907fbd431a0b443255a3449c0560371997d5ee36a61e164de7aea5c3dc",
    "wall_time_s": 2625.515400648117,
    "train_time_s": 2596.044914484024,
    "gpu_peak_mem_mb": 0,
    "num_parameters": 3951951,
    "dataset_sizes": {
      "train": 17418,
      "val": 2183,
      "test": 2198
    },
    "train_fold_ids": [
      1,
      2,
      3,
      4,
      5,
      6,
      7,
      8
    ],
    "pos_weights": [
      1.2930489778518677,
      2.9776203632354736,
      3.161012887954712,
      3.4581520557403564,
      7.21991491317749
    ],
    "loss_weights": {
      "fused": 0.52,
      "ecg": 0.3,
      "meta": 0.1,
      "lauc": 0.08
    },
    "hardware": {
      "python_version": "3.11.7 | packaged by Anaconda, Inc. | (main, Dec 15 2023, 18:05:47) [MSC v.1916 64 bit (AMD64)]",
      "torch_version": "2.3.1+cpu",
      "cuda_available": false,
      "numpy_version": "1.26.4",
      "sklearn_version": "1.4.2"
    },
    "best_val_auc": 0.9318680643366815,
    "best_val_epoch": 10
  },
  "test": {
    "macro_auc": 0.9296495495700942,
    "macro_auc_ecg": 0.9279799154249686,
    "macro_auc_no_meta": 0.9283607524152468,
    "delta_meta_auc": 0.0012887971548473098,
    "macro_f1_optimal": 0.7432000427337246,
    "macro_f1_fixed_05": 0.7415894797643459,
    "w_fused": 1.0,
    "thresholds": [
      0.574999988079071,
      0.7099999785423279,
      0.5299999713897705,
      0.5450000166893005,
      0.6650000214576721
    ]
  },
  "per_class": {
    "NORM": {
      "auc": 0.9498446571737277,
      "f1": 0.8622871046228711,
      "threshold": 0.574999988079071
    },
    "MI": {
      "auc": 0.9283726831421006,
      "f1": 0.7267605633802817,
      "threshold": 0.7099999785423279
    },
    "STTC": {
      "auc": 0.9364370843190643,
      "f1": 0.7696335078534031,
      "threshold": 0.5299999713897705
    },
    "CD": {
      "auc": 0.9185386736666541,
      "f1": 0.737247353224254,
      "threshold": 0.5450000166893005
    },
    "HYP": {
      "auc": 0.9150546495489245,
      "f1": 0.6200716845878136,
      "threshold": 0.6650000214576721
    }
  },
  "subgroups": {
    "sex_male": {
      "n": 1066,
      "macro_auc": 0.9208432442869254,
      "per_class_auc": [
        0.9440318331146795,
        0.9160480142350832,
        0.9211045626703479,
        0.9099646349074267,
        0.91306717650709
      ]
    },
    "sex_female": {
      "n": 1132,
      "macro_auc": 0.9379019894157701,
      "per_class_auc": [
        0.9562443370582905,
        0.9384060162503275,
        0.9493972058204819,
        0.9275382451509837,
        0.9179241427987667
      ]
    },
    "age_lt45": {
      "n": 345,
      "macro_auc": 0.9141973990403883,
      "per_class_auc": [
        0.8847864768683273,
        0.974959172563963,
        0.957680250783699,
        0.8556327393536696,
        0.8979283556322831
      ]
    },
    "age_45_65": {
      "n": 703,
      "macro_auc": 0.9296288237488067,
      "per_class_auc": [
        0.9305120167189133,
        0.9276113098787517,
        0.9501956181533646,
        0.9123633305298571,
        0.927461843463147
      ]
    },
    "age_gt65": {
      "n": 1150,
      "macro_auc": 0.9188438665293077,
      "per_class_auc": [
        0.9519882156473515,
        0.9026976276301449,
        0.9138713080168777,
        0.9254115930976015,
        0.9002505882545626
      ]
    },
    "meta_complete": {
      "n": 660,
      "macro_auc": 0.9411136302777825,
      "per_class_auc": [
        0.9631384309685017,
        0.9412108205959211,
        0.9377083946980854,
        0.9392361358804981,
        0.9242743692459061
      ]
    },
    "meta_incomplete": {
      "n": 1538,
      "macro_auc": 0.924770203082453,
      "per_class_auc": [
        0.9452189766460761,
        0.9236141088808885,
        0.9356451487760407,
        0.9099841744329172,
        0.9093886066763425
      ]
    },
    "fairness_sex_gap": 0.017058745128844643
  },
  "training_history": [
    {
      "epoch": 1,
      "train_loss": 0.653601939743812,
      "val_auc": 0.8965641068666749,
      "val_f1": 0.6661306570583204,
      "val_auc_ecg": 0.8917007151306761,
      "val_delta_meta": -0.001091461595886356,
      "lr": 0.0009755527298894294,
      "epoch_time_s": 241.181147813797
    },
    {
      "epoch": 2,
      "train_loss": 0.5624678866032067,
      "val_auc": 0.9116543733252289,
      "val_f1": 0.695494122416439,
      "val_auc_ecg": 0.912016123342104,
      "val_delta_meta": -0.0010639252808617439,
      "lr": 0.0009046039886902864,
      "epoch_time_s": 241.18766069412231
    },
    {
      "epoch": 3,
      "train_loss": 0.5248341221875007,
      "val_auc": 0.9184423700893781,
      "val_f1": 0.6881456139210953,
      "val_auc_ecg": 0.9158502746137394,
      "val_delta_meta": 0.0005870450999868604,
      "lr": 0.0007940987335200904,
      "epoch_time_s": 256.76947712898254
    },
    {
      "epoch": 4,
      "train_loss": 0.5005904664687061,
      "val_auc": 0.9185963204495792,
      "val_f1": 0.7120809091093186,
      "val_auc_ecg": 0.9172057877638048,
      "val_delta_meta": 0.00017107146010097996,
      "lr": 0.0006548539886902864,
      "epoch_time_s": 263.1456687450409
    },
    {
      "epoch": 5,
      "train_loss": 0.4754354589849437,
      "val_auc": 0.9205610568205674,
      "val_f1": 0.7117771771992786,
      "val_auc_ecg": 0.9187309111452635,
      "val_delta_meta": 0.00017672360442444468,
      "lr": 0.0005005000000000001,
      "epoch_time_s": 263.456565618515
    },
    {
      "epoch": 6,
      "train_loss": 0.4603806916180007,
      "val_auc": 0.9259922923881815,
      "val_f1": 0.7149655628230109,
      "val_auc_ecg": 0.9250698611397261,
      "val_delta_meta": 0.00028074565092606196,
      "lr": 0.0003461460113097139,
      "epoch_time_s": 263.9203038215637
    },
    {
      "epoch": 7,
      "train_loss": 0.4375471048672265,
      "val_auc": 0.9281338868943683,
      "val_f1": 0.7240979439882996,
      "val_auc_ecg": 0.927307081506431,
      "val_delta_meta": 0.0005272451229769715,
      "lr": 0.00020690126647990973,
      "epoch_time_s": 264.0894615650177
    },
    {
      "epoch": 8,
      "train_loss": 0.41753238603609416,
      "val_auc": 0.9290126391490784,
      "val_f1": 0.7259982162768961,
      "val_auc_ecg": 0.9280776516789958,
      "val_delta_meta": 0.0006118660090008721,
      "lr": 9.639601130971382e-05,
      "epoch_time_s": 264.19661355018616
    },
    {
      "epoch": 9,
      "train_loss": 0.3999552864273754,
      "val_auc": 0.9308355536624469,
      "val_f1": 0.7431216458865597,
      "val_auc_ecg": 0.9299562983108742,
      "val_delta_meta": 0.0007181933458060286,
      "lr": 2.5447270110570814e-05,
      "epoch_time_s": 263.78731322288513
    },
    {
      "epoch": 10,
      "train_loss": 0.3850624879018976,
      "val_auc": 0.9318680643366815,
      "val_f1": 0.7455555353372147,
      "val_auc_ecg": 0.9311705440717729,
      "val_delta_meta": 0.0005338656296359767,
      "lr": 0.001,
      "epoch_time_s": 263.81374073028564
    }
  ]
}