{
  "metadata": {
    "run_name": "ATLAS_A_v5_demo+anthro_seed2041",
    "variant": "demo+anthro",
    "seed": 2041,
    "meta_hid": 128,
    "lauc_weight": 0.08,
    "no_aug": false,
    "arch_mode": "standard",
    "meta_mask_mode": "real",
    "test_fold": 10,
    "val_fold": 9,
    "timestamp": "2026-05-05T15:16:39.034356",
    "git_sha": "b8fda1f7a68a5b217a3f76d88337426561bd26e4",
    "analysis_plan_sha256": "4ad22e907fbd431a0b443255a3449c0560371997d5ee36a61e164de7aea5c3dc",
    "wall_time_s": 2640.8350672721863,
    "train_time_s": 2611.548267841339,
    "gpu_peak_mem_mb": 0,
    "num_parameters": 3951951,
    "dataset_sizes": {
      "train": 17418,
      "val": 2183,
      "test": 2198
    },
    "train_fold_ids": [
      1,
      2,
      3,
      4,
      5,
      6,
      7,
      8
    ],
    "pos_weights": [
      1.2930489778518677,
      2.9776203632354736,
      3.161012887954712,
      3.4581520557403564,
      7.21991491317749
    ],
    "loss_weights": {
      "fused": 0.52,
      "ecg": 0.3,
      "meta": 0.1,
      "lauc": 0.08
    },
    "hardware": {
      "python_version": "3.11.7 | packaged by Anaconda, Inc. | (main, Dec 15 2023, 18:05:47) [MSC v.1916 64 bit (AMD64)]",
      "torch_version": "2.3.1+cpu",
      "cuda_available": false,
      "numpy_version": "1.26.4",
      "sklearn_version": "1.4.2"
    },
    "best_val_auc": 0.932900924733889,
    "best_val_epoch": 9
  },
  "test": {
    "macro_auc": 0.9292796742078842,
    "macro_auc_ecg": 0.9270196192758926,
    "macro_auc_no_meta": 0.9272899931262056,
    "delta_meta_auc": 0.001989681081678518,
    "macro_f1_optimal": 0.7453885607094527,
    "macro_f1_fixed_05": 0.7399482471177525,
    "w_fused": 1.0,
    "thresholds": [
      0.6050000190734863,
      0.6499999761581421,
      0.6949999928474426,
      0.6349999904632568,
      0.6200000047683716
    ]
  },
  "per_class": {
    "NORM": {
      "auc": 0.9510878201975101,
      "f1": 0.8609206660137121,
      "threshold": 0.6050000190734863
    },
    "MI": {
      "auc": 0.9313261253309797,
      "f1": 0.7395833333333334,
      "threshold": 0.6499999761581421
    },
    "STTC": {
      "auc": 0.9362058881766064,
      "f1": 0.7717996289424861,
      "threshold": 0.6949999928474426
    },
    "CD": {
      "auc": 0.9156850574276941,
      "f1": 0.7546391752577319,
      "threshold": 0.6349999904632568
    },
    "HYP": {
      "auc": 0.9120934799066305,
      "f1": 0.6,
      "threshold": 0.6200000047683716
    }
  },
  "subgroups": {
    "sex_male": {
      "n": 1066,
      "macro_auc": 0.921428763806303,
      "per_class_auc": [
        0.9459671910745844,
        0.918931007491893,
        0.9203302537963258,
        0.9099802371541501,
        0.9119351295145615
      ]
    },
    "sex_female": {
      "n": 1132,
      "macro_auc": 0.9367977235635381,
      "per_class_auc": [
        0.956247483137018,
        0.9413415593056311,
        0.9497018671386499,
        0.9236920245185712,
        0.9130056837178202
      ]
    },
    "age_lt45": {
      "n": 345,
      "macro_auc": 0.9278717215307986,
      "per_class_auc": [
        0.9021352313167259,
        0.9844855743059335,
        0.9620207378828068,
        0.8336605255209907,
        0.9570565386275356
      ]
    },
    "age_45_65": {
      "n": 703,
      "macro_auc": 0.9299932948323212,
      "per_class_auc": [
        0.9325937173458725,
        0.9347420989862851,
        0.9524256651017214,
        0.9060835435940566,
        0.9241214491336701
      ]
    },
    "age_gt65": {
      "n": 1150,
      "macro_auc": 0.9162006757767193,
      "per_class_auc": [
        0.9500661688250308,
        0.903331377315785,
        0.9118459915611814,
        0.9264445094387821,
        0.8893153317428167
      ]
    },
    "meta_complete": {
      "n": 660,
      "macro_auc": 0.9372791019373572,
      "per_class_auc": [
        0.9606546217250516,
        0.9395319639702768,
        0.9329484536082474,
        0.9378236863506013,
        0.9154367840326095
      ]
    },
    "meta_incomplete": {
      "n": 1538,
      "macro_auc": 0.925894774502124,
      "per_class_auc": [
        0.9478548146760408,
        0.9277416391462541,
        0.9373157271986654,
        0.9071730848133169,
        0.9093886066763426
      ]
    },
    "fairness_sex_gap": 0.015368959757235068
  },
  "training_history": [
    {
      "epoch": 1,
      "train_loss": 0.6511828535740528,
      "val_auc": 0.8983131596677947,
      "val_f1": 0.6987266872032963,
      "val_auc_ecg": 0.8949052874843467,
      "val_delta_meta": 0.0010943757946805244,
      "lr": 0.0009755527298894294,
      "epoch_time_s": 242.41178441047668
    },
    {
      "epoch": 2,
      "train_loss": 0.5606861935843022,
      "val_auc": 0.9055655243713453,
      "val_f1": 0.68940872093775,
      "val_auc_ecg": 0.9041202730359421,
      "val_delta_meta": -0.00045852193599860147,
      "lr": 0.0009046039886902864,
      "epoch_time_s": 242.4745376110077
    },
    {
      "epoch": 3,
      "train_loss": 0.5283042402989274,
      "val_auc": 0.9203542781234344,
      "val_f1": 0.6882172156371611,
      "val_auc_ecg": 0.918354184132852,
      "val_delta_meta": 0.0007179757906382589,
      "lr": 0.0007940987335200904,
      "epoch_time_s": 258.2387628555298
    },
    {
      "epoch": 4,
      "train_loss": 0.5035314426509612,
      "val_auc": 0.922074643312382,
      "val_f1": 0.7277524978192595,
      "val_auc_ecg": 0.9198939355245903,
      "val_delta_meta": 0.0006504848106667627,
      "lr": 0.0006548539886902864,
      "epoch_time_s": 263.5515263080597
    },
    {
      "epoch": 5,
      "train_loss": 0.4788112265801211,
      "val_auc": 0.9236235224298355,
      "val_f1": 0.7301051383539354,
      "val_auc_ecg": 0.9215182275429747,
      "val_delta_meta": 0.0006520641892906465,
      "lr": 0.0005005000000000001,
      "epoch_time_s": 269.34946870803833
    },
    {
      "epoch": 6,
      "train_loss": 0.4586808205744542,
      "val_auc": 0.9281561054574171,
      "val_f1": 0.7365405368444684,
      "val_auc_ecg": 0.9267665989034896,
      "val_delta_meta": 0.00026342334751616736,
      "lr": 0.0003461460113097139,
      "epoch_time_s": 264.81053352355957
    },
    {
      "epoch": 7,
      "train_loss": 0.4375413347274885,
      "val_auc": 0.9310516257325334,
      "val_f1": 0.7237389011090342,
      "val_auc_ecg": 0.9297986457938896,
      "val_delta_meta": 2.1313760870333986e-05,
      "lr": 0.00020690126647990973,
      "epoch_time_s": 264.30716276168823
    },
    {
      "epoch": 8,
      "train_loss": 0.41673992396494663,
      "val_auc": 0.9313399033020104,
      "val_f1": 0.7464025782867525,
      "val_auc_ecg": 0.9299513836660036,
      "val_delta_meta": 0.0009222081074291566,
      "lr": 9.639601130971382e-05,
      "epoch_time_s": 264.70105743408203
    },
    {
      "epoch": 9,
      "train_loss": 0.3974196238528698,
      "val_auc": 0.932900924733889,
      "val_f1": 0.7448754875611613,
      "val_auc_ecg": 0.9314517910306407,
      "val_delta_meta": 0.0005391705926252044,
      "lr": 2.5447270110570814e-05,
      "epoch_time_s": 266.1003649234772
    },
    {
      "epoch": 10,
      "train_loss": 0.3875132426209406,
      "val_auc": 0.93268566154777,
      "val_f1": 0.7424207799659133,
      "val_auc_ecg": 0.9310520317909695,
      "val_delta_meta": 0.00068335457150559,
      "lr": 0.001,
      "epoch_time_s": 265.35535740852356
    }
  ]
}