{
  "metadata": {
    "run_name": "ATLAS_A_v5_demo+anthro_seed2037",
    "variant": "demo+anthro",
    "seed": 2037,
    "meta_hid": 128,
    "lauc_weight": 0.08,
    "no_aug": false,
    "arch_mode": "standard",
    "meta_mask_mode": "real",
    "test_fold": 10,
    "val_fold": 9,
    "timestamp": "2026-05-05T12:20:37.990978",
    "git_sha": "b8fda1f7a68a5b217a3f76d88337426561bd26e4",
    "analysis_plan_sha256": "4ad22e907fbd431a0b443255a3449c0560371997d5ee36a61e164de7aea5c3dc",
    "wall_time_s": 2625.7483978271484,
    "train_time_s": 2596.7118532657623,
    "gpu_peak_mem_mb": 0,
    "num_parameters": 3951951,
    "dataset_sizes": {
      "train": 17418,
      "val": 2183,
      "test": 2198
    },
    "train_fold_ids": [
      1,
      2,
      3,
      4,
      5,
      6,
      7,
      8
    ],
    "pos_weights": [
      1.2930489778518677,
      2.9776203632354736,
      3.161012887954712,
      3.4581520557403564,
      7.21991491317749
    ],
    "loss_weights": {
      "fused": 0.52,
      "ecg": 0.3,
      "meta": 0.1,
      "lauc": 0.08
    },
    "hardware": {
      "python_version": "3.11.7 | packaged by Anaconda, Inc. | (main, Dec 15 2023, 18:05:47) [MSC v.1916 64 bit (AMD64)]",
      "torch_version": "2.3.1+cpu",
      "cuda_available": false,
      "numpy_version": "1.26.4",
      "sklearn_version": "1.4.2"
    },
    "best_val_auc": 0.9329918551637031,
    "best_val_epoch": 10
  },
  "test": {
    "macro_auc": 0.9280515281966153,
    "macro_auc_ecg": 0.926835973594709,
    "macro_auc_no_meta": 0.9266536997585796,
    "delta_meta_auc": 0.0013978284380357087,
    "macro_f1_optimal": 0.7447251363649199,
    "macro_f1_fixed_05": 0.7385361326906033,
    "w_fused": 1.0,
    "thresholds": [
      0.6949999928474426,
      0.6200000047683716,
      0.6499999761581421,
      0.574999988079071,
      0.800000011920929
    ]
  },
  "per_class": {
    "NORM": {
      "auc": 0.9490130790671862,
      "f1": 0.861812778603269,
      "threshold": 0.6949999928474426
    },
    "MI": {
      "auc": 0.9289833406884378,
      "f1": 0.7368421052631579,
      "threshold": 0.6200000047683716
    },
    "STTC": {
      "auc": 0.935856804892202,
      "f1": 0.7667610953729934,
      "threshold": 0.6499999761581421
    },
    "CD": {
      "auc": 0.9176407736628633,
      "f1": 0.7365328109696376,
      "threshold": 0.574999988079071
    },
    "HYP": {
      "auc": 0.9087636426723866,
      "f1": 0.621676891615542,
      "threshold": 0.800000011920929
    }
  },
  "subgroups": {
    "sex_male": {
      "n": 1066,
      "macro_auc": 0.920648351873845,
      "per_class_auc": [
        0.9452136483394953,
        0.9184885920005447,
        0.922516017132137,
        0.9102454753484502,
        0.9067780265485984
      ]
    },
    "sex_female": {
      "n": 1132,
      "macro_auc": 0.9351075745346631,
      "per_class_auc": [
        0.9538721936977751,
        0.9375753543418215,
        0.9469405716993815,
        0.9260014933407421,
        0.9111482595935957
      ]
    },
    "age_lt45": {
      "n": 345,
      "macro_auc": 0.9224244634318918,
      "per_class_auc": [
        0.8905137900355871,
        0.9817637452367991,
        0.9673257776706052,
        0.8549531863485351,
        0.9175658178679327
      ]
    },
    "age_45_65": {
      "n": 703,
      "macro_auc": 0.9271331603340076,
      "per_class_auc": [
        0.9309201933124346,
        0.9296114092625721,
        0.9477177882107459,
        0.9033221194280908,
        0.9240942914561947
      ]
    },
    "age_gt65": {
      "n": 1150,
      "macro_auc": 0.915869035303652,
      "per_class_auc": [
        0.947746321328418,
        0.9024511694190628,
        0.912387482419128,
        0.9271664402148763,
        0.8895937631367752
      ]
    },
    "meta_complete": {
      "n": 660,
      "macro_auc": 0.9398662900539365,
      "per_class_auc": [
        0.9611513835737415,
        0.941269215608987,
        0.9376966126656848,
        0.9457276968512363,
        0.9134865415700331
      ]
    },
    "meta_incomplete": {
      "n": 1538,
      "macro_auc": 0.9234273377742055,
      "per_class_auc": [
        0.9453612199619412,
        0.9242318561977811,
        0.9346486208635605,
        0.9073207901060899,
        0.9055742017416546
      ]
    },
    "fairness_sex_gap": 0.014459222660818116
  },
  "training_history": [
    {
      "epoch": 1,
      "train_loss": 0.6506705964377167,
      "val_auc": 0.8932939726468762,
      "val_f1": 0.6759310898282191,
      "val_auc_ecg": 0.888408982761676,
      "val_delta_meta": 0.0020735037004834256,
      "lr": 0.0009755527298894294,
      "epoch_time_s": 242.02964687347412
    },
    {
      "epoch": 2,
      "train_loss": 0.5618589803166346,
      "val_auc": 0.9067516255495267,
      "val_f1": 0.6882953082836171,
      "val_auc_ecg": 0.9049089368473172,
      "val_delta_meta": 0.001206223336247092,
      "lr": 0.0009046039886902864,
      "epoch_time_s": 241.58207988739014
    },
    {
      "epoch": 3,
      "train_loss": 0.5247120744044628,
      "val_auc": 0.9141405288374406,
      "val_f1": 0.7042712815983145,
      "val_auc_ecg": 0.9107930252564795,
      "val_delta_meta": 0.0009987216953776246,
      "lr": 0.0007940987335200904,
      "epoch_time_s": 257.28314781188965
    },
    {
      "epoch": 4,
      "train_loss": 0.5011352228462149,
      "val_auc": 0.9233564321419194,
      "val_f1": 0.7206721366267657,
      "val_auc_ecg": 0.9221427026974458,
      "val_delta_meta": 0.0005848673290385076,
      "lr": 0.0006548539886902864,
      "epoch_time_s": 263.7757263183594
    },
    {
      "epoch": 5,
      "train_loss": 0.478805165990777,
      "val_auc": 0.9276881667007639,
      "val_f1": 0.721491719437848,
      "val_auc_ecg": 0.9263058856926726,
      "val_delta_meta": 0.0012302905809075115,
      "lr": 0.0005005000000000001,
      "epoch_time_s": 263.095853805542
    },
    {
      "epoch": 6,
      "train_loss": 0.45790807008743284,
      "val_auc": 0.9260288899293408,
      "val_f1": 0.7187752119347827,
      "val_auc_ecg": 0.9254504942482509,
      "val_delta_meta": -0.0009685142495244881,
      "lr": 0.0003461460113097139,
      "epoch_time_s": 263.2261996269226
    },
    {
      "epoch": 7,
      "train_loss": 0.4364475376562241,
      "val_auc": 0.9317757253702913,
      "val_f1": 0.7400325636554685,
      "val_auc_ecg": 0.9313305586727767,
      "val_delta_meta": 0.00045646043754132837,
      "lr": 0.00020690126647990973,
      "epoch_time_s": 263.9648268222809
    },
    {
      "epoch": 8,
      "train_loss": 0.41917808001194523,
      "val_auc": 0.9322114662862295,
      "val_f1": 0.7359021851580818,
      "val_auc_ecg": 0.931669544456434,
      "val_delta_meta": 0.0007786962064654235,
      "lr": 9.639601130971382e-05,
      "epoch_time_s": 264.11637139320374
    },
    {
      "epoch": 9,
      "train_loss": 0.3992160494721264,
      "val_auc": 0.9316966115675298,
      "val_f1": 0.7396065832808566,
      "val_auc_ecg": 0.9310189076574094,
      "val_delta_meta": 0.00032643049769065513,
      "lr": 2.5447270110570814e-05,
      "epoch_time_s": 264.3774130344391
    },
    {
      "epoch": 10,
      "train_loss": 0.38922227189081526,
      "val_auc": 0.9329918551637031,
      "val_f1": 0.74098272645194,
      "val_auc_ecg": 0.932703009545035,
      "val_delta_meta": 0.00026732616258784425,
      "lr": 0.001,
      "epoch_time_s": 263.8778417110443
    }
  ]
}