{
  "metadata": {
    "run_name": "ATLAS_A_v5_demo_seed2024",
    "variant": "demo",
    "seed": 2024,
    "meta_hid": 128,
    "lauc_weight": 0.08,
    "no_aug": false,
    "arch_mode": "standard",
    "meta_mask_mode": "real",
    "test_fold": 10,
    "val_fold": 9,
    "timestamp": "2026-05-04T12:05:31.569041",
    "git_sha": "b8fda1f7a68a5b217a3f76d88337426561bd26e4",
    "analysis_plan_sha256": "4ad22e907fbd431a0b443255a3449c0560371997d5ee36a61e164de7aea5c3dc",
    "wall_time_s": 2623.8892874717712,
    "train_time_s": 2594.825433731079,
    "gpu_peak_mem_mb": 0,
    "num_parameters": 3951951,
    "dataset_sizes": {
      "train": 17418,
      "val": 2183,
      "test": 2198
    },
    "train_fold_ids": [
      1,
      2,
      3,
      4,
      5,
      6,
      7,
      8
    ],
    "pos_weights": [
      1.2930489778518677,
      2.9776203632354736,
      3.161012887954712,
      3.4581520557403564,
      7.21991491317749
    ],
    "loss_weights": {
      "fused": 0.52,
      "ecg": 0.3,
      "meta": 0.1,
      "lauc": 0.08
    },
    "hardware": {
      "python_version": "3.11.7 | packaged by Anaconda, Inc. | (main, Dec 15 2023, 18:05:47) [MSC v.1916 64 bit (AMD64)]",
      "torch_version": "2.3.1+cpu",
      "cuda_available": false,
      "numpy_version": "1.26.4",
      "sklearn_version": "1.4.2"
    },
    "best_val_auc": 0.93242739518551,
    "best_val_epoch": 10
  },
  "test": {
    "macro_auc": 0.927357926821232,
    "macro_auc_ecg": 0.9270688054184294,
    "macro_auc_no_meta": 0.9271949036442338,
    "delta_meta_auc": 0.00016302317699812274,
    "macro_f1_optimal": 0.7423048216688561,
    "macro_f1_fixed_05": 0.733523298872619,
    "w_fused": 1.0,
    "thresholds": [
      0.7400000095367432,
      0.5149999856948853,
      0.6499999761581421,
      0.5600000023841858,
      0.5899999737739563
    ]
  },
  "per_class": {
    "NORM": {
      "auc": 0.9486010737363418,
      "f1": 0.8635437881873728,
      "threshold": 0.7400000095367432
    },
    "MI": {
      "auc": 0.9264419682259487,
      "f1": 0.7379134860050891,
      "threshold": 0.5149999856948853
    },
    "STTC": {
      "auc": 0.9359060199126261,
      "f1": 0.7700631199278629,
      "threshold": 0.6499999761581421
    },
    "CD": {
      "auc": 0.9159669838141087,
      "f1": 0.7412982126058325,
      "threshold": 0.5600000023841858
    },
    "HYP": {
      "auc": 0.9098735884171346,
      "f1": 0.598705501618123,
      "threshold": 0.5899999737739563
    }
  },
  "subgroups": {
    "sex_male": {
      "n": 1066,
      "macro_auc": 0.917081644328927,
      "per_class_auc": [
        0.9431897445905753,
        0.915202076921955,
        0.9199851332696187,
        0.9030372373621801,
        0.903994029500306
      ]
    },
    "sex_female": {
      "n": 1132,
      "macro_auc": 0.9369975916274477,
      "per_class_auc": [
        0.954853770260747,
        0.9357003165386399,
        0.9489619753659563,
        0.9295612009237877,
        0.9159106950481073
      ]
    },
    "age_lt45": {
      "n": 345,
      "macro_auc": 0.9232718414545108,
      "per_class_auc": [
        0.8843972419928826,
        0.9801306477953184,
        0.9625030142271521,
        0.8590305043793416,
        0.9302977988778593
      ]
    },
    "age_45_65": {
      "n": 703,
      "macro_auc": 0.9207096398108707,
      "per_class_auc": [
        0.9272629310344828,
        0.9211265156032599,
        0.9492175273865415,
        0.8905102326885339,
        0.915430992341535
      ]
    },
    "age_gt65": {
      "n": 1150,
      "macro_auc": 0.9178543309558119,
      "per_class_auc": [
        0.951235939124681,
        0.9027579847430631,
        0.9125597749648382,
        0.9299467992551156,
        0.8927711566913614
      ]
    },
    "meta_complete": {
      "n": 660,
      "macro_auc": 0.9396738476119142,
      "per_class_auc": [
        0.9587687665587283,
        0.9431670535336283,
        0.9338674521354933,
        0.9433165456335336,
        0.9192494201981868
      ]
    },
    "meta_incomplete": {
      "n": 1538,
      "macro_auc": 0.9230819790828063,
      "per_class_auc": [
        0.946676103296402,
        0.9226061494034113,
        0.9366731970361174,
        0.9062024500322373,
        0.9032519956458634
      ]
    },
    "fairness_sex_gap": 0.019915947298520642
  },
  "training_history": [
    {
      "epoch": 1,
      "train_loss": 0.6437927802768322,
      "val_auc": 0.9069449243095908,
      "val_f1": 0.6747211129683697,
      "val_auc_ecg": 0.9040246262037762,
      "val_delta_meta": 0.001690114430943579,
      "lr": 0.0009755527298894294,
      "epoch_time_s": 240.5781648159027
    },
    {
      "epoch": 2,
      "train_loss": 0.5602222150072045,
      "val_auc": 0.9130703503766959,
      "val_f1": 0.6653103982911535,
      "val_auc_ecg": 0.9100451581468196,
      "val_delta_meta": 0.0005403042633073118,
      "lr": 0.0009046039886902864,
      "epoch_time_s": 240.70163655281067
    },
    {
      "epoch": 3,
      "train_loss": 0.5254253397840972,
      "val_auc": 0.905712731035418,
      "val_f1": 0.6913952046238813,
      "val_auc_ecg": 0.9031438215973969,
      "val_delta_meta": 2.850490521644211e-05,
      "lr": 0.0007940987335200904,
      "epoch_time_s": 256.7345657348633
    },
    {
      "epoch": 4,
      "train_loss": 0.5005462007785062,
      "val_auc": 0.9211385452297952,
      "val_f1": 0.7197661174733421,
      "val_auc_ecg": 0.920290450018508,
      "val_delta_meta": 0.0007491862015108763,
      "lr": 0.0006548539886902864,
      "epoch_time_s": 263.45589566230774
    },
    {
      "epoch": 5,
      "train_loss": 0.48057089617492954,
      "val_auc": 0.9244571680268014,
      "val_f1": 0.7283565114209544,
      "val_auc_ecg": 0.9241686090651768,
      "val_delta_meta": -0.00018912949575011773,
      "lr": 0.0005005000000000001,
      "epoch_time_s": 263.7023639678955
    },
    {
      "epoch": 6,
      "train_loss": 0.4544905064576263,
      "val_auc": 0.9257127687270517,
      "val_f1": 0.7209462072888352,
      "val_auc_ecg": 0.924998815961826,
      "val_delta_meta": 0.0005210491961109565,
      "lr": 0.0003461460113097139,
      "epoch_time_s": 264.1597800254822
    },
    {
      "epoch": 7,
      "train_loss": 0.43565748355804235,
      "val_auc": 0.9292750626905681,
      "val_f1": 0.7410159172399997,
      "val_auc_ecg": 0.928027845528988,
      "val_delta_meta": 0.00044827660243917933,
      "lr": 0.00020690126647990973,
      "epoch_time_s": 263.3031289577484
    },
    {
      "epoch": 8,
      "train_loss": 0.4149581648614428,
      "val_auc": 0.9243743719500619,
      "val_f1": 0.7328486271718326,
      "val_auc_ecg": 0.9223728208266362,
      "val_delta_meta": 0.0005588740431834438,
      "lr": 9.639601130971382e-05,
      "epoch_time_s": 264.06212544441223
    },
    {
      "epoch": 9,
      "train_loss": 0.3940136321094058,
      "val_auc": 0.9318683678255656,
      "val_f1": 0.7367130663282924,
      "val_auc_ecg": 0.9312526820235106,
      "val_delta_meta": 0.0002939837021755931,
      "lr": 2.5447270110570814e-05,
      "epoch_time_s": 264.31412053108215
    },
    {
      "epoch": 10,
      "train_loss": 0.38422248390836455,
      "val_auc": 0.93242739518551,
      "val_f1": 0.7441486838846005,
      "val_auc_ecg": 0.9318063685313523,
      "val_delta_meta": 0.0003326552820381856,
      "lr": 0.001,
      "epoch_time_s": 263.56674671173096
    }
  ]
}