{
  "metadata": {
    "run_name": "ATLAS_A_v5_demo_seed2039",
    "variant": "demo",
    "seed": 2039,
    "meta_hid": 128,
    "lauc_weight": 0.08,
    "no_aug": false,
    "arch_mode": "standard",
    "meta_mask_mode": "real",
    "test_fold": 10,
    "val_fold": 9,
    "timestamp": "2026-05-04T23:04:39.000701",
    "git_sha": "b8fda1f7a68a5b217a3f76d88337426561bd26e4",
    "analysis_plan_sha256": "4ad22e907fbd431a0b443255a3449c0560371997d5ee36a61e164de7aea5c3dc",
    "wall_time_s": 2638.6155841350555,
    "train_time_s": 2609.3835113048553,
    "gpu_peak_mem_mb": 0,
    "num_parameters": 3951951,
    "dataset_sizes": {
      "train": 17418,
      "val": 2183,
      "test": 2198
    },
    "train_fold_ids": [
      1,
      2,
      3,
      4,
      5,
      6,
      7,
      8
    ],
    "pos_weights": [
      1.2930489778518677,
      2.9776203632354736,
      3.161012887954712,
      3.4581520557403564,
      7.21991491317749
    ],
    "loss_weights": {
      "fused": 0.52,
      "ecg": 0.3,
      "meta": 0.1,
      "lauc": 0.08
    },
    "hardware": {
      "python_version": "3.11.7 | packaged by Anaconda, Inc. | (main, Dec 15 2023, 18:05:47) [MSC v.1916 64 bit (AMD64)]",
      "torch_version": "2.3.1+cpu",
      "cuda_available": false,
      "numpy_version": "1.26.4",
      "sklearn_version": "1.4.2"
    },
    "best_val_auc": 0.9331004219599824,
    "best_val_epoch": 10
  },
  "test": {
    "macro_auc": 0.9282710661490523,
    "macro_auc_ecg": 0.928765788984417,
    "macro_auc_no_meta": 0.928911560181929,
    "delta_meta_auc": -0.0006404940328766928,
    "macro_f1_optimal": 0.7437258834371602,
    "macro_f1_fixed_05": 0.7359594091130751,
    "w_fused": 1.0,
    "thresholds": [
      0.4699999988079071,
      0.6499999761581421,
      0.6499999761581421,
      0.6200000047683716,
      0.6200000047683716
    ]
  },
  "per_class": {
    "NORM": {
      "auc": 0.9485195134973787,
      "f1": 0.8580765639589168,
      "threshold": 0.4699999988079071
    },
    "MI": {
      "auc": 0.9272429390997351,
      "f1": 0.7218181818181818,
      "threshold": 0.6499999761581421
    },
    "STTC": {
      "auc": 0.9360742666103554,
      "f1": 0.7651376146788991,
      "threshold": 0.6499999761581421
    },
    "CD": {
      "auc": 0.9212951556044123,
      "f1": 0.7524366471734892,
      "threshold": 0.6200000047683716
    },
    "HYP": {
      "auc": 0.9082234559333797,
      "f1": 0.621160409556314,
      "threshold": 0.6200000047683716
    }
  },
  "subgroups": {
    "sex_male": {
      "n": 1066,
      "macro_auc": 0.9194874092501729,
      "per_class_auc": [
        0.9419464894305242,
        0.9163591635916359,
        0.920892180807759,
        0.9127106303307676,
        0.9055285820901781
      ]
    },
    "sex_female": {
      "n": 1132,
      "macro_auc": 0.9362445328455182,
      "per_class_auc": [
        0.955039388905668,
        0.9361721002439565,
        0.9482559348508368,
        0.9303469412561426,
        0.9114082989709871
      ]
    },
    "age_lt45": {
      "n": 345,
      "macro_auc": 0.9038787144476211,
      "per_class_auc": [
        0.8713856761565837,
        0.9722373434948285,
        0.9639498432601881,
        0.8734521292660827,
        0.838368580060423
      ]
    },
    "age_45_65": {
      "n": 703,
      "macro_auc": 0.9233267970781963,
      "per_class_auc": [
        0.9253363375130617,
        0.9176232359371893,
        0.9501695357329161,
        0.9045977011494253,
        0.918907175058389
      ]
    },
    "age_gt65": {
      "n": 1150,
      "macro_auc": 0.9195409231978584,
      "per_class_auc": [
        0.952614456312821,
        0.9059703244194819,
        0.9128727144866385,
        0.9317016463723904,
        0.8945454743979603
      ]
    },
    "meta_complete": {
      "n": 660,
      "macro_auc": 0.940507020327923,
      "per_class_auc": [
        0.9623012952605241,
        0.9475174820070367,
        0.9336318114874816,
        0.9440869726498409,
        0.9149975402347319
      ]
    },
    "meta_incomplete": {
      "n": 1538,
      "macro_auc": 0.9239190096544443,
      "per_class_auc": [
        0.9451183655202202,
        0.9224658006154081,
        0.9369835512278388,
        0.9128820116054159,
        0.9021453193033382
      ]
    },
    "fairness_sex_gap": 0.016757123595345313
  },
  "training_history": [
    {
      "epoch": 1,
      "train_loss": 0.6529488770786775,
      "val_auc": 0.9022953611422662,
      "val_f1": 0.6830200432257795,
      "val_auc_ecg": 0.9009347140190478,
      "val_delta_meta": 0.0012237506977466062,
      "lr": 0.0009755527298894294,
      "epoch_time_s": 242.08972811698914
    },
    {
      "epoch": 2,
      "train_loss": 0.5599758716351395,
      "val_auc": 0.9115266345126545,
      "val_f1": 0.6981349535117042,
      "val_auc_ecg": 0.9074357020341595,
      "val_delta_meta": 0.0015222139542713231,
      "lr": 0.0009046039886902864,
      "epoch_time_s": 241.9864432811737
    },
    {
      "epoch": 3,
      "train_loss": 0.528438381426925,
      "val_auc": 0.9191759985216066,
      "val_f1": 0.6931948917364938,
      "val_auc_ecg": 0.9179403638180517,
      "val_delta_meta": 9.245552090564324e-05,
      "lr": 0.0007940987335200904,
      "epoch_time_s": 257.54101610183716
    },
    {
      "epoch": 4,
      "train_loss": 0.5029378545393638,
      "val_auc": 0.9217521723625562,
      "val_f1": 0.7124271412128602,
      "val_auc_ecg": 0.9209424050399893,
      "val_delta_meta": 0.00037816025931292074,
      "lr": 0.0006548539886902864,
      "epoch_time_s": 264.4929711818695
    },
    {
      "epoch": 5,
      "train_loss": 0.48070709196799394,
      "val_auc": 0.9270609637371241,
      "val_f1": 0.6904556018767936,
      "val_auc_ecg": 0.925923783115779,
      "val_delta_meta": 0.0006813331244344134,
      "lr": 0.0005005000000000001,
      "epoch_time_s": 264.3201699256897
    },
    {
      "epoch": 6,
      "train_loss": 0.4601901868341166,
      "val_auc": 0.9254693919089213,
      "val_f1": 0.7259111278702254,
      "val_auc_ecg": 0.9257041387126403,
      "val_delta_meta": -0.0008712140370964461,
      "lr": 0.0003461460113097139,
      "epoch_time_s": 264.8076741695404
    },
    {
      "epoch": 7,
      "train_loss": 0.43961108575720304,
      "val_auc": 0.9307164404620408,
      "val_f1": 0.7476732995728349,
      "val_auc_ecg": 0.930699580977862,
      "val_delta_meta": -0.00019527851209344416,
      "lr": 0.00020690126647990973,
      "epoch_time_s": 266.0193500518799
    },
    {
      "epoch": 8,
      "train_loss": 0.41713516184496224,
      "val_auc": 0.9317837604632973,
      "val_f1": 0.7401142266246805,
      "val_auc_ecg": 0.9321491409038203,
      "val_delta_meta": -0.00047510739618339404,
      "lr": 9.639601130971382e-05,
      "epoch_time_s": 266.09506011009216
    },
    {
      "epoch": 9,
      "train_loss": 0.3975602376351663,
      "val_auc": 0.9314052391488181,
      "val_f1": 0.7455657439058939,
      "val_auc_ecg": 0.9323730833523325,
      "val_delta_meta": -0.0012799714932621997,
      "lr": 2.5447270110570814e-05,
      "epoch_time_s": 266.87357211112976
    },
    {
      "epoch": 10,
      "train_loss": 0.3867880126478475,
      "val_auc": 0.9331004219599824,
      "val_f1": 0.744956845568354,
      "val_auc_ecg": 0.9331913698864834,
      "val_delta_meta": -0.00034460155311577534,
      "lr": 0.001,
      "epoch_time_s": 265.8690347671509
    }
  ]
}