{
  "metadata": {
    "run_name": "ATLAS_A_v5_demo_seed2033",
    "variant": "demo",
    "seed": 2033,
    "meta_hid": 128,
    "lauc_weight": 0.08,
    "no_aug": false,
    "arch_mode": "standard",
    "meta_mask_mode": "real",
    "test_fold": 10,
    "val_fold": 9,
    "timestamp": "2026-05-04T18:40:39.103216",
    "git_sha": "b8fda1f7a68a5b217a3f76d88337426561bd26e4",
    "analysis_plan_sha256": "4ad22e907fbd431a0b443255a3449c0560371997d5ee36a61e164de7aea5c3dc",
    "wall_time_s": 2643.1111040115356,
    "train_time_s": 2613.785979747772,
    "gpu_peak_mem_mb": 0,
    "num_parameters": 3951951,
    "dataset_sizes": {
      "train": 17418,
      "val": 2183,
      "test": 2198
    },
    "train_fold_ids": [
      1,
      2,
      3,
      4,
      5,
      6,
      7,
      8
    ],
    "pos_weights": [
      1.2930489778518677,
      2.9776203632354736,
      3.161012887954712,
      3.4581520557403564,
      7.21991491317749
    ],
    "loss_weights": {
      "fused": 0.52,
      "ecg": 0.3,
      "meta": 0.1,
      "lauc": 0.08
    },
    "hardware": {
      "python_version": "3.11.7 | packaged by Anaconda, Inc. | (main, Dec 15 2023, 18:05:47) [MSC v.1916 64 bit (AMD64)]",
      "torch_version": "2.3.1+cpu",
      "cuda_available": false,
      "numpy_version": "1.26.4",
      "sklearn_version": "1.4.2"
    },
    "best_val_auc": 0.9322364402864164,
    "best_val_epoch": 8
  },
  "test": {
    "macro_auc": 0.926354684762644,
    "macro_auc_ecg": 0.925887953369713,
    "macro_auc_no_meta": 0.9259097472537295,
    "delta_meta_auc": 0.00044493750891450023,
    "macro_f1_optimal": 0.7448997009470668,
    "macro_f1_fixed_05": 0.7287035935808681,
    "w_fused": 1.0,
    "thresholds": [
      0.7699999809265137,
      0.48500001430511475,
      0.7099999785423279,
      0.7099999785423279,
      0.7250000238418579
    ]
  },
  "per_class": {
    "NORM": {
      "auc": 0.9467041675600456,
      "f1": 0.8629032258064516,
      "threshold": 0.7699999809265137
    },
    "MI": {
      "auc": 0.9250970873786408,
      "f1": 0.730185497470489,
      "threshold": 0.48500001430511475
    },
    "STTC": {
      "auc": 0.9333743076991747,
      "f1": 0.761012183692596,
      "threshold": 0.7099999785423279
    },
    "CD": {
      "auc": 0.9147409594026004,
      "f1": 0.742798353909465,
      "threshold": 0.7099999785423279
    },
    "HYP": {
      "auc": 0.9118569017727589,
      "f1": 0.6275992438563327,
      "threshold": 0.7250000238418579
    }
  },
  "subgroups": {
    "sex_male": {
      "n": 1066,
      "macro_auc": 0.9165381458578883,
      "per_class_auc": [
        0.9408658693931542,
        0.9119252852607576,
        0.9152242398499169,
        0.9034949032660704,
        0.9111804315195425
      ]
    },
    "sex_female": {
      "n": 1132,
      "macro_auc": 0.9355407624366856,
      "per_class_auc": [
        0.9528717406624384,
        0.935950321579064,
        0.9483333091538636,
        0.9276467728211985,
        0.9129016679668636
      ]
    },
    "age_lt45": {
      "n": 345,
      "macro_auc": 0.9283606041718535,
      "per_class_auc": [
        0.8932940391459075,
        0.9795862819814916,
        0.9562334217506632,
        0.8556327393536696,
        0.9570565386275356
      ]
    },
    "age_45_65": {
      "n": 703,
      "macro_auc": 0.9211562026809569,
      "per_class_auc": [
        0.9228056426332287,
        0.9210395547604849,
        0.9438967136150235,
        0.9026352677319877,
        0.9154038346640595
      ]
    },
    "age_gt65": {
      "n": 1150,
      "macro_auc": 0.9148611164238872,
      "per_class_auc": [
        0.9483607461322747,
        0.8987140581775506,
        0.9118881856540083,
        0.9225386788296577,
        0.8928039133259449
      ]
    },
    "meta_complete": {
      "n": 660,
      "macro_auc": 0.9395553267794206,
      "per_class_auc": [
        0.9551718428024727,
        0.9389918100994175,
        0.9369425625920471,
        0.9475966957241301,
        0.9190737226790358
      ]
    },
    "meta_incomplete": {
      "n": 1538,
      "macro_auc": 0.9218960356404473,
      "per_class_auc": [
        0.9452588741615018,
        0.9225891374291079,
        0.9315911471466811,
        0.9035460992907803,
        0.9064949201741656
      ]
    },
    "fairness_sex_gap": 0.019002616578797316
  },
  "training_history": [
    {
      "epoch": 1,
      "train_loss": 0.6505518052009267,
      "val_auc": 0.8964785216682534,
      "val_f1": 0.6583867672513228,
      "val_auc_ecg": 0.8960904546765948,
      "val_delta_meta": 0.001208152709026078,
      "lr": 0.0009755527298894294,
      "epoch_time_s": 242.62825679779053
    },
    {
      "epoch": 2,
      "train_loss": 0.5608431857660277,
      "val_auc": 0.908817191572869,
      "val_f1": 0.6955588773363194,
      "val_auc_ecg": 0.9073286984469018,
      "val_delta_meta": 0.0010551169003317762,
      "lr": 0.0009046039886902864,
      "epoch_time_s": 242.9094259738922
    },
    {
      "epoch": 3,
      "train_loss": 0.5252101312536712,
      "val_auc": 0.9128294648744782,
      "val_f1": 0.7102314237880473,
      "val_auc_ecg": 0.9106276536226272,
      "val_delta_meta": 0.0010819557978809513,
      "lr": 0.0007940987335200904,
      "epoch_time_s": 259.18068170547485
    },
    {
      "epoch": 4,
      "train_loss": 0.5045868810163725,
      "val_auc": 0.9237206799613127,
      "val_f1": 0.7010794596302083,
      "val_auc_ecg": 0.9223619289766576,
      "val_delta_meta": 0.000641155435145202,
      "lr": 0.0006548539886902864,
      "epoch_time_s": 265.8683009147644
    },
    {
      "epoch": 5,
      "train_loss": 0.48048051180095847,
      "val_auc": 0.9271115895285613,
      "val_f1": 0.7287667477469342,
      "val_auc_ecg": 0.9262403650141178,
      "val_delta_meta": 6.416776500517418e-05,
      "lr": 0.0005005000000000001,
      "epoch_time_s": 265.67785120010376
    },
    {
      "epoch": 6,
      "train_loss": 0.4588369799863308,
      "val_auc": 0.930079304493187,
      "val_f1": 0.7314602640895969,
      "val_auc_ecg": 0.9292585646236142,
      "val_delta_meta": 0.0006480777408803817,
      "lr": 0.0003461460113097139,
      "epoch_time_s": 265.14726853370667
    },
    {
      "epoch": 7,
      "train_loss": 0.43941102429814294,
      "val_auc": 0.9300186988730264,
      "val_f1": 0.737377273447519,
      "val_auc_ecg": 0.9294017682660002,
      "val_delta_meta": 9.681890737844867e-05,
      "lr": 0.00020690126647990973,
      "epoch_time_s": 265.6983046531677
    },
    {
      "epoch": 8,
      "train_loss": 0.4175275845538586,
      "val_auc": 0.9322364402864164,
      "val_f1": 0.7338935294680944,
      "val_auc_ecg": 0.9318908897423857,
      "val_delta_meta": 0.0002890612024118999,
      "lr": 9.639601130971382e-05,
      "epoch_time_s": 266.1857399940491
    },
    {
      "epoch": 9,
      "train_loss": 0.39890998992898047,
      "val_auc": 0.9321625508731856,
      "val_f1": 0.7365795001189921,
      "val_auc_ecg": 0.931651777265001,
      "val_delta_meta": -3.3575662856666355e-06,
      "lr": 2.5447270110570814e-05,
      "epoch_time_s": 266.203861951828
    },
    {
      "epoch": 10,
      "train_loss": 0.3848456194641393,
      "val_auc": 0.9315104406133423,
      "val_f1": 0.7415815674409091,
      "val_auc_ecg": 0.9310486197101537,
      "val_delta_meta": 0.00018847232227936495,
      "lr": 0.001,
      "epoch_time_s": 265.73772406578064
    }
  ]
}