{
  "metadata": {
    "run_name": "ATLAS_A_v5_demo+anthro_seed2039",
    "variant": "demo+anthro",
    "seed": 2039,
    "meta_hid": 128,
    "lauc_weight": 0.08,
    "no_aug": false,
    "arch_mode": "standard",
    "meta_mask_mode": "real",
    "test_fold": 10,
    "val_fold": 9,
    "timestamp": "2026-05-05T13:48:42.240943",
    "git_sha": "b8fda1f7a68a5b217a3f76d88337426561bd26e4",
    "analysis_plan_sha256": "4ad22e907fbd431a0b443255a3449c0560371997d5ee36a61e164de7aea5c3dc",
    "wall_time_s": 2635.462473630905,
    "train_time_s": 2605.9715597629547,
    "gpu_peak_mem_mb": 0,
    "num_parameters": 3951951,
    "dataset_sizes": {
      "train": 17418,
      "val": 2183,
      "test": 2198
    },
    "train_fold_ids": [
      1,
      2,
      3,
      4,
      5,
      6,
      7,
      8
    ],
    "pos_weights": [
      1.2930489778518677,
      2.9776203632354736,
      3.161012887954712,
      3.4581520557403564,
      7.21991491317749
    ],
    "loss_weights": {
      "fused": 0.52,
      "ecg": 0.3,
      "meta": 0.1,
      "lauc": 0.08
    },
    "hardware": {
      "python_version": "3.11.7 | packaged by Anaconda, Inc. | (main, Dec 15 2023, 18:05:47) [MSC v.1916 64 bit (AMD64)]",
      "torch_version": "2.3.1+cpu",
      "cuda_available": false,
      "numpy_version": "1.26.4",
      "sklearn_version": "1.4.2"
    },
    "best_val_auc": 0.9314493497096507,
    "best_val_epoch": 10
  },
  "test": {
    "macro_auc": 0.9273461726133417,
    "macro_auc_ecg": 0.9269475224797287,
    "macro_auc_no_meta": 0.9268530411136082,
    "delta_meta_auc": 0.0004931314997335123,
    "macro_f1_optimal": 0.7467658848560393,
    "macro_f1_fixed_05": 0.735835464814906,
    "w_fused": 1.0,
    "thresholds": [
      0.6650000214576721,
      0.6349999904632568,
      0.6200000047683716,
      0.6800000071525574,
      0.7250000238418579
    ]
  },
  "per_class": {
    "NORM": {
      "auc": 0.9491383623208512,
      "f1": 0.8619662363455809,
      "threshold": 0.6650000214576721
    },
    "MI": {
      "auc": 0.9299966902030009,
      "f1": 0.7339771729587358,
      "threshold": 0.6349999904632568
    },
    "STTC": {
      "auc": 0.9370471216652532,
      "f1": 0.7716105550500455,
      "threshold": 0.6200000047683716
    },
    "CD": {
      "auc": 0.9179025624502483,
      "f1": 0.746772591857001,
      "threshold": 0.6800000071525574
    },
    "HYP": {
      "auc": 0.9026461264273549,
      "f1": 0.6195028680688337,
      "threshold": 0.7250000238418579
    }
  },
  "subgroups": {
    "sex_male": {
      "n": 1066,
      "macro_auc": 0.9182355496987666,
      "per_class_auc": [
        0.9426548557426462,
        0.9182406448570415,
        0.9220204594527627,
        0.9102298731017268,
        0.8980319153396561
      ]
    },
    "sex_female": {
      "n": 1132,
      "macro_auc": 0.9358632998338603,
      "per_class_auc": [
        0.9558919762408135,
        0.9398858847960645,
        0.9494455647598736,
        0.9263921929535154,
        0.9077008804190349
      ]
    },
    "age_lt45": {
      "n": 345,
      "macro_auc": 0.9013939981569555,
      "per_class_auc": [
        0.8770017793594306,
        0.979858464888405,
        0.9628647214854111,
        0.8618242222893385,
        0.8254208027621924
      ]
    },
    "age_45_65": {
      "n": 703,
      "macro_auc": 0.9266387346582426,
      "per_class_auc": [
        0.9283976619644724,
        0.9275367720135163,
        0.9545122587376108,
        0.9016400336417157,
        0.9211069469338983
      ]
    },
    "age_gt65": {
      "n": 1150,
      "macro_auc": 0.9164711872311366,
      "per_class_auc": [
        0.9514919494596212,
        0.9052728644479839,
        0.911476793248945,
        0.9283585515477085,
        0.8857557774514246
      ]
    },
    "meta_complete": {
      "n": 660,
      "macro_auc": 0.9396556999158602,
      "per_class_auc": [
        0.9608754047689136,
        0.9461306004467218,
        0.9372960235640648,
        0.9491518169237134,
        0.9048246538758872
      ]
    },
    "meta_incomplete": {
      "n": 1538,
      "macro_auc": 0.9220207420112054,
      "per_class_auc": [
        0.9444002102425595,
        0.9235333020029473,
        0.9369326337432595,
        0.9055459820643574,
        0.8996915820029028
      ]
    },
    "fairness_sex_gap": 0.017627750135093656
  },
  "training_history": [
    {
      "epoch": 1,
      "train_loss": 0.6528221595177957,
      "val_auc": 0.9037809507877427,
      "val_f1": 0.6822084833791158,
      "val_auc_ecg": 0.9021686356843575,
      "val_delta_meta": 0.0017381333359084428,
      "lr": 0.0009755527298894294,
      "epoch_time_s": 241.47979974746704
    },
    {
      "epoch": 2,
      "train_loss": 0.5592689559547179,
      "val_auc": 0.9121862930394992,
      "val_f1": 0.701579935138972,
      "val_auc_ecg": 0.9089468781461058,
      "val_delta_meta": 0.0008485251508375535,
      "lr": 0.0009046039886902864,
      "epoch_time_s": 242.43064498901367
    },
    {
      "epoch": 3,
      "train_loss": 0.5275826328391329,
      "val_auc": 0.9147605159628405,
      "val_f1": 0.6912796794975229,
      "val_auc_ecg": 0.9150557987913907,
      "val_delta_meta": -0.0006194089262399061,
      "lr": 0.0007940987335200904,
      "epoch_time_s": 258.04871225357056
    },
    {
      "epoch": 4,
      "train_loss": 0.5010945287319498,
      "val_auc": 0.9204979424378038,
      "val_f1": 0.7074090725128855,
      "val_auc_ecg": 0.9194533212302515,
      "val_delta_meta": 0.00022197232528287092,
      "lr": 0.0006548539886902864,
      "epoch_time_s": 264.13817858695984
    },
    {
      "epoch": 5,
      "train_loss": 0.48110218884748057,
      "val_auc": 0.9259714132279118,
      "val_f1": 0.691901171242065,
      "val_auc_ecg": 0.9244854710078301,
      "val_delta_meta": 0.001561686522842165,
      "lr": 0.0005005000000000001,
      "epoch_time_s": 263.9558653831482
    },
    {
      "epoch": 6,
      "train_loss": 0.4595910775552102,
      "val_auc": 0.9254582400488152,
      "val_f1": 0.7265699574676314,
      "val_auc_ecg": 0.925069575187431,
      "val_delta_meta": -0.0005433914036345744,
      "lr": 0.0003461460113097139,
      "epoch_time_s": 264.8651463985443
    },
    {
      "epoch": 7,
      "train_loss": 0.43853442849369223,
      "val_auc": 0.9290524997923363,
      "val_f1": 0.7428165244022383,
      "val_auc_ecg": 0.9283100081853564,
      "val_delta_meta": 0.00031411028787575734,
      "lr": 0.00020690126647990973,
      "epoch_time_s": 264.6054718494415
    },
    {
      "epoch": 8,
      "train_loss": 0.4156661228849253,
      "val_auc": 0.9299811362556272,
      "val_f1": 0.7384375084236318,
      "val_auc_ecg": 0.9296427895256324,
      "val_delta_meta": -4.5312757363191736e-05,
      "lr": 9.639601130971382e-05,
      "epoch_time_s": 265.5632200241089
    },
    {
      "epoch": 9,
      "train_loss": 0.3958340151047488,
      "val_auc": 0.9294912725700692,
      "val_f1": 0.7389238418174627,
      "val_auc_ecg": 0.9295948506059425,
      "val_delta_meta": -0.0008840830252750953,
      "lr": 2.5447270110570814e-05,
      "epoch_time_s": 265.9626715183258
    },
    {
      "epoch": 10,
      "train_loss": 0.3835985482832707,
      "val_auc": 0.9314493497096507,
      "val_f1": 0.7421764328793385,
      "val_auc_ecg": 0.9312329721368485,
      "val_delta_meta": -0.00038048553896796733,
      "lr": 0.001,
      "epoch_time_s": 265.5331974029541
    }
  ]
}