{
  "metadata": {
    "run_name": "ATLAS_A_v5_none_seed2036",
    "variant": "none",
    "seed": 2036,
    "meta_hid": 128,
    "lauc_weight": 0.08,
    "no_aug": false,
    "arch_mode": "standard",
    "meta_mask_mode": "real",
    "test_fold": 10,
    "val_fold": 9,
    "timestamp": "2026-05-04T06:18:26.699465",
    "git_sha": "b8fda1f7a68a5b217a3f76d88337426561bd26e4",
    "analysis_plan_sha256": "4ad22e907fbd431a0b443255a3449c0560371997d5ee36a61e164de7aea5c3dc",
    "wall_time_s": 2591.272037267685,
    "train_time_s": 2562.355877637863,
    "gpu_peak_mem_mb": 0,
    "num_parameters": 3951951,
    "dataset_sizes": {
      "train": 17418,
      "val": 2183,
      "test": 2198
    },
    "train_fold_ids": [
      1,
      2,
      3,
      4,
      5,
      6,
      7,
      8
    ],
    "pos_weights": [
      1.2930489778518677,
      2.9776203632354736,
      3.161012887954712,
      3.4581520557403564,
      7.21991491317749
    ],
    "loss_weights": {
      "fused": 0.52,
      "ecg": 0.3,
      "meta": 0.1,
      "lauc": 0.08
    },
    "hardware": {
      "python_version": "3.11.7 | packaged by Anaconda, Inc. | (main, Dec 15 2023, 18:05:47) [MSC v.1916 64 bit (AMD64)]",
      "torch_version": "2.3.1+cpu",
      "cuda_available": false,
      "numpy_version": "1.26.4",
      "sklearn_version": "1.4.2"
    },
    "best_val_auc": 0.9322026989290375,
    "best_val_epoch": 10
  },
  "test": {
    "macro_auc": 0.9284216018480395,
    "macro_auc_ecg": 0.9279926708425748,
    "macro_auc_no_meta": 0.9284216018480395,
    "delta_meta_auc": 0.0,
    "macro_f1_optimal": 0.7474286206413427,
    "macro_f1_fixed_05": 0.7372062712186438,
    "w_fused": 1.0,
    "thresholds": [
      0.7250000238418579,
      0.48500001430511475,
      0.5299999713897705,
      0.7850000262260437,
      0.7250000238418579
    ]
  },
  "per_class": {
    "NORM": {
      "auc": 0.9505341354824877,
      "f1": 0.8642964446670005,
      "threshold": 0.7250000238418579
    },
    "MI": {
      "auc": 0.9275408208296558,
      "f1": 0.7419087136929461,
      "threshold": 0.48500001430511475
    },
    "STTC": {
      "auc": 0.9357515076392012,
      "f1": 0.7749338040600177,
      "threshold": 0.5299999713897705
    },
    "CD": {
      "auc": 0.9195100166786704,
      "f1": 0.7369565217391304,
      "threshold": 0.7850000262260437
    },
    "HYP": {
      "auc": 0.9087715286101823,
      "f1": 0.6190476190476191,
      "threshold": 0.7250000238418579
    }
  },
  "subgroups": {
    "sex_male": {
      "n": 1066,
      "macro_auc": 0.9206801510812948,
      "per_class_auc": [
        0.9440390613423542,
        0.9166168341525313,
        0.9225779618420585,
        0.9117536925317247,
        0.9084132055378062
      ]
    },
    "sex_female": {
      "n": 1132,
      "macro_auc": 0.9352041122160376,
      "per_class_auc": [
        0.9568483841739656,
        0.9362608117099135,
        0.9460024082751818,
        0.9271649099654449,
        0.9097440469556818
      ]
    },
    "age_lt45": {
      "n": 345,
      "macro_auc": 0.9340978275033918,
      "per_class_auc": [
        0.8901245551601423,
        0.9779531845400109,
        0.9680491921871233,
        0.8682422228933857,
        0.966119982736297
      ]
    },
    "age_45_65": {
      "n": 703,
      "macro_auc": 0.924072465957767,
      "per_class_auc": [
        0.9330998563218391,
        0.9224557741999603,
        0.948356807511737,
        0.9013176338659938,
        0.9151322578893053
      ]
    },
    "age_gt65": {
      "n": 1150,
      "macro_auc": 0.9173286252009554,
      "per_class_auc": [
        0.9531619245675395,
        0.9053835191550005,
        0.9118495077355837,
        0.9292804016156442,
        0.886967772931009
      ]
    },
    "meta_complete": {
      "n": 660,
      "macro_auc": 0.9404329937315172,
      "per_class_auc": [
        0.9568645128054165,
        0.9457364341085271,
        0.9372606774668631,
        0.9474112225535375,
        0.9148921217232413
      ]
    },
    "meta_incomplete": {
      "n": 1538,
      "macro_auc": 0.9242066946030176,
      "per_class_auc": [
        0.9502651450101218,
        0.9231058761485741,
        0.9348910850758427,
        0.9097098646034818,
        0.9030615021770682
      ]
    },
    "fairness_sex_gap": 0.014523961134742858
  },
  "training_history": [
    {
      "epoch": 1,
      "train_loss": 0.599896990870117,
      "val_auc": 0.9020952149222896,
      "val_f1": 0.6795722985298156,
      "val_auc_ecg": 0.9008660746678571,
      "val_delta_meta": 0.0,
      "lr": 0.0009755527298894294,
      "epoch_time_s": 240.08382964134216
    },
    {
      "epoch": 2,
      "train_loss": 0.5096931078018399,
      "val_auc": 0.9058255093704597,
      "val_f1": 0.6835798349946225,
      "val_auc_ecg": 0.9041945306207007,
      "val_delta_meta": 0.0,
      "lr": 0.0009046039886902864,
      "epoch_time_s": 239.898597240448
    },
    {
      "epoch": 3,
      "train_loss": 0.4754301956760774,
      "val_auc": 0.9153131305683309,
      "val_f1": 0.7042856209084312,
      "val_auc_ecg": 0.9137141924736703,
      "val_delta_meta": 0.0,
      "lr": 0.0007940987335200904,
      "epoch_time_s": 252.82966947555542
    },
    {
      "epoch": 4,
      "train_loss": 0.44732662357321573,
      "val_auc": 0.9142317931719048,
      "val_f1": 0.6922265580481166,
      "val_auc_ecg": 0.9137977449632333,
      "val_delta_meta": 0.0,
      "lr": 0.0006548539886902864,
      "epoch_time_s": 259.72366642951965
    },
    {
      "epoch": 5,
      "train_loss": 0.43079699502078767,
      "val_auc": 0.9211548687817027,
      "val_f1": 0.718545947393917,
      "val_auc_ecg": 0.9207158366944936,
      "val_delta_meta": 0.0,
      "lr": 0.0005005000000000001,
      "epoch_time_s": 261.01443123817444
    },
    {
      "epoch": 6,
      "train_loss": 0.40941178126072664,
      "val_auc": 0.9273346638474035,
      "val_f1": 0.7417270880463492,
      "val_auc_ecg": 0.9265069268549571,
      "val_delta_meta": 0.0,
      "lr": 0.0003461460113097139,
      "epoch_time_s": 260.53433871269226
    },
    {
      "epoch": 7,
      "train_loss": 0.38710493475472163,
      "val_auc": 0.9301469466659894,
      "val_f1": 0.7396432727948323,
      "val_auc_ecg": 0.9299681772615017,
      "val_delta_meta": 0.0,
      "lr": 0.00020690126647990973,
      "epoch_time_s": 259.76804280281067
    },
    {
      "epoch": 8,
      "train_loss": 0.36704812438116163,
      "val_auc": 0.929924723494928,
      "val_f1": 0.7399777571156897,
      "val_auc_ecg": 0.9298038479833455,
      "val_delta_meta": 0.0,
      "lr": 9.639601130971382e-05,
      "epoch_time_s": 259.49562549591064
    },
    {
      "epoch": 9,
      "train_loss": 0.35043844036552885,
      "val_auc": 0.9297259612948782,
      "val_f1": 0.7378420107348178,
      "val_auc_ecg": 0.9295037611041405,
      "val_delta_meta": 0.0,
      "lr": 2.5447270110570814e-05,
      "epoch_time_s": 260.48335242271423
    },
    {
      "epoch": 10,
      "train_loss": 0.3373711308754912,
      "val_auc": 0.9322026989290375,
      "val_f1": 0.740090345369733,
      "val_auc_ecg": 0.9319915858185688,
      "val_delta_meta": 0.0,
      "lr": 0.001,
      "epoch_time_s": 260.03352761268616
    }
  ]
}