{
  "generated_by": "regen_derived_artifacts_v2.py",
  "n_seeds": 20,
  "seeds": [
    2024,
    2025,
    2026,
    2027,
    2028,
    2029,
    2030,
    2031,
    2032,
    2033,
    2034,
    2035,
    2036,
    2037,
    2038,
    2039,
    2040,
    2041,
    2042,
    2043
  ],
  "variants": [
    "none",
    "demo",
    "demo+anthro"
  ],
  "confirmatory_family": "3-test BH-FDR (3 pairwise macro-AUC contrasts in Group A)",
  "statistics": {
    "none": {
      "macro_auc": {
        "n": 20,
        "seeds": [
          2024,
          2025,
          2026,
          2027,
          2028,
          2029,
          2030,
          2031,
          2032,
          2033,
          2034,
          2035,
          2036,
          2037,
          2038,
          2039,
          2040,
          2041,
          2042,
          2043
        ],
        "mean": 0.9270652971971591,
        "std": 0.0010978509178189023,
        "ci_low": 0.9265793947915594,
        "ci_hi": 0.9275197398828438,
        "min": 0.9250234705927436,
        "max": 0.9285735048555803,
        "values": [
          0.9262520893972702,
          0.9274215027439329,
          0.9278570371571403,
          0.9274166168842193,
          0.9271831788073989,
          0.9282569471227532,
          0.9250234705927436,
          0.9273140961456479,
          0.9255902065361334,
          0.9251709903179337,
          0.9267178944474379,
          0.9285735048555803,
          0.9284216018480395,
          0.9276900994951494,
          0.9276005605046871,
          0.9279808517975663,
          0.9250939961965015,
          0.9270054712705431,
          0.9271336182730527,
          0.927602209549452
        ]
      },
      "macro_f1_optimal": {
        "n": 20,
        "mean": 0.7441276738602804,
        "std": 0.002982780328454804,
        "values": [
          0.7482930624169458,
          0.7458985716289546,
          0.7426379690922107,
          0.7413850709015681,
          0.7443683873139534,
          0.7458391481635969,
          0.7412282988669326,
          0.7440898587563451,
          0.7443765325495681,
          0.7385741552339551,
          0.7430515242283275,
          0.7445048174559189,
          0.7474286206413427,
          0.7496109829361107,
          0.745419396630296,
          0.742092557468957,
          0.7449960680005469,
          0.7380223948079715,
          0.7472834346303796,
          0.7434526254817281
        ]
      }
    },
    "demo": {
      "macro_auc": {
        "n": 20,
        "seeds": [
          2024,
          2025,
          2026,
          2027,
          2028,
          2029,
          2030,
          2031,
          2032,
          2033,
          2034,
          2035,
          2036,
          2037,
          2038,
          2039,
          2040,
          2041,
          2042,
          2043
        ],
        "mean": 0.9277178263703287,
        "std": 0.0010398329244843778,
        "ci_low": 0.9272675607722594,
        "ci_hi": 0.9281748406024792,
        "min": 0.9259502473332123,
        "max": 0.9295051929671599,
        "values": [
          0.927357926821232,
          0.9293103529741005,
          0.9278572662001675,
          0.927168753503623,
          0.9275995068148829,
          0.9280750875025191,
          0.9265296132624808,
          0.9289904820046626,
          0.9278980097357881,
          0.926354684762644,
          0.9275616566988536,
          0.9295051929671599,
          0.9270983233060563,
          0.9278265761284313,
          0.9259502473332123,
          0.9282710661490523,
          0.926160657094256,
          0.9272645912382507,
          0.9282751998331552,
          0.9293013330760443
        ]
      },
      "macro_f1_optimal": {
        "n": 20,
        "mean": 0.7457750145020874,
        "std": 0.0028128471625117404,
        "values": [
          0.7423048216688561,
          0.7517161893010412,
          0.7466063549867064,
          0.7471538866245384,
          0.7458410302876268,
          0.7472829539296623,
          0.7439911185317752,
          0.742051859814998,
          0.7490289727669978,
          0.7448997009470668,
          0.742507388797703,
          0.7481893271217241,
          0.7478018139311274,
          0.7431988768335517,
          0.7412084295014517,
          0.7437258834371602,
          0.7481455468330472,
          0.745551186675006,
          0.7491450857692243,
          0.7451498622824845
        ]
      }
    },
    "demo+anthro": {
      "macro_auc": {
        "n": 20,
        "seeds": [
          2024,
          2025,
          2026,
          2027,
          2028,
          2029,
          2030,
          2031,
          2032,
          2033,
          2034,
          2035,
          2036,
          2037,
          2038,
          2039,
          2040,
          2041,
          2042,
          2043
        ],
        "mean": 0.9289341569451517,
        "std": 0.0012928026022755437,
        "ci_low": 0.9283799496022758,
        "ci_hi": 0.9294806566033011,
        "min": 0.9262236280898893,
        "max": 0.9307897168846091,
        "values": [
          0.929901928301345,
          0.9288322856805553,
          0.9304675760853833,
          0.928255523330136,
          0.9300183375096115,
          0.9287753534467977,
          0.9284302188647304,
          0.9296495495700942,
          0.9285126985170933,
          0.9262236280898893,
          0.9298315798910002,
          0.9307897168846091,
          0.9307585465980341,
          0.9280515281966153,
          0.9290184613023482,
          0.9273461726133417,
          0.9266054514653426,
          0.9292796742078842,
          0.927948537183131,
          0.9299863711650918
        ]
      },
      "macro_f1_optimal": {
        "n": 20,
        "mean": 0.7462027797487621,
        "std": 0.0034031968138931896,
        "values": [
          0.7512615364500207,
          0.744484420392314,
          0.7468595338140773,
          0.7418603250391428,
          0.7512389397041619,
          0.7461995306245355,
          0.7417535184006647,
          0.7432000427337246,
          0.7459053645887109,
          0.7428810787018053,
          0.7472996410080512,
          0.7491684741949427,
          0.7510656359976706,
          0.7447251363649199,
          0.7399766407049084,
          0.7467658848560393,
          0.7449324240929317,
          0.7453885607094527,
          0.7476206141781596,
          0.7514682924190088
        ]
      }
    }
  },
  "pairwise": {
    "demo_minus_none": {
      "contrast": "demo - none",
      "n": 20,
      "mean_diff": 0.0006525291731694749,
      "std_diff": 0.0010234351871552538,
      "n_positive": 16,
      "p_raw_wilcoxon": 0.009435653686523438,
      "ci_low_diff": 0.0001989100309668368,
      "ci_hi_diff": 0.001065162961968058,
      "cohen_dz": 0.6375871978598358,
      "hedges_gz": 0.6120837099454423,
      "diffs": [
        0.001105837423961753,
        0.0018888502301676047,
        2.290430272111621e-07,
        -0.000247863380596236,
        0.00041632800748403476,
        -0.00018185962023409274,
        0.0015061426697372537,
        0.0016763858590147507,
        0.0023078031996546233,
        0.001183694444710337,
        0.0008437622514156917,
        0.0009316881115796205,
        -0.0013232785419831083,
        0.0001364766332819789,
        -0.0016503131714747932,
        0.0002902143514860178,
        0.0010666608977545344,
        0.0002591199677075551,
        0.001141581560102467,
        0.0016991235265922944
      ],
      "p_bh_adjusted": 0.009435653686523438
    },
    "demo+anthro_minus_none": {
      "contrast": "demo+anthro - none",
      "n": 20,
      "mean_diff": 0.0018688597479925516,
      "std_diff": 0.0011334710799679,
      "n_positive": 19,
      "p_raw_wilcoxon": 9.5367431640625e-06,
      "ci_low_diff": 0.001373247766326796,
      "ci_hi_diff": 0.002341292588888205,
      "cohen_dz": 1.6487934990326159,